time_s,state,phase,radial_expansion,radial_expansion_median,radial_std,radial_p95,outward_frac,inward_frac,pt_displacement_mean,pt_displacement_median,pt_displacement_std,pt_displacement_max,point_count,point_density,feature_radius_mean,feature_radius_std,flow_magnitude,flow_dir_hist_0,flow_dir_hist_1,flow_dir_hist_2,flow_dir_hist_3,flow_dir_hist_4,flow_dir_hist_5,flow_dir_hist_6,flow_dir_hist_7,foe_x,foe_y,flow_median,flow_p95,flow_std,flow_max,div_mean,div_median,div_std,div_p95,div_pos_frac,div_max,grid_flow_00,grid_flow_01,grid_flow_02,grid_flow_10,grid_flow_11,grid_flow_12,grid_flow_20,grid_flow_21,grid_flow_22,cam_rotation,cam_scale,cam_tx,cam_ty,residual_flow_mean,residual_flow_p95,residual_div,hom_scale,hom_rotation,hom_tx,hom_ty,hom_persp_x,hom_persp_y,hom_ok,edge_density,texture_var,grad_magnitude_mean,sharpness,sky_fraction,ground_fraction,horizon_angle,horizon_pos,horizon_conf,expansion_rate,expansion_acceleration
0.0000,STABLE,STABLE,nan,nan,nan,nan,nan,nan,nan,nan,nan,nan,123.0000,0.0021,nan,nan,nan,nan,nan,nan,nan,nan,nan,nan,nan,nan,nan,nan,nan,nan,nan,nan,nan,nan,nan,nan,nan,nan,nan,nan,nan,nan,nan,nan,nan,nan,nan,nan,nan,nan,nan,nan,nan,nan,nan,nan,nan,nan,nan,nan,0.0850,6500.1979,62.7289,1333.5818,0.6012,0.1639,30.0333,0.5000,0.8054,-2.0224,6.6682
0.0667,STABLE,STABLE,-0.5249,-0.5321,0.4528,0.1568,0.1311,0.8689,0.7378,0.7191,0.4998,3.0120,171.0000,0.0030,100.6870,37.1227,0.7378,0.1066,0.7213,0.1311,0.0082,0.0000,0.0082,0.0082,0.0164,160.1108,130.6476,0.3546,1.4211,0.5478,3.4225,-0.0013,-0.0000,0.0837,0.0618,0.4604,1.5869,1.1117,0.9277,0.5721,0.9071,0.4138,0.2226,0.4568,0.0725,0.1097,0.1195,0.9977,0.4011,1.1438,0.3716,0.7893,0.0027,0.9937,-0.2162,0.7470,1.6580,-0.0000,-0.0000,1.0000,0.0842,6506.2492,62.9067,1283.5709,0.5388,0.1685,29.9816,0.4944,0.8176,-1.5774,6.2973
0.1335,STABLE,STABLE,-0.0617,-0.0544,0.1304,0.1475,0.3333,0.6667,0.3027,0.3003,0.1890,0.8980,193.0000,0.0034,94.7333,37.5030,0.3027,0.3626,0.2164,0.0585,0.0117,0.0234,0.0702,0.1053,0.1520,160.8417,108.1735,0.2004,0.6073,0.2119,4.7626,-0.0019,-0.0000,0.0469,0.0492,0.4614,2.3790,0.2855,0.3839,0.3053,0.2831,0.1319,0.2385,0.2174,0.0774,0.1961,-0.1319,0.9996,0.3916,-0.2701,0.1889,0.4046,0.0007,0.9988,0.1368,0.3955,-0.1520,0.0000,-0.0000,1.0000,0.0846,6451.8584,63.0846,1272.2811,0.5428,0.1714,30.1203,0.4889,0.8250,-1.1820,5.5554
0.2002,STABLE,STABLE,0.4128,0.4095,0.5251,1.2008,0.7609,0.2391,0.7087,0.6446,0.4907,2.5501,197.0000,0.0034,96.4325,37.3156,0.7087,0.0109,0.0326,0.0272,0.0163,0.1250,0.6467,0.1087,0.0326,162.8940,113.1001,0.3884,1.2823,0.6037,11.4933,0.0001,0.0000,0.1445,0.0944,0.5327,2.3770,0.9430,0.7768,0.4811,1.0336,0.3610,0.2728,0.4422,0.0941,0.2219,-0.0871,1.0021,-0.4509,-0.9684,0.4136,1.1122,-0.0029,1.0071,0.1972,-0.9226,-1.4367,0.0000,0.0000,1.0000,0.0849,6313.8753,62.7760,1260.2462,0.5037,0.1876,29.9315,0.4889,0.8297,-0.8360,4.8136
0.2669,STABLE,STABLE,0.0219,0.0067,0.1259,0.1943,0.5635,0.4365,0.1609,0.1253,0.1642,0.8897,202.0000,0.0035,92.4763,37.6726,0.1609,0.0660,0.1878,0.1929,0.1777,0.1929,0.1117,0.0558,0.0152,160.9575,97.9975,0.0555,0.4249,0.1540,5.8250,0.0006,-0.0000,0.0383,0.0287,0.4881,2.9078,0.1484,0.1604,0.0908,0.2134,0.0956,0.0484,0.2498,0.0222,0.0234,0.0547,1.0005,-0.1847,0.1722,0.1495,0.3851,-0.0004,1.0024,-0.0200,-0.3252,-0.0322,0.0000,0.0000,1.0000,0.0845,6302.1348,62.6567,1247.3960,0.5245,0.1842,30.0333,0.4778,0.8054,-0.5395,4.0718
0.3337,STABLE,STABLE,-0.3307,-0.3039,0.3727,0.2829,0.2189,0.7811,0.5648,0.5553,0.3492,1.9485,205.0000,0.0036,94.6858,36.9591,0.5648,0.1443,0.4726,0.2736,0.0498,0.0100,0.0249,0.0149,0.0100,159.3929,106.8652,0.3315,1.0799,0.3826,2.3506,0.0007,-0.0000,0.0630,0.0619,0.4916,1.1266,0.8370,0.7031,0.4006,0.6449,0.3423,0.2018,0.3300,0.1026,0.1608,0.1036,0.9981,0.2391,0.9034,0.3076,0.6526,-0.0002,0.9933,-0.1743,0.5535,1.2626,-0.0000,-0.0000,1.0000,0.0843,6353.7031,62.6274,1231.5713,0.5002,0.1856,30.1203,0.4889,0.8250,-0.2925,3.3300
0.4004,STABLE,STABLE,0.0232,0.0079,0.2324,0.2961,0.5343,0.4657,0.2980,0.2396,0.3466,4.1715,216.0000,0.0037,90.1688,37.4973,0.2980,0.2010,0.0980,0.0588,0.0343,0.0588,0.1078,0.1569,0.2843,156.3083,92.3368,0.1529,0.5034,0.1886,2.6200,-0.0016,-0.0000,0.0472,0.0483,0.4786,0.9568,0.2247,0.2756,0.1915,0.3035,0.1293,0.1881,0.2177,0.0697,0.1040,-0.0936,0.9999,0.2336,-0.2869,0.2411,0.5309,0.0013,0.9976,0.0365,0.5321,-0.0908,-0.0000,-0.0000,1.0000,0.0837,6453.8564,62.8120,1271.4564,0.5309,0.1791,29.9816,0.4944,0.8176,-0.0951,2.5881
0.4671,STABLE,STABLE,0.0536,0.0594,0.3114,0.3079,0.6186,0.3814,0.3280,0.1961,0.6693,6.4435,217.0000,0.0038,91.0836,36.5017,0.3280,0.0558,0.0279,0.0558,0.0698,0.2233,0.3721,0.1442,0.0512,161.4337,93.9878,0.1313,0.3891,0.2248,5.0544,-0.0001,0.0000,0.0678,0.0443,0.4968,2.0141,0.2196,0.1656,0.1274,0.3239,0.1234,0.1520,0.1549,0.0561,0.1387,-0.0128,1.0003,-0.0776,-0.1489,0.2868,0.6489,0.0009,0.9997,-0.0091,0.0357,-0.0606,-0.0000,-0.0000,0.9907,0.0834,6552.8403,62.6025,1252.3282,0.5352,0.1688,30.1203,0.4889,0.8250,0.0529,5.4613
0.5339,STABLE,STABLE,0.2041,0.1703,0.4825,0.6828,0.7606,0.2394,0.4910,0.3475,1.1711,16.7193,219.0000,0.0038,93.8139,36.1035,0.4910,0.0188,0.0141,0.0376,0.0376,0.2019,0.5352,0.1221,0.0329,165.5800,101.2407,0.2038,0.7943,0.3024,2.1041,0.0011,0.0000,0.0574,0.0576,0.5166,0.8030,0.5511,0.5225,0.4370,0.3802,0.1946,0.1549,0.1405,0.0767,0.1077,-0.0053,1.0014,-0.3278,-0.3896,0.3711,0.8706,-0.0006,1.0026,0.0166,-0.2994,-0.6053,-0.0000,0.0000,0.9953,0.0851,6680.3183,62.8262,1268.5715,0.5177,0.1647,30.2564,0.4944,0.8324,0.6338,-2.8764
0.6006,STABLE,STABLE,-0.0869,-0.0699,0.1418,0.1089,0.2431,0.7569,0.1870,0.1759,0.1351,0.7438,222.0000,0.0039,95.0253,36.2428,0.1870,0.0734,0.3853,0.3349,0.0688,0.0550,0.0275,0.0183,0.0367,161.1777,106.8218,0.1091,0.4025,0.1476,1.9090,0.0000,-0.0000,0.0356,0.0358,0.4721,0.6756,0.2381,0.2219,0.1321,0.2435,0.1191,0.0808,0.1643,0.0768,0.0462,0.0376,0.9995,0.0442,0.2883,0.1272,0.3074,0.0004,0.9981,-0.0642,0.1671,0.4094,-0.0000,-0.0000,1.0000,0.0835,6749.2930,62.8645,1256.5190,0.5444,0.1584,30.0184,0.5000,0.8493,-0.3310,-11.7455
0.6673,STABLE,STABLE,-0.2812,-0.2941,0.4425,0.3059,0.2297,0.7703,0.5557,0.5202,0.4587,3.9271,223.0000,0.0039,95.7372,36.1359,0.5557,0.1036,0.5000,0.2072,0.0721,0.0225,0.0135,0.0315,0.0495,158.9777,109.4562,0.2921,0.8875,0.3241,3.3409,0.0001,0.0000,0.0675,0.0699,0.4940,1.6704,0.6328,0.5783,0.4071,0.5023,0.2779,0.2440,0.3074,0.0686,0.2469,0.0697,0.9985,0.2374,0.6972,0.3634,0.8357,0.0011,0.9959,-0.0974,0.3859,0.9008,-0.0000,-0.0000,1.0000,0.0840,6698.4700,63.1136,1283.3378,0.5089,0.1670,29.9816,0.4944,0.8176,-0.9338,1.8423
0.7341,STABLE,STABLE,0.0105,-0.0019,0.4583,0.5685,0.4925,0.5075,0.3999,0.2502,0.4991,3.6166,218.0000,0.0038,90.4450,37.6696,0.3999,0.1194,0.0846,0.1144,0.0896,0.0846,0.1493,0.2090,0.1493,154.4070,96.6896,0.1104,0.3936,0.1862,4.8367,-0.0001,0.0000,0.0683,0.0578,0.5047,2.4165,0.1286,0.1534,0.0880,0.2526,0.1412,0.1441,0.1685,0.0859,0.1634,-0.0644,1.0002,0.0614,-0.2640,0.3955,1.2148,-0.0018,0.9995,0.1006,0.1257,-0.3969,0.0000,-0.0000,1.0000,0.0835,6483.3505,62.6840,1267.7494,0.5281,0.1752,30.2032,0.5000,0.8446,-0.0851,8.8371
0.8008,STABLE,STABLE,0.1236,0.1117,0.1439,0.3402,0.7752,0.2248,0.2306,0.2373,0.1656,0.9105,220.0000,0.0038,94.3973,36.7687,0.2306,0.0183,0.0275,0.0138,0.0138,0.1239,0.4954,0.2844,0.0229,155.7551,105.8444,0.1418,0.5126,0.1919,6.5629,-0.0002,0.0000,0.0484,0.0364,0.5163,3.2729,0.2991,0.2636,0.1861,0.3322,0.1478,0.1111,0.1999,0.0279,0.0486,-0.0439,1.0007,-0.0812,-0.3638,0.1442,0.3211,0.0001,1.0008,0.0485,-0.0815,-0.4171,-0.0000,0.0000,1.0000,0.0822,6478.8320,62.4052,1238.3948,0.4974,0.1796,30.1203,0.4889,0.8250,0.2457,-1.7962
0.8675,STABLE,STABLE,0.1067,0.0979,0.6150,0.9970,0.6304,0.3696,0.6092,0.3934,0.9620,11.7411,201.0000,0.0035,89.3719,38.8179,0.6092,0.0924,0.1033,0.0870,0.0489,0.1576,0.2609,0.1467,0.1033,153.2246,99.0421,0.1715,0.6186,0.3126,11.6547,0.0007,0.0000,0.1106,0.0745,0.5182,3.0848,0.3671,0.3046,0.2232,0.2735,0.1440,0.2650,0.1404,0.1042,0.2526,0.0174,1.0009,-0.2365,-0.2162,0.5858,1.4686,-0.0023,1.0046,0.0908,-0.4533,-0.7124,0.0000,0.0000,0.9946,0.0830,6093.9078,61.3372,1243.8298,0.4906,0.1999,29.9315,0.4889,0.8297,-0.3249,-5.4416
0.9343,STABLE,STABLE,-0.0806,-0.0542,0.1045,0.0495,0.1940,0.8060,0.1496,0.1412,0.1128,0.4938,202.0000,0.0035,94.0847,37.7891,0.1496,0.1194,0.5473,0.2139,0.0199,0.0547,0.0050,0.0249,0.0149,157.4038,105.9910,0.0769,0.3072,0.1180,4.7204,-0.0002,-0.0000,0.0290,0.0243,0.4790,2.3590,0.1875,0.1777,0.1367,0.1716,0.0801,0.0994,0.1144,0.0132,0.0331,0.0048,0.9996,0.0980,0.1689,0.1067,0.2668,0.0002,0.9991,-0.0122,0.1393,0.2163,-0.0000,-0.0000,1.0000,0.0825,6099.1879,61.3078,1237.9211,0.5095,0.1957,30.0897,0.5778,0.6736,-0.4806,-1.7188
1.0010,STABLE,STABLE,-0.2278,-0.2012,0.2218,0.0458,0.2030,0.7970,0.3619,0.3420,0.2631,1.1505,206.0000,0.0036,93.4618,38.8746,0.3619,0.0891,0.3366,0.3911,0.1040,0.0198,0.0149,0.0198,0.0248,148.5340,107.8407,0.1652,0.7473,0.2687,4.7210,0.0010,-0.0000,0.0480,0.0423,0.4822,2.3593,0.5052,0.5090,0.2441,0.4796,0.2041,0.0730,0.1720,0.0528,0.0557,0.1047,0.9987,0.0245,0.6705,0.2134,0.4210,-0.0000,0.9960,-0.1442,0.1138,0.9115,-0.0000,-0.0000,1.0000,0.0823,6106.6583,61.3668,1231.1837,0.4838,0.1968,30.0184,0.5000,0.8493,-0.5543,4.4870
1.0677,STABLE,STABLE,0.0667,0.0345,0.1243,0.2547,0.6748,0.3252,0.1952,0.1962,0.1522,0.7971,207.0000,0.0036,89.7886,40.0564,0.1952,0.1068,0.0388,0.0388,0.0243,0.0874,0.1456,0.2767,0.2816,138.5991,95.2397,0.0783,0.4245,0.1529,4.7205,-0.0014,-0.0000,0.0327,0.0274,0.4776,2.3591,0.1825,0.2873,0.1362,0.2590,0.1178,0.0610,0.1741,0.0297,0.0323,-0.0795,1.0002,0.1528,-0.3341,0.1343,0.2823,0.0012,1.0007,0.0765,0.1585,-0.3201,0.0000,-0.0000,1.0000,0.0830,6103.6085,61.5024,1247.2603,0.5084,0.1937,30.1203,0.4889,0.8250,0.1182,5.9570
1.1345,DESCEND,STABLE,0.1982,0.1866,0.1956,0.5254,0.7923,0.2077,0.2952,0.3012,0.2174,1.2137,208.0000,0.0036,92.9787,39.9319,0.2952,0.0193,0.0048,0.0338,0.0242,0.1449,0.3575,0.3816,0.0338,140.0249,104.6916,0.1435,0.6088,0.2243,1.4195,-0.0007,-0.0000,0.0356,0.0357,0.4897,0.6367,0.4123,0.4218,0.2547,0.3946,0.1268,0.0670,0.1419,0.0239,0.0758,-0.0600,1.0012,-0.1203,-0.5006,0.1759,0.3207,-0.0001,1.0033,0.0778,-0.1728,-0.6789,0.0000,0.0000,1.0000,0.0819,6103.0266,61.4987,1228.9478,0.4853,0.1964,30.1203,0.4889,0.8250,0.2408,-3.2048
1.2012,STABLE,STABLE,-0.1395,-0.1487,0.1279,0.0406,0.1827,0.8173,0.2168,0.2105,0.1398,0.6402,208.0000,0.0036,97.0976,39.6929,0.2168,0.0769,0.5000,0.3365,0.0385,0.0144,0.0096,0.0096,0.0144,142.6079,114.8994,0.1362,0.4495,0.1559,4.4977,0.0002,0.0000,0.0347,0.0288,0.4976,2.2472,0.2294,0.2638,0.1963,0.2990,0.1277,0.0880,0.1722,0.0215,0.0710,0.0345,0.9993,0.0807,0.3318,0.1193,0.2439,-0.0000,0.9991,-0.0307,0.0704,0.3560,0.0000,-0.0000,1.0000,0.0826,6110.1296,61.7666,1255.6771,0.4828,0.1930,30.0333,0.4778,0.8054,-0.3095,-5.4759
1.2679,STABLE,STABLE,-0.1106,-0.0735,0.1409,0.0846,0.2404,0.7596,0.2154,0.2008,0.1751,0.9484,208.0000,0.0036,93.1578,40.8580,0.2154,0.0673,0.2115,0.3462,0.2308,0.0673,0.0337,0.0144,0.0288,135.7941,104.7848,0.0849,0.4521,0.1700,1.4029,0.0008,-0.0000,0.0268,0.0298,0.4865,0.5861,0.2991,0.3024,0.1221,0.2890,0.1138,0.0604,0.1148,0.0249,0.0323,0.0812,0.9995,-0.0889,0.4036,0.1432,0.3079,-0.0005,0.9974,-0.1146,0.0420,0.5532,-0.0000,-0.0000,1.0000,0.0814,6119.8502,61.7112,1235.4160,0.4840,0.1911,27.9371,0.5222,0.8139,-0.4901,0.3233
1.3347,STABLE,STABLE,0.0251,0.0108,0.0831,0.1897,0.6010,0.3990,0.1338,0.1305,0.0993,0.3533,208.0000,0.0036,88.8040,41.0653,0.1338,0.2260,0.1154,0.0625,0.0240,0.0529,0.1010,0.2404,0.1779,133.9724,88.1660,0.0524,0.2816,0.1047,4.4970,-0.0008,-0.0000,0.0281,0.0231,0.4771,2.2469,0.1377,0.2246,0.1113,0.1501,0.0688,0.0600,0.0793,0.0145,0.0282,-0.0518,1.0000,0.1361,-0.1717,0.1023,0.1980,0.0009,1.0004,0.0527,0.1134,-0.1521,0.0000,-0.0000,1.0000,0.0822,6121.3458,61.8335,1256.5875,0.5110,0.1897,29.9816,0.4944,0.8176,-0.2663,5.2061
1.4014,STABLE,STABLE,0.0480,0.0371,0.0731,0.1637,0.7788,0.2212,0.1100,0.0870,0.0943,0.4098,209.0000,0.0036,91.3814,40.1819,0.1100,0.0144,0.0288,0.0337,0.0192,0.1202,0.4712,0.2788,0.0337,138.4511,99.4577,0.0507,0.2698,0.1014,4.0350,-0.0001,0.0000,0.0295,0.0236,0.5005,2.0116,0.1132,0.1398,0.0825,0.1382,0.0635,0.0428,0.1470,0.0152,0.0411,-0.0235,1.0002,-0.0202,-0.1711,0.0811,0.1959,0.0010,1.0001,0.0179,-0.0016,-0.1730,-0.0000,0.0000,1.0000,0.0804,6126.6223,61.8373,1257.5839,0.5120,0.1886,30.1203,0.4889,0.8250,0.2048,3.2944
1.4681,STABLE,STABLE,0.1100,0.0780,0.1287,0.3600,0.7990,0.2010,0.1545,0.1347,0.1470,0.7285,210.0000,0.0036,93.5845,39.2943,0.1545,0.0287,0.0431,0.0335,0.0431,0.1148,0.4498,0.2297,0.0574,143.3097,105.6684,0.0420,0.3978,0.1436,3.9595,0.0001,0.0000,0.0304,0.0273,0.5030,1.9819,0.2879,0.2214,0.1225,0.1896,0.0692,0.0361,0.0206,0.0084,0.0329,-0.0262,1.0007,-0.1021,-0.2525,0.1151,0.2672,-0.0001,1.0024,0.0567,-0.1808,-0.4413,0.0000,0.0000,1.0000,0.0819,6124.1584,61.9046,1249.5853,0.4855,0.1935,30.3112,0.5000,0.8203,0.1734,-4.0061
1.5349,STABLE,STABLE,-0.1385,-0.1397,0.1348,0.0547,0.1524,0.8476,0.2217,0.2205,0.1625,0.7767,211.0000,0.0037,98.3787,39.1630,0.2217,0.0857,0.4762,0.3190,0.0524,0.0048,0.0143,0.0238,0.0238,144.8678,117.6801,0.1065,0.4744,0.1675,1.3190,-0.0000,-0.0000,0.0290,0.0307,0.4822,0.5930,0.2952,0.2609,0.1880,0.2840,0.1304,0.0645,0.1933,0.0300,0.0472,0.0492,0.9994,0.0652,0.3742,0.1252,0.2696,-0.0000,0.9990,-0.0591,0.0873,0.4583,0.0000,-0.0000,1.0000,0.0816,6131.5153,61.9841,1253.3647,0.4852,0.1900,30.3112,0.5000,0.8203,-0.3299,-3.3176
1.6016,STABLE,STABLE,-0.0782,-0.0428,0.1019,0.0146,0.1943,0.8057,0.1336,0.1050,0.1289,0.5862,211.0000,0.0037,93.8324,40.6130,0.1336,0.0616,0.1517,0.3270,0.1943,0.1232,0.0521,0.0379,0.0521,136.4908,105.8181,0.0303,0.3024,0.1155,3.8969,0.0007,0.0000,0.0247,0.0215,0.5171,1.9512,0.1935,0.2482,0.0875,0.1280,0.0558,0.0316,0.0190,0.0168,0.0219,0.0481,0.9996,-0.0527,0.2419,0.1079,0.2189,-0.0004,0.9975,-0.0682,0.0319,0.3690,-0.0000,-0.0000,1.0000,0.0831,6137.6315,62.0223,1259.5027,0.5096,0.1889,29.9816,0.4944,0.8176,-0.2694,4.3671
1.6683,STABLE,STABLE,0.0651,0.0455,0.0856,0.2075,0.7630,0.2370,0.1388,0.1335,0.1062,0.4453,211.0000,0.0037,92.1212,42.1161,0.1388,0.0521,0.0427,0.0474,0.0190,0.1185,0.1801,0.2844,0.2559,129.7372,98.5905,0.0557,0.3065,0.1128,4.0186,-0.0008,-0.0000,0.0275,0.0214,0.4865,2.0034,0.1470,0.2182,0.0856,0.1897,0.0774,0.0493,0.0985,0.0161,0.0329,-0.0544,1.0003,0.0678,-0.2532,0.0931,0.1846,0.0007,1.0010,0.0560,0.0562,-0.2694,0.0000,0.0000,1.0000,0.0815,6136.7073,61.9704,1255.1804,0.5123,0.1878,29.9816,0.4944,0.8176,0.2530,2.9463
1.7351,STABLE,STABLE,0.0827,0.0636,0.1043,0.2545,0.8057,0.1943,0.1543,0.1469,0.1232,0.6242,211.0000,0.0037,92.9023,41.4306,0.1543,0.0474,0.0332,0.0427,0.0237,0.1327,0.3507,0.2986,0.0711,132.6123,101.8149,0.0666,0.3615,0.1265,3.9593,-0.0001,0.0000,0.0288,0.0259,0.5191,1.9818,0.2149,0.1928,0.1137,0.2051,0.0810,0.0340,0.1335,0.0184,0.0427,-0.0379,1.0004,-0.0334,-0.2577,0.1025,0.2146,0.0004,1.0008,0.0443,-0.0661,-0.3149,-0.0000,0.0000,1.0000,0.0835,6136.5015,62.1051,1263.1398,0.5107,0.1874,28.8627,0.5222,0.7899,0.1238,-3.2696
1.8018,STABLE,STABLE,0.0056,0.0000,0.0290,0.0509,0.5071,0.4929,0.0369,0.0104,0.0650,0.3217,212.0000,0.0037,90.4453,40.6491,0.0369,0.0948,0.1848,0.2749,0.0806,0.1090,0.0806,0.0853,0.0900,135.5153,93.7225,0.0117,0.1969,0.0684,4.0269,0.0001,-0.0000,0.0221,0.0132,0.4918,2.0075,0.0135,0.0226,0.0186,0.0851,0.0189,0.0218,0.1097,0.0169,0.0342,0.0170,1.0001,-0.0343,0.0605,0.0462,0.1543,0.0000,1.0008,-0.0080,-0.0502,0.0056,0.0000,0.0000,1.0000,0.0821,6134.6258,62.1439,1266.4250,0.5113,0.1851,30.0184,0.5000,0.8493,-0.1834,-2.2428
1.8685,STABLE,STABLE,-0.1286,-0.0960,0.1442,0.0475,0.2217,0.7783,0.2236,0.2358,0.1630,0.7514,212.0000,0.0037,92.6744,41.3739,0.2236,0.0896,0.2500,0.4623,0.0896,0.0236,0.0283,0.0330,0.0236,133.4158,100.6798,0.0965,0.4655,0.1661,1.2009,0.0003,-0.0000,0.0279,0.0291,0.4816,0.6005,0.3021,0.2978,0.1540,0.2901,0.1378,0.0319,0.1572,0.0258,0.0372,0.0665,0.9993,0.0018,0.4152,0.1300,0.2596,-0.0007,0.9981,-0.0835,0.0575,0.5398,-0.0000,-0.0000,1.0000,0.0816,6140.4795,62.1279,1266.3438,0.4845,0.1889,29.8828,0.4944,0.8419,-0.1755,0.9477
1.9353,STABLE,STABLE,-0.0033,0.0001,0.0335,0.0402,0.5047,0.4953,0.0330,0.0153,0.0503,0.2750,212.0000,0.0037,89.8500,40.8526,0.0330,0.1226,0.0849,0.1038,0.1038,0.1321,0.2264,0.1226,0.1038,135.4595,90.1311,0.0127,0.1484,0.0535,1.1066,0.0002,0.0000,0.0123,0.0130,0.5285,0.5124,0.0254,0.0269,0.0276,0.0548,0.0141,0.0209,0.0850,0.0111,0.0325,-0.0084,0.9999,0.0154,-0.0317,0.0379,0.1406,0.0000,0.9994,0.0032,0.0264,-0.0031,-0.0000,-0.0000,1.0000,0.0816,6141.0711,62.1816,1275.2512,0.5102,0.1871,30.1203,0.4889,0.8250,-0.0569,3.2922
2.0020,STABLE,STABLE,0.1023,0.0974,0.1130,0.2811,0.7830,0.2170,0.1812,0.1840,0.1238,0.6995,213.0000,0.0037,92.0247,41.0615,0.1812,0.0377,0.0283,0.0802,0.0236,0.1274,0.2217,0.3962,0.0849,134.5691,98.4115,0.0987,0.3617,0.1313,3.5327,-0.0005,0.0000,0.0306,0.0307,0.5000,1.7649,0.2101,0.2464,0.1307,0.2410,0.1176,0.0528,0.1216,0.0472,0.0490,-0.0543,1.0006,-0.0145,-0.3272,0.1084,0.2362,0.0009,1.0013,0.0627,-0.0545,-0.3941,0.0000,0.0000,1.0000,0.0820,6143.0962,62.0180,1274.5688,0.4860,0.1901,31.0875,0.4889,0.8651,0.2639,0.6319
2.0687,STABLE,STABLE,0.0128,0.0033,0.0379,0.0781,0.6338,0.3662,0.0437,0.0220,0.0522,0.3113,214.0000,0.0037,90.0834,40.8992,0.0437,0.1174,0.1362,0.2207,0.1033,0.0751,0.0892,0.1455,0.1127,135.9215,89.3681,0.0205,0.1368,0.0530,3.7626,-0.0003,-0.0000,0.0219,0.0161,0.4639,1.8799,0.0723,0.0535,0.0282,0.0286,0.0297,0.0308,0.0555,0.0198,0.0234,-0.0087,1.0001,0.0011,-0.0318,0.0458,0.1337,-0.0000,1.0005,0.0149,0.0140,-0.0755,0.0000,-0.0000,1.0000,0.0808,6146.7600,62.0604,1275.2986,0.5094,0.1853,28.0245,0.4889,0.7652,0.0274,-3.5079
2.1355,STABLE,STABLE,-0.0961,-0.0723,0.1081,0.0342,0.2383,0.7617,0.1734,0.1754,0.1319,0.6325,215.0000,0.0037,92.3531,40.3209,0.1734,0.0748,0.3738,0.3879,0.0561,0.0234,0.0234,0.0421,0.0187,138.0712,99.5431,0.0760,0.3885,0.1366,3.7627,0.0002,-0.0000,0.0290,0.0245,0.4801,1.8799,0.2440,0.2191,0.1162,0.2326,0.1015,0.0346,0.1457,0.0198,0.0388,0.0500,0.9995,0.0280,0.3192,0.1023,0.2246,-0.0014,0.9992,-0.0594,0.0276,0.3867,-0.0000,0.0000,1.0000,0.0832,6148.4225,62.2176,1270.1157,0.5077,0.1866,30.1203,0.4889,0.8250,-0.2043,-0.7833
2.2022,STABLE,STABLE,-0.0130,-0.0011,0.0497,0.0440,0.4326,0.5674,0.0590,0.0242,0.0716,0.3127,217.0000,0.0038,89.5410,39.9979,0.0590,0.0558,0.1256,0.1581,0.1721,0.2140,0.1721,0.0791,0.0233,140.5841,86.5905,0.0183,0.2048,0.0663,1.0316,0.0005,0.0000,0.0135,0.0176,0.5297,0.5106,0.0706,0.0977,0.0741,0.0161,0.0210,0.0339,0.0679,0.0155,0.0232,0.0080,0.9999,-0.0300,0.0255,0.0642,0.1831,-0.0001,0.9991,-0.0101,-0.0116,0.0542,-0.0000,-0.0000,1.0000,0.0831,6150.4250,62.2813,1276.7773,0.5072,0.1861,30.1203,0.4889,0.8250,-0.0771,2.1013
2.2689,STABLE,STABLE,0.0803,0.0524,0.0971,0.2467,0.7558,0.2442,0.1475,0.1600,0.1200,0.5276,217.0000,0.0038,90.9138,40.4336,0.1475,0.0415,0.0369,0.0369,0.0276,0.1152,0.2719,0.3410,0.1290,138.0329,90.9162,0.0519,0.3345,0.1245,3.7285,-0.0006,0.0000,0.0271,0.0240,0.5060,1.8627,0.1998,0.2175,0.1096,0.2211,0.0884,0.0280,0.1005,0.0134,0.0182,-0.0422,1.0005,-0.0168,-0.2661,0.0993,0.2037,0.0006,1.0011,0.0479,-0.0385,-0.3131,0.0000,0.0000,1.0000,0.0808,6150.2863,62.2607,1286.1030,0.5079,0.1869,29.9816,0.4944,0.8176,0.0761,1.5947
2.3357,STABLE,STABLE,0.0100,0.0014,0.0465,0.0845,0.5530,0.4470,0.0448,0.0229,0.0582,0.3126,219.0000,0.0038,89.9559,40.2282,0.0448,0.1521,0.1152,0.1198,0.1244,0.1152,0.0829,0.1567,0.1336,139.4746,86.0895,0.0163,0.1356,0.0556,3.7625,-0.0000,-0.0000,0.0226,0.0163,0.4852,1.8798,0.0667,0.0514,0.0341,0.0249,0.0217,0.0346,0.0461,0.0170,0.0184,-0.0075,1.0001,0.0076,-0.0326,0.0469,0.1746,0.0000,1.0009,0.0189,-0.0415,-0.0960,0.0000,0.0000,1.0000,0.0816,6149.7738,62.3781,1289.0226,0.5077,0.1853,31.8836,0.4833,0.8147,0.1357,-1.1885
2.4024,STABLE,STABLE,-0.0236,-0.0045,0.0524,0.0287,0.3470,0.6530,0.0545,0.0316,0.0653,0.3741,219.0000,0.0038,90.2030,39.4042,0.0545,0.1553,0.3425,0.2146,0.0548,0.0457,0.0594,0.0457,0.0822,142.4010,88.5200,0.0189,0.1914,0.0688,3.7620,-0.0001,0.0000,0.0219,0.0152,0.4979,1.8795,0.1109,0.0456,0.0471,0.0643,0.0265,0.0221,0.0501,0.0092,0.0317,0.0138,0.9998,0.0205,0.0903,0.0518,0.1556,0.0000,0.9994,-0.0214,0.0521,0.1305,-0.0000,-0.0000,1.0000,0.0809,6150.7155,62.4399,1295.8413,0.5067,0.1860,29.1761,0.5389,0.7487,-0.0825,-2.1216
2.4691,STABLE,STABLE,-0.0681,-0.0244,0.0957,0.0291,0.3242,0.6758,0.1148,0.0801,0.1084,0.4237,220.0000,0.0038,90.8905,40.2874,0.1148,0.0731,0.2511,0.3973,0.1416,0.0365,0.0228,0.0502,0.0274,137.9222,91.0172,0.0301,0.2842,0.0995,1.2195,0.0005,0.0000,0.0144,0.0199,0.5107,0.6012,0.1710,0.2193,0.0656,0.1377,0.0533,0.0262,0.0345,0.0108,0.0138,0.0324,0.9996,-0.0024,0.2112,0.0916,0.1915,-0.0005,0.9982,-0.0490,0.0563,0.3190,-0.0000,-0.0000,1.0000,0.0831,6152.5443,62.3256,1260.2166,0.5068,0.1862,30.1203,0.4889,0.8250,-0.1475,0.9554
2.5359,STABLE,STABLE,0.0360,0.0081,0.0678,0.1806,0.6682,0.3318,0.0849,0.0466,0.0884,0.3516,220.0000,0.0038,90.5005,40.4538,0.0849,0.0909,0.1273,0.1091,0.0682,0.0818,0.1318,0.2818,0.1091,137.3544,87.6304,0.0265,0.2421,0.0856,3.7619,-0.0006,-0.0000,0.0224,0.0163,0.4841,1.8795,0.0971,0.1629,0.0609,0.1158,0.0297,0.0425,0.0380,0.0209,0.0238,-0.0341,1.0002,0.0408,-0.1515,0.0786,0.1680,0.0005,1.0011,0.0477,0.0051,-0.2154,0.0000,-0.0000,1.0000,0.0831,6150.8815,62.5928,1306.3627,0.5069,0.1871,31.0271,0.4778,0.8455,0.0450,1.7964
2.6026,STABLE,STABLE,0.0533,0.0261,0.0824,0.2175,0.7500,0.2500,0.0994,0.0626,0.1015,0.4913,222.0000,0.0039,92.2574,40.1169,0.0994,0.0409,0.0636,0.0409,0.0636,0.0773,0.3545,0.3000,0.0591,138.3375,96.1429,0.0318,0.2625,0.0996,3.7623,-0.0001,0.0000,0.0251,0.0198,0.5037,1.8797,0.1783,0.1439,0.0715,0.1343,0.0380,0.0241,0.0751,0.0180,0.0177,-0.0277,1.0003,-0.0213,-0.1871,0.0785,0.1685,0.0003,1.0012,0.0417,-0.0838,-0.2824,0.0000,0.0000,1.0000,0.0826,6147.7752,62.5337,1286.5642,0.5073,0.1856,31.9261,0.4722,0.8344,0.0923,-1.0217
2.6693,STABLE,STABLE,-0.0438,-0.0253,0.0693,0.0408,0.2703,0.7297,0.0888,0.0545,0.0824,0.3318,222.0000,0.0039,93.8576,39.6976,0.0888,0.0676,0.3694,0.3333,0.0856,0.0315,0.0360,0.0541,0.0225,140.0959,101.6697,0.0323,0.2465,0.0911,3.7627,-0.0001,-0.0000,0.0255,0.0180,0.4688,1.8799,0.1470,0.1366,0.0484,0.1388,0.0364,0.0263,0.0810,0.0148,0.0264,0.0264,0.9998,0.0004,0.1622,0.0673,0.1432,0.0002,0.9994,-0.0370,0.0347,0.2228,-0.0000,-0.0000,1.0000,0.0831,6150.2558,62.6864,1317.5795,0.5051,0.1870,30.1203,0.4889,0.8250,-0.0914,-1.7076
2.7361,STABLE,STABLE,-0.0141,-0.0023,0.0618,0.0257,0.3514,0.6486,0.0391,0.0190,0.0680,0.7725,222.0000,0.0039,92.2136,39.2701,0.0391,0.1171,0.3153,0.2432,0.0631,0.0856,0.0495,0.0811,0.0450,142.0573,96.0920,0.0142,0.1305,0.0542,3.7617,-0.0001,-0.0000,0.0204,0.0118,0.4808,1.8794,0.0709,0.0410,0.0219,0.0468,0.0207,0.0146,0.0579,0.0121,0.0134,0.0112,0.9999,0.0068,0.0658,0.0387,0.1027,0.0001,0.9995,-0.0185,0.0538,0.0988,-0.0000,-0.0000,1.0000,0.0840,6150.5285,62.6922,1318.2571,0.5052,0.1872,30.1203,0.4889,0.8250,-0.1356,0.8581
2.8028,STABLE,STABLE,0.0007,0.0006,0.0218,0.0315,0.5270,0.4730,0.0241,0.0135,0.0301,0.2134,222.0000,0.0039,91.1968,38.8159,0.0241,0.0991,0.1171,0.1171,0.1081,0.1577,0.2252,0.1171,0.0586,144.7499,92.1508,0.0125,0.1033,0.0511,4.2623,0.0000,0.0000,0.0222,0.0120,0.5043,2.1370,0.0384,0.0227,0.0231,0.0347,0.0185,0.0234,0.0644,0.0145,0.0119,-0.0067,1.0000,0.0053,-0.0255,0.0251,0.0747,0.0000,0.9998,0.0066,0.0007,-0.0157,-0.0000,-0.0000,1.0000,0.0841,6149.6912,62.7379,1322.4482,0.5062,0.1866,30.1203,0.4889,0.8250,0.0232,1.4001
2.8695,STABLE,STABLE,0.0184,0.0089,0.0410,0.0861,0.6577,0.3423,0.0468,0.0315,0.0514,0.3182,223.0000,0.0039,91.2030,38.5957,0.0468,0.0495,0.0405,0.0676,0.0766,0.1667,0.3108,0.2027,0.0856,146.1324,92.2800,0.0237,0.1465,0.0547,0.9584,0.0000,0.0000,0.0141,0.0159,0.5065,0.5073,0.0824,0.0523,0.0434,0.0740,0.0251,0.0197,0.0529,0.0104,0.0153,-0.0108,1.0001,-0.0151,-0.0713,0.0412,0.1028,-0.0000,1.0003,0.0117,-0.0347,-0.0889,-0.0000,0.0000,1.0000,0.0833,6147.9699,62.7365,1321.4585,0.5051,0.1882,32.0447,0.4667,0.8419,0.0513,-0.0115
2.9363,STABLE,STABLE,0.0067,0.0010,0.0277,0.0553,0.5919,0.4081,0.0209,0.0094,0.0327,0.2126,223.0000,0.0039,90.8303,38.4724,0.0209,0.1031,0.1076,0.1256,0.1121,0.1300,0.1435,0.1883,0.0897,146.6649,90.3508,0.0074,0.0700,0.0436,4.7571,-0.0000,0.0000,0.0226,0.0092,0.4952,2.3772,0.0286,0.0267,0.0096,0.0166,0.0089,0.0120,0.0288,0.0161,0.0169,-0.0011,1.0001,-0.0093,-0.0108,0.0219,0.0774,-0.0000,1.0002,0.0045,-0.0065,-0.0288,0.0000,-0.0000,1.0000,0.0837,6147.7128,62.7632,1326.4769,0.5048,0.1867,28.2174,0.5222,0.7604,0.0216,-1.0122
3.0030,STABLE,STABLE,-0.0342,-0.0183,0.0656,0.0422,0.3094,0.6906,0.0823,0.0571,0.0821,0.5147,223.0000,0.0039,92.1607,38.4609,0.0823,0.0583,0.3453,0.3857,0.0717,0.0673,0.0359,0.0090,0.0269,146.1726,96.3386,0.0375,0.2512,0.0903,4.7576,-0.0001,-0.0000,0.0276,0.0180,0.4880,2.3775,0.1426,0.0987,0.0619,0.1227,0.0327,0.0496,0.0877,0.0189,0.0259,0.0192,0.9998,0.0037,0.1362,0.0658,0.1521,-0.0000,0.9994,-0.0267,0.0431,0.1826,-0.0000,-0.0000,1.0000,0.0833,6145.9884,62.8018,1317.9421,0.5033,0.1841,30.1203,0.4889,0.8250,-0.0838,-0.4269
3.0697,STABLE,STABLE,0.0026,0.0001,0.0329,0.0455,0.5202,0.4798,0.0322,0.0068,0.0632,0.5981,223.0000,0.0039,91.6382,38.8151,0.0322,0.0717,0.0897,0.0987,0.0942,0.1345,0.2063,0.1883,0.1166,144.1290,93.8783,0.0078,0.1775,0.0665,4.7572,0.0000,-0.0000,0.0248,0.0126,0.4928,2.3772,0.0403,0.0290,0.0148,0.0854,0.0155,0.0183,0.0652,0.0095,0.0133,-0.0101,1.0000,0.0179,-0.0485,0.0393,0.1272,0.0001,0.9997,0.0086,0.0159,-0.0330,-0.0000,-0.0000,1.0000,0.0833,6146.5376,62.8661,1327.6510,0.5038,0.1862,29.9816,0.4944,0.8176,-0.0353,1.1368
3.1365,STABLE,STABLE,0.0331,0.0102,0.0571,0.1476,0.7130,0.2870,0.0595,0.0287,0.0699,0.3769,223.0000,0.0039,92.3270,38.6432,0.0595,0.0583,0.0628,0.0942,0.0583,0.1211,0.3139,0.2511,0.0404,145.0511,96.7201,0.0186,0.1933,0.0717,4.7502,-0.0000,0.0000,0.0250,0.0150,0.4992,2.3738,0.1330,0.0862,0.0389,0.0667,0.0166,0.0152,0.0313,0.0112,0.0229,-0.0164,1.0002,-0.0195,-0.1066,0.0540,0.1270,0.0001,1.0010,0.0290,-0.0655,-0.1835,0.0000,0.0000,1.0000,0.0828,6147.1139,62.7944,1328.1571,0.5038,0.1857,32.0447,0.4667,0.8419,0.0679,0.2355
3.2032,STABLE,STABLE,-0.0022,-0.0000,0.0159,0.0198,0.4798,0.5067,0.0132,0.0046,0.0219,0.1656,223.0000,0.0039,91.6811,38.3861,0.0132,0.1345,0.1883,0.1659,0.0942,0.1390,0.0987,0.1031,0.0762,146.7837,94.2935,0.0036,0.0642,0.0439,4.7569,-0.0000,-0.0000,0.0229,0.0075,0.4863,2.3771,0.0060,0.0215,0.0096,0.0277,0.0103,0.0128,0.0203,0.0160,0.0150,0.0024,1.0000,0.0001,0.0117,0.0146,0.0430,-0.0000,1.0001,-0.0015,-0.0059,0.0071,0.0000,0.0000,1.0000,0.0826,6147.8528,62.8058,1329.6179,0.5038,0.1855,29.9816,0.4944,0.8176,-0.0039,-0.6720
3.2699,STABLE,STABLE,-0.0327,-0.0059,0.0665,0.0482,0.3363,0.6637,0.0714,0.0305,0.0790,0.3216,223.0000,0.0039,91.6359,38.5723,0.0714,0.1031,0.3767,0.2646,0.0628,0.0404,0.0762,0.0493,0.0269,145.5852,94.1028,0.0257,0.2452,0.0875,4.7567,-0.0000,-0.0000,0.0257,0.0169,0.4721,2.3770,0.1546,0.0986,0.0458,0.1086,0.0242,0.0215,0.0733,0.0202,0.0153,0.0222,0.9998,0.0071,0.1368,0.0623,0.1330,-0.0001,0.9992,-0.0366,0.0623,0.2135,-0.0000,-0.0000,1.0000,0.0838,6147.9436,62.8416,1327.3459,0.5032,0.1868,30.1203,0.4889,0.8250,-0.0218,-0.0523
3.3367,STABLE,STABLE,0.0061,0.0003,0.0325,0.0563,0.5561,0.4439,0.0313,0.0107,0.0499,0.2596,223.0000,0.0039,91.2389,38.6445,0.0313,0.0807,0.0628,0.0897,0.0807,0.1570,0.2377,0.2197,0.0717,145.2683,92.2520,0.0080,0.1810,0.0563,0.5212,0.0000,0.0000,0.0111,0.0114,0.5131,0.3646,0.0289,0.0371,0.0196,0.0873,0.0069,0.0131,0.0721,0.0101,0.0085,-0.0111,1.0000,0.0108,-0.0529,0.0364,0.1280,0.0001,0.9999,0.0124,0.0051,-0.0569,-0.0000,0.0000,1.0000,0.0840,6147.6937,62.8500,1332.0426,0.5039,0.1868,31.0271,0.4778,0.8455,-0.0109,0.2651
3.4034,STABLE,STABLE,0.0183,0.0025,0.0421,0.0991,0.6726,0.3274,0.0344,0.0147,0.0518,0.3334,223.0000,0.0039,91.4737,38.8966,0.0344,0.0717,0.0628,0.0852,0.0717,0.1300,0.2960,0.1883,0.0942,143.7408,92.9762,0.0101,0.1179,0.0594,4.7573,-0.0001,-0.0000,0.0244,0.0123,0.4890,2.3773,0.1031,0.0396,0.0173,0.0373,0.0138,0.0102,0.0195,0.0156,0.0180,-0.0115,1.0001,-0.0108,-0.0659,0.0363,0.0902,0.0000,1.0007,0.0230,-0.0563,-0.1162,0.0000,0.0000,1.0000,0.0837,6146.7831,62.8580,1330.6438,0.5044,0.1865,28.8627,0.5222,0.7899,0.0136,0.2298
3.4701,STABLE,STABLE,0.0000,0.0001,0.0182,0.0185,0.5247,0.4753,0.0140,0.0076,0.0210,0.1584,224.0000,0.0039,90.6259,38.5957,0.0140,0.1256,0.1704,0.1659,0.1390,0.1031,0.1166,0.0942,0.0852,145.9861,89.2308,0.0065,0.0535,0.0386,4.7566,0.0001,0.0000,0.0227,0.0076,0.5091,2.3770,0.0182,0.0142,0.0115,0.0172,0.0108,0.0130,0.0174,0.0098,0.0201,0.0029,1.0000,-0.0032,0.0114,0.0148,0.0518,0.0000,1.0000,-0.0026,-0.0005,0.0077,-0.0000,-0.0000,1.0000,0.0829,6145.5167,62.8643,1330.2748,0.5035,0.1868,31.0295,0.4944,0.8137,0.0198,-0.4972
3.5369,STABLE,STABLE,-0.0130,-0.0019,0.0324,0.0199,0.3795,0.6116,0.0314,0.0129,0.0435,0.2673,224.0000,0.0039,90.1840,39.1851,0.0314,0.1473,0.3214,0.2188,0.1161,0.0446,0.0625,0.0536,0.0357,142.5014,86.0214,0.0082,0.1195,0.0547,4.7570,0.0000,0.0000,0.0237,0.0110,0.4958,2.3772,0.0806,0.0333,0.0192,0.0448,0.0097,0.0119,0.0399,0.0055,0.0105,0.0111,0.9999,0.0031,0.0616,0.0316,0.0777,-0.0000,0.9996,-0.0171,0.0298,0.0912,-0.0000,-0.0000,1.0000,0.0840,6146.8698,62.8949,1333.5012,0.5030,0.1852,30.1203,0.4889,0.8250,-0.0528,-0.4927
3.6036,STABLE,STABLE,-0.0087,-0.0012,0.0288,0.0212,0.3795,0.6205,0.0269,0.0130,0.0368,0.2209,224.0000,0.0039,90.0468,38.9989,0.0269,0.1027,0.2991,0.2098,0.1205,0.0848,0.0625,0.0759,0.0446,143.6443,85.5893,0.0077,0.0847,0.0438,4.7570,-0.0000,0.0000,0.0223,0.0099,0.4957,2.3771,0.0359,0.0425,0.0283,0.0279,0.0109,0.0073,0.0197,0.0054,0.0128,0.0029,0.9999,0.0059,0.0266,0.0270,0.1086,-0.0001,0.9997,-0.0081,0.0219,0.0501,-0.0000,-0.0000,1.0000,0.0836,6147.1560,62.8868,1331.9908,0.5028,0.1859,29.9816,0.4944,0.8176,-0.0460,0.4740
3.6703,STABLE,STABLE,0.0174,0.0027,0.0445,0.0961,0.6250,0.3705,0.0464,0.0226,0.0595,0.2936,224.0000,0.0039,89.9618,39.1427,0.0464,0.0714,0.0714,0.1295,0.0938,0.1205,0.2723,0.1607,0.0804,143.0140,84.6706,0.0121,0.1517,0.0621,4.7568,-0.0001,-0.0000,0.0246,0.0144,0.4892,2.3770,0.1017,0.0534,0.0326,0.0687,0.0142,0.0116,0.0285,0.0064,0.0124,-0.0157,1.0001,-0.0065,-0.0842,0.0466,0.1441,0.0000,1.0007,0.0285,-0.0480,-0.1472,0.0000,0.0000,1.0000,0.0840,6145.9570,62.8528,1329.8185,0.5039,0.1859,30.1203,0.4889,0.8250,0.0105,0.4615
3.7371,STABLE,STABLE,-0.0005,0.0000,0.0246,0.0238,0.5134,0.4866,0.0135,0.0038,0.0271,0.2494,224.0000,0.0039,89.8494,39.2416,0.0135,0.1384,0.1071,0.1429,0.1161,0.1071,0.1339,0.1652,0.0893,142.6573,83.7216,0.0038,0.0617,0.0417,4.7569,-0.0000,0.0000,0.0225,0.0080,0.4982,2.3771,0.0153,0.0178,0.0083,0.0178,0.0073,0.0273,0.0208,0.0070,0.0156,0.0003,1.0000,0.0019,-0.0012,0.0149,0.0471,0.0000,1.0000,-0.0004,-0.0016,0.0001,0.0000,0.0000,1.0000,0.0840,6146.3057,62.8883,1331.7987,0.5028,0.1864,30.1203,0.4889,0.8250,0.0156,-0.3409
3.8038,STABLE,STABLE,-0.0143,-0.0040,0.0381,0.0388,0.3482,0.6518,0.0505,0.0250,0.0605,0.2785,224.0000,0.0039,90.1650,38.9244,0.0505,0.0982,0.2946,0.2634,0.0804,0.0982,0.0268,0.0938,0.0446,143.9000,86.4121,0.0164,0.1811,0.0678,4.7570,-0.0000,-0.0000,0.0248,0.0134,0.4868,2.3772,0.1012,0.0580,0.0321,0.0899,0.0151,0.0300,0.0411,0.0083,0.0197,0.0184,0.9999,-0.0092,0.0955,0.0472,0.1112,-0.0000,0.9995,-0.0273,0.0156,0.1407,-0.0000,-0.0000,1.0000,0.0838,6145.0182,62.8838,1332.5239,0.5035,0.1856,29.9816,0.4944,0.8176,-0.0350,-0.3151
3.8705,STABLE,STABLE,-0.0052,-0.0003,0.0242,0.0206,0.4286,0.5670,0.0177,0.0084,0.0266,0.1591,224.0000,0.0039,89.8809,38.5393,0.0177,0.1027,0.2500,0.2321,0.1295,0.0848,0.0491,0.0804,0.0714,146.6264,85.3114,0.0057,0.0711,0.0418,4.5399,-0.0000,0.0000,0.0225,0.0084,0.4951,2.2681,0.0266,0.0306,0.0142,0.0158,0.0163,0.0129,0.0127,0.0060,0.0242,0.0004,1.0000,0.0045,0.0138,0.0192,0.0575,-0.0001,0.9997,-0.0035,0.0256,0.0295,-0.0000,-0.0000,1.0000,0.0840,6146.3864,62.8721,1331.7421,0.5029,0.1861,31.0295,0.4944,0.8137,-0.0264,0.3254
3.9373,STABLE,STABLE,0.0053,0.0003,0.0272,0.0503,0.5670,0.4330,0.0250,0.0055,0.0418,0.2465,224.0000,0.0039,90.1101,38.1608,0.0250,0.0982,0.0893,0.1384,0.0759,0.1473,0.2098,0.1741,0.0670,149.0620,87.0856,0.0050,0.1192,0.0555,4.7682,0.0001,0.0000,0.0245,0.0112,0.5101,2.3815,0.0333,0.0252,0.0215,0.0572,0.0131,0.0175,0.0320,0.0071,0.0131,-0.0061,1.0000,-0.0027,-0.0321,0.0295,0.1203,0.0001,1.0001,0.0096,-0.0156,-0.0451,0.0000,0.0000,1.0000,0.0836,6146.6098,62.8847,1333.0573,0.5032,0.1853,30.1203,0.4889,0.8250,0.0084,0.2831
4.0040,STABLE,STABLE,0.0147,0.0088,0.0468,0.0844,0.6741,0.3259,0.0470,0.0328,0.0505,0.3618,224.0000,0.0039,89.7808,38.2459,0.0470,0.0714,0.0848,0.1562,0.1384,0.1384,0.2054,0.1429,0.0625,148.9600,84.8572,0.0270,0.1311,0.0499,1.0553,-0.0001,0.0000,0.0141,0.0179,0.4979,0.5577,0.0815,0.0549,0.0293,0.0431,0.0287,0.0283,0.0475,0.0316,0.0343,-0.0102,1.0001,-0.0141,-0.0534,0.0457,0.1259,0.0001,1.0008,0.0181,-0.0651,-0.0935,0.0000,0.0000,1.0000,0.0819,6141.2273,62.7142,1324.0604,0.5042,0.1852,32.0447,0.4667,0.8419,0.0114,-0.0767
4.0707,STABLE,STABLE,-0.0097,-0.0014,0.0308,0.0298,0.4286,0.5714,0.0352,0.0181,0.0446,0.2408,225.0000,0.0039,90.1301,38.5966,0.0352,0.1696,0.2679,0.2188,0.0893,0.0446,0.0446,0.0893,0.0759,145.8892,86.6865,0.0133,0.1337,0.0582,4.7676,0.0000,-0.0000,0.0247,0.0133,0.4890,2.3812,0.0855,0.0371,0.0192,0.0638,0.0153,0.0231,0.0222,0.0149,0.0188,0.0110,0.9999,0.0013,0.0589,0.0343,0.0936,0.0000,0.9996,-0.0198,0.0289,0.0945,-0.0000,-0.0000,1.0000,0.0825,6142.2369,62.7998,1330.4382,0.5038,0.1849,-45.0000,0.5056,0.6548,-0.0018,-0.1406
4.1375,STABLE,STABLE,-0.0048,-0.0004,0.0208,0.0180,0.4133,0.5867,0.0160,0.0064,0.0232,0.1537,225.0000,0.0039,89.6231,38.7228,0.0160,0.1067,0.2133,0.2000,0.1244,0.1289,0.1022,0.0933,0.0311,145.4732,84.1789,0.0055,0.0686,0.0454,4.7683,0.0000,-0.0000,0.0234,0.0080,0.4851,2.3815,0.0191,0.0264,0.0092,0.0224,0.0077,0.0100,0.0309,0.0142,0.0146,0.0009,1.0000,0.0030,0.0119,0.0180,0.0602,-0.0000,0.9998,-0.0042,0.0196,0.0249,-0.0000,-0.0000,1.0000,0.0825,6143.3247,62.7791,1330.5192,0.5032,0.1871,32.0447,0.4667,0.8419,-0.0074,0.1497
4.2042,STABLE,STABLE,0.0056,0.0003,0.0201,0.0420,0.5733,0.4267,0.0183,0.0068,0.0279,0.1646,225.0000,0.0039,89.4298,38.7707,0.0183,0.1289,0.0933,0.1156,0.0667,0.1911,0.2267,0.1244,0.0533,145.6045,82.7559,0.0045,0.0828,0.0486,4.7681,0.0000,-0.0000,0.0245,0.0091,0.4821,2.3815,0.0326,0.0196,0.0112,0.0354,0.0077,0.0078,0.0384,0.0029,0.0115,-0.0042,1.0001,-0.0056,-0.0238,0.0203,0.0686,-0.0000,1.0001,0.0084,-0.0171,-0.0386,0.0000,-0.0000,1.0000,0.0826,6142.9716,62.7916,1329.5361,0.5036,0.1859,-45.0000,0.5056,0.6548,0.0182,0.2144
4.2709,STABLE,STABLE,0.0045,0.0002,0.0186,0.0404,0.5778,0.4222,0.0156,0.0032,0.0336,0.3121,225.0000,0.0039,89.2123,38.5994,0.0156,0.1378,0.0756,0.0933,0.1022,0.1467,0.1956,0.1778,0.0711,147.3112,81.4000,0.0033,0.0659,0.0452,4.7681,0.0001,-0.0000,0.0240,0.0084,0.4883,2.3814,0.0368,0.0252,0.0113,0.0164,0.0047,0.0196,0.0101,0.0081,0.0137,-0.0034,1.0000,-0.0021,-0.0200,0.0188,0.0587,-0.0000,1.0002,0.0074,-0.0184,-0.0384,0.0000,0.0000,1.0000,0.0825,6142.4120,62.7839,1325.5082,0.5033,0.1868,28.6731,0.5222,0.7947,0.0212,-0.1710
4.3377,STABLE,STABLE,-0.0044,-0.0001,0.0206,0.0097,0.4222,0.5778,0.0141,0.0025,0.0300,0.2436,225.0000,0.0039,89.4889,39.8682,0.0141,0.1733,0.1956,0.1733,0.0889,0.0978,0.0756,0.1067,0.0889,140.0531,80.6184,0.0015,0.0686,0.0440,4.7681,-0.0000,-0.0000,0.0235,0.0066,0.4746,2.3815,0.0320,0.0184,0.0058,0.0279,0.0033,0.0114,0.0146,0.0036,0.0113,0.0044,1.0000,0.0025,0.0233,0.0184,0.0649,-0.0000,0.9997,-0.0086,0.0251,0.0389,-0.0000,-0.0000,1.0000,0.0825,6142.2035,62.8016,1329.0656,0.5029,0.1870,29.3353,0.5333,0.7561,-0.0047,-0.3118
4.4044,STABLE,STABLE,-0.0044,-0.0003,0.0191,0.0169,0.4000,0.6000,0.0157,0.0051,0.0234,0.1560,225.0000,0.0039,89.5825,39.7858,0.0157,0.1289,0.2000,0.2089,0.0933,0.0889,0.1111,0.0933,0.0756,140.2084,81.5877,0.0049,0.0679,0.0425,4.7682,-0.0000,-0.0000,0.0234,0.0077,0.4886,2.3815,0.0286,0.0309,0.0108,0.0240,0.0079,0.0117,0.0180,0.0074,0.0105,0.0033,1.0000,0.0015,0.0208,0.0176,0.0515,0.0000,0.9999,-0.0049,0.0135,0.0307,-0.0000,-0.0000,1.0000,0.0827,6143.4484,62.7894,1327.9899,0.5021,0.1865,32.0447,0.4667,0.8419,-0.0204,-0.0284
4.4711,STABLE,STABLE,0.0056,0.0001,0.0232,0.0548,0.5422,0.4533,0.0196,0.0034,0.0399,0.3227,225.0000,0.0039,90.1106,39.2384,0.0196,0.0889,0.1111,0.1511,0.0933,0.1556,0.1867,0.1467,0.0667,141.9939,86.2058,0.0030,0.0920,0.0492,4.7681,-0.0000,0.0000,0.0238,0.0088,0.5235,2.3814,0.0430,0.0171,0.0084,0.0311,0.0092,0.0238,0.0193,0.0066,0.0112,-0.0070,1.0001,-0.0054,-0.0305,0.0237,0.0697,-0.0000,1.0001,0.0092,-0.0149,-0.0407,0.0000,0.0000,1.0000,0.0828,6141.9716,62.7903,1329.6724,0.5023,0.1865,30.1203,0.4889,0.8250,-0.0084,0.2244
4.5379,STABLE,STABLE,0.0022,0.0000,0.0150,0.0295,0.5111,0.4889,0.0150,0.0032,0.0334,0.3014,225.0000,0.0039,90.1891,38.9505,0.0150,0.1111,0.0933,0.1156,0.1022,0.1644,0.2089,0.1511,0.0533,143.4093,87.1493,0.0020,0.0666,0.0461,4.7749,0.0000,-0.0000,0.0239,0.0080,0.4762,2.3848,0.0214,0.0164,0.0077,0.0333,0.0068,0.0173,0.0127,0.0062,0.0116,-0.0028,1.0000,0.0014,-0.0174,0.0183,0.0479,-0.0000,1.0002,0.0073,-0.0173,-0.0318,0.0000,0.0000,1.0000,0.0830,6142.4148,62.7854,1328.1711,0.5031,0.1867,28.8627,0.5222,0.7899,0.0095,0.0286
4.6046,STABLE,STABLE,-0.0073,-0.0001,0.0267,0.0107,0.4622,0.5378,0.0172,0.0034,0.0360,0.2773,225.0000,0.0039,90.1581,39.6535,0.0172,0.1289,0.1822,0.1911,0.1333,0.1156,0.0933,0.0889,0.0667,139.9686,85.6744,0.0022,0.0713,0.0451,4.7677,-0.0000,-0.0000,0.0233,0.0071,0.4794,2.3813,0.0423,0.0122,0.0108,0.0263,0.0046,0.0084,0.0072,0.0096,0.0131,0.0054,0.9999,0.0055,0.0280,0.0218,0.0814,0.0000,0.9999,-0.0096,0.0149,0.0423,-0.0000,0.0000,1.0000,0.0822,6142.1437,62.8075,1328.2664,0.5024,0.1865,29.2076,0.5278,0.7926,-0.0046,-0.1761
4.6713,STABLE,STABLE,-0.0017,0.0000,0.0140,0.0122,0.4889,0.4933,0.0109,0.0019,0.0242,0.1611,225.0000,0.0039,89.5383,40.4841,0.0109,0.1689,0.1822,0.1556,0.1022,0.1333,0.0889,0.1022,0.0667,137.5640,79.1197,0.0004,0.0507,0.0410,4.7682,-0.0001,0.0000,0.0233,0.0049,0.5077,2.3815,0.0226,0.0140,0.0068,0.0189,0.0069,0.0027,0.0106,0.0036,0.0077,0.0025,1.0000,-0.0006,0.0142,0.0140,0.0481,-0.0000,0.9999,-0.0050,0.0077,0.0246,-0.0000,-0.0000,1.0000,0.0819,6142.7599,62.8179,1329.4908,0.5025,0.1870,29.1761,0.5389,0.7487,-0.0140,-0.0350
4.7381,STABLE,STABLE,0.0014,0.0000,0.0167,0.0181,0.4756,0.4800,0.0110,0.0025,0.0236,0.1702,226.0000,0.0039,89.6799,40.7767,0.0110,0.1422,0.0978,0.1733,0.0667,0.1644,0.1200,0.1556,0.0800,136.2570,79.2772,0.0012,0.0493,0.0427,4.7682,-0.0001,-0.0000,0.0231,0.0053,0.4880,2.3815,0.0129,0.0124,0.0019,0.0185,0.0057,0.0058,0.0199,0.0086,0.0143,-0.0008,1.0000,-0.0036,-0.0025,0.0120,0.0516,-0.0000,1.0001,0.0029,-0.0029,-0.0102,0.0000,-0.0000,1.0000,0.0821,6141.3198,62.8317,1330.8479,0.5030,0.1878,32.0447,0.4667,0.8419,-0.0093,0.1192
4.8048,STABLE,STABLE,0.0042,0.0000,0.0239,0.0516,0.5221,0.4779,0.0178,0.0028,0.0325,0.2433,227.0000,0.0039,89.8617,39.7474,0.0178,0.1150,0.1195,0.1327,0.0973,0.1327,0.2080,0.1460,0.0487,140.5622,82.1768,0.0037,0.1007,0.0878,4.7681,0.0001,0.0000,0.0286,0.0109,0.5106,2.3814,0.0390,0.0159,0.0090,0.0298,0.0099,0.0092,0.0788,0.0244,0.0185,-0.0044,1.0000,-0.0066,-0.0220,0.0216,0.0697,-0.0000,1.0002,0.0085,-0.0270,-0.0371,0.0000,0.0000,1.0000,0.0821,6144.6059,62.8665,1327.5837,0.5023,0.1885,30.1203,0.4889,0.8250,0.0019,0.0428
4.8715,STABLE,STABLE,0.0020,0.0001,0.0165,0.0163,0.5221,0.4779,0.0093,0.0025,0.0186,0.1539,226.0000,0.0039,90.0859,39.3602,0.0093,0.1150,0.1460,0.1239,0.1195,0.1504,0.1504,0.1106,0.0841,141.9427,84.5893,0.0019,0.0715,0.0926,4.7682,0.0000,-0.0000,0.0307,0.0077,0.4815,2.3815,0.0096,0.0096,0.0090,0.0257,0.0078,0.0143,0.0901,0.0098,0.0110,-0.0003,1.0000,-0.0026,-0.0022,0.0098,0.0394,0.0000,1.0001,-0.0000,-0.0046,-0.0030,-0.0000,0.0000,1.0000,0.0824,6140.8821,62.8175,1327.6862,0.5021,0.1867,30.1203,0.4889,0.8250,-0.0036,-0.0865
4.9383,STABLE,STABLE,-0.0083,-0.0000,0.0312,0.0140,0.4779,0.5221,0.0212,0.0024,0.0440,0.2750,226.0000,0.0039,90.2978,39.4785,0.0212,0.1726,0.2212,0.1726,0.0796,0.0929,0.0796,0.0973,0.0841,141.0975,85.6842,0.0021,0.1236,0.0695,4.7682,-0.0001,0.0000,0.0276,0.0095,0.4935,2.3815,0.0661,0.0241,0.0105,0.0388,0.0085,0.0115,0.0282,0.0117,0.0164,0.0039,0.9999,0.0078,0.0294,0.0274,0.1204,0.0000,0.9997,-0.0115,0.0364,0.0539,-0.0000,-0.0000,1.0000,0.0822,6140.3850,62.7578,1324.9939,0.5016,0.1873,29.9816,0.4944,0.8176,-0.0096,0.0130
5.0050,STABLE,STABLE,0.0015,0.0001,0.0223,0.0325,0.5929,0.3982,0.0133,0.0022,0.0309,0.2407,226.0000,0.0039,90.4991,39.9421,0.0133,0.1460,0.1416,0.1372,0.0973,0.1549,0.1195,0.1150,0.0885,138.8517,85.8457,0.0010,0.0623,0.0436,4.7681,0.0001,-0.0000,0.0237,0.0062,0.4821,2.3814,0.0379,0.0116,0.0066,0.0164,0.0032,0.0039,0.0097,0.0080,0.0110,-0.0033,1.0000,-0.0024,-0.0117,0.0169,0.0671,0.0000,1.0001,0.0034,-0.0092,-0.0189,-0.0000,0.0000,1.0000,0.0820,6140.4972,62.7356,1325.3195,0.5025,0.1874,30.1203,0.4889,0.8250,-0.0019,0.0788
5.0717,STABLE,STABLE,0.0015,0.0000,0.0148,0.0146,0.4867,0.4469,0.0073,0.0009,0.0188,0.1531,226.0000,0.0039,90.1928,40.2583,0.0073,0.1637,0.0708,0.1150,0.0796,0.1637,0.1504,0.1681,0.0885,137.9530,83.1087,0.0001,0.0397,0.0420,4.7678,0.0001,0.0000,0.0235,0.0043,0.5111,2.3813,0.0246,0.0081,0.0064,0.0083,0.0021,0.0054,0.0054,0.0021,0.0096,-0.0015,1.0000,-0.0019,-0.0089,0.0098,0.0390,-0.0000,1.0002,0.0055,-0.0211,-0.0236,0.0000,0.0000,1.0000,0.0822,6139.8890,62.7233,1327.0117,0.5015,0.1876,30.1203,0.4889,0.8250,0.0009,-0.0722
5.1385,STABLE,STABLE,-0.0011,0.0000,0.0125,0.0015,0.3230,0.4027,0.0039,0.0002,0.0148,0.1519,226.0000,0.0039,89.0234,38.7660,0.0039,0.3938,0.0973,0.1062,0.0752,0.0796,0.0752,0.1195,0.0531,148.2075,77.7501,0.0000,0.0230,0.0369,4.7680,-0.0000,-0.0000,0.0229,0.0016,0.4533,2.3814,0.0106,0.0058,0.0048,0.0004,0.0014,0.0029,0.0033,0.0048,0.0061,0.0006,1.0000,0.0027,0.0044,0.0058,0.0235,0.0001,0.9998,-0.0038,0.0198,0.0168,-0.0000,-0.0000,1.0000,0.0822,6140.0896,62.7174,1324.9231,0.5007,0.1881,29.9816,0.4944,0.8176,-0.0115,-0.1469
5.2052,STABLE,STABLE,0.0002,0.0000,0.0185,0.0018,0.3973,0.3705,0.0071,0.0002,0.0554,0.7843,224.0000,0.0039,89.0543,40.0298,0.0071,0.3214,0.1205,0.0804,0.0982,0.1250,0.0938,0.0848,0.0759,141.6212,76.3431,0.0000,0.0274,0.1054,4.7681,0.0000,-0.0000,0.0321,0.0023,0.4781,2.3814,0.0586,0.0030,0.0016,0.0350,0.0018,0.0017,0.0054,0.0023,0.0052,-0.0008,1.0000,0.0013,-0.0031,0.0083,0.0122,0.0000,1.0000,0.0012,0.0032,-0.0015,0.0000,-0.0000,1.0000,0.0822,6138.4256,62.8535,1327.4062,0.5028,0.1870,-45.0000,0.5056,0.6548,-0.0187,-0.0664
5.2719,STABLE,STABLE,-0.0020,0.0000,0.0145,0.0014,0.2242,0.2691,0.0063,0.0000,0.0457,0.6314,225.0000,0.0039,90.9482,41.6774,0.0063,0.5561,0.0359,0.1076,0.0359,0.0583,0.0673,0.0897,0.0493,132.7154,83.7503,0.0000,0.0168,0.1050,4.7680,-0.0000,-0.0000,0.0326,0.0010,0.4839,2.3814,0.0347,0.0010,0.0027,0.0478,0.0004,0.0009,0.0110,0.0002,0.0070,0.0013,1.0000,0.0011,0.0073,0.0091,0.0116,-0.0000,1.0000,-0.0031,0.0002,0.0126,-0.0000,0.0000,1.0000,0.0821,6140.4062,62.8095,1325.9438,0.5022,0.1877,29.9816,0.4944,0.8176,-0.0204,0.0328
5.3387,STABLE,STABLE,0.0002,0.0000,0.0525,0.0032,0.3438,0.2679,0.0087,0.0001,0.0552,0.7423,225.0000,0.0039,91.6633,42.7017,0.0087,0.4911,0.0670,0.0759,0.0402,0.1027,0.1161,0.0625,0.0446,128.6682,83.9825,0.0000,0.0294,0.0479,4.7681,0.0000,0.0000,0.0242,0.0017,0.5088,2.3814,0.0343,0.0027,0.0018,0.0166,0.0034,0.0008,0.0025,0.0030,0.0054,-0.0019,1.0000,0.0019,-0.0100,0.0125,0.0118,-0.0001,1.0003,0.0070,-0.0234,-0.0312,0.0000,0.0000,1.0000,0.0822,6140.3896,62.7248,1324.1511,0.5027,0.1871,30.7097,0.4833,0.8427,-0.0143,0.1072
5.4054,STABLE,STABLE,-0.0027,0.0000,0.0163,0.0006,0.1511,0.1911,0.0036,0.0000,0.0180,0.1525,225.0000,0.0039,93.4126,44.5818,0.0036,0.6978,0.0578,0.0356,0.0311,0.0444,0.0578,0.0622,0.0133,121.9917,88.5334,0.0000,0.0088,0.0374,4.7681,-0.0001,0.0000,0.0227,0.0001,0.4973,2.3814,0.0129,0.0011,0.0016,0.0000,0.0070,0.0019,0.0013,0.0001,0.0048,0.0007,1.0000,0.0046,0.0055,0.0064,0.0071,0.0000,0.9997,-0.0047,0.0265,0.0214,-0.0000,-0.0000,1.0000,0.0823,6140.2873,62.8027,1326.5164,0.5016,0.1872,32.0447,0.4667,0.8419,-0.0061,-0.0126
5.4721,STABLE,STABLE,-0.0024,0.0000,0.0251,0.0002,0.1111,0.1200,0.0043,0.0000,0.0291,0.3022,225.0000,0.0039,94.6687,43.1748,0.0043,0.8311,0.0311,0.0489,0.0267,0.0267,0.0044,0.0178,0.0133,126.1207,98.0127,0.0000,0.0036,0.0425,4.7681,0.0000,0.0000,0.0230,0.0001,0.5014,2.3814,0.0036,0.0013,0.0022,0.0000,0.0210,0.0000,0.0007,0.0007,0.0049,-0.0003,1.0000,-0.0011,0.0015,0.0070,0.0040,-0.0001,1.0000,-0.0008,0.0020,0.0025,-0.0000,0.0000,1.0000,0.0823,6140.6879,62.7923,1326.6555,0.5018,0.1874,28.8627,0.5222,0.7899,-0.0160,0.1483
5.5389,STABLE,STABLE,0.0002,0.0000,0.0395,0.0010,0.1111,0.1289,0.0075,0.0000,0.0535,0.6576,225.0000,0.0039,96.2727,40.7117,0.0075,0.7733,0.0222,0.0489,0.0356,0.0267,0.0178,0.0578,0.0178,135.1508,107.4881,0.0000,0.0051,0.0491,4.7681,0.0000,0.0000,0.0239,0.0001,0.5243,2.3814,0.0032,0.0013,0.0028,0.0000,0.0322,0.0002,0.0009,0.0011,0.0048,-0.0002,1.0000,0.0001,-0.0002,0.0080,0.0026,0.0000,1.0000,0.0002,-0.0006,0.0000,0.0000,0.0000,1.0000,0.0821,6140.6008,62.7555,1325.4270,0.5028,0.1870,29.9816,0.4944,0.8176,0.0137,0.0667
5.6056,STABLE,STABLE,0.0000,0.0000,0.0002,0.0000,0.0178,0.0178,0.0000,0.0000,0.0002,0.0035,225.0000,0.0039,96.2727,40.7117,0.0000,0.9733,0.0044,0.0000,0.0044,0.0044,0.0044,0.0089,0.0000,135.1508,107.4881,0.0000,0.0006,0.0355,4.7681,-0.0000,0.0000,0.0228,0.0000,0.5082,2.3814,0.0055,0.0017,0.0016,0.0000,0.0000,0.0000,0.0008,0.0002,0.0049,0.0000,1.0000,-0.0000,0.0000,0.0000,0.0000,0.0000,1.0000,0.0000,-0.0000,-0.0000,0.0000,-0.0000,1.0000,0.0821,6140.5868,62.7549,1325.4263,0.5026,0.1871,29.9816,0.4944,0.8176,-0.0071,-0.2991
5.6723,STABLE,STABLE,-0.0000,0.0000,0.0003,0.0001,0.0711,0.0800,0.0001,0.0000,0.0003,0.0035,225.0000,0.0039,96.2727,40.7118,0.0001,0.8711,0.0178,0.0311,0.0178,0.0222,0.0222,0.0044,0.0133,135.1508,107.4881,0.0000,0.0031,0.0345,4.7681,-0.0001,-0.0000,0.0226,0.0001,0.4777,2.3814,0.0026,0.0013,0.0014,0.0003,0.0000,0.0000,0.0023,0.0008,0.0053,0.0000,1.0000,0.0000,0.0001,0.0001,0.0003,-0.0000,1.0000,0.0000,-0.0000,-0.0000,0.0000,-0.0000,1.0000,0.0821,6140.0741,62.7518,1325.4279,0.5021,0.1874,29.9816,0.4944,0.8176,-0.0262,-0.2236
5.7391,STABLE,STABLE,-0.0000,0.0000,0.0002,0.0000,0.0711,0.1067,0.0001,0.0000,0.0003,0.0035,225.0000,0.0039,96.2727,40.7118,0.0001,0.8622,0.0311,0.0089,0.0000,0.0133,0.0133,0.0489,0.0222,135.1508,107.4881,0.0000,0.0030,0.0349,4.7681,0.0000,-0.0000,0.0226,0.0001,0.4732,2.3814,0.0045,0.0012,0.0016,0.0002,0.0000,0.0000,0.0016,0.0002,0.0054,-0.0000,1.0000,0.0001,-0.0000,0.0001,0.0003,-0.0000,1.0000,0.0000,0.0001,-0.0000,-0.0000,0.0000,1.0000,0.0821,6140.2424,62.7535,1325.4626,0.5023,0.1872,29.9816,0.4944,0.8176,-0.0369,-0.0744
5.8058,STABLE,STABLE,0.0003,0.0000,0.0026,0.0003,0.1422,0.1511,0.0007,0.0000,0.0035,0.0312,225.0000,0.0039,101.0261,45.3887,0.0007,0.7644,0.0400,0.0667,0.0089,0.0222,0.0178,0.0489,0.0311,119.2103,113.2640,0.0000,0.0126,0.0359,4.7681,-0.0000,-0.0000,0.0228,0.0005,0.4909,2.3814,0.0037,0.0011,0.0014,0.0012,0.0007,0.0014,0.0117,0.0016,0.0049,0.0001,1.0000,-0.0010,0.0002,0.0012,0.0027,0.0000,1.0000,-0.0000,0.0002,-0.0001,0.0000,-0.0000,1.0000,0.0822,6138.8473,62.7502,1325.3928,0.5024,0.1867,29.9816,0.4944,0.8176,-0.0361,0.0156
5.8725,STABLE,STABLE,-0.0003,0.0000,0.0064,0.0003,0.1422,0.1333,0.0019,0.0000,0.0153,0.1910,225.0000,0.0039,105.1335,41.0473,0.0019,0.7778,0.0533,0.0667,0.0133,0.0311,0.0267,0.0267,0.0044,135.4280,128.0633,0.0000,0.0130,0.0401,4.7681,-0.0001,0.0000,0.0229,0.0004,0.5028,2.3814,0.0028,0.0010,0.0016,0.0003,0.0037,0.0080,0.0092,0.0084,0.0049,-0.0004,1.0000,-0.0003,0.0001,0.0035,0.0030,-0.0000,1.0000,0.0006,-0.0005,-0.0020,-0.0000,0.0000,1.0000,0.0822,6136.6719,62.7491,1325.4127,0.5027,0.1870,29.9816,0.4944,0.8176,-0.0349,-0.0275
5.9393,STABLE,STABLE,-0.0001,0.0000,0.0162,0.0002,0.1111,0.0889,0.0023,0.0000,0.0242,0.3272,225.0000,0.0039,110.9084,41.0522,0.0023,0.8133,0.0267,0.0578,0.0133,0.0178,0.0178,0.0311,0.0222,136.5462,138.8366,0.0000,0.0029,0.0413,4.7681,0.0000,0.0000,0.0230,0.0001,0.5148,2.3814,0.0036,0.0010,0.0109,0.0000,0.0000,0.0078,0.0033,0.0000,0.0049,-0.0006,1.0000,0.0005,-0.0009,0.0036,0.0027,0.0000,1.0000,0.0007,-0.0025,-0.0017,0.0000,0.0000,1.0000,0.0822,6135.7940,62.7512,1325.4070,0.5026,0.1869,29.9816,0.4944,0.8176,-0.0398,-0.0540
6.0060,STABLE,STABLE,-0.0258,-0.0301,0.0819,0.0863,0.3200,0.6800,0.0993,0.0796,0.0710,0.5197,225.0000,0.0039,100.7589,39.3390,0.0993,0.0667,0.2711,0.4489,0.1378,0.0222,0.0089,0.0267,0.0178,141.6866,119.9959,0.0782,0.2518,0.0982,1.7400,-0.0000,-0.0000,0.0361,0.0393,0.4908,0.7617,0.1051,0.0869,0.0998,0.1029,0.0872,0.1135,0.0854,0.0813,0.0906,-0.0028,1.0000,-0.0082,0.0577,0.0710,0.1895,0.0002,0.9999,0.0064,-0.0087,0.0480,-0.0000,-0.0000,1.0000,0.0825,6091.5870,61.8603,1313.3461,0.5017,0.1883,32.0447,0.4667,0.8419,-0.0421,0.0519
6.0727,STABLE,STABLE,0.0028,0.0011,0.0253,0.0447,0.5956,0.4044,0.0233,0.0131,0.0334,0.2887,225.0000,0.0039,96.0141,38.1551,0.0233,0.1244,0.0889,0.1022,0.0889,0.2133,0.1733,0.1200,0.0889,146.9945,108.9613,0.0104,0.0890,0.0430,3.1489,-0.0000,0.0000,0.0185,0.0125,0.4971,1.5724,0.0208,0.0298,0.0219,0.0205,0.0216,0.0287,0.0377,0.0114,0.0229,-0.0034,1.0000,-0.0003,-0.0117,0.0239,0.0687,0.0000,1.0002,0.0053,-0.0217,-0.0141,0.0000,0.0000,1.0000,0.0817,6085.5459,61.8753,1314.8881,0.5028,0.1874,30.8974,0.5000,0.8062,-0.0329,0.1107
6.1395,STABLE,STABLE,0.0041,0.0006,0.0262,0.0324,0.5556,0.4444,0.0213,0.0110,0.0424,0.3946,225.0000,0.0039,93.6273,37.8643,0.0213,0.1111,0.1067,0.0800,0.1200,0.0933,0.2133,0.1733,0.1022,149.1769,102.0543,0.0101,0.1021,0.0740,4.1269,-0.0000,0.0000,0.0252,0.0140,0.4852,2.0640,0.0221,0.0170,0.0228,0.0337,0.0194,0.0347,0.0751,0.0213,0.0148,-0.0031,1.0000,-0.0051,-0.0106,0.0225,0.0676,0.0000,1.0000,0.0016,-0.0035,-0.0125,-0.0000,0.0000,1.0000,0.0820,6074.4457,61.9120,1317.1035,0.5028,0.1876,29.0166,0.5278,0.7973,-0.0273,0.0843
6.2062,STABLE,STABLE,0.0049,0.0001,0.0384,0.0449,0.5067,0.4933,0.0274,0.0167,0.0374,0.3907,225.0000,0.0039,92.1058,37.7745,0.0274,0.1111,0.0933,0.1556,0.1111,0.1333,0.1867,0.1111,0.0978,150.2731,96.6982,0.0136,0.0910,0.0500,4.1275,-0.0001,0.0000,0.0226,0.0130,0.5013,2.0643,0.0287,0.0263,0.0205,0.0371,0.0234,0.0365,0.0315,0.0144,0.0180,-0.0013,1.0000,-0.0060,-0.0104,0.0277,0.0781,0.0000,0.9999,-0.0010,0.0148,-0.0003,-0.0000,-0.0000,1.0000,0.0826,6067.3229,61.8914,1319.5970,0.5036,0.1881,28.8627,0.5222,0.7899,-0.0216,0.1065
6.2729,STABLE,STABLE,-0.0027,-0.0010,0.0157,0.0191,0.4133,0.5867,0.0150,0.0102,0.0165,0.0963,226.0000,0.0039,91.5852,37.7536,0.0150,0.1511,0.1689,0.1689,0.0711,0.1378,0.1333,0.0889,0.0800,150.6885,94.6128,0.0085,0.0568,0.0382,4.1268,0.0000,0.0000,0.0211,0.0090,0.4980,2.0640,0.0179,0.0194,0.0136,0.0217,0.0145,0.0138,0.0182,0.0141,0.0171,0.0016,1.0000,0.0028,0.0070,0.0151,0.0466,-0.0000,1.0000,-0.0013,-0.0043,0.0089,0.0000,0.0000,1.0000,0.0822,6065.3164,61.8900,1321.5319,0.5030,0.1879,29.9816,0.4944,0.8176,-0.0131,0.1872
6.3397,STABLE,STABLE,-0.0006,0.0008,0.0194,0.0273,0.5265,0.4735,0.0213,0.0126,0.0288,0.2931,226.0000,0.0039,90.7401,37.8652,0.0213,0.1195,0.1195,0.1327,0.1150,0.1195,0.1726,0.1239,0.0973,150.3999,90.2176,0.0094,0.0757,0.0447,4.1269,0.0001,0.0000,0.0221,0.0111,0.4899,2.0641,0.0255,0.0252,0.0216,0.0223,0.0234,0.0292,0.0179,0.0061,0.0147,0.0003,1.0000,-0.0024,0.0004,0.0216,0.0650,0.0000,1.0000,0.0010,-0.0069,0.0006,0.0000,-0.0000,1.0000,0.0826,6063.4763,61.8921,1322.8837,0.5033,0.1881,29.9816,0.4944,0.8176,0.0034,0.2261
6.4064,STABLE,STABLE,0.0021,0.0014,0.0181,0.0286,0.6106,0.3894,0.0169,0.0101,0.0205,0.1600,226.0000,0.0039,90.2309,37.9836,0.0169,0.1239,0.1239,0.1062,0.1195,0.1150,0.1681,0.1239,0.1195,150.1670,87.4278,0.0090,0.0706,0.0412,4.1270,-0.0000,0.0000,0.0215,0.0101,0.4811,2.0641,0.0148,0.0201,0.0189,0.0231,0.0156,0.0199,0.0240,0.0212,0.0179,0.0003,1.0000,-0.0029,0.0001,0.0170,0.0588,0.0001,1.0000,-0.0008,-0.0015,-0.0030,-0.0000,0.0000,1.0000,0.0818,6063.5177,61.9130,1324.6689,0.5031,0.1865,28.8627,0.5222,0.7899,0.0171,0.2273
6.4731,STABLE,STABLE,0.0018,0.0005,0.0145,0.0238,0.5531,0.4469,0.0145,0.0086,0.0186,0.1651,226.0000,0.0039,89.7402,37.7345,0.0145,0.1239,0.0752,0.1327,0.1549,0.1372,0.1681,0.1239,0.0841,154.0546,84.0728,0.0086,0.0603,0.0380,4.1268,0.0000,0.0000,0.0213,0.0097,0.4920,2.0640,0.0209,0.0200,0.0199,0.0207,0.0131,0.0227,0.0229,0.0052,0.0111,-0.0008,1.0000,-0.0018,-0.0054,0.0145,0.0390,-0.0000,1.0000,0.0015,-0.0040,-0.0078,0.0000,0.0000,1.0000,0.0829,6060.6708,61.9310,1325.2621,0.5029,0.1862,28.6731,0.5222,0.7947,0.0337,-0.1485
6.5399,STABLE,STABLE,-0.0030,-0.0003,0.0211,0.0195,0.4646,0.5354,0.0193,0.0105,0.0270,0.2014,226.0000,0.0039,89.6539,37.8030,0.0193,0.1416,0.1504,0.1327,0.1195,0.1239,0.1283,0.1283,0.0752,153.5230,83.5260,0.0101,0.0730,0.0433,4.1254,-0.0000,0.0000,0.0220,0.0107,0.4902,2.0633,0.0210,0.0203,0.0130,0.0292,0.0196,0.0256,0.0212,0.0146,0.0250,0.0019,1.0000,0.0010,0.0082,0.0199,0.0542,-0.0000,1.0001,-0.0025,-0.0068,0.0043,0.0000,0.0000,1.0000,0.0833,6059.2832,61.9169,1326.1365,0.5029,0.1869,28.8627,0.5222,0.7899,-0.0027,-0.2913
6.6066,STABLE,STABLE,-0.0004,-0.0001,0.0155,0.0256,0.4823,0.5177,0.0181,0.0097,0.0303,0.2796,226.0000,0.0039,89.8360,37.8157,0.0181,0.1150,0.2212,0.1770,0.1018,0.1062,0.1062,0.0885,0.0841,152.6315,84.9116,0.0084,0.0559,0.0379,4.1269,0.0000,0.0000,0.0208,0.0085,0.4838,2.0641,0.0162,0.0217,0.0141,0.0174,0.0161,0.0232,0.0181,0.0082,0.0158,-0.0014,1.0000,0.0020,0.0004,0.0185,0.0521,0.0000,0.9999,-0.0007,0.0080,0.0050,-0.0000,0.0000,1.0000,0.0828,6059.4401,61.9237,1327.8881,0.5027,0.1859,29.0166,0.5278,0.7973,-0.0052,-0.0060
6.6733,STABLE,STABLE,0.0012,0.0002,0.0190,0.0255,0.5177,0.4823,0.0176,0.0115,0.0198,0.1337,226.0000,0.0039,89.5466,37.9042,0.0176,0.1460,0.1416,0.1150,0.1018,0.0929,0.1593,0.1593,0.0841,152.7931,82.7624,0.0107,0.0655,0.0386,4.1268,0.0001,0.0000,0.0218,0.0114,0.4899,2.0640,0.0213,0.0216,0.0156,0.0211,0.0170,0.0157,0.0259,0.0154,0.0179,0.0001,1.0000,-0.0021,-0.0011,0.0178,0.0539,0.0000,1.0000,0.0008,-0.0053,-0.0002,0.0000,-0.0000,1.0000,0.0839,6057.9179,61.9607,1328.7571,0.5041,0.1863,29.1761,0.5389,0.7487,-0.0035,0.0772
6.7401,STABLE,STABLE,0.0017,0.0006,0.0159,0.0303,0.5354,0.4646,0.0168,0.0100,0.0304,0.4002,226.0000,0.0039,89.4798,38.3724,0.0168,0.1150,0.1195,0.1106,0.1372,0.1195,0.1460,0.1372,0.1150,148.8476,82.0867,0.0093,0.0639,0.0384,4.1269,-0.0000,0.0000,0.0215,0.0095,0.4974,2.0641,0.0145,0.0220,0.0170,0.0213,0.0137,0.0229,0.0216,0.0155,0.0164,-0.0034,1.0000,0.0029,-0.0149,0.0177,0.0418,-0.0000,1.0000,0.0040,0.0042,-0.0227,-0.0000,0.0000,1.0000,0.0842,6056.7818,61.9483,1330.4731,0.5047,0.1877,31.0271,0.4778,0.8455,0.0051,0.0357
6.8068,STABLE,STABLE,-0.0018,0.0001,0.0291,0.0167,0.5177,0.4823,0.0134,0.0079,0.0301,0.4090,226.0000,0.0039,89.4738,38.6641,0.0134,0.1327,0.1549,0.1549,0.1062,0.1239,0.0973,0.1106,0.1195,146.8610,81.6292,0.0073,0.0578,0.0373,4.1268,0.0000,0.0000,0.0208,0.0086,0.4861,2.0640,0.0148,0.0201,0.0095,0.0198,0.0150,0.0200,0.0175,0.0102,0.0161,0.0012,1.0000,0.0018,0.0060,0.0143,0.0349,0.0001,1.0001,-0.0013,-0.0115,0.0020,0.0000,0.0000,1.0000,0.0830,6057.3064,61.9866,1332.8137,0.5039,0.1883,31.0271,0.4778,0.8455,0.0012,-0.0383
6.8735,STABLE,STABLE,0.0002,-0.0000,0.0213,0.0202,0.4956,0.5044,0.0164,0.0081,0.0321,0.3449,226.0000,0.0039,89.3631,38.6663,0.0164,0.1062,0.1283,0.1460,0.1018,0.1372,0.1460,0.1150,0.1195,147.2399,80.7519,0.0070,0.0655,0.0419,4.1269,0.0000,0.0000,0.0214,0.0098,0.4986,2.0640,0.0188,0.0261,0.0117,0.0170,0.0138,0.0266,0.0214,0.0098,0.0136,-0.0003,1.0000,-0.0005,0.0012,0.0172,0.0498,-0.0000,0.9999,0.0006,-0.0017,0.0006,-0.0000,0.0000,1.0000,0.0835,6056.1098,61.9965,1332.7317,0.5050,0.1861,31.7294,0.4611,0.8390,0.0000,0.0046
6.9403,STABLE,STABLE,-0.0002,-0.0000,0.0191,0.0214,0.4912,0.5088,0.0161,0.0098,0.0224,0.2500,226.0000,0.0039,89.6950,38.3332,0.0161,0.1283,0.1239,0.1460,0.0752,0.1770,0.1195,0.1372,0.0929,148.4673,83.7257,0.0105,0.0665,0.0284,1.0985,0.0000,0.0000,0.0106,0.0106,0.4850,0.5413,0.0160,0.0198,0.0125,0.0171,0.0163,0.0187,0.0242,0.0253,0.0227,-0.0002,1.0000,0.0016,-0.0005,0.0161,0.0496,0.0000,1.0001,0.0027,-0.0088,-0.0089,0.0000,0.0000,1.0000,0.0841,6053.6633,61.9897,1332.4518,0.5044,0.1864,30.8329,0.4944,0.8184,0.0019,0.0722
7.0070,STABLE,STABLE,0.0013,0.0005,0.0171,0.0268,0.5310,0.4690,0.0164,0.0102,0.0224,0.2350,226.0000,0.0039,89.5182,38.3468,0.0164,0.1593,0.1460,0.1239,0.0885,0.1239,0.1239,0.0973,0.1372,148.8925,82.4133,0.0119,0.0753,0.0434,4.0349,0.0000,0.0000,0.0213,0.0119,0.4830,2.0197,0.0231,0.0254,0.0163,0.0212,0.0135,0.0339,0.0311,0.0192,0.0191,0.0009,1.0000,-0.0017,0.0022,0.0164,0.0512,0.0000,1.0000,-0.0021,0.0017,0.0062,-0.0000,0.0000,1.0000,0.0840,6053.8661,61.9919,1336.0040,0.5040,0.1852,31.0271,0.4778,0.8455,0.0097,-0.0153
7.0737,STABLE,STABLE,0.0001,-0.0000,0.0183,0.0217,0.4956,0.5044,0.0173,0.0114,0.0229,0.1978,226.0000,0.0039,89.2346,38.3815,0.0173,0.1150,0.1814,0.1460,0.0973,0.1549,0.1062,0.0929,0.1062,149.7985,80.0079,0.0108,0.0677,0.0396,4.0346,0.0001,0.0000,0.0213,0.0097,0.5002,2.0196,0.0201,0.0228,0.0160,0.0177,0.0169,0.0268,0.0169,0.0154,0.0246,0.0018,1.0000,-0.0042,0.0058,0.0174,0.0533,-0.0000,0.9999,-0.0011,-0.0019,0.0119,0.0000,-0.0000,1.0000,0.0841,6051.6187,62.0226,1339.5641,0.5035,0.1860,32.0447,0.4667,0.8419,-0.0002,-0.0997
7.1405,STABLE,STABLE,0.0005,0.0008,0.0194,0.0266,0.5619,0.4381,0.0174,0.0104,0.0259,0.2486,227.0000,0.0039,89.2143,38.4687,0.0174,0.1460,0.1549,0.1416,0.0973,0.1150,0.1283,0.1593,0.0575,149.2392,79.7335,0.0107,0.0655,0.0407,4.0350,-0.0000,0.0000,0.0205,0.0102,0.4864,2.0198,0.0193,0.0204,0.0128,0.0202,0.0197,0.0216,0.0232,0.0198,0.0213,-0.0000,1.0000,-0.0012,0.0009,0.0174,0.0478,0.0000,1.0000,-0.0002,-0.0021,-0.0017,-0.0000,0.0000,1.0000,0.0841,6053.5583,62.0343,1340.7850,0.5033,0.1858,31.8836,0.4833,0.8147,-0.0036,-0.0269
7.2072,STABLE,STABLE,-0.0007,-0.0003,0.0249,0.0312,0.4890,0.5110,0.0192,0.0125,0.0256,0.2351,227.0000,0.0039,89.4889,38.0215,0.0192,0.1145,0.1145,0.1630,0.1278,0.1278,0.1674,0.1013,0.0837,151.0778,82.2075,0.0111,0.0752,0.0414,4.0523,-0.0000,0.0000,0.0216,0.0104,0.4840,2.0284,0.0185,0.0242,0.0140,0.0262,0.0179,0.0229,0.0220,0.0143,0.0307,-0.0020,1.0000,-0.0007,-0.0052,0.0195,0.0570,-0.0000,1.0001,0.0033,-0.0078,-0.0102,0.0000,0.0000,1.0000,0.0836,6053.3413,62.0201,1340.6501,0.5013,0.1864,31.0271,0.4778,0.8455,-0.0038,0.0403
7.2739,STABLE,STABLE,0.0004,0.0004,0.0166,0.0272,0.5374,0.4626,0.0161,0.0104,0.0210,0.1902,227.0000,0.0039,89.1686,38.1084,0.0161,0.1233,0.1145,0.1278,0.1101,0.1101,0.1674,0.1189,0.1278,152.1388,79.0446,0.0099,0.0681,0.0431,4.6748,-0.0001,0.0000,0.0235,0.0103,0.4975,2.3383,0.0220,0.0295,0.0143,0.0178,0.0164,0.0247,0.0256,0.0138,0.0143,-0.0006,1.0000,-0.0014,-0.0012,0.0164,0.0509,-0.0000,0.9999,-0.0002,0.0052,0.0030,-0.0000,-0.0000,1.0000,0.0836,6052.0486,62.0304,1340.6721,0.5027,0.1868,29.9816,0.4944,0.8176,0.0017,-0.0031
7.3407,STABLE,STABLE,-0.0006,-0.0001,0.0166,0.0225,0.4626,0.5374,0.0155,0.0082,0.0227,0.2615,227.0000,0.0039,89.2838,37.9168,0.0155,0.1410,0.1630,0.1366,0.1101,0.0925,0.1718,0.1057,0.0793,153.4427,80.1809,0.0078,0.0595,0.0295,1.3699,-0.0000,0.0000,0.0129,0.0096,0.4964,0.6866,0.0203,0.0229,0.0151,0.0192,0.0111,0.0205,0.0201,0.0106,0.0133,0.0011,1.0000,-0.0009,0.0048,0.0157,0.0452,0.0000,1.0000,0.0009,-0.0033,-0.0000,0.0000,-0.0000,1.0000,0.0837,6052.4842,62.0468,1340.4871,0.5015,0.1873,31.8836,0.4833,0.8147,-0.0042,-0.0328
7.4074,STABLE,STABLE,0.0003,-0.0002,0.0132,0.0217,0.4626,0.5374,0.0135,0.0088,0.0171,0.1457,227.0000,0.0039,89.5344,37.6317,0.0135,0.1322,0.1894,0.1410,0.1013,0.1322,0.1145,0.1057,0.0837,155.9747,82.0345,0.0077,0.0578,0.0381,4.2121,0.0000,0.0000,0.0216,0.0084,0.4850,2.1062,0.0132,0.0158,0.0126,0.0178,0.0159,0.0154,0.0272,0.0155,0.0149,-0.0004,1.0000,-0.0010,0.0003,0.0137,0.0366,-0.0000,1.0000,-0.0005,0.0023,-0.0018,-0.0000,0.0000,1.0000,0.0835,6052.4463,62.0461,1341.1512,0.5022,0.1866,31.8836,0.4833,0.8147,-0.0026,-0.0043
7.4741,STABLE,STABLE,-0.0037,-0.0002,0.0165,0.0145,0.4802,0.5198,0.0153,0.0080,0.0226,0.1538,227.0000,0.0039,89.4841,37.7554,0.0153,0.0749,0.1718,0.1498,0.1189,0.1498,0.1410,0.1278,0.0661,154.0964,82.0104,0.0073,0.0541,0.0374,4.2126,0.0000,0.0000,0.0215,0.0086,0.4967,2.1065,0.0122,0.0188,0.0127,0.0152,0.0161,0.0205,0.0180,0.0107,0.0180,-0.0013,1.0000,0.0064,-0.0003,0.0161,0.0433,-0.0000,1.0000,0.0000,-0.0007,0.0026,-0.0000,0.0000,1.0000,0.0836,6051.3483,62.0499,1340.0950,0.5009,0.1883,31.8836,0.4833,0.8147,-0.0048,0.0152
7.5409,STABLE,STABLE,0.0024,0.0001,0.0166,0.0315,0.5198,0.4802,0.0171,0.0087,0.0256,0.1702,227.0000,0.0039,89.2903,37.9235,0.0171,0.1586,0.1498,0.1586,0.0661,0.1586,0.1145,0.1233,0.0705,153.2949,80.2757,0.0084,0.0617,0.0390,4.2126,0.0000,0.0000,0.0215,0.0087,0.4963,2.1065,0.0208,0.0164,0.0117,0.0225,0.0153,0.0236,0.0196,0.0100,0.0185,0.0019,1.0000,-0.0041,0.0029,0.0178,0.0470,0.0000,1.0001,0.0000,-0.0056,-0.0035,0.0000,-0.0000,1.0000,0.0839,6051.6643,62.0728,1340.0161,0.5027,0.1855,32.2425,0.4667,0.8373,-0.0006,0.0503
7.6076,STABLE,STABLE,0.0007,-0.0001,0.0127,0.0217,0.4846,0.5154,0.0130,0.0085,0.0131,0.0775,227.0000,0.0039,89.2430,37.9944,0.0130,0.1189,0.1630,0.1454,0.1013,0.1278,0.1454,0.1233,0.0749,152.8121,79.8284,0.0084,0.0560,0.0226,0.5438,-0.0000,0.0000,0.0078,0.0089,0.4905,0.3538,0.0144,0.0209,0.0152,0.0192,0.0140,0.0195,0.0192,0.0082,0.0126,0.0000,1.0000,-0.0020,0.0004,0.0131,0.0375,0.0000,1.0000,-0.0000,0.0003,0.0018,-0.0000,-0.0000,1.0000,0.0832,6050.2370,62.1054,1341.2537,0.5020,0.1873,30.7097,0.4722,0.8427,0.0020,0.0371
7.6743,STABLE,STABLE,0.0009,0.0005,0.0171,0.0223,0.5683,0.4317,0.0145,0.0088,0.0209,0.1577,227.0000,0.0039,89.2286,38.0438,0.0145,0.1101,0.1366,0.1586,0.1366,0.1233,0.1542,0.0881,0.0925,152.3412,79.7028,0.0066,0.0559,0.0372,4.2120,0.0000,0.0000,0.0209,0.0082,0.4949,2.1062,0.0207,0.0130,0.0152,0.0154,0.0119,0.0188,0.0140,0.0085,0.0192,-0.0004,1.0000,-0.0013,-0.0014,0.0147,0.0402,0.0001,1.0001,0.0002,-0.0048,-0.0019,0.0000,0.0000,1.0000,0.0831,6049.9159,62.1113,1341.2361,0.5019,0.1870,31.8836,0.4833,0.8147,0.0043,0.0449
7.7411,STABLE,STABLE,-0.0017,0.0002,0.0175,0.0236,0.5242,0.4758,0.0155,0.0082,0.0265,0.2946,227.0000,0.0039,89.3755,37.7898,0.0155,0.1233,0.1233,0.1586,0.1057,0.1586,0.1189,0.1057,0.1057,154.4719,80.9349,0.0072,0.0573,0.0366,4.2124,-0.0001,0.0000,0.0211,0.0086,0.4900,2.1064,0.0141,0.0225,0.0134,0.0189,0.0165,0.0119,0.0153,0.0105,0.0153,0.0002,1.0000,0.0010,0.0007,0.0159,0.0461,-0.0001,1.0001,0.0016,-0.0123,0.0005,0.0000,0.0000,1.0000,0.0833,6048.7235,62.0797,1341.1223,0.5015,0.1885,29.1761,0.5389,0.7487,0.0079,0.0568
7.8078,STABLE,STABLE,0.0025,0.0001,0.0179,0.0297,0.5242,0.4758,0.0143,0.0075,0.0197,0.1410,228.0000,0.0040,89.7467,37.9938,0.0143,0.0749,0.1013,0.1586,0.0881,0.1101,0.1894,0.1542,0.1233,150.3954,84.2231,0.0063,0.0583,0.0371,4.2124,-0.0001,0.0000,0.0212,0.0079,0.4977,2.1064,0.0157,0.0224,0.0104,0.0146,0.0167,0.0168,0.0172,0.0100,0.0132,0.0009,1.0000,-0.0047,-0.0006,0.0148,0.0502,0.0000,0.9999,-0.0018,0.0062,0.0017,-0.0000,-0.0000,1.0000,0.0835,6048.9911,62.0866,1341.4279,0.5037,0.1852,31.9261,0.4611,0.8344,0.0119,0.0195
7.8745,STABLE,STABLE,-0.0003,0.0000,0.0157,0.0178,0.5088,0.4912,0.0127,0.0072,0.0177,0.1661,228.0000,0.0040,89.6003,38.1739,0.0127,0.1491,0.1623,0.1316,0.1009,0.1360,0.1140,0.1316,0.0746,148.6771,83.7908,0.0054,0.0598,0.0380,4.2125,-0.0000,0.0000,0.0213,0.0080,0.4915,2.1064,0.0219,0.0224,0.0082,0.0163,0.0126,0.0114,0.0188,0.0104,0.0122,0.0012,1.0000,-0.0014,0.0057,0.0132,0.0423,0.0000,1.0001,-0.0006,-0.0101,0.0038,0.0000,0.0000,1.0000,0.0838,6048.7266,62.0887,1341.1500,0.5024,0.1860,31.0271,0.4778,0.8455,0.0105,-0.0137
7.9413,STABLE,STABLE,0.0020,0.0000,0.0180,0.0196,0.5351,0.4649,0.0108,0.0044,0.0197,0.1910,228.0000,0.0040,89.5056,38.2681,0.0108,0.1184,0.1404,0.1184,0.0965,0.1140,0.1623,0.1404,0.1096,148.2838,82.9658,0.0032,0.0415,0.0347,4.2121,-0.0000,0.0000,0.0210,0.0060,0.4940,2.1062,0.0079,0.0192,0.0099,0.0113,0.0072,0.0061,0.0110,0.0066,0.0152,0.0007,1.0000,-0.0027,0.0005,0.0118,0.0368,-0.0000,0.9999,-0.0015,0.0087,0.0042,-0.0000,-0.0000,1.0000,0.0837,6048.4743,62.0970,1341.2914,0.5028,0.1855,31.0271,0.4778,0.8455,0.0101,-0.0505
8.0080,STABLE,STABLE,0.0002,0.0009,0.0283,0.0423,0.5395,0.4605,0.0273,0.0165,0.0316,0.2261,228.0000,0.0040,89.0430,38.4540,0.0273,0.1316,0.2105,0.1798,0.1228,0.1228,0.0702,0.0833,0.0789,148.9367,78.7964,0.0156,0.0999,0.0386,0.4606,-0.0000,0.0000,0.0112,0.0147,0.4888,0.3282,0.0288,0.0379,0.0221,0.0397,0.0230,0.0301,0.0251,0.0232,0.0215,-0.0024,1.0000,0.0017,0.0002,0.0272,0.0841,0.0000,1.0000,0.0026,0.0050,0.0016,-0.0000,-0.0000,1.0000,0.0828,6043.8014,61.9769,1335.2997,0.5025,0.1866,-45.0000,0.4944,0.6856,0.0038,-0.0132
8.0747,STABLE,STABLE,0.0003,0.0002,0.0317,0.0404,0.5175,0.4825,0.0252,0.0102,0.0387,0.2424,228.0000,0.0040,88.8860,38.4635,0.0252,0.0789,0.1140,0.1053,0.1491,0.2105,0.1404,0.1404,0.0614,149.9109,76.9604,0.0113,0.1098,0.0508,4.2117,0.0001,0.0000,0.0228,0.0134,0.4955,2.1060,0.0244,0.0233,0.0260,0.0257,0.0315,0.0339,0.0285,0.0170,0.0299,0.0004,1.0000,-0.0069,-0.0041,0.0263,0.0943,-0.0000,0.9999,0.0003,-0.0042,-0.0016,0.0000,-0.0000,1.0000,0.0832,6042.8868,62.0151,1335.9149,0.5029,0.1863,29.0166,0.5278,0.7973,0.0083,0.0318
8.1415,STABLE,STABLE,0.0013,0.0001,0.0183,0.0207,0.5439,0.4561,0.0119,0.0048,0.0236,0.2361,228.0000,0.0040,88.8975,38.3525,0.0119,0.1228,0.1009,0.1184,0.1053,0.1272,0.1316,0.1360,0.1579,150.7047,77.2296,0.0044,0.0557,0.0249,0.3488,0.0000,0.0000,0.0068,0.0073,0.5049,0.1316,0.0082,0.0119,0.0122,0.0107,0.0139,0.0235,0.0145,0.0106,0.0160,-0.0004,1.0000,-0.0003,-0.0035,0.0123,0.0445,0.0000,1.0001,0.0000,-0.0015,-0.0047,0.0000,0.0000,1.0000,0.0838,6043.6772,62.0240,1336.2184,0.5018,0.1864,32.0447,0.4667,0.8419,0.0081,0.0038
8.2082,STABLE,STABLE,-0.0009,-0.0009,0.0260,0.0271,0.4211,0.5789,0.0190,0.0103,0.0296,0.2842,228.0000,0.0040,88.9226,38.1497,0.0190,0.1140,0.1360,0.1711,0.1272,0.1140,0.1360,0.1053,0.0965,152.4548,77.6458,0.0094,0.0777,0.0424,4.2108,-0.0001,0.0000,0.0220,0.0101,0.4883,2.1056,0.0210,0.0216,0.0110,0.0238,0.0175,0.0193,0.0217,0.0139,0.0316,0.0015,1.0000,0.0022,0.0049,0.0201,0.0640,-0.0000,0.9997,-0.0021,0.0219,0.0137,-0.0000,-0.0000,1.0000,0.0837,6043.3516,62.0034,1336.9812,0.5011,0.1869,30.7097,0.4722,0.8427,0.0088,-0.0437
8.2749,STABLE,STABLE,-0.0012,0.0001,0.0128,0.0150,0.5439,0.4561,0.0111,0.0062,0.0150,0.1446,228.0000,0.0040,89.1362,37.9067,0.0111,0.1360,0.1316,0.1272,0.0921,0.1228,0.1316,0.1535,0.1053,153.3360,80.0666,0.0047,0.0499,0.0195,0.4136,-0.0000,0.0000,0.0063,0.0069,0.4913,0.1817,0.0113,0.0163,0.0117,0.0208,0.0104,0.0074,0.0166,0.0073,0.0085,-0.0000,1.0000,0.0020,0.0018,0.0115,0.0348,-0.0000,1.0000,-0.0002,-0.0018,-0.0018,-0.0000,0.0000,1.0000,0.0843,6044.0070,62.0204,1336.6222,0.5017,0.1867,28.6731,0.5222,0.7947,0.0022,-0.0341
8.3417,STABLE,STABLE,0.0010,-0.0001,0.0148,0.0190,0.4649,0.5351,0.0124,0.0057,0.0194,0.1333,228.0000,0.0040,88.8462,38.1504,0.0124,0.1360,0.1623,0.1491,0.1140,0.0921,0.1447,0.0833,0.1184,153.5194,76.4427,0.0056,0.0580,0.0383,4.2126,-0.0000,0.0000,0.0213,0.0080,0.4871,2.1065,0.0100,0.0185,0.0120,0.0211,0.0140,0.0206,0.0188,0.0079,0.0134,0.0011,1.0000,-0.0025,0.0038,0.0130,0.0464,0.0000,1.0001,-0.0004,-0.0001,-0.0003,0.0000,-0.0000,1.0000,0.0848,6044.1460,62.0415,1337.8218,0.5027,0.1863,31.0271,0.4778,0.8455,0.0043,-0.0396
8.4084,STABLE,STABLE,0.0018,0.0001,0.0145,0.0195,0.5263,0.4737,0.0119,0.0057,0.0192,0.1905,228.0000,0.0040,88.8560,38.4011,0.0119,0.1316,0.1491,0.0965,0.0921,0.1140,0.1316,0.1798,0.1053,150.6981,76.5950,0.0057,0.0555,0.0359,4.2120,-0.0000,0.0000,0.0209,0.0079,0.4928,2.1062,0.0133,0.0177,0.0074,0.0148,0.0139,0.0185,0.0205,0.0046,0.0178,-0.0004,1.0000,-0.0003,-0.0038,0.0124,0.0399,0.0000,1.0001,0.0011,-0.0071,-0.0071,0.0000,0.0000,1.0000,0.0840,6044.9228,62.0662,1337.3560,0.5020,0.1866,31.8908,0.4778,0.8661,-0.0031,-0.0543
8.4751,STABLE,STABLE,0.0007,0.0002,0.0109,0.0182,0.5482,0.4518,0.0093,0.0035,0.0148,0.1038,228.0000,0.0040,88.8987,38.0251,0.0093,0.1096,0.0965,0.1535,0.1184,0.1754,0.1447,0.1184,0.0833,154.7199,76.9669,0.0037,0.0495,0.0369,4.2125,0.0000,-0.0000,0.0214,0.0071,0.4749,2.1064,0.0069,0.0157,0.0097,0.0110,0.0103,0.0119,0.0202,0.0086,0.0156,0.0010,1.0000,-0.0020,0.0012,0.0098,0.0369,0.0000,1.0000,-0.0013,-0.0043,-0.0022,-0.0000,0.0000,1.0000,0.0836,6044.4768,62.0583,1338.5613,0.5024,0.1870,28.8627,0.5222,0.7899,-0.0030,-0.0161
8.5419,STABLE,STABLE,-0.0017,-0.0003,0.0175,0.0179,0.4605,0.5395,0.0136,0.0070,0.0201,0.1601,228.0000,0.0040,88.9260,37.9644,0.0136,0.1228,0.1491,0.1447,0.1053,0.1360,0.1096,0.1667,0.0658,155.5306,77.1580,0.0061,0.0588,0.0391,4.2117,-0.0001,0.0000,0.0213,0.0090,0.4856,2.1060,0.0182,0.0155,0.0124,0.0146,0.0198,0.0118,0.0225,0.0082,0.0153,-0.0011,1.0000,0.0016,-0.0016,0.0140,0.0425,-0.0000,0.9999,0.0004,-0.0012,0.0032,-0.0000,0.0000,1.0000,0.0839,6044.5627,62.1025,1339.5256,0.5018,0.1875,31.0271,0.4778,0.8455,-0.0052,-0.0124
8.6086,STABLE,STABLE,-0.0004,0.0001,0.0121,0.0167,0.5263,0.4737,0.0099,0.0050,0.0123,0.0766,228.0000,0.0040,88.8577,38.4117,0.0099,0.1053,0.1667,0.1447,0.0965,0.1360,0.1272,0.1316,0.0921,150.5763,76.6273,0.0046,0.0498,0.0353,4.2124,0.0001,0.0000,0.0209,0.0071,0.5155,2.1064,0.0139,0.0131,0.0105,0.0134,0.0126,0.0102,0.0155,0.0110,0.0146,0.0004,1.0000,-0.0002,0.0018,0.0100,0.0325,0.0000,1.0000,0.0004,-0.0008,-0.0016,0.0000,-0.0000,1.0000,0.0841,6045.0420,62.0972,1339.4279,0.5012,0.1865,29.9816,0.4944,0.8176,-0.0046,-0.0108
8.6753,STABLE,STABLE,-0.0013,-0.0000,0.0119,0.0114,0.4561,0.5439,0.0082,0.0029,0.0176,0.1663,228.0000,0.0040,89.1805,38.1298,0.0082,0.1404,0.1140,0.1754,0.1140,0.1096,0.1053,0.1360,0.1053,150.6914,80.5070,0.0022,0.0429,0.0374,4.2124,-0.0000,0.0000,0.0210,0.0060,0.4845,2.1064,0.0073,0.0098,0.0081,0.0095,0.0206,0.0103,0.0120,0.0085,0.0110,-0.0010,1.0000,0.0021,0.0004,0.0093,0.0278,-0.0000,1.0000,0.0003,0.0005,-0.0017,-0.0000,0.0000,1.0000,0.0833,6044.0642,62.0885,1339.3044,0.5022,0.1868,30.0333,0.4778,0.8054,-0.0067,-0.0260
8.7421,STABLE,STABLE,-0.0001,0.0000,0.0124,0.0147,0.5000,0.5000,0.0098,0.0037,0.0146,0.1161,228.0000,0.0040,89.0521,38.4371,0.0098,0.1360,0.1579,0.1053,0.1009,0.1404,0.1009,0.1360,0.1228,149.0009,78.9181,0.0039,0.0555,0.0368,4.2108,0.0000,0.0000,0.0207,0.0072,0.4938,2.1056,0.0113,0.0126,0.0071,0.0120,0.0157,0.0182,0.0173,0.0071,0.0175,-0.0015,1.0000,0.0013,-0.0033,0.0103,0.0355,-0.0000,1.0000,0.0011,0.0031,-0.0033,-0.0000,0.0000,1.0000,0.0836,6044.6795,62.1058,1339.8011,0.5024,0.1876,31.7294,0.4611,0.8390,-0.0081,-0.0199
8.8088,STABLE,STABLE,-0.0023,-0.0001,0.0150,0.0093,0.4167,0.5789,0.0086,0.0024,0.0177,0.1727,228.0000,0.0040,88.8870,38.8390,0.0086,0.1009,0.1930,0.1579,0.0789,0.1447,0.1009,0.1228,0.1009,147.4246,76.0914,0.0012,0.0491,0.0373,4.2121,-0.0000,0.0000,0.0207,0.0056,0.4883,2.1062,0.0105,0.0156,0.0055,0.0144,0.0099,0.0052,0.0106,0.0037,0.0181,0.0005,1.0000,0.0031,0.0051,0.0096,0.0344,0.0000,1.0001,0.0002,-0.0047,0.0004,0.0000,0.0000,1.0000,0.0833,6043.8523,62.1067,1339.1378,0.5016,0.1870,32.0447,0.4667,0.8419,-0.0093,0.0026
8.8755,STABLE,STABLE,0.0014,0.0001,0.0150,0.0203,0.5482,0.4518,0.0113,0.0056,0.0181,0.1531,228.0000,0.0040,89.1730,38.5577,0.0113,0.1316,0.1316,0.1535,0.0877,0.1491,0.1228,0.1623,0.0614,147.5634,79.8159,0.0052,0.0631,0.0412,4.2126,-0.0001,0.0000,0.0214,0.0089,0.4885,2.1065,0.0120,0.0176,0.0155,0.0232,0.0204,0.0091,0.0166,0.0079,0.0207,-0.0009,1.0000,-0.0010,-0.0022,0.0118,0.0360,0.0000,1.0000,0.0009,0.0015,-0.0025,-0.0000,-0.0000,1.0000,0.0835,6043.0107,62.1291,1338.8047,0.5032,0.1869,32.0447,0.4667,0.8419,-0.0077,0.0369
8.9423,STABLE,STABLE,-0.0003,-0.0000,0.0088,0.0080,0.4430,0.5395,0.0062,0.0023,0.0099,0.0655,228.0000,0.0040,89.2890,38.8382,0.0062,0.1667,0.1272,0.1886,0.0702,0.0921,0.1360,0.1272,0.0921,145.4442,80.1224,0.0013,0.0385,0.0346,4.1721,-0.0000,0.0000,0.0199,0.0047,0.4819,2.0863,0.0119,0.0076,0.0044,0.0121,0.0108,0.0066,0.0080,0.0061,0.0102,-0.0001,1.0000,0.0008,0.0003,0.0064,0.0239,-0.0000,1.0000,-0.0003,0.0034,0.0044,-0.0000,-0.0000,1.0000,0.0840,6042.5824,62.1109,1339.4136,0.5024,0.1878,32.0447,0.4667,0.8419,-0.0044,0.0477
9.0090,STABLE,STABLE,0.0001,0.0000,0.0137,0.0115,0.5044,0.4912,0.0108,0.0032,0.0251,0.2074,228.0000,0.0040,89.1909,38.6304,0.0108,0.1360,0.1140,0.1053,0.1140,0.1272,0.1272,0.1535,0.1228,147.0423,79.8167,0.0027,0.0542,0.0421,4.2124,0.0000,0.0000,0.0214,0.0076,0.4818,2.1064,0.0100,0.0112,0.0130,0.0164,0.0244,0.0170,0.0105,0.0052,0.0107,0.0001,1.0000,-0.0001,0.0025,0.0120,0.0358,-0.0000,1.0000,-0.0000,-0.0019,0.0025,-0.0000,0.0000,1.0000,0.0832,6043.1574,62.1173,1340.0093,0.5029,0.1870,32.0447,0.4667,0.8419,-0.0014,0.0301
9.0757,STABLE,STABLE,-0.0017,-0.0002,0.0153,0.0145,0.4211,0.5789,0.0108,0.0032,0.0225,0.1994,228.0000,0.0040,89.1740,38.4797,0.0108,0.1053,0.1360,0.1711,0.1447,0.1360,0.0921,0.1360,0.0789,148.0576,79.9986,0.0024,0.0541,0.0389,4.2124,0.0000,0.0000,0.0210,0.0068,0.4908,2.1064,0.0104,0.0118,0.0126,0.0161,0.0158,0.0120,0.0084,0.0039,0.0189,-0.0003,1.0000,0.0016,0.0006,0.0116,0.0461,0.0000,1.0001,0.0007,-0.0050,-0.0027,0.0000,0.0000,1.0000,0.0830,6042.5363,62.1132,1339.5786,0.5021,0.1873,31.8836,0.4833,0.8147,-0.0004,-0.0174
9.1425,STABLE,STABLE,0.0019,0.0002,0.0139,0.0223,0.5614,0.4386,0.0103,0.0042,0.0183,0.1450,228.0000,0.0040,89.3784,37.9552,0.0103,0.1491,0.1272,0.1228,0.0921,0.1272,0.1228,0.1272,0.1316,151.3054,82.3370,0.0028,0.0432,0.0352,4.2122,-0.0000,0.0000,0.0208,0.0062,0.4813,2.1063,0.0088,0.0100,0.0116,0.0141,0.0102,0.0152,0.0120,0.0057,0.0102,0.0005,1.0000,-0.0047,-0.0005,0.0108,0.0353,0.0000,1.0000,-0.0014,0.0012,0.0018,-0.0000,-0.0000,1.0000,0.0828,6042.6088,62.1442,1340.2699,0.5027,0.1865,32.0447,0.4667,0.8419,-0.0037,-0.0012
9.2092,STABLE,STABLE,0.0003,-0.0000,0.0096,0.0170,0.4825,0.5175,0.0097,0.0045,0.0176,0.1700,228.0000,0.0040,89.4917,37.7822,0.0097,0.0877,0.1360,0.1360,0.1316,0.1184,0.1140,0.1842,0.0921,152.6081,83.2565,0.0030,0.0459,0.0357,4.2178,-0.0000,0.0000,0.0205,0.0064,0.4829,2.1091,0.0084,0.0131,0.0093,0.0145,0.0126,0.0178,0.0103,0.0079,0.0099,-0.0015,1.0000,-0.0010,-0.0039,0.0105,0.0321,-0.0000,1.0000,0.0010,0.0026,-0.0031,-0.0000,-0.0000,1.0000,0.0835,6041.7500,62.1728,1340.5331,0.5027,0.1870,32.0447,0.4667,0.8419,-0.0005,0.0304
9.2759,STABLE,STABLE,-0.0007,-0.0000,0.0118,0.0127,0.4868,0.5132,0.0085,0.0040,0.0125,0.0919,228.0000,0.0040,89.7372,37.7120,0.0085,0.1535,0.1360,0.1360,0.0702,0.1096,0.1447,0.1316,0.1184,152.4097,85.0710,0.0034,0.0390,0.0186,1.1038,0.0001,0.0000,0.0073,0.0057,0.4947,0.5344,0.0118,0.0127,0.0104,0.0103,0.0077,0.0079,0.0107,0.0117,0.0038,0.0003,1.0000,0.0024,0.0022,0.0087,0.0338,0.0000,1.0000,0.0001,-0.0030,0.0003,0.0000,0.0000,1.0000,0.0838,6041.8276,62.1821,1340.4768,0.5025,0.1859,31.7294,0.4611,0.8390,0.0004,-0.0234
9.3427,STABLE,STABLE,-0.0008,0.0001,0.0158,0.0211,0.5307,0.4693,0.0123,0.0037,0.0254,0.2545,228.0000,0.0040,89.2654,38.4787,0.0123,0.1184,0.1404,0.1184,0.1140,0.1316,0.1579,0.1316,0.0877,147.6630,80.7655,0.0028,0.0529,0.0405,4.2124,0.0001,0.0000,0.0213,0.0072,0.5045,2.1064,0.0104,0.0148,0.0127,0.0141,0.0165,0.0200,0.0130,0.0057,0.0101,0.0012,1.0000,0.0004,0.0020,0.0136,0.0454,0.0000,1.0000,0.0002,-0.0010,0.0011,0.0000,-0.0000,1.0000,0.0838,6042.2245,62.1841,1340.0658,0.5019,0.1879,32.0447,0.4667,0.8419,-0.0036,-0.0079
9.4094,STABLE,STABLE,-0.0003,0.0000,0.0117,0.0106,0.5439,0.4430,0.0070,0.0023,0.0129,0.0974,228.0000,0.0040,89.4097,38.6277,0.0070,0.1184,0.1053,0.1316,0.1272,0.1711,0.0965,0.1404,0.1096,146.2214,81.5968,0.0012,0.0374,0.0345,4.2121,0.0000,0.0000,0.0210,0.0051,0.4882,2.1062,0.0092,0.0118,0.0043,0.0056,0.0046,0.0114,0.0098,0.0085,0.0101,-0.0007,1.0000,0.0004,-0.0006,0.0076,0.0350,-0.0000,1.0000,-0.0001,0.0059,0.0020,-0.0000,-0.0000,1.0000,0.0841,6042.6452,62.1911,1340.1150,0.5015,0.1873,32.0447,0.4667,0.8419,-0.0007,0.0252
9.4761,STABLE,STABLE,-0.0000,-0.0001,0.0095,0.0115,0.4561,0.5395,0.0070,0.0022,0.0144,0.1508,228.0000,0.0040,89.7060,39.0021,0.0070,0.1184,0.1228,0.1228,0.0746,0.1491,0.1272,0.1404,0.1447,143.4078,82.8660,0.0011,0.0368,0.0349,4.2125,0.0000,0.0000,0.0207,0.0051,0.4848,2.1064,0.0090,0.0116,0.0058,0.0060,0.0061,0.0136,0.0121,0.0038,0.0080,-0.0006,1.0000,0.0013,-0.0009,0.0072,0.0304,0.0000,1.0001,0.0008,-0.0018,-0.0040,0.0000,0.0000,1.0000,0.0834,6042.5867,62.1837,1339.7998,0.5023,0.1871,32.0447,0.4667,0.8419,-0.0003,-0.0404
9.5429,STABLE,STABLE,-0.0013,0.0000,0.0172,0.0130,0.5088,0.4868,0.0078,0.0023,0.0183,0.2050,228.0000,0.0040,89.2643,38.2158,0.0078,0.1316,0.1184,0.1404,0.1228,0.1404,0.1272,0.1360,0.0833,149.5111,81.1896,0.0013,0.0446,0.0376,4.2125,-0.0001,0.0000,0.0207,0.0053,0.5034,2.1064,0.0096,0.0169,0.0087,0.0110,0.0075,0.0067,0.0048,0.0077,0.0193,-0.0007,1.0000,0.0020,0.0000,0.0088,0.0335,0.0000,1.0001,0.0017,-0.0115,-0.0040,0.0000,0.0000,1.0000,0.0834,6041.3655,62.1752,1340.5179,0.5025,0.1874,31.0271,0.4778,0.8455,-0.0061,-0.0335
9.6096,STABLE,STABLE,0.0031,-0.0001,0.0299,0.0472,0.4912,0.5088,0.0220,0.0112,0.0316,0.2275,228.0000,0.0040,89.3937,38.3118,0.0220,0.2325,0.1053,0.1404,0.1228,0.0702,0.0965,0.1184,0.1140,148.3460,82.0727,0.0086,0.0859,0.0466,4.2126,0.0000,0.0000,0.0219,0.0111,0.4943,2.1065,0.0188,0.0277,0.0157,0.0198,0.0208,0.0331,0.0184,0.0156,0.0280,0.0002,1.0001,-0.0017,0.0023,0.0239,0.0699,-0.0001,0.9998,-0.0002,0.0091,0.0058,-0.0000,-0.0000,1.0000,0.0830,6041.7254,62.1202,1336.5349,0.5017,0.1874,31.8836,0.4833,0.8147,-0.0047,0.0473
9.6763,STABLE,STABLE,-0.0019,-0.0001,0.0226,0.0214,0.4737,0.5263,0.0138,0.0054,0.0243,0.2267,229.0000,0.0040,89.2933,37.9600,0.0138,0.1316,0.1228,0.1360,0.1272,0.1404,0.1140,0.1316,0.0965,151.6644,81.6307,0.0045,0.0545,0.0379,4.2121,-0.0001,0.0000,0.0210,0.0077,0.4959,2.1062,0.0219,0.0154,0.0073,0.0149,0.0139,0.0140,0.0134,0.0072,0.0157,0.0001,1.0000,0.0007,0.0019,0.0145,0.0541,0.0000,1.0000,-0.0008,0.0032,0.0010,-0.0000,0.0000,1.0000,0.0830,6041.4837,62.1030,1337.0585,0.5013,0.1882,29.0546,0.5778,0.6730,0.0002,0.0552
9.7431,STABLE,STABLE,-0.0001,-0.0000,0.0063,0.0047,0.4585,0.5284,0.0045,0.0011,0.0102,0.1001,229.0000,0.0040,88.6916,38.0840,0.0045,0.1528,0.0917,0.1092,0.1092,0.1485,0.1135,0.1790,0.0961,154.9339,77.8717,0.0003,0.0296,0.0338,4.2124,0.0000,0.0000,0.0208,0.0030,0.4855,2.1064,0.0055,0.0108,0.0044,0.0093,0.0018,0.0057,0.0051,0.0045,0.0063,0.0001,1.0000,0.0000,-0.0002,0.0047,0.0219,-0.0000,1.0000,0.0007,-0.0030,-0.0032,0.0000,0.0000,1.0000,0.0830,6041.3402,62.0885,1337.0175,0.5011,0.1882,32.0447,0.4667,0.8419,0.0026,0.0285
9.8098,STABLE,STABLE,0.0004,0.0001,0.0121,0.0096,0.5371,0.4454,0.0078,0.0020,0.0175,0.1401,229.0000,0.0040,88.9653,37.9162,0.0078,0.1354,0.1179,0.1048,0.0742,0.1965,0.1004,0.1703,0.1004,154.2240,80.9179,0.0006,0.0397,0.0388,4.2125,0.0000,0.0000,0.0209,0.0048,0.4812,2.1064,0.0102,0.0050,0.0084,0.0094,0.0148,0.0086,0.0135,0.0034,0.0067,-0.0000,1.0000,-0.0004,-0.0007,0.0079,0.0366,0.0000,1.0001,0.0010,-0.0085,-0.0043,0.0000,0.0000,1.0000,0.0826,6041.1902,62.0855,1337.0897,0.5016,0.1877,28.8627,0.5222,0.7899,0.0040,0.0315
9.8765,STABLE,STABLE,-0.0009,-0.0001,0.0114,0.0141,0.4236,0.5764,0.0090,0.0028,0.0202,0.2395,229.0000,0.0040,89.1069,37.7789,0.0090,0.1179,0.1485,0.1616,0.1048,0.1441,0.1092,0.1354,0.0786,155.2282,81.9847,0.0022,0.0422,0.0379,4.2125,-0.0001,0.0000,0.0209,0.0055,0.4861,2.1064,0.0049,0.0147,0.0102,0.0082,0.0098,0.0186,0.0092,0.0094,0.0106,-0.0009,1.0000,0.0017,0.0002,0.0099,0.0347,-0.0000,1.0000,0.0019,-0.0025,-0.0014,0.0000,-0.0000,1.0000,0.0827,6039.6818,62.0996,1337.3895,0.5009,0.1874,29.1761,0.5389,0.7487,0.0068,0.0098
9.9433,STABLE,STABLE,-0.0010,-0.0000,0.0147,0.0100,0.4629,0.5197,0.0068,0.0017,0.0167,0.1605,229.0000,0.0040,88.8772,37.8634,0.0068,0.1441,0.1048,0.1179,0.1310,0.1135,0.1485,0.1485,0.0917,156.8160,79.4172,0.0005,0.0419,0.0365,4.2125,0.0000,0.0000,0.0211,0.0051,0.4916,2.1064,0.0091,0.0117,0.0119,0.0058,0.0102,0.0123,0.0066,0.0053,0.0062,0.0006,1.0000,0.0012,0.0023,0.0076,0.0273,0.0000,1.0000,-0.0005,0.0038,0.0028,0.0000,-0.0000,1.0000,0.0827,6038.9723,62.0813,1337.4346,0.5013,0.1876,29.1761,0.5389,0.7487,0.0053,-0.0281
10.0100,STABLE,STABLE,0.0049,0.0011,0.0302,0.0470,0.6419,0.3581,0.0242,0.0117,0.0338,0.2116,229.0000,0.0040,88.9261,37.8542,0.0242,0.1703,0.0917,0.1266,0.0742,0.1572,0.1266,0.1616,0.0917,155.9969,80.1261,0.0095,0.0957,0.0544,4.2122,-0.0001,0.0000,0.0229,0.0122,0.4831,2.1063,0.0193,0.0288,0.0167,0.0200,0.0374,0.0236,0.0326,0.0303,0.0189,-0.0018,1.0000,-0.0029,-0.0125,0.0251,0.0814,0.0000,1.0000,0.0036,-0.0067,-0.0093,0.0000,-0.0000,1.0000,0.0828,6037.4633,61.9888,1336.4705,0.5029,0.1859,29.0166,0.5278,0.7973,0.0031,-0.0245
10.0767,STABLE,STABLE,-0.0009,0.0000,0.0150,0.0155,0.5328,0.4585,0.0109,0.0029,0.0201,0.1243,229.0000,0.0040,88.9770,37.7877,0.0109,0.1659,0.0961,0.1223,0.0917,0.1834,0.1048,0.1485,0.0873,157.1575,80.2649,0.0014,0.0523,0.0276,0.5893,-0.0000,0.0000,0.0070,0.0056,0.4942,0.2542,0.0126,0.0093,0.0049,0.0087,0.0201,0.0067,0.0142,0.0119,0.0081,0.0001,1.0000,0.0023,0.0005,0.0114,0.0524,0.0000,0.9999,-0.0024,0.0094,0.0060,-0.0000,0.0000,1.0000,0.0831,6037.5423,61.9914,1336.2655,0.5028,0.1860,28.1913,0.5389,0.7726,0.0021,0.0401
10.1435,STABLE,STABLE,-0.0002,-0.0000,0.0172,0.0148,0.4760,0.5240,0.0102,0.0020,0.0231,0.1934,229.0000,0.0040,89.0508,37.7425,0.0102,0.1703,0.1004,0.1965,0.1048,0.1223,0.1223,0.0917,0.0917,157.0009,81.0118,0.0012,0.0598,0.0456,4.2125,0.0000,0.0000,0.0214,0.0063,0.5043,2.1064,0.0075,0.0124,0.0048,0.0136,0.0201,0.0203,0.0106,0.0072,0.0172,-0.0002,1.0000,0.0001,0.0009,0.0106,0.0426,0.0000,1.0000,0.0006,0.0021,-0.0029,0.0000,-0.0000,1.0000,0.0826,6037.0626,61.9866,1336.2195,0.5025,0.1866,28.8627,0.5222,0.7899,0.0084,0.0324
10.2102,STABLE,STABLE,0.0007,0.0000,0.0139,0.0150,0.5066,0.4803,0.0082,0.0018,0.0168,0.1077,229.0000,0.0040,89.2559,38.0642,0.0082,0.1092,0.1397,0.1310,0.1179,0.1310,0.1266,0.1310,0.1135,150.9205,83.4731,0.0008,0.0452,0.0365,4.2125,-0.0000,0.0000,0.0208,0.0057,0.5085,2.1064,0.0092,0.0081,0.0048,0.0084,0.0139,0.0088,0.0096,0.0095,0.0122,0.0007,1.0000,-0.0013,0.0006,0.0088,0.0450,0.0000,1.0000,-0.0004,-0.0013,0.0030,0.0000,-0.0000,1.0000,0.0832,6037.9975,62.0030,1336.0641,0.5030,0.1866,28.9358,0.5444,0.7656,0.0064,-0.0196
10.2769,STABLE,STABLE,0.0004,-0.0000,0.0132,0.0152,0.4629,0.5284,0.0072,0.0013,0.0149,0.0864,229.0000,0.0040,89.6530,38.0257,0.0072,0.1659,0.1441,0.1266,0.0917,0.1135,0.1572,0.1004,0.1004,150.0957,86.1673,0.0004,0.0333,0.0338,4.2125,-0.0001,0.0000,0.0205,0.0040,0.4876,2.1064,0.0061,0.0106,0.0060,0.0032,0.0054,0.0124,0.0085,0.0035,0.0078,-0.0010,1.0000,0.0009,-0.0037,0.0079,0.0357,-0.0000,1.0000,0.0007,-0.0016,-0.0004,0.0000,0.0000,1.0000,0.0830,6037.8105,62.0095,1336.2667,0.5030,0.1862,32.0447,0.4667,0.8419,0.0058,-0.0095
10.3437,STABLE,STABLE,-0.0017,0.0000,0.0222,0.0108,0.4978,0.4585,0.0091,0.0016,0.0345,0.4211,229.0000,0.0040,89.9754,38.1864,0.0091,0.1834,0.1528,0.1179,0.0961,0.0961,0.1266,0.1310,0.0961,148.1803,87.9008,0.0010,0.0503,0.0390,4.2125,-0.0000,0.0000,0.0213,0.0058,0.5095,2.1064,0.0145,0.0112,0.0097,0.0099,0.0111,0.0121,0.0136,0.0027,0.0100,-0.0007,1.0000,0.0053,-0.0016,0.0107,0.0306,0.0000,0.9999,-0.0011,0.0040,0.0022,-0.0000,0.0000,1.0000,0.0830,6037.3494,62.0202,1335.7806,0.5024,0.1870,28.8627,0.5222,0.7899,0.0051,-0.0098
10.4104,STABLE,STABLE,0.0008,0.0000,0.0137,0.0063,0.4978,0.4498,0.0053,0.0008,0.0191,0.2204,229.0000,0.0040,89.7085,38.7877,0.0053,0.2052,0.0699,0.1135,0.1004,0.0699,0.1834,0.1397,0.1179,144.7791,85.4603,0.0001,0.0311,0.0503,4.2125,0.0000,0.0000,0.0220,0.0033,0.5006,2.1064,0.0086,0.0069,0.0042,0.0059,0.0232,0.0097,0.0106,0.0019,0.0066,0.0009,1.0000,-0.0006,0.0011,0.0064,0.0175,0.0000,1.0000,-0.0001,-0.0001,0.0013,0.0000,-0.0000,1.0000,0.0831,6036.9912,62.0341,1335.9302,0.5026,0.1868,31.7294,0.4611,0.8390,0.0045,-0.0377
10.4771,STABLE,STABLE,0.0022,-0.0000,0.0252,0.0151,0.4803,0.5066,0.0107,0.0016,0.0358,0.4044,229.0000,0.0040,89.7266,38.2454,0.0107,0.1790,0.1354,0.1179,0.1266,0.1048,0.1004,0.1397,0.0961,148.1820,86.3907,0.0007,0.0503,0.0709,4.2124,0.0000,-0.0000,0.0234,0.0060,0.4757,2.1064,0.0044,0.0109,0.0113,0.0070,0.0383,0.0239,0.0138,0.0084,0.0090,0.0006,1.0000,-0.0009,0.0000,0.0118,0.0400,0.0000,1.0000,-0.0006,0.0001,-0.0001,0.0000,-0.0000,1.0000,0.0828,6037.0012,62.0244,1336.3505,0.5031,0.1872,29.1761,0.5389,0.7487,0.0001,0.0344
10.5439,STABLE,STABLE,0.0001,0.0000,0.0044,0.0037,0.4105,0.3581,0.0021,0.0003,0.0056,0.0485,229.0000,0.0040,91.5720,37.5678,0.0021,0.3188,0.0873,0.1135,0.0480,0.1048,0.1092,0.1397,0.0786,151.2970,95.6246,0.0000,0.0171,0.0329,4.2125,-0.0000,0.0000,0.0208,0.0017,0.4980,2.1064,0.0060,0.0030,0.0021,0.0034,0.0034,0.0035,0.0051,0.0047,0.0051,0.0003,1.0000,0.0001,0.0005,0.0024,0.0102,0.0000,1.0000,-0.0002,-0.0010,0.0001,0.0000,0.0000,1.0000,0.0827,6036.6460,62.0289,1335.8917,0.5034,0.1868,28.2075,0.4611,0.6800,0.0091,0.0781
10.6106,STABLE,STABLE,-0.0001,0.0000,0.0117,0.0096,0.4847,0.4716,0.0067,0.0010,0.0223,0.2175,229.0000,0.0040,91.2277,37.3211,0.0067,0.1397,0.1048,0.1004,0.0786,0.1616,0.1441,0.1703,0.1004,154.1752,94.0789,0.0001,0.0417,0.0367,4.2114,-0.0000,0.0000,0.0208,0.0044,0.5001,2.1059,0.0076,0.0054,0.0051,0.0067,0.0101,0.0102,0.0051,0.0083,0.0131,0.0002,1.0000,-0.0005,0.0002,0.0069,0.0206,-0.0000,1.0001,0.0005,-0.0079,-0.0014,0.0000,0.0000,1.0000,0.0827,6037.3686,62.0156,1335.7926,0.5024,0.1875,28.8627,0.5222,0.7899,0.0105,0.0137
10.6773,STABLE,STABLE,0.0006,0.0000,0.0159,0.0093,0.5153,0.4716,0.0076,0.0013,0.0256,0.2656,229.0000,0.0040,90.7982,37.2987,0.0076,0.1528,0.1397,0.1004,0.1048,0.1441,0.1048,0.1790,0.0742,155.2297,92.0598,0.0006,0.0326,0.0441,4.2125,-0.0001,-0.0000,0.0214,0.0041,0.4697,2.1064,0.0098,0.0101,0.0042,0.0042,0.0170,0.0138,0.0069,0.0051,0.0120,0.0006,1.0000,-0.0004,0.0004,0.0082,0.0266,0.0000,1.0000,-0.0008,0.0023,-0.0003,0.0000,-0.0000,1.0000,0.0830,6036.8521,62.0495,1335.6664,0.5028,0.1872,32.0447,0.4667,0.8419,0.0109,0.0175
10.7441,STABLE,STABLE,0.0008,0.0000,0.0201,0.0139,0.4323,0.4891,0.0088,0.0012,0.0254,0.2635,229.0000,0.0040,90.7407,37.3303,0.0088,0.2314,0.1004,0.1092,0.0917,0.1266,0.1004,0.1397,0.1004,154.8789,91.8295,0.0002,0.0385,0.0569,4.2125,-0.0000,-0.0000,0.0219,0.0042,0.4572,2.1064,0.0082,0.0076,0.0037,0.0044,0.0313,0.0198,0.0084,0.0082,0.0064,0.0004,1.0000,0.0019,-0.0006,0.0102,0.0390,0.0001,1.0000,-0.0003,-0.0006,0.0009,0.0000,0.0000,1.0000,0.0833,6036.4177,62.0534,1336.4631,0.5022,0.1872,32.0447,0.4667,0.8419,0.0129,0.0299
10.8108,STABLE,STABLE,0.0017,0.0000,0.0248,0.0044,0.4541,0.4323,0.0042,0.0005,0.0266,0.3968,229.0000,0.0040,90.5759,37.6138,0.0042,0.2009,0.1223,0.1397,0.1048,0.1179,0.0786,0.1703,0.0655,151.9680,91.2382,0.0000,0.0260,0.0629,4.2125,-0.0000,0.0000,0.0226,0.0025,0.4816,2.1064,0.0057,0.0126,0.0023,0.0023,0.0269,0.0100,0.0071,0.0042,0.0054,0.0006,1.0000,-0.0010,-0.0008,0.0055,0.0123,0.0000,1.0000,-0.0004,-0.0024,-0.0010,0.0000,0.0000,1.0000,0.0831,6036.6047,62.0629,1337.1891,0.5027,0.1875,29.1761,0.5389,0.7487,0.0149,0.0050
10.8775,STABLE,STABLE,0.0003,0.0000,0.0126,0.0015,0.2445,0.2882,0.0028,0.0000,0.0135,0.1750,229.0000,0.0040,93.2453,36.9268,0.0028,0.5633,0.0611,0.0961,0.0349,0.0655,0.0437,0.0917,0.0437,165.8360,99.2679,0.0000,0.0249,0.0419,4.2125,0.0000,0.0000,0.0209,0.0022,0.4949,2.1064,0.0026,0.0059,0.0026,0.0000,0.0140,0.0105,0.0056,0.0063,0.0088,0.0002,1.0000,0.0007,-0.0001,0.0034,0.0099,0.0000,1.0000,0.0001,-0.0029,-0.0008,0.0000,0.0000,1.0000,0.0830,6036.7412,62.0693,1337.0461,0.5031,0.1870,29.1761,0.5389,0.7487,0.0135,-0.0071
10.9443,STABLE,STABLE,0.0020,0.0000,0.0201,0.0064,0.3930,0.3624,0.0046,0.0004,0.0208,0.2637,229.0000,0.0040,93.4994,36.8813,0.0046,0.3537,0.1310,0.0873,0.0830,0.0961,0.0611,0.1266,0.0611,164.9276,100.4463,0.0000,0.0247,0.0532,4.2125,-0.0000,0.0000,0.0218,0.0022,0.5018,2.1064,0.0066,0.0116,0.0035,0.0028,0.0167,0.0106,0.0065,0.0021,0.0075,-0.0004,1.0000,-0.0026,-0.0031,0.0058,0.0229,0.0000,1.0000,0.0007,0.0029,-0.0024,0.0000,-0.0000,1.0000,0.0830,6037.0442,62.0485,1336.8153,0.5031,0.1874,32.0447,0.4667,0.8419,0.0140,0.0036
11.0110,STABLE,STABLE,0.0004,0.0000,0.0210,0.0030,0.3624,0.3319,0.0051,0.0002,0.0231,0.2735,229.0000,0.0040,94.7592,37.1490,0.0051,0.3668,0.0611,0.0786,0.0655,0.1223,0.1135,0.1135,0.0786,171.0637,102.3262,0.0000,0.0346,0.0528,4.2125,0.0000,-0.0000,0.0216,0.0025,0.4486,2.1064,0.0056,0.0116,0.0033,0.0000,0.0174,0.0179,0.0054,0.0047,0.0066,0.0008,1.0000,0.0001,0.0015,0.0062,0.0247,0.0000,1.0000,-0.0006,-0.0011,0.0028,0.0000,-0.0000,1.0000,0.0829,6036.9017,62.0404,1337.4685,0.5026,0.1874,28.8627,0.5222,0.7899,0.0140,0.0077
11.0777,STABLE,STABLE,0.0004,0.0000,0.0146,0.0033,0.3450,0.4192,0.0040,0.0003,0.0182,0.2129,229.0000,0.0040,92.3022,36.9847,0.0040,0.3450,0.1179,0.1135,0.0699,0.0917,0.0742,0.1223,0.0655,165.1952,95.9578,0.0000,0.0208,0.0448,4.2127,-0.0000,-0.0000,0.0210,0.0020,0.4743,2.1065,0.0069,0.0131,0.0050,0.0017,0.0098,0.0082,0.0054,0.0005,0.0063,0.0005,1.0000,-0.0009,0.0011,0.0044,0.0138,0.0000,1.0000,-0.0004,-0.0021,0.0007,-0.0000,0.0000,1.0000,0.0830,6037.4397,62.0551,1337.6694,0.5026,0.1872,31.7294,0.4611,0.8390,0.0150,-0.0032
11.1445,STABLE,STABLE,0.0012,0.0000,0.0112,0.0088,0.5633,0.4017,0.0052,0.0009,0.0168,0.2004,229.0000,0.0040,90.7824,37.1756,0.0052,0.1703,0.0830,0.1135,0.0611,0.1397,0.1790,0.1528,0.1004,157.3905,91.6184,0.0002,0.0319,0.0394,4.2125,0.0000,0.0000,0.0212,0.0036,0.5131,2.1064,0.0040,0.0156,0.0063,0.0043,0.0080,0.0095,0.0052,0.0090,0.0069,0.0005,1.0000,-0.0011,-0.0012,0.0064,0.0196,0.0000,1.0000,-0.0011,0.0017,0.0004,-0.0000,-0.0000,1.0000,0.0828,6037.0224,62.0733,1337.6552,0.5025,0.1874,29.0166,0.5278,0.7973,0.0136,-0.0191
11.2112,STABLE,STABLE,0.0012,0.0000,0.0148,0.0018,0.2882,0.2009,0.0020,0.0000,0.0150,0.2199,229.0000,0.0040,94.6699,36.8459,0.0020,0.5633,0.0568,0.0611,0.0349,0.0480,0.0480,0.1266,0.0611,158.7462,105.4936,0.0000,0.0090,0.0412,4.2126,-0.0000,-0.0000,0.0208,0.0006,0.4423,2.1065,0.0024,0.0072,0.0033,0.0004,0.0101,0.0034,0.0042,0.0017,0.0053,0.0003,1.0000,-0.0005,-0.0004,0.0030,0.0049,0.0000,1.0000,-0.0002,0.0000,-0.0008,0.0000,-0.0000,1.0000,0.0828,6036.7365,62.0518,1336.9709,0.5024,0.1873,29.1761,0.5389,0.7487,0.0125,-0.3516
11.2779,STABLE,STABLE,0.0009,0.0000,0.0152,0.0027,0.4061,0.3755,0.0031,0.0003,0.0153,0.2048,229.0000,0.0040,93.2702,37.3939,0.0031,0.3188,0.0917,0.1572,0.0786,0.1004,0.0742,0.0873,0.0917,151.9816,101.7373,0.0000,0.0141,0.0483,4.2125,-0.0000,0.0000,0.0213,0.0014,0.4923,2.1064,0.0026,0.0104,0.0060,0.0035,0.0107,0.0085,0.0041,0.0016,0.0058,0.0005,1.0000,-0.0001,0.0006,0.0039,0.0110,0.0000,1.0000,-0.0001,-0.0023,-0.0007,0.0000,0.0000,1.0000,0.0825,6036.5209,62.0555,1337.4247,0.5026,0.1869,32.0447,0.4667,0.8419,-0.0334,-0.0802
11.3447,STABLE,STABLE,0.0001,0.0000,0.0020,0.0004,0.1266,0.1048,0.0004,0.0000,0.0021,0.0198,229.0000,0.0040,97.3523,37.0510,0.0004,0.8166,0.0131,0.0393,0.0044,0.0349,0.0262,0.0437,0.0218,154.7373,113.0807,0.0000,0.0045,0.0322,4.2125,0.0000,0.0000,0.0208,0.0002,0.4881,2.1064,0.0037,0.0013,0.0013,0.0003,0.0000,0.0000,0.0016,0.0034,0.0054,0.0000,1.0000,-0.0001,0.0001,0.0005,0.0012,0.0000,1.0000,0.0000,-0.0003,-0.0001,0.0000,0.0000,1.0000,0.0825,6036.6821,62.0547,1337.4246,0.5025,0.1870,32.0447,0.4667,0.8419,0.0018,0.8155
11.4114,STABLE,STABLE,-0.0000,0.0000,0.0021,0.0002,0.1179,0.1223,0.0005,0.0000,0.0022,0.0199,229.0000,0.0040,100.1394,36.9380,0.0005,0.7991,0.0175,0.0393,0.0131,0.0437,0.0393,0.0393,0.0087,156.0803,119.4532,0.0000,0.0030,0.0313,4.2126,0.0000,0.0000,0.0207,0.0001,0.4967,2.1065,0.0025,0.0013,0.0013,0.0004,0.0000,0.0000,0.0011,0.0001,0.0057,0.0000,1.0000,0.0001,0.0000,0.0005,0.0021,-0.0000,1.0000,-0.0000,0.0001,-0.0000,-0.0000,0.0000,1.0000,0.0825,6036.8741,62.0538,1337.4154,0.5014,0.1877,32.0447,0.4667,0.8419,0.0755,1.7321
11.4781,STABLE,STABLE,0.0024,0.0000,0.0232,0.0021,0.3013,0.1965,0.0033,0.0000,0.0239,0.2681,229.0000,0.0040,100.4272,37.2302,0.0033,0.5895,0.0393,0.0830,0.0480,0.0480,0.0349,0.1048,0.0524,174.7606,116.1591,0.0000,0.0114,0.0543,4.2126,0.0000,0.0000,0.0218,0.0008,0.4848,2.1065,0.0035,0.0110,0.0105,0.0000,0.0126,0.0123,0.0016,0.0009,0.0059,0.0004,1.0000,-0.0014,-0.0015,0.0052,0.0062,0.0000,1.0000,-0.0005,-0.0003,-0.0014,0.0000,-0.0000,1.0000,0.0827,6036.4182,62.0649,1337.1481,0.5023,0.1870,29.1761,0.5389,0.7487,0.2329,0.5829
11.5449,STABLE,STABLE,0.0002,0.0000,0.0029,0.0011,0.2620,0.2227,0.0009,0.0000,0.0037,0.0355,229.0000,0.0040,98.5128,36.6915,0.0009,0.6026,0.0611,0.0655,0.0393,0.0393,0.0655,0.0742,0.0524,166.2333,114.1636,0.0000,0.0081,0.0311,4.2126,-0.0000,0.0000,0.0203,0.0007,0.5062,2.1065,0.0019,0.0026,0.0020,0.0006,0.0015,0.0005,0.0033,0.0032,0.0055,0.0000,1.0000,0.0001,-0.0001,0.0012,0.0031,0.0000,1.0000,0.0001,-0.0005,-0.0004,0.0000,0.0000,1.0000,0.0828,6036.7979,62.0697,1337.3530,0.5023,0.1870,29.1761,0.5389,0.7487,0.1533,-1.1136
11.6116,STABLE,STABLE,0.0008,0.0000,0.0100,0.0009,0.1659,0.1659,0.0018,0.0000,0.0113,0.1075,229.0000,0.0040,97.8602,36.7989,0.0018,0.7074,0.0393,0.0349,0.0480,0.0480,0.0262,0.0568,0.0393,158.1905,114.0035,0.0000,0.0096,0.0378,4.2125,0.0000,0.0000,0.0211,0.0005,0.5010,2.1064,0.0037,0.0064,0.0052,0.0003,0.0070,0.0066,0.0015,0.0022,0.0044,0.0003,1.0000,-0.0005,-0.0004,0.0027,0.0041,0.0000,1.0000,-0.0003,0.0003,0.0001,0.0000,-0.0000,1.0000,0.0827,6036.6794,62.0680,1336.2700,0.5020,0.1872,29.1761,0.5389,0.7487,0.0843,-2.0799
11.6783,STABLE,STABLE,0.0008,0.0000,0.0106,0.0003,0.1397,0.1572,0.0013,0.0000,0.0112,0.1476,229.0000,0.0040,92.7867,37.3952,0.0013,0.7380,0.0524,0.0437,0.0262,0.0218,0.0131,0.0611,0.0437,171.3355,95.1086,0.0000,0.0048,0.0326,4.2125,-0.0000,-0.0000,0.0204,0.0001,0.4613,2.1065,0.0017,0.0043,0.0049,0.0001,0.0025,0.0019,0.0021,0.0001,0.0041,0.0000,1.0000,0.0000,-0.0007,0.0022,0.0017,0.0000,1.0000,0.0002,-0.0013,-0.0009,0.0000,0.0000,1.0000,0.0827,6036.6399,62.0672,1336.5427,0.5022,0.1872,29.1761,0.5389,0.7487,-0.1243,-2.1737
11.7451,STABLE,STABLE,0.0432,0.0000,0.2815,0.6795,0.3799,0.2707,0.1748,0.0005,0.4159,2.0028,229.0000,0.0040,89.8838,37.7442,0.1748,0.4192,0.0568,0.1354,0.1659,0.0961,0.0218,0.0480,0.0568,151.4031,87.3157,0.0000,1.2148,0.3677,4.2125,-0.0000,0.0000,0.0449,0.0259,0.4897,2.1064,0.2383,0.1875,0.0028,0.0347,0.6357,0.0153,0.0077,0.0531,0.0041,0.0169,1.0002,-0.1848,0.0943,0.2637,1.1965,0.0062,0.9966,-0.0961,0.0674,0.3501,-0.0000,0.0000,1.0000,0.0823,6030.6856,61.5681,1239.0391,0.5042,0.1869,28.8481,0.5500,0.7339,-0.2058,-4.0857
11.8118,STABLE,STABLE,0.0036,0.0000,0.4916,0.5119,0.3644,0.3467,0.2296,0.0007,0.6567,5.1797,227.0000,0.0039,89.2381,40.2643,0.2296,0.3556,0.0489,0.0889,0.1467,0.1511,0.0533,0.0578,0.0978,140.3236,78.1444,0.0000,1.5754,0.5417,4.2296,0.0003,0.0000,0.0663,0.0454,0.5308,2.1065,0.4683,0.3524,0.0032,0.0313,0.7096,0.0186,0.0085,0.0458,0.0041,0.0144,1.0004,-0.2226,0.0364,0.3266,1.4907,-0.0039,0.9968,-0.0944,-0.0846,0.2902,-0.0000,0.0000,0.9956,0.0822,6024.4824,61.1384,1197.3232,0.5054,0.1870,-45.0000,0.4944,0.6856,-0.6696,-5.4651
11.8785,STABLE,STABLE,-0.0379,0.0000,0.2083,0.0014,0.2203,0.3700,0.0772,0.0003,0.2545,1.8764,227.0000,0.0039,89.6207,42.7006,0.0772,0.4758,0.0529,0.0793,0.1322,0.1189,0.0220,0.0617,0.0573,132.3117,71.6943,0.0000,0.3628,0.2012,4.2125,0.0001,0.0000,0.0313,0.0134,0.5077,2.1064,0.1486,0.1517,0.0015,0.0009,0.1902,0.0088,0.0008,0.0001,0.0041,0.0121,0.9999,-0.0302,0.0797,0.1145,0.5088,-0.0035,0.9991,-0.0365,0.0189,0.1588,-0.0000,0.0000,1.0000,0.0821,6018.0572,61.0541,1162.4684,0.5057,0.1864,31.0271,0.4778,0.8455,-0.9352,23.3305
11.9453,STABLE,ASCEND,-0.1523,0.0000,0.9416,0.1214,0.2603,0.3699,0.2890,0.0004,1.1371,9.2960,228.0000,0.0040,91.7930,43.5177,0.2890,0.4384,0.0502,0.0913,0.1096,0.1416,0.0548,0.0548,0.0594,127.8806,72.1617,0.0000,2.0034,0.9860,9.5018,0.0002,0.0000,0.1196,0.0524,0.5172,2.1064,0.8057,0.6546,0.0022,0.0148,0.8134,0.0316,0.0077,0.0171,0.0041,-0.0009,1.0002,-0.0891,-0.0087,0.3281,1.2271,-0.0223,0.9973,-0.0909,-0.1015,0.2888,-0.0000,0.0000,0.9863,0.0822,6015.6964,60.4337,1147.2217,0.4853,0.1875,32.1612,0.4611,0.8494,2.4442,72.0296
12.0120,STABLE,ASCEND,-0.0584,-0.0254,0.6377,0.2814,0.4292,0.5708,0.3904,0.2199,1.0432,13.1963,222.0000,0.0039,92.8014,41.5403,0.3904,0.0613,0.0943,0.2406,0.2972,0.1368,0.0943,0.0472,0.0283,133.4866,66.5138,0.1492,2.4492,1.5621,14.1969,0.0012,-0.0000,0.1911,0.1295,0.4873,2.9594,1.6967,0.9689,0.1880,0.4128,0.8970,0.2149,0.1548,0.0921,0.1071,0.0485,1.0001,-0.2118,0.2136,0.3502,0.9524,-0.0038,0.9983,-0.0728,-0.1557,0.2983,-0.0000,0.0000,0.9906,0.0789,6015.2384,58.5396,1194.0941,0.5117,0.1903,31.9261,0.4611,0.8344,8.6783,-4.6297
12.0787,STABLE,ASCEND,-0.0995,0.0000,0.9290,0.0091,0.3333,0.4554,0.2654,0.0009,1.1754,10.1999,221.0000,0.0038,93.1475,43.1672,0.2654,0.3427,0.0798,0.0845,0.1174,0.0892,0.0986,0.1080,0.0798,127.7440,69.5457,0.0001,1.6291,1.1754,10.4517,0.0004,0.0000,0.1379,0.0574,0.5183,2.8956,1.1075,0.5038,0.0027,0.0926,0.8213,0.0196,0.0208,0.1160,0.0098,0.0005,1.0000,-0.0383,-0.0314,0.3036,1.2903,-0.0042,0.9980,-0.0437,0.0173,0.2008,-0.0000,-0.0000,0.9859,0.0787,6003.6058,58.5886,1165.6737,0.5137,0.1901,-45.0000,0.4944,0.6856,1.8263,-106.7050
12.1455,STABLE,ASCEND,-0.0235,0.0000,0.4239,0.0429,0.2603,0.3333,0.1358,0.0003,0.4748,5.4150,222.0000,0.0039,93.6085,45.7279,0.1358,0.4658,0.0457,0.0868,0.0822,0.1370,0.0457,0.0913,0.0457,119.7924,73.9908,0.0000,0.8192,0.3881,5.7910,0.0005,0.0000,0.0562,0.0308,0.5146,2.8956,0.4625,0.0634,0.0016,0.0226,0.3132,0.0000,0.0335,0.0814,0.0053,0.0053,1.0000,-0.0706,0.0087,0.1801,0.8011,-0.0032,0.9998,-0.0166,-0.1880,0.0270,-0.0000,0.0000,0.9954,0.0781,6002.6934,58.5780,1139.3679,0.5134,0.1892,-45.0000,0.5111,0.6625,-5.5632,-120.2673
12.2122,STABLE,ASCEND,-0.1244,0.0000,0.9824,0.3739,0.3492,0.3598,0.5579,0.0008,1.6692,11.2466,206.0000,0.0036,96.9819,48.0068,0.5579,0.3651,0.0635,0.1111,0.1217,0.1058,0.0529,0.0899,0.0899,116.8905,76.6839,0.0001,3.7519,1.4691,21.1540,0.0015,0.0000,0.2674,0.1819,0.5203,5.8886,1.5301,0.2638,0.0028,0.1710,1.5537,0.0214,1.1194,0.2593,0.0054,0.0048,1.0002,-0.0825,0.0072,0.5832,3.6783,-0.0256,0.9942,-0.1068,0.0163,0.3823,-0.0000,0.0000,0.9735,0.0749,5878.3107,56.6213,1061.0143,0.5067,0.1887,29.0546,0.5778,0.6730,-14.2254,-134.7482
12.2789,STABLE,ASCEND,0.1750,-0.0001,3.3625,0.7610,0.4850,0.5090,1.4430,0.1942,4.4388,39.0362,194.0000,0.0034,93.1724,44.3833,1.4430,0.0838,0.0958,0.1437,0.1796,0.1796,0.0719,0.1796,0.0659,130.5085,73.1511,0.1064,7.9957,2.7637,40.9692,0.0041,-0.0000,0.4212,0.3266,0.4872,16.2395,3.9937,0.3929,0.1451,0.9943,3.1036,0.0711,1.2990,0.4073,0.0241,0.0341,1.0004,-0.1909,0.0756,1.4440,7.9262,-0.0008,1.0007,-0.0693,-0.4356,0.1739,-0.0000,0.0000,0.8922,0.0756,5786.2092,53.5903,885.7761,0.5168,0.2016,-45.0000,0.5111,0.6625,-23.5476,-70.8349
12.3457,DESCEND,ASCEND,0.1896,-0.0621,1.6120,4.0109,0.3580,0.6420,1.1554,0.4898,1.9348,9.1589,201.0000,0.0035,90.1792,40.4918,1.1554,0.0227,0.0455,0.1534,0.2557,0.1932,0.2159,0.0625,0.0511,141.8251,67.7869,0.3260,5.5904,1.6995,9.1846,0.0045,0.0000,0.1713,0.1782,0.5108,2.1108,2.1631,0.6395,0.3536,0.8435,2.7872,0.2525,0.3254,0.2059,0.2756,0.1110,0.9990,-0.2368,0.4356,1.0800,6.7539,0.0114,1.0111,0.0928,-2.2795,-0.3502,0.0000,0.0000,0.9261,0.0755,5754.1781,53.8180,820.3583,0.5174,0.1968,29.2192,0.5444,0.7365,-23.6795,-83.7567
12.4124,DESCEND,ASCEND,-3.0638,-1.7864,7.2763,6.7376,0.2500,0.7500,9.1302,9.7448,7.2431,30.3371,137.0000,0.0024,76.6452,33.2871,9.1302,0.2031,0.1094,0.1562,0.1250,0.1094,0.1719,0.0781,0.0469,156.8828,70.9637,2.4142,13.7537,4.9604,23.8580,-0.0143,0.0000,0.6359,0.6303,0.5094,11.7164,6.0301,9.2667,4.4794,9.6744,5.1002,1.9764,3.1794,0.4021,0.8961,0.2523,0.8810,26.9367,10.0427,9.2556,24.3890,0.2150,0.9538,1.4785,15.3334,5.3276,0.0004,-0.0007,0.6094,0.0659,5999.0444,48.9767,707.6271,0.5401,0.1927,30.1203,0.4889,0.8250,-34.7264,-132.3574
12.4791,DESCEND,ASCEND,-8.3007,-2.3863,12.0173,0.9065,0.2308,0.7692,12.4113,12.6597,12.7609,40.5331,123.0000,0.0021,81.8914,30.9481,12.4113,0.2308,0.1538,0.0256,0.0513,0.1282,0.1538,0.1282,0.1282,167.4191,79.7768,1.5729,11.3402,3.5918,27.2811,-0.0047,-0.0000,0.6161,0.7766,0.4877,8.7038,3.4111,6.5949,3.7000,2.0611,5.0267,2.0675,1.9438,0.1819,1.7179,0.0123,1.0014,-0.2198,-0.3933,12.5313,36.6684,-0.2360,0.4204,-14.0628,78.7803,37.1243,-0.0010,-0.0014,0.5128,0.0589,6404.0665,47.4521,627.6636,0.4769,0.2888,-90.0000,0.4944,0.4848,-41.3448,-81.2505
12.5459,DESCEND,ASCEND,-2.4451,-0.0890,7.4617,0.3691,0.2941,0.7059,3.1103,0.4855,7.7036,31.3420,95.0000,0.0016,91.6210,47.9206,3.1103,0.1765,0.1765,0.2353,0.0588,0.0000,0.0000,0.1765,0.1765,160.5714,93.8129,2.0399,9.7628,3.5318,37.6660,-0.0016,0.0000,0.6136,0.7957,0.4983,11.9985,3.1519,6.3045,3.2097,4.1618,3.4509,3.1044,2.8168,0.3297,2.5404,0.0924,0.9993,0.1051,0.4003,3.0949,16.9242,-0.1166,1.0067,0.0696,-0.2736,-0.0895,0.0000,-0.0000,0.8824,0.0520,5785.8845,39.7639,526.8598,0.3260,0.4008,-90.0000,0.4944,0.4848,-45.5706,-43.8711
12.6126,DESCEND,ASCEND,-2.5056,-0.1612,8.1163,0.7448,0.3043,0.6957,3.5927,0.5859,10.5648,52.0571,65.0000,0.0011,88.7787,46.8558,3.5927,0.0435,0.0870,0.3043,0.1304,0.0000,0.0000,0.2174,0.2174,159.3439,102.5867,0.7944,9.8355,3.5388,44.2689,0.0026,0.0000,0.5907,0.6725,0.5022,22.3781,1.2375,8.0642,3.5005,3.0130,1.1988,0.8531,1.4692,0.8664,0.5592,-0.0681,0.9999,0.2341,-0.0727,3.5700,8.6937,-0.1325,0.9978,0.0361,0.0527,0.0302,-0.0000,0.0000,0.8696,0.0461,5290.2462,37.6229,470.2004,0.2974,0.4466,-90.0000,0.4944,0.4848,-47.2001,17.2940
12.6793,DESCEND,ASCEND,-1.6084,-0.0236,3.7958,0.5535,0.3438,0.6562,4.2287,0.2433,6.5469,18.8467,94.0000,0.0016,84.2852,37.0884,4.2287,0.2188,0.2188,0.2188,0.0938,0.0312,0.0000,0.1250,0.0938,178.5532,94.1044,0.5140,14.9554,5.2632,35.8817,-0.0038,0.0000,0.7274,0.7962,0.5107,14.6929,1.2567,10.9258,6.2937,5.9761,3.1826,0.8707,3.0255,0.2723,0.7941,-0.0014,0.9996,0.1564,0.0929,4.2040,16.9066,-0.0387,0.9977,-0.0021,0.2600,0.3801,0.0000,-0.0000,0.7188,0.0458,5258.4987,37.2120,485.2618,0.2781,0.4709,-90.0000,0.4944,0.4848,-43.2624,53.1069
12.7461,DESCEND,ASCEND,-0.1382,-0.0409,0.5213,0.4162,0.4091,0.5909,0.4690,0.2232,0.5010,1.7502,68.0000,0.0012,80.0786,38.5793,0.4690,0.2273,0.0000,0.2273,0.0909,0.1364,0.0455,0.1818,0.0909,184.3525,102.5099,0.7782,9.9156,3.4586,28.5553,0.0075,0.0000,0.5414,0.6965,0.5187,9.6417,3.0192,5.1425,5.3330,2.9358,1.6999,2.3824,1.3145,0.1238,0.4567,-0.0090,0.9979,0.3845,0.2760,0.4858,1.3829,0.0000,1.0027,0.1911,0.0789,0.0125,0.0000,-0.0000,1.0000,0.0347,5527.3801,33.2257,348.2979,0.2427,0.5073,-90.0000,0.4944,0.4848,-40.1121,86.5933
12.8128,DESCEND,ASCEND,-6.6637,-0.3042,11.3717,0.0103,0.1379,0.8621,7.4352,0.3751,11.8135,35.5396,95.0000,0.0016,83.4198,40.5393,7.4352,0.3103,0.0345,0.1724,0.0000,0.1034,0.2069,0.1379,0.0345,178.3549,105.8161,0.7235,13.3400,4.8252,30.8563,-0.0023,-0.0000,0.5541,0.7148,0.4944,7.5190,5.2675,5.9862,3.1280,3.2993,2.5947,2.6815,0.6389,0.2809,1.4739,0.0247,0.9979,0.3536,0.1655,7.4422,31.7558,-0.1629,1.0069,0.2373,-0.3929,0.0577,0.0000,0.0000,0.6897,0.0367,5750.6739,33.4092,318.1343,0.2329,0.4943,-90.0000,0.4944,0.4848,-31.7051,156.0190
12.8795,DESCEND,ASCEND,0.3567,-0.0502,2.2249,5.2098,0.4194,0.5806,1.3098,0.2122,2.5184,10.7266,62.0000,0.0011,86.2825,44.6077,1.3098,0.1613,0.1290,0.0645,0.1290,0.1935,0.0645,0.1613,0.0968,168.4931,108.4972,0.4746,6.1444,2.3119,20.4731,0.0005,0.0000,0.3977,0.5251,0.5008,5.2072,0.4614,2.6664,1.4892,0.8579,2.4925,2.7548,0.6741,0.3677,1.9786,-0.0130,0.9996,0.1432,-0.0031,1.3165,7.1392,0.0127,0.9899,-0.0490,0.3477,0.4429,-0.0000,-0.0000,0.9032,0.0384,6203.8820,34.8375,393.4646,0.2213,0.4534,-90.0000,0.5278,0.4521,-19.2888,151.1844
12.9463,DESCEND,ASCEND,-0.6115,-0.0613,2.0984,0.3921,0.4167,0.5833,1.2888,0.1936,2.4561,10.4858,69.0000,0.0012,82.0929,44.0324,1.2888,0.1389,0.0833,0.0556,0.1944,0.1944,0.1667,0.0833,0.0833,160.9820,109.0630,0.2399,4.4139,1.5744,11.6665,-0.0000,0.0000,0.2882,0.3248,0.5288,4.9050,0.6757,0.4175,0.6573,0.6422,2.0833,1.6686,0.6564,0.0926,1.5571,-0.0029,0.9987,0.1734,0.1001,1.2914,6.1987,-0.0249,1.0060,0.0404,-0.1353,0.0657,0.0000,0.0000,0.8889,0.0342,6289.9432,33.3733,323.5038,0.2163,0.4320,-90.0000,0.4944,0.4848,-11.5270,54.3547
13.0130,DESCEND,ASCEND,-0.2287,0.0549,2.8631,3.1979,0.5517,0.4483,2.0099,0.6083,2.8003,12.0842,68.0000,0.0012,91.2436,46.1705,2.0099,0.1034,0.0000,0.2414,0.1034,0.0690,0.1379,0.2069,0.1379,164.7710,120.1059,0.3870,6.7410,2.2119,14.0598,-0.0000,0.0000,0.3575,0.4029,0.5065,5.5318,0.7297,1.7534,0.8915,1.1058,3.5873,1.5387,0.5632,0.5268,1.8155,-0.0675,0.9995,0.0874,-0.1020,2.0336,7.0029,-0.0126,1.0560,0.3296,-1.3640,-1.3746,0.0002,0.0002,0.7931,0.0334,6492.5973,32.9036,300.9471,0.2243,0.5187,-90.0000,0.4944,0.4848,-12.0342,42.7489
13.0797,DESCEND,ASCEND,0.1771,0.0365,2.2660,2.8816,0.6471,0.3529,1.0829,0.3634,2.2142,10.4118,139.0000,0.0024,87.0784,44.3434,1.0829,0.1471,0.0588,0.2059,0.0588,0.0882,0.1471,0.2353,0.0588,164.1069,120.2853,0.3554,5.0504,1.7994,12.6394,-0.0001,0.0000,0.3078,0.3882,0.5037,4.7028,0.5102,1.7530,1.0384,1.2437,2.3500,1.0187,0.4047,0.2999,1.7883,-0.0059,1.0012,-0.2224,-0.1225,1.1042,5.3189,0.0099,1.0014,-0.0894,-0.0848,-0.3293,-0.0000,0.0000,0.9412,0.0335,6472.4329,32.8127,284.9993,0.2288,0.5196,-90.0000,0.4944,0.4848,-5.8214,53.3098
13.1465,STABLE,ASCEND,-1.6810,-0.0291,3.6980,0.7842,0.3333,0.6667,3.3057,0.2807,5.3234,22.2538,114.0000,0.0020,88.8096,37.7324,3.3057,0.2593,0.1852,0.0988,0.0864,0.1111,0.0741,0.0741,0.1111,163.2662,115.9619,0.2936,7.7393,2.6442,14.4035,-0.0028,-0.0000,0.3206,0.4276,0.4974,3.4997,1.5129,5.8597,0.9726,1.8846,1.9203,0.9737,0.2188,0.1778,0.5114,-0.0313,1.0000,0.0683,-0.0531,3.2971,14.4437,-0.0377,0.9967,0.1482,0.1152,-0.2433,-0.0000,-0.0000,0.7531,0.0350,6531.2212,34.4063,360.7553,0.2290,0.5049,-90.0000,0.4944,0.4848,-4.9192,29.4587
13.2132,STABLE,ASCEND,0.6205,0.2037,1.6625,3.3583,0.6984,0.3016,2.0657,0.4471,5.0038,27.0391,117.0000,0.0020,87.5095,42.2711,2.0657,0.0476,0.0794,0.0794,0.2222,0.2698,0.0476,0.1270,0.1270,163.1229,117.1667,0.4424,5.8890,2.2773,18.0026,0.0040,-0.0000,0.3550,0.4269,0.4921,5.5052,0.7466,3.9006,1.6119,2.5515,1.2855,1.4382,0.2322,0.3205,0.5037,-0.0348,1.0016,-0.3827,-0.3444,2.0426,9.9520,0.0157,0.9952,-0.0109,-0.5358,-0.3082,-0.0000,-0.0000,0.9365,0.0363,6483.0377,35.8367,400.1636,0.2278,0.5098,-90.0000,0.4944,0.4848,-1.8897,66.7599
13.2799,STABLE,ASCEND,0.0135,-0.0013,2.8293,3.2009,0.4598,0.5402,3.3996,0.1956,5.4556,18.3853,129.0000,0.0022,90.1117,37.5050,3.3996,0.2299,0.1494,0.1379,0.0920,0.1149,0.0575,0.0460,0.1724,168.5692,114.2718,0.3471,7.8167,3.0870,18.3572,-0.0083,-0.0000,0.3413,0.3593,0.4992,5.7799,0.8074,5.4754,0.9712,1.7125,1.8055,3.0549,0.3764,0.1835,0.8769,-0.0189,0.9999,0.1235,-0.0134,3.3895,16.0315,0.0003,1.0013,0.1296,0.0664,-0.1202,0.0000,-0.0000,0.7471,0.0370,6466.6823,35.8438,419.3372,0.2492,0.5002,-90.0000,0.4944,0.4848,3.9911,-8.9106
13.3467,STABLE,ASCEND,-0.2478,0.0011,4.4368,3.9470,0.5410,0.4590,3.2854,0.2972,8.6937,55.7901,107.0000,0.0019,86.0250,40.1102,3.2854,0.2295,0.0984,0.1311,0.0492,0.1311,0.1148,0.0820,0.1639,170.5367,108.9583,0.4178,5.1459,1.9914,16.5487,0.0009,0.0000,0.3235,0.3980,0.5031,5.0229,1.1349,2.6174,1.9811,0.6890,1.9070,1.3301,0.5379,0.2430,0.8637,-0.0102,1.0008,-0.0911,-0.1099,3.2940,13.8331,-0.0124,1.0015,0.1663,-0.0493,0.0517,0.0000,-0.0000,0.8361,0.0401,6366.2851,34.8672,345.8924,0.2257,0.5073,-90.0000,0.4944,0.4848,-3.0790,-44.9185
13.4134,DESCEND,ASCEND,1.0901,0.0040,5.4772,9.4391,0.5000,0.5000,4.1902,1.2441,5.8147,28.6890,118.0000,0.0020,87.8363,42.7080,4.1902,0.0962,0.1538,0.0962,0.1538,0.1731,0.0962,0.1731,0.0577,173.0898,108.3736,0.4910,7.8834,2.5452,16.1426,-0.0032,-0.0000,0.3402,0.4010,0.4928,5.7201,0.7399,2.0241,1.6909,2.6862,4.5353,1.1400,0.5792,0.6892,0.6524,0.1527,0.9997,-0.1833,0.5713,4.2028,15.2874,0.0406,1.0015,-0.4509,-0.3122,0.5398,-0.0000,0.0001,0.7115,0.0488,6305.7500,40.0392,425.4245,0.2351,0.5110,-90.0000,0.4944,0.4848,-2.0041,2.0718
13.4801,DESCEND,ASCEND,-0.4200,-0.0176,3.6938,5.7329,0.4143,0.5857,4.3767,0.8857,5.1465,16.2364,108.0000,0.0019,86.8772,39.5689,4.3767,0.2429,0.1286,0.0714,0.0429,0.0857,0.1143,0.1286,0.1857,178.4724,104.3288,0.3917,8.7486,2.7778,13.2033,-0.0068,-0.0000,0.3232,0.4685,0.4757,3.9644,0.7524,5.4135,2.2990,1.6671,3.9137,1.1839,0.3987,0.1326,0.8400,-0.0219,1.0010,-0.0041,-0.2995,4.3726,13.1963,-0.0252,1.0080,-0.0066,-0.4401,-0.9064,0.0000,0.0000,0.6286,0.0498,6218.9559,40.5232,434.8721,0.2258,0.5033,29.9457,0.6278,0.5784,-2.8024,10.8455
13.5469,STABLE,ASCEND,-1.8401,0.0077,6.2512,1.9647,0.5172,0.4828,3.4187,0.3595,8.0454,40.4581,112.0000,0.0019,86.4903,42.5667,3.4187,0.2069,0.1897,0.1724,0.1379,0.1552,0.0517,0.0172,0.0690,179.8563,103.8148,0.4597,4.9618,1.8569,13.7073,0.0009,0.0000,0.3114,0.4038,0.5075,5.9326,0.4092,1.4945,2.0171,1.3056,2.9150,1.6104,0.7943,0.2323,1.0620,0.0449,1.0005,-0.1804,0.2139,3.4294,17.2057,-0.0607,0.9986,-0.2103,-0.0100,0.7506,0.0000,-0.0000,0.8448,0.0461,6199.5076,37.5363,377.3280,0.2179,0.5193,-90.0000,0.4944,0.4848,-0.5565,25.8591
13.6136,DESCEND,ASCEND,0.6961,0.0381,3.0184,7.9222,0.5938,0.4062,2.3646,0.2856,3.3772,13.6604,119.0000,0.0021,89.1853,43.0348,2.3646,0.0938,0.1250,0.1719,0.0781,0.2344,0.1406,0.0781,0.0781,179.0900,103.7178,0.3410,5.9981,2.0714,11.1839,-0.0016,0.0000,0.2464,0.3474,0.5059,5.2126,0.3227,1.8424,2.1899,2.4886,2.8802,1.3209,0.6799,0.2012,0.7240,0.0749,1.0014,-0.3562,-0.0512,2.4302,9.0191,0.0189,1.0005,-0.0262,0.0416,-0.1974,-0.0000,0.0000,0.7969,0.0409,6157.0708,36.4873,352.9751,0.2222,0.5198,-90.0000,0.4944,0.4848,0.6489,-3.2951
13.6803,STABLE,ASCEND,0.0495,0.0510,3.7549,3.6066,0.5370,0.4630,3.2821,0.4342,5.8378,24.2785,88.0000,0.0015,87.4650,46.1396,3.2821,0.1481,0.1667,0.1111,0.2222,0.0370,0.0741,0.1481,0.0926,176.9404,107.5773,0.3861,5.8963,1.9950,13.2133,-0.0000,-0.0000,0.3017,0.4336,0.4938,2.5722,0.4995,1.1631,0.9536,2.5304,3.9380,1.5770,0.4409,0.1419,0.9086,-0.0015,0.9994,0.0476,0.2030,3.2897,20.4300,0.0100,0.9935,0.1212,0.3268,-0.1805,-0.0000,-0.0000,0.8148,0.0403,6129.7152,35.4399,349.7382,0.2443,0.5271,29.9457,0.6278,0.5784,-0.9963,0.8300
13.7471,ASCEND,ASCEND,-0.1296,0.0809,1.5570,1.2825,0.6739,0.3261,1.5488,0.2281,4.0260,21.0920,88.0000,0.0015,82.9460,47.9552,1.5488,0.0870,0.1304,0.1957,0.1739,0.0870,0.1087,0.0435,0.1739,178.2020,105.5246,0.3023,4.6157,1.6189,10.4860,-0.0008,0.0000,0.2718,0.3626,0.5121,3.1008,0.6923,1.5102,0.7119,1.2628,2.4108,1.4321,0.5024,0.1078,0.6484,-0.0690,1.0017,-0.2680,-0.4163,1.5907,8.3581,-0.0070,0.9964,-0.0287,0.1423,-0.1461,-0.0000,-0.0000,0.9130,0.0399,6136.6233,35.7771,373.8609,0.2207,0.5281,29.8865,0.6444,0.5466,0.7597,12.6298
13.8138,ASCEND,ASCEND,0.1871,-0.0108,2.5467,0.4823,0.4355,0.5645,2.2944,0.2314,4.2420,16.3937,83.0000,0.0014,82.3587,43.6026,2.2944,0.1129,0.0645,0.1290,0.0968,0.2097,0.0645,0.1129,0.2097,171.9900,102.3089,0.2435,6.2158,2.0477,11.2770,0.0020,0.0000,0.2578,0.3264,0.5089,3.2643,1.1679,3.3751,0.4346,0.4694,1.9930,1.3406,0.7884,0.0913,0.7938,0.0273,1.0005,-0.1466,0.0697,2.3194,12.4173,-0.0073,1.0064,0.0160,-0.1036,-0.1458,0.0000,0.0000,0.8065,0.0399,6114.2657,35.9968,381.7517,0.2211,0.5291,-90.0000,0.4944,0.4848,0.6893,7.6399
13.8805,ASCEND,ASCEND,0.2827,0.0521,1.6517,2.0608,0.6364,0.3636,1.5040,0.3428,3.3242,14.8224,85.0000,0.0015,80.9562,43.4380,1.5040,0.1455,0.0909,0.0545,0.1091,0.1273,0.1818,0.1818,0.1091,169.0521,107.3512,0.3265,6.2086,2.1917,13.4931,-0.0008,-0.0000,0.2826,0.3028,0.4990,3.9797,0.8242,3.5939,0.4574,1.1114,2.2341,0.9926,0.7536,0.1012,0.6916,0.0124,1.0006,-0.0907,-0.0676,1.4990,10.0299,-0.0008,1.0024,0.0025,-0.1738,-0.2383,0.0000,0.0000,0.8909,0.0378,6139.1950,35.0169,357.2291,0.2243,0.5289,-90.0000,0.4944,0.4848,1.7793,23.6454
13.9473,ASCEND,ASCEND,1.0311,0.0236,4.0894,8.7648,0.5273,0.4727,2.2378,0.2521,6.2121,31.2691,74.0000,0.0013,84.1239,44.0982,2.2378,0.1455,0.1636,0.1455,0.0364,0.0909,0.0909,0.1091,0.2182,171.4595,107.4926,0.3251,5.9306,2.0630,14.1582,-0.0009,0.0000,0.3261,0.3891,0.5010,4.2040,0.6497,3.5397,0.4447,1.6604,2.3559,0.5460,1.3464,0.1107,0.6485,-0.0257,0.9996,0.1463,0.0752,2.2463,14.2075,0.0194,1.0011,0.0461,0.0807,0.0866,0.0000,0.0000,0.9091,0.0381,6104.3003,35.6887,364.7011,0.2203,0.5333,-90.0000,0.4944,0.4848,3.8452,-6.0033
14.0140,ASCEND,ASCEND,-0.6414,0.0197,2.4307,0.4866,0.5192,0.4808,1.7019,0.2368,4.5707,21.0841,94.0000,0.0016,81.2341,46.3202,1.7019,0.0385,0.1538,0.0769,0.2115,0.1154,0.1346,0.1923,0.0769,170.4485,110.0758,0.3692,9.0770,3.2795,19.6569,-0.0020,0.0000,0.3405,0.4147,0.5097,3.9165,0.9817,6.2247,1.0633,1.3158,3.1483,0.6803,0.8929,0.1256,0.5920,0.0071,0.9994,-0.1017,0.0756,1.7160,15.8098,-0.0228,0.9939,-0.0646,0.1707,0.5420,-0.0000,-0.0000,0.9231,0.0364,6271.3941,34.8336,340.7559,0.2162,0.5321,-90.0000,0.4944,0.4848,0.9781,-16.2199
14.0807,STABLE,ASCEND,0.4058,-0.0072,1.7905,4.5997,0.4531,0.5469,1.7588,0.1784,3.8781,16.3684,85.0000,0.0015,85.1435,43.1637,1.7588,0.0625,0.0312,0.0625,0.1562,0.0625,0.1875,0.1406,0.2969,167.2628,110.6610,0.3390,6.1173,2.1342,18.0312,0.0006,-0.0000,0.2957,0.3751,0.4936,3.6479,2.3188,3.2845,0.6563,1.7347,1.8391,0.9981,0.3706,0.1188,0.2369,0.0137,0.9994,0.1089,0.0736,1.7555,12.4895,0.0116,1.0030,-0.0278,-0.2448,0.3300,0.0000,-0.0000,0.8750,0.0386,6380.3928,36.0517,371.5566,0.2200,0.5263,30.0184,0.6333,0.5662,1.6804,32.6935
14.1475,STABLE,ASCEND,0.0913,0.0357,1.6758,3.0302,0.5472,0.4528,0.9296,0.2376,1.6853,7.9398,90.0000,0.0016,82.8222,43.5036,0.9296,0.0943,0.0189,0.1132,0.1887,0.1887,0.1509,0.2264,0.0189,167.0453,116.3190,0.3555,4.3111,1.5579,10.1852,-0.0012,0.0000,0.2651,0.3429,0.5042,4.4275,1.4795,1.6281,1.0920,1.0155,2.7776,0.5210,0.6548,0.1307,0.2522,-0.0765,1.0006,-0.2018,-0.4110,0.9563,3.4510,0.0036,0.9913,-0.0035,-0.5251,0.0133,-0.0000,-0.0000,0.9623,0.0401,6500.3624,36.2716,367.2372,0.2388,0.5309,-90.0000,0.4944,0.4848,5.3416,-41.6218
14.2142,STABLE,ASCEND,-0.2907,-0.0042,1.5324,0.9552,0.4717,0.5283,0.7911,0.2704,1.4504,6.7891,94.0000,0.0016,85.3355,46.1394,0.7911,0.2830,0.0755,0.1698,0.0943,0.0377,0.2075,0.0943,0.0377,167.9159,116.2981,0.4194,6.0288,2.0288,11.9611,0.0046,0.0000,0.2917,0.4064,0.5125,2.9793,2.6181,2.2068,0.8811,1.8832,3.4628,0.8380,0.6047,0.1624,0.2406,-0.0176,0.9993,0.1058,0.0832,0.7968,5.0432,-0.0090,0.9970,0.0399,0.2677,0.1864,0.0000,-0.0000,0.9434,0.0390,6728.1355,36.7272,359.1326,0.2168,0.5234,30.3987,0.6778,0.4737,-3.8747,-20.1078
14.2809,STABLE,ASCEND,0.5267,0.0001,3.3827,3.7931,0.5000,0.5000,2.0652,0.2509,4.8881,26.0175,96.0000,0.0017,82.1200,42.2173,2.0652,0.0781,0.0469,0.0781,0.1875,0.2188,0.1562,0.1250,0.1094,167.4274,112.5114,0.4064,7.9120,2.4963,12.6969,0.0067,0.0000,0.2725,0.4122,0.5239,4.2466,4.3563,3.6562,0.7862,0.8315,3.1796,0.8106,0.4083,0.1499,0.3277,-0.0282,0.9992,0.1489,0.0231,2.0681,9.2553,0.0240,0.9919,0.0515,0.8511,-0.1812,-0.0000,-0.0000,0.8906,0.0396,6790.1327,37.5280,361.5841,0.2214,0.5250,-90.0000,0.4944,0.4848,2.6579,97.4372
14.3477,ASCEND,ASCEND,-0.6647,-0.0731,1.9487,0.6546,0.3750,0.6250,1.3411,0.2799,2.8629,16.5858,99.0000,0.0017,81.8852,44.7124,1.3411,0.1429,0.0000,0.0536,0.0893,0.2321,0.1250,0.2321,0.1250,169.5006,112.7986,0.4938,4.8954,1.7341,9.0969,0.0029,0.0000,0.2380,0.3636,0.5011,2.4260,1.9584,3.0919,1.0243,1.2920,2.4430,0.7639,0.5896,0.1715,0.4819,0.0628,0.9997,-0.1051,0.0929,1.3273,6.2703,-0.0293,1.0056,0.0151,0.2032,-0.0573,0.0000,0.0000,0.9107,0.0391,7028.8397,37.9742,384.7114,0.2187,0.5245,30.0942,0.6278,0.5541,9.1299,20.4169
14.4144,ASCEND,ASCEND,0.1118,0.0396,3.1771,5.2619,0.6429,0.3571,2.8096,0.3032,6.0977,27.1858,90.0000,0.0016,102.3106,40.3210,2.8096,0.1429,0.1190,0.1190,0.0952,0.1190,0.2381,0.0952,0.0714,170.1805,118.4023,0.8741,6.5386,2.2710,17.3253,-0.0028,-0.0000,0.3955,0.4746,0.4969,4.7965,0.6069,2.2744,1.0047,1.6320,4.4664,1.0212,0.9594,1.8886,1.5639,-0.0798,1.0013,-0.2621,-0.5150,2.8848,19.5440,0.0162,0.9900,0.0133,0.5578,0.3702,-0.0000,-0.0000,0.8571,0.0450,7249.0781,39.4851,408.0902,0.2290,0.5182,-90.0000,0.4944,0.4848,5.3828,6.1970
14.4811,DESCEND,ASCEND,3.0463,-0.0225,7.8287,22.5223,0.4667,0.5333,3.5375,0.4564,7.8034,24.1214,94.0000,0.0016,84.9362,34.4774,3.5375,0.1333,0.3333,0.0000,0.1333,0.0667,0.0667,0.2000,0.0667,172.0251,138.6671,3.0172,18.4564,6.1504,34.3471,-0.0050,-0.0000,0.6937,1.0084,0.4642,6.4687,3.2535,9.0800,5.1893,5.5377,12.5006,6.7149,1.1605,2.5238,1.6931,0.0115,0.9990,0.3566,0.3642,3.5453,23.3924,0.0707,1.0561,-0.2844,-4.0991,-7.0813,-0.0000,0.0002,0.8667,0.0353,6841.2261,27.9537,189.8443,0.2394,0.5416,-90.0000,0.4944,0.4848,9.9570,36.9357
14.5479,ASCEND,ASCEND,-0.9553,-0.0759,2.4132,0.1725,0.3000,0.7000,3.8243,0.1582,8.5186,39.2873,103.0000,0.0018,75.9181,32.8829,3.8243,0.1667,0.1000,0.0333,0.1667,0.1000,0.1333,0.1333,0.1667,170.0510,134.3610,1.0720,10.7894,3.6289,19.1123,-0.0010,-0.0000,0.3295,0.4402,0.4892,3.2782,2.4871,4.9832,2.3792,1.1774,8.0535,3.3530,0.2774,0.2666,0.9533,-0.0818,0.9999,0.3073,-0.3155,3.8163,19.4201,-0.0298,1.0139,0.3305,0.2834,-0.1878,0.0000,0.0001,0.8000,0.0309,6402.9303,27.7701,192.8758,0.2102,0.5477,-90.0000,0.4944,0.4848,10.3125,18.8278
14.6146,DESCEND,ASCEND,-1.9459,-0.0772,5.8468,6.8507,0.2885,0.7115,9.3242,5.7154,10.0606,31.0283,91.0000,0.0016,83.5830,30.8518,9.3242,0.0769,0.2308,0.1923,0.0962,0.0577,0.1154,0.1346,0.0962,176.1169,118.8802,0.9117,9.3333,3.0859,16.2719,0.0002,-0.0000,0.3526,0.4945,0.4909,4.0424,1.9144,4.5570,2.7214,0.9285,4.9532,2.5250,0.3119,1.5152,0.7089,0.0239,0.9963,0.6772,0.6483,9.2906,27.7150,-0.0146,0.9469,0.5495,8.4096,5.5762,0.0001,-0.0003,0.5192,0.0351,6495.5881,28.8484,216.4823,0.2149,0.5332,-90.0000,0.4944,0.4848,12.4699,36.0725
14.6813,DESCEND,ASCEND,7.6165,-0.0005,15.4530,38.0203,0.3810,0.6190,8.5488,0.9449,16.3132,50.4860,82.0000,0.0014,74.8024,25.7541,8.5488,0.0476,0.0000,0.0000,0.0476,0.0952,0.5238,0.2857,0.0000,184.2683,130.8830,2.0929,13.5704,4.4098,24.2327,0.0061,0.0000,0.5912,0.7889,0.5145,5.7085,4.8780,4.0572,3.4811,3.1260,7.2883,1.8852,6.3110,1.8343,1.0489,-0.1549,1.0060,-0.6701,-1.7848,8.4480,39.8387,0.1480,1.1375,0.3899,-18.2916,-16.5842,0.0000,0.0005,0.8095,0.0533,7384.6144,38.0264,453.5205,0.2754,0.5066,-90.0000,0.4944,0.4848,15.1270,-15.4821
14.7481,DESCEND,ASCEND,-1.3642,-0.0007,6.0801,1.9123,0.4500,0.5500,5.0261,1.0643,8.9230,31.9745,126.0000,0.0022,80.2360,41.3515,5.0261,0.0000,0.1500,0.2500,0.0000,0.1500,0.2500,0.1500,0.0500,192.4523,131.9070,2.4181,17.9553,5.8549,27.7175,-0.0051,0.0000,0.6969,0.6712,0.5214,8.5819,2.8731,10.4378,9.0615,4.2194,4.3625,5.1516,7.7003,0.5861,0.8857,0.0381,1.0024,-0.9119,-0.7101,5.1372,24.0682,-0.0232,0.9690,0.3814,2.8912,2.4310,0.0000,-0.0002,0.8000,0.0688,7166.1641,39.8320,374.4245,0.2638,0.5172,-90.0000,0.4944,0.4848,10.4035,-59.5475
14.8148,DESCEND,ASCEND,-3.0755,-0.0007,7.3285,1.8524,0.3793,0.6207,4.3502,0.9420,7.5121,29.2691,106.0000,0.0018,71.8437,39.8179,4.3502,0.2069,0.1034,0.2069,0.0000,0.1034,0.1379,0.1034,0.1379,188.3774,135.4194,2.0143,10.3618,3.7784,31.4161,-0.0020,0.0000,0.5978,0.6414,0.4977,11.3730,3.6348,5.3727,4.1439,7.3457,2.7892,2.5139,1.1914,0.5169,1.1080,0.0635,1.0015,-0.2073,0.1290,4.4393,20.6024,-0.0781,1.1204,-0.7987,-15.2942,-11.0077,-0.0001,0.0006,0.7241,0.0615,6960.5841,39.7956,358.9965,0.2551,0.5180,-45.0000,0.4833,0.6548,7.1794,-38.5766
14.8815,DESCEND,ASCEND,3.4604,-0.0862,11.4317,25.6888,0.4545,0.5455,7.8998,1.3153,12.2324,35.0783,80.0000,0.0014,72.0978,29.7119,7.8998,0.0909,0.1818,0.2727,0.1818,0.1818,0.0000,0.0000,0.0909,176.3784,132.2576,2.9029,10.1295,3.6389,21.8687,0.0168,0.0000,0.5044,0.6212,0.5108,6.6343,4.7026,6.9043,3.2414,5.3415,4.8291,3.0920,2.3968,0.6781,1.7143,-0.0177,0.9962,0.5958,1.0696,7.7324,33.3002,0.0435,0.8950,1.1945,8.8531,6.1002,0.0001,-0.0006,0.7273,0.0415,6879.2903,34.8468,301.0383,0.2690,0.5169,-90.0000,0.4944,0.4848,5.2548,-45.4310
14.9483,DESCEND,ASCEND,-0.2818,-0.2814,1.0191,1.0486,0.2222,0.7778,1.2266,0.6170,1.2827,4.0810,75.0000,0.0013,67.5666,28.1437,1.2266,0.1111,0.2222,0.2222,0.0000,0.0000,0.1111,0.2222,0.1111,173.7095,133.3100,2.0676,16.1990,5.2233,43.0859,-0.0122,0.0000,0.7803,0.7034,0.5044,21.8566,4.5345,5.2216,7.0672,8.4183,3.7714,3.3243,4.3551,0.5660,0.8192,-1.1312,0.9919,4.0211,-0.5784,1.5483,4.3429,0.0129,1.0879,0.2071,-15.6114,-0.3400,0.0001,0.0004,1.0000,0.0319,7033.9522,29.2635,232.9172,0.2516,0.5446,-90.0000,0.4944,0.4848,1.1159,5.3525
15.0150,DESCEND,ASCEND,0.3720,0.1357,1.5562,3.2787,0.7059,0.2941,1.5512,0.8753,1.5552,4.8472,95.0000,0.0016,77.2721,22.2255,1.5512,0.2353,0.0000,0.0588,0.2941,0.2353,0.1176,0.0000,0.0588,178.1755,136.0990,1.9656,9.5491,3.9859,154.8890,0.0048,0.0000,1.3612,0.6645,0.5102,68.8395,3.8595,5.2025,3.4856,2.8378,1.9890,3.7377,4.0969,0.4976,1.7145,0.1384,1.0098,-2.8647,-1.2674,1.6545,5.0883,-0.0089,0.9992,0.2959,-0.2684,1.4000,0.0000,-0.0000,1.0000,0.0408,6930.3558,35.4638,247.7036,0.2570,0.5288,-90.0000,0.4944,0.4848,5.9692,1.6501
15.0817,DESCEND,ASCEND,-0.4405,-0.1020,1.1230,0.9312,0.4286,0.5714,3.3531,1.8087,2.9525,10.4122,89.0000,0.0015,79.1389,34.2315,3.3531,0.0714,0.2857,0.1429,0.0714,0.0714,0.0000,0.0714,0.2857,156.6235,130.6788,2.2605,12.8323,5.0618,50.0334,0.0019,0.0000,0.8637,0.7044,0.5143,14.3711,3.8037,4.1748,8.3013,3.8252,1.8629,5.9506,1.9866,1.0297,3.8477,0.2352,0.9967,-0.2750,1.7799,3.3737,8.5296,-0.0224,1.0692,6.2871,5.5937,-15.5654,0.0007,-0.0005,0.7857,0.0455,6564.8834,37.8025,348.7112,0.2635,0.5232,-90.0000,0.4944,0.4848,1.3361,-98.4935
15.1485,ASCEND,ASCEND,-2.3590,-1.6865,2.2082,-0.0764,0.0000,1.0000,3.2775,3.5681,2.0838,6.3148,47.0000,0.0008,61.8174,29.3948,3.2775,0.2500,0.0000,0.0000,0.1250,0.0000,0.1250,0.3750,0.1250,175.2359,119.5862,2.1538,9.0599,3.0527,31.6685,-0.0003,0.0000,0.5417,0.6237,0.5278,7.7865,2.3565,4.6512,5.6431,2.8227,2.7869,3.1907,3.2704,0.7134,1.0470,0.0533,0.9703,7.1497,3.3473,2.2068,4.4809,-0.0219,0.8578,-1.7706,18.4835,12.0155,-0.0004,0.0001,0.8750,0.0269,7008.7998,26.8754,159.8882,0.2425,0.5531,-90.0000,0.4944,0.4848,-7.1764,-11.1356
15.2152,DESCEND,ASCEND,1.2072,0.4805,2.2726,5.4098,0.7778,0.2222,3.1616,1.3092,3.2801,9.5749,112.0000,0.0019,58.7318,29.7144,3.1616,0.0000,0.1111,0.2222,0.1111,0.0000,0.2222,0.3333,0.0000,175.8575,114.8187,2.0816,10.5438,3.7707,34.0282,0.0005,-0.0000,0.6141,0.6451,0.4846,12.5994,5.6677,3.2235,3.8396,5.1299,2.4349,3.8402,3.0211,0.4908,1.2669,-0.4858,1.0015,0.8886,-1.5828,3.0080,8.2587,0.0469,1.0044,1.3937,-2.0686,-2.5368,0.0001,-0.0001,0.6667,0.0507,6505.8397,38.4276,264.1534,0.2551,0.5305,-90.0000,0.4944,0.4848,-0.1501,54.5609
15.2819,ASCEND,ASCEND,1.6008,0.3008,3.8909,7.2368,0.6471,0.3529,3.6241,1.0756,4.4796,14.8300,62.0000,0.0011,79.6262,36.4373,3.6241,0.1176,0.2941,0.2353,0.1765,0.0000,0.1176,0.0000,0.0588,172.2924,113.5425,2.1396,9.7924,3.7515,45.4614,0.0017,0.0000,0.6646,0.7202,0.5019,16.9560,4.0513,6.8719,4.3536,3.4636,2.5406,5.1150,1.5181,0.3716,1.1154,0.1506,0.9993,-0.1795,1.1805,3.3524,13.2584,0.0322,1.0655,1.4330,-19.5617,-1.4840,0.0002,0.0001,0.8235,0.0313,6373.6564,32.1149,238.7296,0.2538,0.5267,-90.0000,0.4944,0.4848,0.1057,-17.4793
15.3487,ASCEND,ASCEND,-0.7304,-0.4459,2.0873,2.1272,0.2727,0.7273,3.6089,1.9498,3.6255,13.0711,123.0000,0.0021,67.3901,30.5021,3.6089,0.0909,0.0909,0.0909,0.0000,0.0909,0.2727,0.2727,0.0909,164.4166,113.8781,2.1583,13.8293,5.0394,56.0346,-0.0056,-0.0000,0.8187,0.8546,0.4977,13.3560,3.8980,5.9910,9.4594,5.3640,2.6929,2.4743,4.1633,0.5324,1.1541,0.4066,1.0015,-1.6001,-0.1407,3.4892,10.9587,-0.0352,0.9649,1.9312,1.6781,6.0272,0.0003,-0.0004,0.8182,0.0312,6983.8477,26.5358,116.9890,0.2416,0.5483,-90.0000,0.4944,0.4848,-2.4830,15.7889
15.4154,DESCEND,ASCEND,0.7419,0.0002,12.1380,0.7839,0.5652,0.4348,7.5462,0.6253,20.8284,101.2611,91.0000,0.0016,73.6673,34.9302,7.5462,0.1739,0.1304,0.1739,0.1304,0.0870,0.0000,0.1304,0.1739,161.4273,115.1580,1.7366,11.5188,4.4483,45.3686,0.0008,0.0000,0.7116,0.6492,0.5023,15.1117,2.7841,4.9770,5.1596,2.7546,4.9752,4.7890,1.3527,0.9055,2.0008,0.3145,0.9995,-0.9493,1.2719,7.6111,21.5164,-0.0621,1.0165,-0.0218,-2.3044,-0.9258,0.0000,0.0001,0.7826,0.0439,6670.5385,34.6571,263.1416,0.2424,0.5349,-90.0000,0.4944,0.4848,2.2130,10.0314
15.4821,DESCEND,ASCEND,-2.0658,0.0372,6.6746,5.3912,0.5000,0.5000,7.8443,6.2000,7.5627,25.8054,65.0000,0.0011,60.4155,27.0232,7.8443,0.0833,0.3333,0.0000,0.0833,0.1667,0.0000,0.0000,0.3333,136.9760,111.7605,3.9616,13.8948,4.9188,31.5633,0.0004,-0.0000,0.6727,0.8184,0.4733,12.7478,4.7028,7.1910,4.6475,5.6954,8.2838,7.4933,4.1182,1.7492,1.9909,0.1293,1.0047,0.0800,0.0712,7.6850,21.3041,-0.1349,0.9556,8.6250,40.7842,-4.6122,0.0013,-0.0012,0.7500,0.0297,5424.6696,30.6164,222.7194,0.2151,0.5721,-90.0000,0.4944,0.4848,-1.1442,-13.2209
15.5489,STABLE,ASCEND,-0.2323,-0.2856,2.6804,3.5200,0.4286,0.5714,5.6174,1.4195,8.4636,26.0765,106.0000,0.0018,63.6158,36.2533,5.6174,0.1429,0.0000,0.0000,0.0000,0.2857,0.1429,0.1429,0.2857,157.2735,119.5182,2.3344,13.9082,4.7611,24.4330,0.0040,0.0000,0.5724,0.7109,0.5094,6.4965,5.0833,7.5834,4.2760,3.7049,8.7403,2.1958,3.5393,0.4407,1.0660,0.1907,1.0025,-1.3765,-0.8142,5.5800,20.9048,0.0131,nan,nan,nan,nan,nan,nan,nan,0.0426,6161.3762,33.5144,308.6888,0.2173,0.5782,-90.0000,0.4944,0.4848,0.4484,-23.4842
15.6156,DESCEND,ASCEND,0.0292,0.0002,6.4419,10.3114,0.5200,0.4800,3.7889,0.3764,6.4573,21.8754,100.0000,0.0017,69.8950,30.6053,3.7889,0.1200,0.2400,0.0800,0.1200,0.1200,0.1200,0.0800,0.1200,163.5131,118.3731,1.5590,13.3123,4.6757,28.2200,-0.0037,-0.0000,0.6110,0.5356,0.4757,12.7953,1.6368,3.3871,3.0106,2.1495,6.3091,3.2426,8.5931,0.2360,1.4295,-0.1885,1.0007,0.5778,-0.7817,3.8520,17.2431,-0.0422,0.9353,-0.0387,11.2025,7.0444,0.0000,-0.0003,0.8000,0.0441,6015.3985,31.6606,295.3468,0.2224,0.5771,-90.0000,0.4944,0.4848,-4.2785,-88.3984
15.6823,DESCEND,ASCEND,1.6789,0.0479,8.3821,15.7378,0.5714,0.4286,10.4908,6.8161,10.9514,34.6374,97.0000,0.0017,75.4346,33.9419,10.4908,0.0000,0.0286,0.0571,0.4000,0.2286,0.1429,0.0571,0.0857,151.9667,111.1558,1.4554,8.9114,3.9008,57.5445,0.0026,-0.0000,0.8070,0.6214,0.4815,24.8118,3.0321,4.6035,3.7378,2.8650,5.6928,2.4113,1.5397,0.3800,1.2022,0.1617,1.0003,-0.6076,0.4563,10.3403,28.5636,0.0889,0.9379,-1.5566,-26.1444,19.5151,-0.0002,0.0002,0.5714,0.0406,5999.4115,31.7229,250.8424,0.2044,0.5665,29.7449,0.6111,0.6149,-11.3498,-69.6697
15.7491,DESCEND,ASCEND,-0.4115,-0.0859,1.6494,1.9634,0.4022,0.5978,2.4624,2.6446,1.7931,5.7920,100.0000,0.0017,75.3960,32.4732,2.4624,0.1413,0.0870,0.0652,0.0870,0.3696,0.0978,0.0978,0.0543,151.5105,96.6119,1.1352,4.5750,1.6459,9.0758,0.0139,0.0002,0.2032,0.2622,0.5905,3.2719,1.2356,3.4126,2.4297,1.9677,1.6364,1.5876,0.7184,0.1788,1.0017,0.6629,1.0027,-2.3008,1.5381,2.0690,4.3719,-0.0334,0.9892,-0.4759,-1.8906,1.3449,0.0000,-0.0001,0.9783,0.0414,5991.8615,32.0747,247.0007,0.2020,0.5403,-90.0000,0.4944,0.4848,-13.5771,-39.5842
15.8158,DESCEND,ASCEND,-2.7215,-0.1540,5.8179,5.6173,0.4024,0.5976,5.5897,5.5307,4.5846,14.2049,125.0000,0.0022,75.6522,30.7753,5.5897,0.4878,0.2073,0.0488,0.0000,0.0488,0.0366,0.0976,0.0732,160.4763,95.2284,1.6444,11.9189,4.0695,19.0140,-0.0081,-0.0000,0.4184,0.4150,0.4945,6.5155,6.3397,6.6966,1.4239,5.9022,5.7945,3.2997,1.0155,0.2481,1.1581,3.1035,0.9563,10.9126,13.6117,4.8369,14.7030,-0.0148,0.8201,-5.5431,26.7497,16.9672,-0.0006,-0.0000,0.8415,0.0402,5940.6354,32.3642,250.6565,0.2027,0.5299,-90.0000,0.4944,0.4848,-16.6330,-58.2889
15.8825,DESCEND,ASCEND,-2.3424,-0.8991,4.2209,4.9833,0.3205,0.6795,6.2183,5.4028,5.4022,21.5231,107.0000,0.0019,69.5280,35.0660,6.2183,0.2692,0.1667,0.1282,0.0897,0.0385,0.0769,0.0897,0.1410,157.0328,88.0256,2.0829,12.9678,4.1557,17.7645,-0.0231,-0.0000,0.4664,0.5429,0.4701,4.0004,5.3052,10.0341,3.1581,2.6747,4.3292,4.0695,1.7598,0.3895,0.8153,-8.9553,0.9717,18.6504,-13.8684,6.6614,25.8003,-0.0085,0.9867,7.7257,18.1426,-11.2223,0.0001,-0.0000,0.6410,0.0385,5930.2790,32.1639,264.6527,0.2012,0.5326,-90.0000,0.4944,0.4848,-21.3568,-36.9332
15.9493,DESCEND,ASCEND,-0.2311,-0.0008,4.2264,5.5858,0.4405,0.5595,7.1040,7.5368,5.2161,19.0338,102.0000,0.0018,70.4576,36.3752,7.1040,0.1071,0.0476,0.0476,0.0119,0.0714,0.0595,0.3452,0.3095,158.0251,74.8723,2.9411,13.9860,4.8601,27.6734,-0.0191,-0.0000,0.5139,0.5338,0.4745,4.0997,4.5692,9.8651,5.0279,5.8161,6.0836,2.2483,5.9676,0.8441,1.0497,-5.7199,0.9751,17.0313,-17.7867,2.6645,9.8502,0.0225,0.9906,5.6627,15.4524,-17.8283,0.0001,0.0000,0.7857,0.0405,6035.6799,33.8406,305.4091,0.2084,0.5278,-45.0000,0.4889,0.6625,-21.5623,-26.0670
16.0160,DESCEND,ASCEND,-3.3643,-0.9240,5.9621,5.9667,0.3810,0.6190,6.6884,6.4766,5.7944,17.5321,89.0000,0.0015,69.2519,38.0381,6.6884,0.3175,0.2381,0.1746,0.1111,0.0476,0.0317,0.0159,0.0635,161.7531,84.1597,2.3267,13.2955,4.8280,33.2264,-0.0090,-0.0000,0.6642,0.6802,0.4830,5.9396,5.0750,8.2448,7.5017,2.9254,5.2931,3.1210,1.1579,0.4768,1.3636,-9.1746,0.9618,21.4612,-10.1944,7.6628,26.3650,-0.0218,1.0456,6.4098,17.3964,-5.9807,0.0003,0.0004,0.6667,0.0385,6170.9604,36.0698,397.0634,0.2012,0.5493,-90.0000,0.4944,0.4848,-24.8358,-17.2077
16.0827,DESCEND,ASCEND,-0.6248,-0.3116,1.1070,0.4598,0.2667,0.7333,3.4911,3.7164,2.6281,10.6222,129.0000,0.0022,71.6411,37.4356,3.4911,0.1467,0.1200,0.0933,0.0267,0.0667,0.1600,0.2133,0.1733,162.1452,79.4166,2.6411,8.7053,3.2484,18.9230,-0.0071,-0.0000,0.4298,0.4866,0.4761,3.3351,3.5655,4.3994,6.8218,5.1049,2.3195,2.9743,2.1257,0.2149,1.9626,-4.6912,0.9829,9.5082,-11.9634,3.3560,10.5180,0.0112,1.0116,4.2241,0.9332,-9.1640,0.0003,-0.0003,0.8800,0.0372,6160.1862,35.9027,361.9452,0.2015,0.5428,29.9457,0.6278,0.5784,-23.8590,4.3602
16.1495,DESCEND,ASCEND,-1.9363,-0.4309,4.1170,4.4422,0.3587,0.6304,7.2664,6.6026,6.8778,33.6339,116.0000,0.0020,78.7736,39.9436,7.2664,0.4130,0.1848,0.0978,0.0326,0.0326,0.0326,0.0217,0.1848,164.5399,76.1637,3.0618,21.8497,6.9415,34.1489,-0.0147,-0.0000,0.7982,0.7484,0.4899,6.2627,5.7491,8.9273,12.1073,5.8634,3.9214,10.2408,2.9481,0.1384,1.1412,-6.1296,1.0034,15.2352,-12.3541,5.4273,17.5065,-0.0397,1.1160,5.0516,0.9559,-10.9036,0.0005,-0.0000,0.7174,0.0377,6227.6662,36.4658,380.3004,0.1997,0.5244,-90.0000,0.4944,0.4848,-24.2539,-12.2999
16.2162,DESCEND,ASCEND,-2.4453,-0.8640,3.4313,1.6765,0.3398,0.6602,5.1587,5.2550,4.3169,14.6516,127.0000,0.0022,80.2942,38.6618,5.1587,0.2718,0.4272,0.1165,0.0388,0.0291,0.0583,0.0194,0.0388,168.6913,85.2207,2.5575,12.4551,4.3613,18.6858,-0.0170,-0.0000,0.4962,0.4525,0.4616,5.0165,5.3795,8.0127,7.0258,2.6979,3.3816,7.0017,1.7226,0.1842,0.6961,-3.7155,0.9796,11.3455,-2.9607,3.3502,11.7779,-0.0275,0.9759,3.2951,10.6463,-0.5779,0.0000,-0.0000,0.7573,0.0389,6250.4304,37.8561,407.3704,0.2019,0.5175,-90.0000,0.4944,0.4848,-25.5006,13.2192
16.2829,DESCEND,ASCEND,-0.4066,-0.1362,2.2389,2.4384,0.4184,0.5816,7.2170,7.2802,5.6051,26.6204,120.0000,0.0021,77.1926,38.8823,7.2170,0.1837,0.0816,0.1327,0.0102,0.0918,0.1224,0.2143,0.1633,164.3637,80.9858,2.6263,15.2401,5.7018,48.6151,-0.0165,-0.0000,0.7638,0.6370,0.4821,7.0630,6.6339,7.8842,6.0609,10.6327,3.9222,5.4918,1.8197,0.3201,0.7268,-8.0761,0.9773,17.7519,-22.0287,6.3215,21.3511,0.0188,0.9683,7.5309,19.1772,-19.2529,0.0000,0.0000,0.6224,0.0386,6296.9451,37.8520,401.6811,0.2049,0.5115,-90.0000,0.4944,0.4848,-22.4896,14.5085
16.3497,DESCEND,ASCEND,-0.3231,0.0000,4.2227,7.8291,0.5000,0.5000,7.2858,6.3488,7.2063,27.6443,129.0000,0.0022,72.3206,33.2104,7.2858,0.1163,0.1744,0.2558,0.0698,0.1047,0.0930,0.0930,0.0930,169.6907,85.1287,4.0503,21.8108,7.1628,30.1372,-0.0120,0.0000,0.9411,0.7752,0.5008,8.6080,10.1687,6.1254,7.8456,7.2015,4.5106,12.6622,7.7993,0.6242,1.1290,-10.3918,1.0037,12.7812,-23.8118,8.0252,26.5137,-0.0182,1.0092,10.4081,16.7828,-23.3813,0.0001,-0.0000,0.6279,0.0355,6247.3385,37.6060,359.9136,0.2047,0.5159,-90.0000,0.4944,0.4848,-23.5642,-33.5307
16.4164,DESCEND,ASCEND,-0.8408,-0.1072,2.6583,3.0481,0.4300,0.5700,4.3366,3.2057,4.0155,16.1111,124.0000,0.0022,77.9083,36.8650,4.3366,0.1300,0.2500,0.2100,0.1100,0.1000,0.0300,0.1200,0.0500,171.2356,88.1622,2.2804,12.1187,3.8526,25.9276,-0.0192,0.0000,0.5036,0.4612,0.5119,5.1012,5.3606,4.9597,3.6055,2.2332,2.4118,8.1284,2.4380,0.2913,1.9075,-4.5409,0.9919,7.2652,-7.6913,3.2310,11.7220,-0.0183,1.0156,3.9242,-0.2640,-4.6656,0.0003,-0.0002,0.8400,0.0357,6290.4687,37.5135,341.7815,0.2080,0.5044,-90.0000,0.4944,0.4848,-26.9648,86.3467
16.4831,DESCEND,ASCEND,-1.4612,-0.4073,2.6266,1.8995,0.3700,0.6100,5.4242,3.6963,5.2770,21.0721,142.0000,0.0025,82.5896,39.2493,5.4242,0.1100,0.1900,0.2100,0.0300,0.1300,0.1100,0.0800,0.1400,169.1643,88.2130,2.5951,13.9775,4.7449,22.5160,-0.0270,0.0000,0.6443,0.5598,0.5086,9.5177,8.7591,7.0238,2.5055,4.5449,2.3013,8.7650,2.6766,0.2149,2.3490,-6.1187,0.9784,13.1510,-10.2570,4.4536,14.6891,-0.0234,0.9841,6.1086,12.9016,-10.5701,0.0000,-0.0001,0.6800,0.0382,6358.3656,38.9485,346.1839,0.2089,0.5051,-90.0000,0.4944,0.4848,-12.0398,151.9961
16.5499,DESCEND,ASCEND,-3.2701,-3.2087,3.9301,1.3681,0.2167,0.7667,5.0436,5.2615,3.8675,14.3726,136.0000,0.0024,86.0254,37.0996,5.0436,0.5083,0.2333,0.0417,0.0000,0.0333,0.0500,0.0583,0.0750,181.3898,98.5475,3.1794,10.6035,3.9234,15.8792,0.0029,-0.0000,0.3522,0.3317,0.4941,6.2286,6.6939,4.9729,1.8822,7.7410,4.7383,1.4989,6.8069,0.5259,0.6975,1.1135,0.9717,7.5767,8.2135,2.6238,7.1357,-0.0117,1.0257,-1.2828,5.7879,5.9621,0.0001,0.0003,0.8667,0.0382,6404.4895,39.3066,375.5907,0.2074,0.4878,-90.0000,0.4944,0.4848,-6.6784,88.4455
16.6166,DESCEND,ASCEND,-2.4343,-0.6102,4.0322,3.6482,0.3158,0.6842,4.4202,5.2582,3.0986,10.6542,133.0000,0.0023,86.9640,37.9469,4.4202,0.2281,0.0175,0.0439,0.0351,0.0526,0.0351,0.1579,0.4298,185.3302,92.2080,2.6991,8.9628,3.1579,11.1974,-0.0214,-0.0002,0.2611,0.2525,0.4309,3.3656,7.4886,5.2834,2.6214,6.2374,3.8159,1.3458,2.2144,0.4526,0.5259,1.0549,0.9732,8.7648,4.1729,3.6075,9.9101,0.0292,0.9288,-1.1598,16.9289,4.1661,-0.0001,-0.0002,0.9211,0.0391,6457.5916,40.9088,398.0495,0.2115,0.4878,-90.0000,0.4944,0.4848,-0.2353,45.6406
16.6833,STABLE,ASCEND,2.0039,0.7483,6.2237,11.6605,0.6235,0.3765,7.9443,7.8054,6.1778,20.9801,145.0000,0.0025,84.4893,36.6470,7.9443,0.0706,0.0941,0.1882,0.1529,0.2000,0.1176,0.1059,0.0706,180.1703,95.8103,4.4014,14.5124,5.0864,22.8835,-0.0166,0.0000,0.6274,0.6445,0.5197,7.9529,9.7921,5.1255,5.0648,9.1732,6.7551,5.6075,3.4289,0.4264,1.3847,-8.4993,0.9908,6.6550,-20.3908,7.3034,24.4132,0.0138,0.9001,7.1612,13.6938,-13.8185,-0.0002,-0.0007,0.6706,0.0365,6371.1730,38.9041,356.2314,0.2126,0.4986,-90.0000,0.4944,0.4848,-0.5869,-13.4070
16.7501,ASCEND,ASCEND,0.0873,-0.0005,4.0672,5.2942,0.4727,0.5273,4.4394,3.6275,4.2981,20.7688,133.0000,0.0023,91.0499,39.5177,4.4394,0.1182,0.1091,0.2727,0.1273,0.0909,0.1091,0.0909,0.0818,172.1718,92.0421,2.8456,13.0224,4.0509,18.3335,-0.0146,0.0000,0.4768,0.4840,0.5079,3.3377,2.4837,5.0422,7.4292,2.2518,3.6062,6.0554,2.2097,0.3876,3.5757,-3.9210,0.9948,4.3796,-5.0920,3.4479,12.0829,-0.0160,1.0113,4.0238,3.7390,-6.1385,0.0000,0.0001,0.7273,0.0376,6388.9319,40.9073,429.2073,0.2345,0.4964,-90.0000,0.4944,0.4848,-2.0247,8.9093
16.8168,ASCEND,ASCEND,1.7109,0.5406,4.0274,7.2521,0.6667,0.3333,6.5346,6.2610,5.1035,18.1026,127.0000,0.0022,78.4634,35.6213,6.5346,0.0222,0.1000,0.1556,0.0444,0.0778,0.3556,0.1889,0.0556,161.2661,90.1028,4.5993,15.9625,5.7265,32.9183,-0.0171,0.0001,0.7396,0.5880,0.5323,5.9318,8.4772,4.4615,9.3374,12.7754,4.6300,4.2221,4.0205,0.1881,2.2914,-6.6042,0.9721,9.5769,-16.4808,6.2036,19.4375,0.0506,0.9338,6.5311,10.5673,-12.9939,0.0000,-0.0003,0.6667,0.0414,6302.2226,43.6700,597.7672,0.2125,0.5122,-90.0000,0.4944,0.4848,0.6022,44.5172
16.8835,STABLE,ASCEND,5.7173,3.3269,6.7472,14.8511,0.7662,0.2338,9.8542,8.8466,9.2612,29.4591,129.0000,0.0022,90.2487,36.4123,9.8542,0.0260,0.0390,0.0649,0.0130,0.0649,0.4416,0.2338,0.1169,157.2535,100.1944,2.0660,15.4665,5.3019,30.2127,0.0014,0.0000,0.6987,0.6685,0.5261,6.2887,10.8129,9.9263,3.9252,6.4736,2.9656,1.3720,1.3385,0.2162,0.8694,-5.1580,0.9920,5.6606,-26.9653,6.6829,21.2971,0.1138,0.9747,5.2136,5.3451,-27.2307,0.0000,-0.0005,0.6883,0.0403,6139.7795,41.0583,502.3741,0.2115,0.5141,29.7920,0.5056,0.8223,3.9169,24.1579
16.9503,DESCEND,ASCEND,-3.2186,-2.5274,4.1548,2.2654,0.3222,0.6778,6.9934,6.6778,6.7809,24.6414,127.0000,0.0022,87.6232,35.3970,6.9934,0.1667,0.4222,0.1778,0.0889,0.0333,0.0222,0.0444,0.0444,153.9792,98.0001,2.1521,11.1636,4.0522,20.9779,0.0014,-0.0000,0.4554,0.4635,0.4817,6.5868,7.0506,8.5085,6.1630,2.9212,5.2558,1.1976,0.9041,0.1764,1.2778,-5.0524,0.9849,9.4946,-1.2585,5.4910,18.0501,-0.0297,0.9554,2.3924,0.9053,11.8145,0.0001,-0.0001,0.6333,0.0434,6187.1647,43.5568,624.3654,0.2168,0.5067,-90.0000,0.4944,0.4848,3.8265,-11.4462
17.0170,DESCEND,ASCEND,-2.2548,-1.3457,2.8467,1.9606,0.2545,0.7455,4.4922,3.6275,4.0730,12.7649,140.0000,0.0024,91.4762,35.0695,4.4922,0.0636,0.3545,0.3000,0.1000,0.0727,0.0364,0.0545,0.0182,158.3510,102.3370,1.8923,11.8597,3.9648,14.5480,-0.0101,0.0000,0.3780,0.3218,0.5035,2.7893,3.0861,6.5216,8.9872,1.5909,3.5251,6.2336,0.2317,0.1353,0.7398,-2.6783,0.9889,4.5322,-0.2326,2.7507,10.4034,-0.0168,0.9926,2.5337,2.5849,0.9078,0.0000,0.0001,0.8545,0.0451,6216.3396,44.8276,683.2408,0.2175,0.4985,-90.0000,0.4944,0.4848,2.3892,-63.4621
17.0837,DESCEND,ASCEND,-2.0636,-2.0440,1.8295,0.0863,0.1439,0.8561,2.7075,2.6401,1.9160,7.4068,153.0000,0.0027,96.1782,36.5578,2.7075,0.1136,0.3485,0.3333,0.0455,0.0455,0.0379,0.0530,0.0227,156.5203,116.8985,1.5776,5.6605,1.9071,7.0970,-0.0024,0.0000,0.1850,0.1675,0.5075,2.6582,2.5594,3.9835,4.5217,2.0410,1.8515,1.1403,0.3521,0.1333,0.4946,0.2586,0.9867,1.7911,3.4756,1.5645,4.3418,0.0000,0.9806,0.4941,1.5573,4.0190,0.0001,-0.0001,0.9848,0.0469,6249.6665,45.7861,696.0909,0.2164,0.4866,-90.0000,0.4944,0.4848,-4.6436,-115.7779
17.1505,DESCEND,ASCEND,0.6300,0.0858,3.4820,5.3851,0.5441,0.4559,4.6209,4.0961,3.5363,11.7186,155.0000,0.0027,92.2660,36.5122,4.6209,0.1029,0.0882,0.0735,0.0147,0.0368,0.2279,0.2868,0.1691,162.9133,108.1069,2.2448,10.7075,3.4733,12.3081,0.0057,-0.0000,0.4070,0.2545,0.4834,5.7966,2.6491,3.5185,7.1676,4.2309,3.7128,6.5984,0.5917,0.1837,0.6508,3.3486,0.9845,0.5141,6.2068,3.1213,11.3846,0.0088,0.9765,-3.5168,0.5684,6.4334,-0.0001,0.0001,0.7353,0.0485,6289.5904,46.9051,729.4775,0.2174,0.4769,-90.0000,0.4944,0.4848,-13.0633,-13.3314
17.2172,DESCEND,ASCEND,0.5011,0.5023,0.9849,1.8351,0.7333,0.2667,1.5880,1.4148,1.1569,4.1193,162.0000,0.0028,91.5116,36.8676,1.5880,0.0067,0.0333,0.0200,0.0333,0.1000,0.6533,0.1067,0.0467,161.2148,95.6821,0.9882,3.4434,1.1800,4.5287,0.0042,-0.0000,0.1324,0.1178,0.4546,1.8501,0.7676,2.0585,2.4750,0.6819,1.3953,1.8659,0.2545,0.1247,1.0026,0.4519,1.0008,-1.2137,-0.2510,0.9150,2.0889,0.0028,0.9955,-0.6045,0.2219,-0.5382,-0.0000,-0.0000,1.0000,0.0477,6276.9503,47.1568,716.7617,0.2159,0.4770,-90.0000,0.4944,0.4848,-6.4229,98.5459
17.2839,ASCEND,ASCEND,-0.4912,0.0318,4.4424,6.6219,0.5714,0.4286,4.7565,5.1744,3.4620,13.4984,159.0000,0.0028,87.9661,36.8087,4.7565,0.0000,0.0929,0.3429,0.4071,0.0714,0.0357,0.0357,0.0143,161.4738,87.3986,2.0708,9.4392,3.3956,13.4737,0.0091,0.0000,0.3633,0.3710,0.5234,3.9749,1.6991,5.0691,7.1757,4.6500,5.1260,4.3858,0.3446,0.1287,0.5952,-2.2514,0.9912,-0.7220,-1.4333,2.9881,10.4031,-0.0061,0.9939,2.2769,0.6804,-1.9973,0.0000,-0.0000,0.7286,0.0457,6271.8902,46.0546,711.1185,0.2157,0.4766,30.3432,0.6556,0.5176,0.0893,67.1373
17.3507,ASCEND,ASCEND,-1.1092,-0.0426,3.8818,4.9717,0.4406,0.5594,4.6692,4.2646,3.7356,13.0037,160.0000,0.0028,87.7979,36.9784,4.6692,0.0350,0.0420,0.4266,0.2098,0.1329,0.0629,0.0420,0.0490,161.0997,90.1334,1.8476,10.7556,3.5951,14.7095,-0.0006,0.0000,0.3870,0.3263,0.5134,2.9184,1.4120,4.8152,8.0864,3.9468,3.9327,5.8262,0.6105,0.0974,0.4327,-3.1228,0.9932,1.4317,-3.8139,2.8099,11.0035,-0.0038,0.9929,2.9862,1.6236,-3.1560,0.0000,-0.0000,0.7692,0.0475,6272.2181,46.1447,730.3746,0.2162,0.4728,29.8989,0.6667,0.5027,2.5377,73.9116
17.4174,ASCEND,ASCEND,0.5498,0.0786,6.1231,9.1657,0.5664,0.4336,6.6173,6.9942,5.2759,20.4688,156.0000,0.0027,86.5582,35.3879,6.6173,0.0442,0.0442,0.2212,0.1593,0.2301,0.1504,0.1150,0.0354,155.6404,94.6602,1.9132,10.4140,3.7691,17.0810,0.0023,0.0000,0.4569,0.5037,0.5109,5.0897,5.3355,5.7082,4.4128,7.1449,4.3813,1.9540,1.3441,0.1398,0.5907,-5.6325,0.9857,1.9404,-10.8571,6.0564,19.4264,0.0450,0.9873,5.5531,2.2619,-10.4009,0.0000,-0.0001,0.6195,0.0458,6229.5827,46.2677,803.6097,0.2173,0.4976,27.9290,0.6556,0.5117,9.9540,79.3026
17.4841,ASCEND,ASCEND,0.9804,0.0587,3.2229,5.1641,0.5714,0.4286,3.8169,4.3893,2.3189,10.9353,159.0000,0.0028,90.2771,34.6055,3.8169,0.0301,0.0075,0.0451,0.0677,0.3910,0.3233,0.1053,0.0301,149.6705,87.8240,2.6611,6.1952,2.4098,10.5084,0.0117,0.0000,0.2646,0.3507,0.5143,3.6823,4.1412,3.8889,2.3143,4.1372,3.6718,2.3111,1.1876,0.1206,2.1869,-1.0441,0.9863,-0.9646,-4.6055,2.7858,7.9730,0.0332,0.9325,1.0057,0.5960,-3.5351,-0.0002,-0.0004,0.8120,0.0463,6142.0662,45.5915,791.8828,0.2175,0.4941,29.9622,0.6500,0.5345,13.1219,61.4133
17.5509,ASCEND,ASCEND,2.6010,2.7857,2.5822,6.0551,0.7985,0.2015,5.2386,6.0498,2.9194,10.4014,156.0000,0.0027,92.9853,35.7981,5.2386,0.0299,0.0075,0.0672,0.0373,0.0299,0.6940,0.1194,0.0149,158.1564,99.6664,4.5065,8.9624,3.2181,10.8490,0.0145,0.0000,0.3697,0.3771,0.5176,4.7830,4.6675,6.4967,4.8889,3.8677,4.1541,5.4183,1.0305,0.2167,2.4623,0.9786,0.9952,-2.7108,-3.3951,2.5007,8.5350,0.0351,0.9873,-0.5862,-0.8439,-5.4649,-0.0001,-0.0001,0.9179,0.0428,6074.4715,44.2960,734.2706,0.2207,0.4987,-90.0000,0.4944,0.4848,18.1506,31.4807
17.6176,ASCEND,ASCEND,4.4968,4.2236,4.5702,11.1192,0.8091,0.1909,7.9481,8.9049,5.6429,18.0889,127.0000,0.0022,97.5731,34.2076,7.9481,0.0182,0.0364,0.0455,0.0545,0.0818,0.6273,0.1091,0.0273,161.9506,105.1632,3.7275,15.0726,5.3119,18.1688,0.0184,0.0000,0.5228,0.5163,0.5121,9.0309,7.6115,12.0076,8.4291,3.5116,5.2820,8.7090,0.6400,0.4421,0.7220,3.0585,0.9960,-7.0570,-1.6727,5.0842,16.0749,0.0289,0.9996,-3.0877,-6.5208,-2.9924,-0.0000,-0.0001,0.6636,0.0416,5989.5869,42.3751,675.2214,0.2174,0.5169,-90.0000,0.4944,0.4848,17.3236,-51.7043
17.6843,DESCEND,ASCEND,-0.3522,-0.3348,0.8474,1.3256,0.2460,0.7540,2.0865,2.4688,1.4093,4.2693,152.0000,0.0026,91.2295,35.1047,2.0865,0.0238,0.1111,0.3571,0.1508,0.1667,0.0794,0.0714,0.0397,151.7676,86.2390,0.9540,3.9715,1.4205,10.9406,0.0075,0.0000,0.1711,0.1519,0.5374,4.9602,2.9120,2.4608,1.5971,2.5076,1.4346,0.5298,0.9317,0.2224,0.1028,1.0683,0.9975,-1.9590,4.2920,1.0277,2.2573,-0.0020,0.9840,-1.2998,-0.6261,4.5868,-0.0001,0.0000,1.0000,0.0405,6021.5360,42.0815,625.8824,0.2171,0.5058,-90.0000,0.4944,0.4848,11.2498,-73.4805
17.7511,DESCEND,ASCEND,-3.4003,-3.5342,3.2917,0.9159,0.1484,0.8516,6.2166,7.5295,3.6094,13.7740,175.0000,0.0030,93.7563,38.0081,6.2166,0.0391,0.0391,0.7422,0.0469,0.0234,0.0000,0.0547,0.0547,141.0022,106.9354,4.5553,10.1060,3.7290,13.0775,0.0095,0.0000,0.3856,0.3597,0.5056,6.0080,8.2643,7.9309,4.4930,6.3550,5.1778,3.0831,2.0581,0.4966,0.7823,1.3518,0.9882,-1.6256,11.5770,2.0003,7.5187,0.0265,0.9682,-1.5799,-1.4369,13.1277,-0.0000,0.0000,0.9297,0.0401,6094.2883,42.3287,640.7667,0.2165,0.4883,29.9457,0.6278,0.5784,7.5164,-75.4126
17.8178,DESCEND,ASCEND,-0.1103,0.0003,4.2445,6.1590,0.5069,0.4931,4.7827,5.8627,2.7227,9.6087,163.0000,0.0028,87.4366,36.2152,4.7827,0.0278,0.0347,0.0625,0.5139,0.2083,0.0486,0.0764,0.0278,139.0744,95.7245,2.8429,7.0309,2.9230,19.5411,0.0174,0.0000,0.3188,0.4142,0.5214,6.0013,4.1596,6.1519,3.1484,4.3224,3.9454,3.3617,0.7265,0.1457,2.4771,-0.5365,0.9880,-4.0791,0.3513,3.0299,8.6180,0.0334,0.9865,0.6502,-6.7165,0.8782,0.0001,-0.0001,0.8750,0.0410,6103.0726,42.3623,660.6577,0.2195,0.4833,30.3112,0.5111,0.8203,1.1848,-53.7006
17.8845,DESCEND,ASCEND,4.2734,1.8647,6.4406,14.8100,0.7297,0.2703,7.6171,9.9790,6.1829,16.1433,120.0000,0.0021,89.6250,32.7058,7.6171,0.0676,0.0541,0.0946,0.0405,0.1757,0.3784,0.1351,0.0541,153.8036,94.9934,2.7127,14.1065,5.1191,29.9336,0.0208,0.0000,0.5912,0.6973,0.5194,10.2277,9.7111,11.8147,4.3324,4.2478,4.6743,2.5527,2.1855,0.2714,2.4812,-1.3737,0.9933,-7.3485,-13.6259,9.2067,19.9722,0.1355,1.0153,2.4022,-11.3082,-18.6274,-0.0001,-0.0003,0.6757,0.0385,6002.0286,41.2601,634.6553,0.2188,0.5360,-90.0000,0.4944,0.4848,0.3491,5.0613
17.9513,DESCEND,ASCEND,0.2357,0.0278,3.7004,5.1336,0.5600,0.4200,4.3229,5.1642,2.7673,9.3918,119.0000,0.0021,90.3050,31.4180,4.3229,0.0400,0.0900,0.1000,0.4100,0.2700,0.0200,0.0500,0.0200,163.4653,87.6375,3.7065,7.3892,2.7351,16.6334,0.0134,0.0000,0.3377,0.4408,0.5422,3.8427,4.2205,5.3126,3.9657,3.6475,3.4950,4.4899,0.9483,0.1693,2.2301,0.9121,1.0166,-7.4405,0.9121,3.3889,8.7520,-0.0338,1.0458,1.0991,-10.9089,-3.5823,0.0001,0.0001,0.8700,0.0383,5962.8119,40.2816,616.3467,0.2156,0.5293,-90.0000,0.4944,0.4848,1.8603,27.4606
18.0180,ASCEND,ASCEND,-3.0764,-3.5693,4.1949,1.1190,0.2059,0.7941,6.3618,7.0173,4.1365,24.6450,135.0000,0.0023,92.4280,34.2282,6.3618,0.0588,0.3922,0.4314,0.0490,0.0000,0.0392,0.0098,0.0196,162.3359,102.2774,4.4017,10.5846,3.7517,15.7287,-0.0007,0.0000,0.4345,0.4639,0.5117,3.3500,4.8958,7.4471,6.4114,4.1604,4.8911,6.7737,1.7012,0.1792,0.8601,-1.2591,0.9951,1.7223,4.7935,2.9789,10.4636,-0.0253,1.0002,1.2985,-0.7426,5.0880,-0.0000,0.0002,0.8627,0.0407,6011.7559,40.7735,650.8195,0.2168,0.5095,-90.0000,0.4944,0.4848,4.0142,35.9175
18.0847,ASCEND,ASCEND,-2.7614,-0.2549,7.7823,7.2347,0.3559,0.6441,8.1177,5.8269,8.0768,29.6618,158.0000,0.0027,87.9401,37.5604,8.1177,0.0847,0.2203,0.2712,0.1864,0.0847,0.0339,0.0678,0.0508,153.4641,101.3869,1.9173,11.4676,4.1850,31.7414,0.0126,0.0000,0.4894,0.6932,0.5127,5.2272,3.5450,8.9316,4.4925,4.5533,4.1412,2.4331,0.6812,0.2854,1.1747,-10.0361,0.9972,5.9097,-8.7208,15.1329,45.9234,-0.0310,0.9661,-0.8783,1.8072,5.7497,-0.0001,-0.0000,0.4915,0.0393,5891.2918,38.0775,507.4876,0.2193,0.5199,45.0000,0.4222,0.5855,6.6541,43.8216
18.1515,ASCEND,ASCEND,2.4626,0.1445,9.3765,22.2282,0.6038,0.3962,8.7492,7.9043,7.7570,25.8542,108.0000,0.0019,79.8783,31.1927,8.7492,0.1132,0.1509,0.0755,0.2264,0.2453,0.1132,0.0377,0.0377,148.7047,92.7326,2.3203,12.5020,4.3718,43.7065,0.0056,-0.0000,0.6869,0.7670,0.4940,20.2316,6.6659,7.6202,3.4136,2.6140,7.6172,2.8685,1.7652,0.3795,1.2826,-11.4973,0.9979,0.3419,-34.5117,15.4294,42.2368,0.1330,0.8929,9.8106,8.5850,-24.8033,-0.0003,-0.0004,0.5472,0.0348,5459.8331,34.0414,366.6577,0.2152,0.5488,-90.0000,0.4944,0.4848,9.8629,56.4744
18.2182,ASCEND,ASCEND,2.3557,0.6823,5.5360,10.6115,0.7209,0.2791,6.2928,6.5885,4.7834,17.8073,112.0000,0.0019,84.7872,35.7217,6.2928,0.0233,0.0930,0.0698,0.0349,0.1395,0.5116,0.0581,0.0698,149.6658,90.5614,1.8553,12.6888,4.4087,20.5885,0.0058,-0.0000,0.4482,0.5884,0.4993,3.1028,7.6309,7.1659,1.8755,5.6127,6.0559,2.4823,0.9957,0.1715,2.6298,-3.6010,0.9872,1.1533,-16.0885,5.2530,16.6627,0.0401,1.0004,4.0444,-2.0652,-18.9983,-0.0000,-0.0003,0.7209,0.0353,5268.0682,34.4092,383.0286,0.2124,0.5427,-90.0000,0.4944,0.4848,14.1915,12.1469
18.2849,ASCEND,ASCEND,4.7592,2.5390,7.1528,15.0410,0.7619,0.2381,10.1524,11.7382,6.9697,21.9639,127.0000,0.0022,97.0443,31.9629,10.1524,0.0317,0.0635,0.0794,0.0317,0.0476,0.6825,0.0476,0.0159,153.3250,84.4463,2.4101,14.3158,4.7414,17.9056,-0.0018,-0.0000,0.4789,0.6987,0.4835,4.8381,3.0371,10.0745,3.5357,3.6839,9.0169,4.9666,1.0038,0.3932,3.0564,-3.5446,0.9970,0.7976,-23.4240,5.5438,21.0682,0.0406,0.9689,3.3695,2.8883,-22.6814,-0.0001,-0.0003,0.6825,0.0352,5542.5232,34.8554,381.1918,0.2275,0.5312,-90.0000,0.4944,0.4848,11.4841,0.6108
18.3517,ASCEND,ASCEND,0.9288,0.5657,1.5394,3.3098,0.6783,0.3217,2.5223,2.1214,2.0160,8.4073,142.0000,0.0025,95.7926,36.8217,2.5223,0.0609,0.0435,0.0261,0.0696,0.0696,0.1043,0.4957,0.1304,145.3881,86.0040,1.0137,5.9086,2.1162,10.2051,-0.0044,-0.0000,0.2379,0.2173,0.4902,2.6697,4.1998,3.0705,0.7987,3.0576,3.5797,0.4404,1.0469,0.2295,0.6254,-1.3823,0.9999,2.0419,-6.5685,1.1542,5.1773,0.0042,1.0254,1.3808,0.5327,-7.4717,0.0001,0.0000,0.9826,0.0367,5754.2314,35.0192,354.5178,0.2363,0.5027,-90.0000,0.4944,0.4848,14.2730,120.2474
18.4184,ASCEND,ASCEND,0.0032,0.0771,2.1557,2.8355,0.5500,0.4500,4.4158,5.0409,2.6370,13.9998,139.0000,0.0024,87.8444,35.9899,4.4158,0.1583,0.1917,0.1167,0.0083,0.0333,0.0667,0.1833,0.2417,154.9787,68.2052,2.2485,7.5162,2.8008,12.7483,-0.0137,-0.0000,0.3553,0.3529,0.4794,2.6983,5.5296,4.5813,3.3815,3.7151,2.3220,4.0276,0.6842,0.2583,1.4830,-2.9231,0.9947,7.0114,-8.2673,2.0305,6.1936,-0.0095,1.0269,2.6429,5.2902,-8.8339,0.0001,0.0000,0.9500,0.0346,5643.8023,35.1034,350.9396,0.2548,0.5051,-90.0000,0.4944,0.4848,27.5332,159.1435
18.4851,ASCEND,ASCEND,-0.9454,-0.4272,2.9240,4.4132,0.3922,0.6078,5.8228,5.2046,4.7494,17.3593,146.0000,0.0025,85.9924,35.7282,5.8228,0.1078,0.1961,0.2157,0.0588,0.1176,0.1078,0.0686,0.1275,160.6991,73.3839,2.2730,14.1388,4.3198,16.7345,-0.0110,-0.0000,0.4993,0.5199,0.4827,4.5959,3.9548,5.3761,6.8259,3.1401,4.0444,7.6059,1.2228,0.2722,1.2722,-5.1603,0.9938,6.0989,-8.8529,4.0613,14.3678,0.0341,0.9844,4.8951,7.7079,-7.2954,0.0000,0.0000,0.7157,0.0329,5491.5776,34.2496,307.8566,0.2284,0.5069,-90.0000,0.4944,0.4848,35.5134,55.3735
18.5519,ASCEND,ASCEND,0.3372,0.0771,3.6114,5.1421,0.5207,0.4793,3.9094,3.9831,2.7327,9.3541,161.0000,0.0028,89.0636,35.5166,3.9094,0.0331,0.0331,0.1074,0.2231,0.1653,0.3802,0.0331,0.0248,158.0856,83.1314,1.5717,7.3717,2.6409,11.7278,0.0002,-0.0000,0.3013,0.3558,0.4659,5.3323,5.3720,2.6228,1.8110,3.2827,3.4253,2.8362,0.9079,0.1780,2.1021,-2.5988,0.9932,0.7690,-9.3240,2.5619,9.2233,0.0127,0.9931,2.5042,0.0991,-8.5136,0.0000,0.0001,0.7769,0.0341,5466.6014,33.9302,290.5731,0.2338,0.4951,-90.0000,0.4944,0.4848,34.9237,-66.3995
18.6186,ASCEND,ASCEND,5.1628,1.5542,9.7039,18.8170,0.7705,0.2295,11.8571,12.9655,9.0858,27.9659,115.0000,0.0020,85.4352,32.3361,11.8571,0.0656,0.0984,0.0328,0.0492,0.1475,0.4754,0.0328,0.0984,155.3225,86.9369,1.7882,14.6528,5.0255,23.5507,0.0053,0.0000,0.4980,0.6770,0.5199,4.0632,5.8965,11.1974,2.7148,3.2562,6.1986,6.0414,1.8266,0.2307,1.2425,-4.7647,0.9988,-1.7285,-29.7614,10.6292,29.1851,0.0226,1.0088,4.6042,-2.4090,-29.0226,0.0001,0.0001,0.4918,0.0353,5439.2982,34.6227,294.5401,0.2376,0.4988,-90.0000,0.4944,0.4848,26.6513,-42.8477
18.6853,ASCEND,ASCEND,2.6150,1.2481,5.6163,10.4071,0.7215,0.2785,7.1238,7.9044,4.4538,13.9777,114.0000,0.0020,95.0842,32.0034,7.1238,0.0253,0.0886,0.0380,0.0253,0.1392,0.6203,0.0380,0.0253,158.5842,86.8704,2.6918,12.1427,4.3167,19.0028,0.0034,-0.0000,0.4440,0.5638,0.4927,4.6659,8.5859,8.6297,3.2013,4.5040,3.8104,5.1313,0.5781,0.4920,3.2249,-1.9790,0.9997,-1.4119,-14.9599,4.1470,14.3068,0.0183,1.0106,1.7341,-1.4949,-15.0543,-0.0000,0.0001,0.7089,0.0391,5474.1526,35.1186,295.1409,0.2416,0.4820,-90.0000,0.4944,0.4848,29.2049,0.0242
18.7521,ASCEND,ASCEND,3.8174,1.4487,7.4794,14.6393,0.6866,0.3134,10.3834,11.3687,6.3772,20.9295,113.0000,0.0020,96.8036,34.5549,10.3834,0.0746,0.0597,0.0299,0.0597,0.0149,0.6269,0.0299,0.1045,166.4563,91.1704,3.8865,17.3514,6.2887,36.9798,-0.0001,-0.0000,0.7297,0.8545,0.4934,5.9896,11.6201,11.3457,5.8288,6.5740,4.4784,7.8767,1.6625,0.5865,5.4290,-2.0430,1.0006,-1.6709,-20.6074,7.0620,21.5541,0.0246,0.9942,1.9732,-1.0463,-20.5431,-0.0000,-0.0000,0.5970,0.0421,5261.8097,37.3768,319.7288,0.2365,0.4676,-90.0000,0.4944,0.4848,26.6545,53.7513
18.8188,ASCEND,ASCEND,2.9044,3.2516,4.3246,9.5122,0.7727,0.2273,7.2314,8.8774,4.0075,15.9437,139.0000,0.0024,95.6055,34.0987,7.2314,0.0568,0.0455,0.0341,0.0227,0.0114,0.0114,0.7159,0.1023,169.0138,94.1382,4.2778,10.3819,4.1934,16.9143,-0.0003,0.0000,0.5165,0.5650,0.5328,5.2499,5.4397,7.8884,5.9991,5.7565,5.2824,6.6797,2.7617,1.0340,0.9712,0.6492,0.9992,1.1645,-7.0734,3.6106,10.3049,0.0176,1.0097,-0.8399,4.0910,-8.4133,0.0000,-0.0002,0.8409,0.0429,5209.5735,38.2125,335.8578,0.2349,0.4546,-90.0000,0.4944,0.4848,36.3790,137.8154
18.8855,ASCEND,ASCEND,1.3325,0.8023,3.3630,6.5509,0.6486,0.3514,4.9292,6.0305,2.6932,10.4364,133.0000,0.0023,90.8705,31.5974,4.9292,0.0541,0.0270,0.0360,0.0360,0.0270,0.0450,0.2252,0.5495,169.9164,87.9624,2.9331,8.0647,3.4123,21.5256,-0.0083,-0.0000,0.4368,0.4948,0.4772,4.4342,6.6099,6.1410,3.7843,4.8377,4.6862,2.5869,1.2551,0.6433,0.7790,-0.6039,0.9964,5.6333,-5.7839,2.5867,6.9276,-0.0052,1.0070,-0.0882,7.7928,-5.1256,-0.0000,-0.0000,0.9099,0.0438,5150.0214,38.1661,324.6185,0.2392,0.4436,-90.0000,0.4944,0.4848,45.0483,93.9843
18.9523,ASCEND,ASCEND,1.2131,0.8102,4.5418,7.0951,0.6458,0.3542,5.2647,4.0375,4.5605,15.6859,135.0000,0.0023,93.5722,32.6073,5.2647,0.0938,0.0938,0.0312,0.1354,0.1354,0.2083,0.2812,0.0208,165.3977,87.9693,2.1773,14.0663,4.5170,33.2792,-0.0062,-0.0000,0.4972,0.5721,0.4689,5.2281,8.5056,5.7674,1.5248,6.0733,2.9709,3.5840,1.3802,0.4588,4.8638,-4.1471,0.9956,3.8141,-17.9463,4.2068,15.7268,0.0009,1.2493,3.8470,-22.4839,-23.7701,0.0006,0.0006,0.8021,0.0458,4929.3204,39.5736,331.9057,0.2385,0.4355,-90.0000,0.4944,0.4848,48.9227,23.0496
19.0190,ASCEND,ASCEND,1.5052,1.1378,4.2450,7.0462,0.6818,0.3182,5.3286,4.8347,4.0180,17.1696,140.0000,0.0024,93.0571,33.2815,5.3286,0.0455,0.0273,0.0273,0.0273,0.2364,0.4818,0.1364,0.0182,165.4244,88.7680,2.4003,11.2335,3.8390,12.7387,-0.0016,-0.0000,0.3723,0.4979,0.4939,3.3891,6.7897,6.0057,1.5173,6.5618,4.4710,3.2558,1.4879,0.6278,3.0333,-2.7826,0.9972,1.1432,-13.8992,3.2295,12.5761,0.0137,1.0052,2.6091,0.6234,-13.3834,0.0000,0.0001,0.7636,0.0493,4879.2119,41.1258,342.3279,0.2370,0.4311,-90.0000,0.4944,0.4848,48.1246,-48.8279
19.0857,ASCEND,ASCEND,4.5818,2.1380,7.7255,16.9173,0.6833,0.3167,9.1570,8.9796,7.4551,29.2994,122.0000,0.0021,93.1277,37.2242,9.1570,0.1000,0.0333,0.0500,0.0500,0.1500,0.5000,0.0833,0.0333,174.6916,96.3682,4.1595,13.3174,4.7109,26.9353,-0.0019,-0.0000,0.5874,0.7534,0.4925,5.9006,5.9685,10.5740,4.7517,5.1556,6.8238,5.4499,1.2523,0.4314,3.0136,-6.1092,0.9921,3.5661,-33.0261,10.8039,31.6627,0.0890,0.9916,5.6114,4.8630,-30.8489,-0.0000,0.0001,0.5000,0.0582,4753.1356,42.9209,369.9722,0.2404,0.4381,-90.0000,0.4944,0.4848,42.4058,-44.9064
19.1525,ASCEND,ASCEND,2.1094,1.8282,5.4285,9.3221,0.7011,0.2989,6.7065,7.1208,4.3030,16.4273,129.0000,0.0022,92.9837,33.2668,6.7065,0.0460,0.0345,0.0575,0.0920,0.1494,0.4368,0.1839,0.0000,180.1472,95.1069,3.1960,11.0814,5.5291,69.1104,-0.0043,0.0000,0.8324,0.7010,0.5055,5.9697,9.3820,7.7647,3.7031,2.8770,4.3844,4.5536,1.2906,0.5262,4.1751,-2.8860,0.9943,2.2249,-17.6223,4.9156,17.0002,0.0396,1.0197,2.6514,0.0960,-17.5851,0.0000,0.0001,0.6897,0.0640,4695.2893,44.6281,368.5550,0.2450,0.4306,-90.0000,0.4944,0.4848,42.1311,18.4417
19.2192,ASCEND,ASCEND,6.9314,6.6948,7.0761,19.7466,0.7755,0.2245,9.4844,10.9957,8.2676,31.4884,128.0000,0.0022,97.3297,35.6721,9.4844,0.1224,0.0612,0.0612,0.0612,0.0612,0.1837,0.4490,0.0000,186.5336,101.3632,3.4904,14.3417,4.8294,20.9336,0.0015,-0.0000,0.5642,0.7131,0.4922,7.6288,5.3777,11.6358,5.8808,4.5903,3.4084,6.4437,2.6057,0.3440,2.2732,0.4436,1.0003,-1.2313,1.0961,9.2446,22.5549,0.1530,1.3841,2.3241,-39.6192,-34.2041,0.0011,-0.0006,0.5714,0.0682,4846.7617,46.0604,400.8855,0.2634,0.4552,-90.0000,0.4944,0.4848,44.8672,20.1610
19.2859,ASCEND,ASCEND,4.1949,1.8517,6.9794,15.3157,0.7083,0.2917,9.6296,9.7035,7.5378,27.7586,147.0000,0.0026,92.4848,30.6531,9.6296,0.0417,0.0694,0.0278,0.0417,0.0694,0.2917,0.4167,0.0417,191.7524,105.3824,4.2572,13.1199,4.6736,25.1998,-0.0052,-0.0000,0.5730,0.6450,0.4762,5.5662,7.4012,9.7467,4.9630,4.2487,4.2990,7.1850,2.0097,0.3016,4.6013,-4.7810,1.0045,7.1183,-32.7615,8.8114,24.6945,0.0892,1.1482,0.1650,-5.4062,-18.5528,0.0002,0.0003,0.6111,0.0720,5008.5067,48.0427,456.5431,0.2755,0.4634,-90.0000,0.4944,0.4848,44.8219,38.3072
19.3527,ASCEND,ASCEND,1.5846,1.3443,2.3957,5.4035,0.6967,0.3033,4.3995,2.5874,4.1192,13.4076,157.0000,0.0027,94.6544,29.4031,4.3995,0.0820,0.0328,0.0328,0.0492,0.1311,0.0902,0.3607,0.2213,176.3806,99.9954,1.9315,11.7601,3.9964,21.7856,-0.0252,-0.0000,0.3738,0.3704,0.4709,6.6889,8.3733,6.6274,3.1903,4.7803,2.8666,1.1906,3.8204,0.4130,0.9239,-2.8795,1.0020,5.5634,-14.0284,2.5845,9.2112,0.0192,1.0264,2.9871,4.5017,-14.9754,0.0001,-0.0001,0.9098,0.0742,4974.1212,49.0552,452.7400,0.2653,0.4567,-90.0000,0.4944,0.4848,49.9799,33.7374
19.4194,ASCEND,ASCEND,1.9306,0.9504,4.2831,10.5862,0.6742,0.3258,8.5803,5.1570,7.7067,25.5919,158.0000,0.0027,94.7057,29.5962,8.5803,0.1461,0.0787,0.0562,0.0787,0.0562,0.0562,0.2247,0.3034,173.4276,89.7098,2.5726,17.0500,5.6476,30.4511,-0.0287,-0.0000,0.6214,0.6126,0.4743,7.6001,10.6301,12.3833,4.8569,4.8991,5.0308,2.7671,1.5454,0.6913,1.1213,-6.3301,0.9934,16.6298,-26.8081,5.0250,18.0857,0.0073,1.0703,5.8198,12.1117,-28.4093,0.0002,0.0001,0.6404,0.0713,4963.7157,49.5134,484.6888,0.2751,0.4492,-90.0000,0.4944,0.4848,49.3248,-8.3995
19.4861,ASCEND,ASCEND,1.3114,0.3198,2.6753,6.6199,0.6434,0.3566,5.2161,5.3027,3.9237,11.6089,174.0000,0.0030,93.3186,32.8441,5.2161,0.1318,0.0155,0.0078,0.0310,0.0465,0.0853,0.3488,0.3333,160.9991,83.1576,1.9665,10.8406,3.7432,18.4154,-0.0245,-0.0000,0.4173,0.3882,0.4905,4.1974,7.2119,6.7303,3.5741,6.0569,3.8917,1.8717,1.0420,0.7841,0.5399,-2.6212,0.9983,7.5544,-12.2717,2.1154,8.3550,0.0044,0.9917,2.6898,8.5614,-11.2112,0.0000,-0.0001,0.9070,0.0717,5011.6753,49.0162,452.7146,0.2791,0.4392,-90.0000,0.4944,0.4848,48.8589,29.0217
19.5529,ASCEND,ASCEND,3.5065,1.6667,5.6340,14.4541,0.6632,0.3368,11.7921,10.1847,8.4404,25.5767,150.0000,0.0026,90.7924,34.1554,11.7921,0.0632,0.0211,0.0000,0.0000,0.0316,0.1263,0.5263,0.2316,158.8466,82.5010,3.2096,11.9557,4.0769,29.9247,-0.0182,-0.0000,0.5325,0.5967,0.4725,11.7980,3.2016,9.8250,4.7530,4.3715,4.3051,5.7272,0.8840,0.4526,3.0582,-4.5766,0.9924,15.6284,-26.0319,5.0022,19.0897,0.0328,0.9971,4.5069,17.0994,-25.8335,0.0000,-0.0001,0.6316,0.0683,5069.5231,47.2557,433.4084,0.3015,0.4340,-90.0000,0.4944,0.4848,53.1982,28.0876
19.6196,ASCEND,ASCEND,5.7903,4.3212,7.2418,20.1536,0.7639,0.2361,13.8350,13.8839,9.5917,29.4635,158.0000,0.0027,89.4869,31.7475,13.8350,0.0417,0.0417,0.0000,0.0417,0.0278,0.0694,0.6806,0.0972,163.4744,85.7002,4.2821,14.5145,5.0294,23.7801,-0.0131,-0.0000,0.6609,0.6556,0.4699,8.2189,4.8802,7.7868,7.1759,6.8348,3.5385,9.4334,1.5527,0.2820,6.1632,-4.2414,0.9898,16.2890,-30.3845,6.8062,24.6033,0.0598,1.0151,4.2761,14.7945,-31.3311,0.0000,0.0001,0.6111,0.0726,5222.2251,49.8638,464.8914,0.3425,0.4231,-90.0000,0.4944,0.4848,52.6076,106.6028
19.6863,ASCEND,ASCEND,2.6669,1.6165,4.4216,11.2229,0.7170,0.2830,8.2735,8.4661,5.0878,16.1291,171.0000,0.0030,89.3763,32.7403,8.2735,0.0472,0.0377,0.0189,0.0283,0.0472,0.1132,0.6698,0.0377,168.8447,83.2518,6.3834,14.8823,6.6241,99.2686,-0.0240,-0.0000,0.9080,0.4710,0.4919,26.5789,12.8129,12.2622,6.3667,9.6807,6.6146,5.8651,1.1560,0.4109,2.9481,-2.2065,0.9968,8.5079,-16.7861,3.8426,13.6352,0.0195,1.0182,2.8743,6.7332,-17.2529,0.0002,-0.0002,0.7264,0.0725,5316.2366,49.4938,447.5099,0.3466,0.4057,-90.0000,0.4944,0.4848,67.4261,261.9270
19.7531,ASCEND,ASCEND,6.9156,4.0821,8.6490,23.6390,0.7937,0.2063,17.1299,17.1756,11.4422,32.6686,153.0000,0.0027,83.1690,32.8390,17.1299,0.0317,0.0476,0.0317,0.0476,0.0000,0.0317,0.7937,0.0159,164.8941,89.5366,3.9033,16.3374,5.5827,30.2565,-0.0019,-0.0000,0.6749,0.6857,0.4906,8.7698,7.2081,12.1724,7.5785,3.2756,4.5227,5.0623,1.6181,0.3915,8.0443,-4.2178,0.9966,17.3239,-33.7427,8.7571,26.4923,0.1421,1.0172,4.0611,16.2515,-34.7827,-0.0000,0.0002,0.5556,0.0690,5747.0133,50.4064,468.7234,0.3345,0.4208,-90.0000,0.4944,0.4848,87.5662,234.5256
19.8198,ASCEND,ASCEND,4.3107,3.7357,4.4757,12.1969,0.8000,0.2000,9.3532,9.4985,5.3558,18.0867,169.0000,0.0029,95.6933,33.4737,9.3532,0.0435,0.0174,0.0174,0.0174,0.0435,0.0870,0.6696,0.1043,161.4895,97.6816,6.2288,15.2256,5.4712,20.7714,-0.0159,-0.0000,0.5771,0.5348,0.4817,5.8653,10.4759,11.6836,8.0389,5.6000,6.5349,7.1150,1.3516,0.2749,3.9765,-2.1018,1.0001,8.8928,-16.9668,3.9669,13.5421,0.0360,1.0022,2.1427,8.8718,-16.4561,0.0001,-0.0001,0.7304,0.0750,6008.0850,52.0282,485.0328,0.3306,0.3976,1.8328,0.2111,0.6813,98.7275,63.9293
19.8865,ASCEND,ASCEND,7.2651,0.9731,9.6943,25.8238,0.7955,0.2045,10.0014,4.2575,11.0256,29.3014,163.0000,0.0028,84.9489,35.3213,10.0014,0.0455,0.0455,0.1364,0.0000,0.0909,0.0909,0.4091,0.1818,152.7322,109.4273,2.4042,14.8254,4.7913,21.0824,-0.0169,-0.0000,0.5511,0.6587,0.4869,9.5249,4.3420,10.4148,4.0486,3.6135,3.6488,6.6338,0.8099,0.3826,3.4756,-0.1635,1.0044,-0.2212,-1.2787,9.7535,28.1110,0.1690,1.1383,-1.6031,-9.5415,-12.3876,-0.0002,0.0009,0.5682,0.0755,6365.9934,53.7512,514.2245,0.3335,0.4067,20.8908,0.5889,0.7638,96.0986,-58.5787
19.9533,ASCEND,ASCEND,7.9629,0.6983,9.3762,23.0523,0.6667,0.3333,12.8578,11.4191,12.8844,44.9591,163.0000,0.0028,99.0211,35.5453,12.8578,0.0444,0.0222,0.0444,0.0444,0.0222,0.2444,0.3556,0.2222,147.6706,110.0482,1.9343,16.7851,5.4147,23.4227,-0.0301,-0.0002,0.5318,0.6027,0.4540,7.1615,11.0801,10.8591,6.4311,3.6971,2.7403,2.6989,0.3382,0.3111,1.8161,0.1279,1.0014,-0.4174,-0.2381,12.6773,30.7269,0.1709,1.1412,-0.9622,-2.9626,-10.9243,-0.0001,0.0008,0.5111,0.0757,7391.8433,53.1902,546.2515,0.3840,0.3628,-90.0000,0.4944,0.4848,90.9091,-105.5592
20.0200,ASCEND,ASCEND,4.7946,0.2117,7.7168,18.4207,0.7292,0.2708,9.3929,2.5340,11.4540,35.9696,161.0000,0.0028,99.1205,33.5016,9.3929,0.0625,0.0625,0.2083,0.1042,0.1458,0.0417,0.0833,0.2917,140.2353,107.3124,1.6334,15.6077,5.0959,33.3102,-0.0360,-0.0001,0.5513,0.5747,0.4633,7.0582,10.1309,10.0983,6.1363,1.7736,2.5231,2.4660,0.1881,0.3339,1.6321,-0.2511,0.9957,0.9707,0.3642,9.5172,30.8820,0.0988,0.9655,0.6873,3.4260,3.1615,0.0001,-0.0002,0.6042,0.0659,8437.6295,50.1543,556.3874,0.4215,0.3298,-90.0000,0.4944,0.4848,82.0100,-88.7964
20.0867,ASCEND,ASCEND,13.1045,15.2072,9.5677,25.9995,0.8600,0.1400,17.2966,18.6628,11.4196,35.3736,123.0000,0.0021,91.9258,39.2857,17.2966,0.0200,0.0600,0.0400,0.0000,0.0400,0.0800,0.0800,0.6800,132.7775,95.0210,1.9336,16.1971,6.0863,74.1450,-0.0003,-0.0000,1.0431,0.8327,0.4853,16.0066,11.6670,8.5260,4.5409,3.8493,5.5216,3.4153,0.6240,0.2457,2.5163,-3.4905,1.0082,26.0510,-23.8448,11.9315,27.4423,0.0546,1.2418,12.5860,40.2572,-62.5033,0.0007,0.0004,0.5600,0.0571,9110.3953,45.4054,501.9863,0.5035,0.2791,45.0000,0.4889,0.6779,79.0578,-81.6998
20.1535,ASCEND,ASCEND,1.1575,0.3315,2.6003,7.0231,0.6400,0.3600,4.4465,1.2976,6.3959,27.9106,103.0000,0.0018,90.9772,34.9111,4.4465,0.1200,0.2000,0.1600,0.0000,0.2000,0.2000,0.0400,0.0800,133.6567,96.3526,0.7904,13.8959,4.9311,21.0133,-0.0197,-0.0000,0.4510,0.4642,0.4735,7.0560,2.8344,12.8566,4.2327,0.1852,4.1385,4.7952,0.7455,0.3129,3.8802,0.2983,1.0000,-0.9305,0.5861,4.4621,15.8836,0.0187,0.9901,0.1124,0.4626,-1.0678,-0.0000,-0.0001,0.7200,0.0400,9843.8701,40.9557,439.1516,0.4610,0.2969,-90.0000,0.4944,0.4848,71.1058,-152.9408
20.2202,ASCEND,ASCEND,-0.6875,0.0220,3.4214,2.3203,0.5333,0.4667,3.1222,1.4049,4.3378,13.8214,72.0000,0.0013,72.8912,38.3461,3.1222,0.2667,0.1333,0.2667,0.1333,0.0667,0.0667,0.0000,0.0667,129.8106,107.1701,0.9396,20.6913,8.4229,83.4321,-0.0108,0.0000,1.2977,0.7407,0.5140,31.6136,8.3336,11.7980,3.9645,0.7480,5.1906,2.2872,1.2707,0.4092,1.3344,0.4504,0.9984,-0.7433,1.6058,3.0405,13.1174,-0.0378,0.9831,-0.1244,1.2968,1.1255,0.0001,-0.0002,0.8000,0.0356,9855.8669,34.6239,435.8813,0.4243,0.2460,-90.0000,0.4944,0.4848,58.6453,-145.1705
20.2869,ASCEND,ASCEND,nan,nan,nan,nan,nan,nan,25.9784,29.3176,16.0484,42.2769,63.0000,0.0011,nan,nan,25.9784,0.0000,0.5000,0.0000,0.0000,0.0000,0.0000,0.2500,0.2500,nan,nan,0.9678,17.3885,7.3215,56.9357,-0.0064,-0.0000,1.0749,1.0562,0.4798,17.6693,0.3297,3.6259,6.0643,8.0322,2.9043,5.9251,6.6586,1.8287,3.1860,nan,nan,nan,nan,nan,nan,nan,nan,nan,nan,nan,nan,nan,nan,0.0223,8339.2957,25.2534,272.6206,0.5754,0.1987,-90.0000,0.4944,0.4848,51.7303,-145.7394
20.3537,ASCEND,ASCEND,4.0511,3.2763,6.5841,13.7803,0.6250,0.3750,23.8446,17.1877,14.6623,47.1545,48.0000,0.0008,80.5414,38.7538,23.8446,0.0000,0.0000,0.0000,0.1250,0.1250,0.1250,0.1250,0.5000,170.4411,92.9978,1.2848,22.1263,10.6803,267.2006,0.0029,-0.0000,2.8269,1.2414,0.4742,129.6035,0.4611,8.5023,2.1098,5.7213,4.2709,6.6677,15.1413,1.7351,5.1380,-6.2911,0.6015,125.8313,2.7299,28.2482,67.0555,0.8329,5.4717,8.9205,-530.8980,-177.1881,0.0254,-0.0246,0.7500,0.0345,8400.1543,36.6920,502.8597,0.5288,0.2384,-90.0000,0.4944,0.4848,39.1939,-157.8006
20.4204,ASCEND,ASCEND,4.3541,0.0905,8.4878,20.3541,0.6000,0.4000,11.9733,1.2454,18.9225,57.5581,45.0000,0.0008,92.8207,36.2611,11.9733,0.2000,0.2500,0.0500,0.1000,0.1000,0.1500,0.1500,0.0000,182.6782,116.2107,0.5424,21.2566,7.5255,46.5553,0.0026,-0.0000,1.1587,0.8922,0.4910,18.6545,3.1386,4.6489,7.1426,2.3947,2.3679,12.6607,3.4972,1.0408,4.3986,0.0766,1.0015,-0.2775,0.2409,11.9688,49.2130,0.0758,1.0422,0.3325,-5.1259,-4.4675,0.0000,0.0001,0.7000,0.0373,7592.0624,37.7966,632.6781,0.5379,0.2298,-90.0000,0.4944,0.4848,30.6692,-106.3350
20.4871,ASCEND,ASCEND,4.1635,0.0888,6.9079,17.1912,0.6111,0.3889,6.6254,1.1979,9.8544,27.1311,66.0000,0.0011,99.6715,40.8706,6.6254,0.0556,0.1667,0.1111,0.1111,0.0000,0.1111,0.4444,0.0000,188.7330,131.5341,0.4545,14.5460,5.3535,113.3766,0.0009,-0.0000,0.9892,0.6859,0.4917,45.2513,1.7611,0.9741,9.2884,1.6120,3.2100,6.8143,2.4383,1.1368,0.9849,0.0012,0.9986,0.3854,0.5691,6.8406,27.3534,0.0899,1.2067,-3.1307,-19.9967,-30.0968,-0.0001,0.0007,0.7778,0.0400,8012.7626,44.8679,853.2036,0.4973,0.2113,-90.0000,0.4944,0.4848,25.0018,-107.8157
20.5539,ASCEND,ASCEND,-0.7803,0.0301,2.1222,0.8797,0.5833,0.4167,2.1495,1.4008,2.5362,8.9115,44.0000,0.0008,80.6205,38.1013,2.1495,0.0833,0.2500,0.1667,0.1667,0.0000,0.0833,0.1667,0.0833,165.3898,134.1698,0.8043,10.7680,6.4774,91.3290,0.0001,-0.0000,1.3166,0.8422,0.4822,39.7043,4.9476,1.2063,6.8779,0.7491,4.9082,3.6982,1.3557,1.1862,2.2322,0.5863,1.0027,-1.5822,0.8019,1.9495,7.5440,-0.0457,1.0569,-0.1683,-5.1432,-6.5984,0.0001,0.0001,0.9167,0.0336,8435.4295,43.4075,762.3758,0.5424,0.2057,-90.0000,0.4944,0.4848,16.2794,-11.3350
20.6206,ASCEND,ASCEND,2.7053,0.3701,7.8547,13.0425,0.6522,0.3478,5.3097,1.0865,9.2872,42.5073,54.0000,0.0009,82.6458,43.1394,5.3097,0.0435,0.3478,0.0870,0.1304,0.1304,0.0435,0.0870,0.1304,156.7279,128.0275,0.4772,11.2577,3.8981,31.8794,-0.0018,-0.0000,0.7631,0.6940,0.4911,11.0743,2.1483,0.5150,2.3056,2.0889,4.0655,4.7476,1.7810,0.5888,2.0931,-0.0018,1.0030,-0.4117,-0.1211,5.3106,14.9757,0.0730,0.9906,-0.3778,1.4664,1.2712,-0.0000,-0.0000,0.7391,0.0420,7728.4113,46.6430,716.2490,0.5483,0.1955,-90.0000,0.4944,0.4848,23.4889,37.0452
20.6873,STABLE,ASCEND,1.0631,0.3665,1.2125,2.7720,0.6000,0.4000,9.1940,6.6869,8.4248,21.2619,34.0000,0.0006,55.7306,30.2638,9.1940,0.4000,0.0000,0.0000,0.0000,0.0000,0.2000,0.0000,0.4000,195.8853,138.1699,1.7087,40.7293,24.5026,310.6110,-0.0028,0.0000,4.9805,1.8361,0.5067,110.8238,26.2251,4.6281,4.1753,18.0086,5.5431,7.3541,9.2540,4.8689,1.8052,nan,nan,nan,nan,nan,nan,nan,nan,nan,nan,nan,nan,nan,nan,0.0239,6036.6632,22.9169,385.3607,0.2364,0.1656,-90.0000,0.4944,0.4848,21.2237,-70.9248
20.7541,STABLE,ASCEND,nan,nan,nan,nan,nan,nan,nan,nan,nan,nan,10.0000,0.0002,nan,nan,nan,nan,nan,nan,nan,nan,nan,nan,nan,nan,nan,0.0704,85.8668,61.1139,855.8873,-0.0079,-0.0000,13.4900,1.8298,0.4791,357.7978,0.1923,8.4197,39.8085,0.0309,3.3101,71.8228,0.1768,2.7090,19.1512,nan,nan,nan,nan,nan,nan,nan,nan,nan,nan,nan,nan,nan,nan,0.0119,180.8669,11.3816,467.4981,0.0610,0.0355,nan,nan,0.0000,14.0228,-120.6656
20.8208,STABLE,ASCEND,nan,nan,nan,nan,nan,nan,nan,nan,nan,nan,64.0000,0.0011,nan,nan,nan,nan,nan,nan,nan,nan,nan,nan,nan,nan,nan,3.0269,22.1848,9.9980,69.0499,0.0026,-0.0000,1.5939,1.4714,0.4904,27.3433,4.8962,3.2781,3.8518,6.0413,4.1679,2.7461,16.0642,10.5017,9.6866,nan,nan,nan,nan,nan,nan,nan,nan,nan,nan,nan,nan,nan,nan,0.0276,5658.9560,31.0100,217.4478,0.3552,0.4954,-90.0000,0.4944,0.4848,5.1189,-87.5485
20.8875,STABLE,ASCEND,-0.1543,0.0002,0.3273,0.0005,0.7143,0.2857,1.0771,0.0005,1.7031,3.8634,100.0000,0.0017,57.2687,24.9464,1.0771,0.1429,0.1429,0.1429,0.1429,0.1429,0.0000,0.2857,0.0000,195.8853,138.1699,2.6478,13.8844,7.1866,100.9897,-0.0045,-0.0000,1.6563,1.0970,0.4876,36.4809,5.5649,4.7229,5.8929,3.4037,2.9997,6.5225,3.9792,2.6557,5.0961,1.7761,1.0059,-6.3103,4.4965,0.4889,0.8395,0.0062,nan,nan,nan,nan,nan,nan,nan,0.0237,6117.0258,26.9701,370.2515,0.7316,0.0764,-90.0000,0.4944,0.4848,2.3380,-43.0313
20.9543,STABLE,ASCEND,-0.0001,-0.0000,0.0003,0.0000,0.0000,0.6667,0.0004,0.0005,0.0003,0.0008,109.0000,0.0019,41.8837,6.6126,0.0004,0.3333,0.1667,0.0000,0.1667,0.0000,0.0000,0.1667,0.1667,195.8853,138.1699,2.6326,19.5010,13.3081,233.4367,0.0013,-0.0000,3.1551,1.2906,0.4847,94.2294,9.2601,4.2832,5.3174,3.2558,3.7272,15.5152,6.7636,1.9351,4.1652,0.0003,1.0000,0.0006,0.0021,0.0004,0.0007,-0.0000,nan,nan,nan,nan,nan,nan,nan,0.0403,5612.9006,30.6100,207.7939,0.3231,0.4711,-90.0000,0.4944,0.4848,-0.6244,27.1898
21.0210,STABLE,ASCEND,nan,nan,nan,nan,nan,nan,nan,nan,nan,nan,60.0000,0.0010,nan,nan,nan,nan,nan,nan,nan,nan,nan,nan,nan,nan,nan,3.2295,16.4842,5.8708,97.9389,0.0098,0.0000,1.2163,1.1810,0.5039,29.7221,6.6449,2.9887,4.9194,4.9057,4.5492,7.3296,3.1042,2.2017,6.6036,nan,nan,nan,nan,nan,nan,nan,nan,nan,nan,nan,nan,nan,nan,0.0311,1363.1778,24.3969,307.9918,0.0777,0.7038,-7.9207,0.2000,0.6325,5.9669,30.9123
21.0877,STABLE,ASCEND,2.1336,-0.1769,7.1596,17.9627,0.4615,0.5385,7.2644,3.3336,7.9305,24.2109,58.0000,0.0010,93.2619,42.3268,7.2644,0.1538,0.3846,0.2308,0.0000,0.0000,0.0769,0.1538,0.0000,186.2655,144.6577,1.0182,10.5181,5.0589,45.1843,0.0008,-0.0000,0.9627,0.8108,0.4856,15.4164,3.1640,2.2091,3.8752,1.7416,3.7340,6.8228,2.7419,0.9808,2.8870,-1.1372,0.9969,3.2298,0.9224,7.6617,25.1605,0.0636,1.5970,-0.9496,-18.8060,-51.2263,-0.0001,0.0027,0.6154,0.0385,1339.8925,29.7656,446.2019,0.0486,0.6569,-90.0000,0.4944,0.4848,3.5014,-6.9304
21.1545,STABLE,ASCEND,nan,nan,nan,nan,nan,nan,nan,nan,nan,nan,65.0000,0.0011,nan,nan,nan,nan,nan,nan,nan,nan,nan,nan,nan,nan,nan,3.6301,20.4347,7.5771,60.8810,-0.0063,-0.0000,1.4440,1.3344,0.4895,23.1465,7.8049,4.4712,3.5038,6.7867,4.5407,4.1179,10.2573,2.1659,8.2877,nan,nan,nan,nan,nan,nan,nan,nan,nan,nan,nan,nan,nan,nan,0.0560,5952.7755,53.6645,609.2325,0.4871,0.3939,33.7941,0.4833,0.8325,5.0420,21.2118
21.2212,STABLE,ASCEND,nan,nan,nan,nan,nan,nan,nan,nan,nan,nan,19.0000,0.0003,nan,nan,nan,nan,nan,nan,nan,nan,nan,nan,nan,nan,nan,4.1589,34.9580,12.6010,146.6593,0.0119,0.0000,2.5167,2.1150,0.5049,42.8766,7.7530,6.4251,4.1647,19.0451,6.8848,7.7657,7.9033,5.4675,12.5941,nan,nan,nan,nan,nan,nan,nan,nan,nan,nan,nan,nan,nan,nan,0.0115,8459.6183,20.7469,444.0960,0.8416,0.0068,-90.0000,0.4944,0.4848,6.3325,17.7466
21.2879,STABLE,ASCEND,0.0493,0.0000,0.2834,0.6358,0.3750,0.2500,0.2736,0.0006,0.4379,1.4981,26.0000,0.0005,61.2208,26.6664,0.2736,0.3750,0.1250,0.1875,0.0000,0.0000,0.1250,0.1875,0.0000,194.4455,133.7530,0.0000,2.0353,2.7251,144.7271,0.0016,-0.0000,1.3072,0.1174,0.4709,54.0729,0.0161,0.0000,0.1400,0.0442,0.0000,0.2676,2.7413,0.0290,0.5850,0.1429,1.0000,-0.3295,0.6514,0.3575,1.0794,0.0009,0.9847,-0.2607,3.1307,2.3698,0.0000,-0.0001,1.0000,0.0143,8508.5897,23.2147,460.0556,0.8371,0.0089,-90.0000,0.4944,0.4848,7.4105,10.0624
21.3547,STABLE,ASCEND,nan,nan,nan,nan,nan,nan,0.3887,0.4121,0.2589,0.7085,31.0000,0.0005,nan,nan,0.3887,0.0000,0.0000,0.2500,0.0000,0.2500,0.0000,0.2500,0.2500,nan,nan,0.0001,4.1739,3.4042,29.9474,0.0011,-0.0000,0.5195,0.3229,0.4924,9.0813,0.0104,0.0009,0.2545,0.4257,0.2590,4.5723,2.1687,0.3964,0.3629,nan,nan,nan,nan,nan,nan,nan,nan,nan,nan,nan,nan,nan,nan,0.0153,8581.9112,26.7603,443.5345,0.8270,0.0228,-90.0000,0.4944,0.4848,7.6755,9.0138
21.4214,STABLE,ASCEND,2.9261,0.2838,5.5004,11.9260,0.5000,0.5000,4.2787,1.0428,7.0839,19.9738,26.0000,0.0005,88.8323,55.0735,4.2787,0.1667,0.0000,0.1667,0.0000,0.3333,0.1667,0.1667,0.0000,202.1924,146.9111,0.0023,8.3581,5.0926,133.1364,-0.0004,-0.0000,1.3278,0.4060,0.4866,51.1247,1.9036,0.0360,0.3945,3.1556,0.2080,1.9413,3.8524,0.4218,0.7723,-5.6015,1.0850,-5.6142,-34.6279,7.2889,23.6263,-0.0566,nan,nan,nan,nan,nan,nan,nan,0.0204,8617.5298,27.8294,433.1068,0.7896,0.0290,-90.0000,0.4944,0.4848,8.6136,18.7677
21.4881,STABLE,ASCEND,-1.0317,0.2605,4.2158,1.0927,0.6364,0.3636,2.0068,0.4020,4.3167,15.5527,43.0000,0.0007,107.8201,38.8946,2.0068,0.0000,0.0000,0.2727,0.0000,0.5455,0.0000,0.0909,0.0909,178.8192,148.7199,0.0047,7.0305,4.1572,40.0311,-0.0001,-0.0000,0.7183,0.3840,0.4927,12.2958,1.6613,0.0788,0.6949,4.5311,0.8535,1.6005,0.6515,0.6630,0.5317,0.0957,1.0008,-0.6774,-0.2579,1.9753,8.4253,-0.0502,0.9863,-0.8560,-0.2957,1.5542,-0.0001,0.0000,0.9091,0.0212,8089.1229,30.2475,427.7385,0.7803,0.0447,-90.0000,0.4944,0.4848,10.1803,-14.8915
21.5549,ASCEND,ASCEND,-0.0416,-0.0563,10.6751,6.9353,0.4737,0.5263,5.1932,0.5205,10.7533,40.3501,72.0000,0.0013,89.7675,31.9235,5.1932,0.0000,0.1579,0.1053,0.0526,0.2632,0.0526,0.2105,0.1579,172.5173,144.3246,0.0425,13.2382,43.8507,563.4037,-0.0001,-0.0000,7.8100,0.9076,0.4888,123.3197,44.5520,0.0194,1.9740,14.1693,0.3034,2.9389,3.4049,0.7856,0.9726,-0.1952,0.9997,0.2555,-0.5065,5.1550,25.3129,-0.0016,0.9874,0.1851,0.8697,-0.9737,-0.0001,-0.0000,0.8421,0.0263,8199.1274,33.4850,481.1497,0.7633,0.0742,-90.0000,0.4944,0.4848,6.6261,-3.7785
21.6216,ASCEND,ASCEND,1.2373,0.0365,6.8664,6.7801,0.5200,0.4800,3.4223,0.7684,7.3683,37.1026,66.0000,0.0011,84.5143,38.5805,3.4223,0.0400,0.1600,0.0400,0.0400,0.1200,0.1200,0.3200,0.1600,163.9648,144.3664,0.0820,7.2672,3.0507,37.2384,0.0001,0.0000,0.6237,0.3716,0.5043,9.7847,1.4221,0.0295,1.4479,1.7772,0.3693,3.4807,0.9113,0.4008,0.6062,-0.1629,0.9983,0.6011,-0.1907,3.4344,9.9240,0.0036,1.0204,0.1197,-3.1889,-1.9628,-0.0000,0.0001,0.8400,0.0304,8441.7984,35.9312,539.0775,0.6631,0.1138,-90.0000,0.4944,0.4848,9.6760,56.2208
21.6883,ASCEND,ASCEND,1.2509,0.1000,3.5176,8.2585,0.5926,0.4074,2.1197,0.6670,3.4598,15.3987,64.0000,0.0011,67.3895,36.1547,2.1197,0.0741,0.1852,0.2963,0.1481,0.0000,0.0370,0.1481,0.1111,163.6496,138.8890,0.1191,8.3264,3.8656,28.9538,0.0004,0.0000,0.7167,0.3773,0.4996,11.3263,3.6957,0.1916,1.3462,0.6688,0.4544,1.6991,2.2029,0.3913,1.2348,-0.2081,1.0017,0.2892,-0.3786,2.0729,9.8531,0.0449,0.9833,-0.0095,2.6381,-1.2364,-0.0001,-0.0000,0.8889,0.0326,8609.8864,38.1020,589.1335,0.6522,0.1513,-90.0000,0.4944,0.4848,14.1297,42.8402
21.7551,ASCEND,ASCEND,0.7748,0.0128,3.0490,5.6694,0.5312,0.4688,1.6153,0.5639,3.2977,15.9635,70.0000,0.0012,82.6726,34.0221,1.6153,0.0938,0.2188,0.1875,0.1562,0.0938,0.0938,0.1250,0.0312,159.0374,140.5688,0.0754,4.6888,2.3960,19.4989,-0.0001,-0.0000,0.4546,0.3095,0.4904,5.9831,0.9650,0.1810,2.1897,1.0825,0.4762,0.5181,0.5614,0.4237,1.0154,0.0012,1.0010,-0.3167,0.1953,1.6540,6.8294,0.0172,0.9978,-0.1819,0.1892,0.5372,-0.0000,0.0000,0.9375,0.0324,8770.1160,37.0839,558.5007,0.7033,0.1027,-90.0000,0.4944,0.4848,15.3938,17.8870
21.8218,ASCEND,ASCEND,1.3727,-0.3711,4.3265,8.9692,0.3333,0.6667,3.0529,1.7974,4.0475,14.1109,50.0000,0.0009,88.3073,31.7782,3.0529,0.1111,0.3333,0.1111,0.2222,0.0000,0.2222,0.0000,0.0000,157.0712,131.5285,0.1680,41.7324,18.3317,293.5512,0.0015,-0.0000,3.1160,0.8953,0.4837,74.7965,2.5797,0.1317,12.5558,26.5766,0.9772,6.3631,4.2802,1.0735,0.9179,0.1499,0.9982,-0.3767,1.5745,2.8804,9.0710,0.0694,0.9603,2.0634,12.2915,9.8350,0.0003,-0.0004,0.7778,0.0228,8737.2567,31.5553,447.5020,0.7855,0.0202,-90.0000,0.4944,0.4848,16.5170,44.4905
21.8885,ASCEND,ASCEND,0.6614,0.3462,1.5323,3.3781,0.7037,0.2963,1.1286,0.6611,1.5565,7.2613,59.0000,0.0010,69.6309,40.5340,1.1286,0.0370,0.0741,0.1852,0.0370,0.0741,0.1111,0.2963,0.1852,153.2120,133.0719,0.0011,2.6792,1.3273,11.3404,0.0002,-0.0000,0.2551,0.1988,0.4651,4.6819,0.0288,0.0013,1.1323,0.5949,0.3809,0.8656,0.4600,0.3165,0.7910,0.1323,1.0016,-0.3817,0.0387,1.0947,4.2244,0.0325,0.9990,-0.0067,0.3350,0.3025,0.0000,-0.0000,0.9259,0.0210,8603.2142,30.0272,429.3749,0.7850,0.0186,-90.0000,0.4944,0.4848,21.3318,-30.8854
21.9553,ASCEND,ASCEND,-0.3393,-0.0186,0.8945,0.3666,0.3235,0.6471,0.8758,0.3600,1.2198,5.2910,46.0000,0.0008,71.5861,42.1358,0.8758,0.0588,0.1471,0.1176,0.0294,0.1176,0.2941,0.2353,0.0000,162.3643,137.0638,0.0004,2.4444,1.1346,10.6330,0.0002,-0.0000,0.2290,0.1957,0.4782,3.3393,0.0000,0.0131,0.1437,0.4326,0.3564,0.3941,1.5963,0.2766,0.4572,0.1230,0.9979,-0.0355,0.3224,0.8380,3.2627,-0.0136,0.9994,-0.2154,-0.3614,1.2342,-0.0000,0.0000,0.9706,0.0238,8544.2564,30.7050,447.2199,0.7649,0.0202,-90.0000,0.4944,0.4848,12.3948,-71.1237
22.0220,ASCEND,ASCEND,3.0229,0.0000,10.9608,18.9780,0.4545,0.4545,8.1885,0.7118,15.8979,46.5427,50.0000,0.0009,90.4660,48.3909,8.1885,0.0909,0.0909,0.1818,0.1818,0.0000,0.0909,0.3636,0.0000,161.7069,123.0513,0.0038,10.4184,4.6124,45.7974,0.0002,0.0000,0.7992,0.5117,0.5062,19.5911,0.0098,0.0287,1.9352,0.5390,0.5916,7.6622,1.3440,0.7977,2.0239,-0.2295,1.0001,0.3003,-0.4547,8.1943,41.7670,-0.1204,0.9818,-0.1918,0.4560,-0.0200,-0.0001,-0.0000,0.8182,0.0288,8969.7128,34.3774,528.4028,0.7362,0.0781,-90.0000,0.4944,0.4848,11.8391,-13.1707
22.0887,ASCEND,ASCEND,2.3305,0.1138,8.2136,13.7601,0.7500,0.2500,4.0853,0.7558,10.0434,37.1441,61.0000,0.0011,105.0307,37.1554,4.0853,0.0000,0.2500,0.0833,0.0833,0.0000,0.0833,0.3333,0.1667,165.5133,136.0749,0.0471,15.4343,36.5909,483.6444,-0.0003,-0.0000,6.7125,0.6909,0.4837,153.9963,0.3105,0.1991,31.6578,2.2845,1.3470,20.5835,2.3165,0.6793,1.9596,-0.1245,1.0021,-0.1732,-0.4654,4.2401,19.3829,0.0395,1.0134,0.2094,-0.8597,-1.0192,0.0000,0.0000,0.9167,0.0301,8693.2637,35.3268,557.3211,0.6666,0.1119,-90.0000,0.4944,0.4848,10.6370,-11.4671
22.1555,ASCEND,ASCEND,-0.4551,-0.0540,1.6144,0.4617,0.2647,0.7353,1.0718,0.5823,1.5573,8.6240,60.0000,0.0010,75.1268,35.7605,1.0718,0.0882,0.0588,0.0882,0.1176,0.2059,0.2941,0.1471,0.0000,169.9196,133.2444,0.0638,15.2191,16.5898,243.3156,0.0002,-0.0000,2.9972,0.2498,0.4767,80.9745,9.9591,0.0430,12.6303,4.6607,0.3096,1.5347,1.4678,0.3396,1.5113,0.1620,0.9976,-0.0827,0.6054,0.9903,3.1627,-0.0169,0.9805,-0.4275,1.3537,2.6314,-0.0000,-0.0000,0.9706,0.0295,8718.0130,36.6873,567.6993,0.6247,0.1619,-90.0000,0.4944,0.4848,10.3086,-5.5373
22.2222,DESCEND,ASCEND,0.6152,-0.0099,2.1512,4.1964,0.4615,0.5385,1.6554,0.7189,2.0002,7.5130,34.0000,0.0006,61.8329,43.6148,1.6554,0.0769,0.0000,0.0000,0.1538,0.1538,0.1538,0.2308,0.2308,149.1710,130.7179,0.1268,14.5499,6.0917,76.7770,-0.0030,0.0000,1.0550,0.7758,0.5049,14.6187,0.4846,0.0923,4.4171,2.4006,0.3529,4.8241,5.4764,1.3327,1.9835,-0.1940,0.9925,1.3008,0.1712,1.6078,5.4849,0.0332,0.9498,0.5840,5.7430,2.7064,0.0001,-0.0003,0.8462,0.0303,9024.6475,39.7207,749.0637,0.6039,0.1299,-90.0000,0.4944,0.4848,9.8979,-13.6189
22.2889,DESCEND,ASCEND,-0.1496,-0.0141,0.4136,0.3513,0.4286,0.5714,0.6046,0.2805,0.7746,2.6528,68.0000,0.0012,69.7642,36.4893,0.6046,0.0000,0.0952,0.0476,0.0476,0.1905,0.1429,0.2381,0.2381,155.7608,131.5471,0.3124,27.3793,11.1009,95.5868,-0.0031,-0.0000,1.9441,1.3014,0.4822,33.7522,0.3204,3.2199,11.8930,1.6604,0.8641,17.3947,0.9107,0.8459,8.4382,0.0023,0.9985,0.3717,-0.1694,0.6970,2.1440,-0.0076,0.9694,0.4427,4.2682,2.8710,0.0000,-0.0002,1.0000,0.0353,8547.9189,38.5417,644.3990,0.4709,0.2261,-90.0000,0.4944,0.4848,8.4910,-15.0879
22.3557,STABLE,ASCEND,-5.3935,-0.2346,9.5797,0.3026,0.3750,0.6250,7.2437,1.1441,11.6995,33.7358,47.0000,0.0008,67.0580,21.5366,7.2437,0.3750,0.1250,0.0000,0.1250,0.2500,0.0000,0.1250,0.0000,126.8757,141.8924,3.1715,29.1819,10.3732,183.3310,-0.0036,0.0000,1.9658,1.6231,0.5155,82.2942,6.7802,5.6345,9.7030,13.7437,6.0854,13.9142,2.3066,2.0087,6.4076,-0.0182,0.9999,0.3536,0.1309,7.2589,28.7345,-0.1669,2.4455,7.6636,8.9680,-110.6592,0.0018,0.0048,0.7500,0.0277,2687.6584,29.4502,562.7342,0.1095,0.2482,-90.0000,0.4944,0.4848,7.8842,-11.5211
22.4224,STABLE,ASCEND,7.2914,0.0001,13.9582,32.7794,0.6250,0.3750,9.4104,0.0676,14.8267,44.3988,18.0000,0.0003,97.6631,30.6093,9.4104,0.1250,0.0000,0.3750,0.0000,0.2500,0.0000,0.1250,0.1250,157.6620,164.5400,0.8897,63.0459,21.8385,132.5988,-0.0247,-0.0000,3.2082,0.8651,0.4762,61.3185,35.7052,3.4571,0.9640,24.5160,3.7610,0.8196,11.6386,1.0812,1.3135,-0.0273,1.0001,0.0534,-0.1376,9.3939,35.3796,0.1217,2.8747,0.7734,-244.1465,-264.1861,0.0000,0.0071,0.7500,0.0157,766.8751,17.6476,536.3857,0.0501,0.0915,nan,nan,0.0000,6.9533,-42.5607
22.4891,STABLE,ASCEND,nan,nan,nan,nan,nan,nan,9.0528,9.0528,8.8846,17.9374,148.0000,0.0026,nan,nan,9.0528,0.0000,0.0000,0.0000,0.5000,0.0000,0.5000,0.0000,0.0000,nan,nan,6.5371,19.5739,7.5908,198.1384,-0.0665,-0.0029,1.6646,1.0727,0.4623,76.6498,4.8871,5.6891,12.4950,3.8270,10.7659,11.4655,3.6631,4.9166,14.6921,nan,nan,nan,nan,nan,nan,nan,nan,nan,nan,nan,nan,nan,nan,0.0862,4344.1977,54.3181,534.0024,0.2601,0.4738,-14.1391,0.3611,0.7359,2.2037,-20.0426
22.5559,STABLE,ASCEND,nan,nan,nan,nan,nan,nan,nan,nan,nan,nan,82.0000,0.0014,nan,nan,nan,nan,nan,nan,nan,nan,nan,nan,nan,nan,nan,3.5123,10.5584,4.0203,45.2891,0.0082,0.0000,0.9230,0.8640,0.5048,20.5837,6.1518,5.0127,3.1872,5.8003,4.6168,4.6699,2.8037,2.5086,3.4580,nan,nan,nan,nan,nan,nan,nan,nan,nan,nan,nan,nan,nan,nan,0.0357,8124.0004,35.2378,310.1535,0.7156,0.1211,-90.0000,0.4944,0.4848,4.2783,45.6599
22.6226,STABLE,ASCEND,0.0759,-0.0175,0.2667,0.5124,0.3750,0.6250,0.2249,0.0776,0.4436,1.3948,16.0000,0.0003,69.0353,40.8679,0.2249,0.0000,0.0000,0.3750,0.1250,0.0000,0.3750,0.0000,0.1250,159.5197,173.3106,0.5681,14.4672,6.0093,70.2670,-0.0022,0.0000,1.2524,1.1097,0.5118,16.6482,4.8848,4.9250,2.5370,5.0639,4.9819,3.1657,3.0649,1.5987,0.7317,-0.2878,1.0028,0.2278,-1.5859,0.2108,0.3355,0.0060,1.0630,-0.1669,-5.4779,-11.2412,-0.0000,0.0002,1.0000,0.0104,8402.8087,19.5762,382.3819,0.8414,0.0061,-90.0000,0.4944,0.4848,8.2978,-9.9963
22.6893,STABLE,ASCEND,0.0254,0.0000,0.0543,0.1401,0.2727,0.2727,0.0879,0.0002,0.1861,0.4898,22.0000,0.0004,65.1941,44.6902,0.0879,0.5455,0.0909,0.0909,0.0000,0.0909,0.0909,0.0909,0.0000,159.5197,173.3106,0.0000,87.6548,27.9908,145.0764,0.0145,0.0000,3.3905,0.9805,0.4931,80.3087,63.1281,0.0000,1.0210,26.4470,0.0000,3.5608,5.0223,0.0180,0.5814,-0.1233,1.0005,0.2732,-0.5482,0.0691,0.1217,-0.0043,1.0153,-0.0113,-0.7744,-3.0812,-0.0000,0.0000,1.0000,0.0142,8486.5275,21.0022,414.7503,0.8390,0.0068,-90.0000,0.4944,0.4848,2.9441,-58.9348
22.7561,STABLE,ASCEND,nan,nan,nan,nan,nan,nan,0.0784,0.0784,0.0782,0.1566,23.0000,0.0004,nan,nan,0.0784,1.0000,0.0000,0.0000,0.0000,0.0000,0.0000,0.0000,0.0000,nan,nan,0.0001,94.6660,28.7091,134.6773,0.0146,0.0000,3.3202,0.8999,0.5011,66.2246,55.5961,0.0000,1.4876,33.1563,0.1303,6.9605,4.9909,1.3673,0.2897,nan,nan,nan,nan,nan,nan,nan,nan,nan,nan,nan,nan,nan,nan,0.0163,8749.6189,26.2317,432.0056,0.8244,0.0187,-90.0000,0.4944,0.4848,0.4320,-52.6882
22.8228,STABLE,ASCEND,nan,nan,nan,nan,nan,nan,2.9517,2.9517,2.6754,5.6271,31.0000,0.0005,nan,nan,2.9517,0.0000,0.0000,0.0000,0.0000,0.0000,0.5000,0.5000,0.0000,nan,nan,0.0185,24.2232,14.9207,156.7930,-0.0004,-0.0000,2.8858,0.9346,0.4795,70.8894,1.3716,0.0380,16.7034,3.5952,0.9623,6.6481,6.9632,1.9446,3.3403,nan,nan,nan,nan,nan,nan,nan,nan,nan,nan,nan,nan,nan,nan,0.0313,8856.3113,37.0380,573.8709,0.6909,0.1181,-90.0000,0.4944,0.4848,-4.0880,-105.3862
22.8895,STABLE,ASCEND,-0.7542,-0.0363,1.5373,0.9414,0.4286,0.5714,2.1523,1.6839,1.6813,4.5380,48.0000,0.0008,84.8668,28.2536,2.1523,0.0000,0.0000,0.1429,0.4286,0.1429,0.2857,0.0000,0.0000,140.3368,168.5262,0.3131,19.9399,9.9118,163.3243,0.0065,0.0000,2.2650,1.6249,0.5344,42.2145,0.7641,0.3314,9.5508,3.4850,1.0429,4.9813,5.4591,2.7933,9.0719,-0.3190,0.9739,1.3736,2.3079,2.3429,5.8144,0.0298,nan,nan,nan,nan,nan,nan,nan,0.0306,9090.9684,38.7600,558.1285,0.6094,0.1876,-90.0000,0.4944,0.4848,-13.6336,-69.8190
22.9563,DESCEND,ASCEND,nan,nan,nan,nan,nan,nan,0.9261,0.9261,0.0000,0.9261,23.0000,0.0004,nan,nan,0.9261,0.0000,0.0000,1.0000,0.0000,0.0000,0.0000,0.0000,0.0000,nan,nan,0.7526,39.7153,13.9615,100.2665,0.0065,-0.0000,2.3721,1.4991,0.4786,48.0709,1.1152,1.5211,7.8142,21.1967,3.4807,12.6180,6.2158,4.0465,7.3660,nan,nan,nan,nan,nan,nan,nan,nan,nan,nan,nan,nan,nan,nan,0.0175,8350.2107,26.9179,428.0728,0.8283,0.0211,-90.0000,0.4944,0.4848,-13.4065,55.1965
23.0230,DESCEND,ASCEND,-1.0299,-0.4738,1.2171,0.1545,0.1667,0.8333,2.5083,1.1174,2.9295,8.6813,34.0000,0.0006,96.8910,44.8383,2.5083,0.1667,0.1667,0.1667,0.1667,0.0000,0.1667,0.1667,0.0000,132.5360,159.4413,0.0064,6.2277,5.3456,62.9700,0.0004,0.0000,1.0134,0.4925,0.5121,16.0696,0.0958,0.0044,1.6508,0.1102,0.1394,3.7082,1.1596,0.6205,5.3491,-0.1689,0.9907,1.0969,0.7934,2.3927,7.3136,-0.0389,nan,nan,nan,nan,nan,nan,nan,0.0165,8537.9045,25.9464,427.8260,0.7955,0.0215,-90.0000,0.4944,0.4848,-6.2667,104.7631
23.0897,STABLE,ASCEND,-2.6383,-0.1908,7.1494,1.0146,0.2500,0.7500,3.9757,0.7248,8.5150,26.4511,47.0000,0.0008,107.8400,34.0051,3.9757,0.0000,0.0000,0.1250,0.2500,0.0000,0.0000,0.3750,0.2500,129.6444,144.7233,0.0001,3.1461,2.2742,54.0978,0.0001,-0.0000,0.5699,0.2005,0.4893,18.5052,0.0000,0.0022,0.2357,1.2698,0.2424,2.1864,0.9503,0.4471,0.6181,-0.0945,1.0010,0.0236,-0.4021,4.0105,17.8357,-0.0823,1.0073,-0.1060,-3.2220,-1.8414,-0.0001,0.0001,0.8750,0.0204,8645.5989,28.5265,427.9638,0.7858,0.0276,-90.0000,0.4944,0.4848,0.5759,114.5499
23.1565,ASCEND,ASCEND,0.7725,-0.0761,3.9784,6.1692,0.3846,0.6154,2.7756,0.8619,5.5146,21.2909,33.0000,0.0006,66.8964,42.6933,2.7756,0.0769,0.0000,0.0769,0.0000,0.2308,0.3846,0.1538,0.0769,119.5997,145.4163,0.0076,7.9406,3.9004,33.1302,-0.0008,-0.0000,0.7309,0.4453,0.4738,12.0505,0.0097,0.0076,2.6075,0.3074,0.4876,3.4047,0.5656,1.0660,4.3291,-0.0047,0.9997,-0.2724,-0.5447,2.5153,11.9082,-0.0039,1.1226,5.7440,5.2064,-9.5235,0.0009,0.0001,0.8462,0.0268,8607.9660,34.1985,500.5970,0.7634,0.0495,-90.0000,0.4944,0.4848,9.0219,81.5106
23.2232,ASCEND,ASCEND,0.6426,0.0356,1.3572,2.8959,0.7143,0.2857,2.5233,0.3880,5.2482,15.3644,49.0000,0.0009,96.4405,25.8105,2.5233,0.1429,0.1429,0.2857,0.0000,0.0000,0.1429,0.1429,0.1429,132.8097,127.7573,0.0667,13.0343,4.4317,56.2308,0.0017,-0.0000,0.8351,0.8884,0.4932,29.9726,0.0001,0.0226,0.9686,2.4106,4.7364,6.5917,1.6080,2.8804,3.7586,0.0487,1.0007,0.0344,-0.0068,2.4829,10.9318,0.0152,nan,nan,nan,nan,nan,nan,nan,0.0292,8322.4414,35.3619,458.3757,0.7173,0.0388,-90.0000,0.4944,0.4848,11.4548,34.0484
23.2899,ASCEND,ASCEND,2.3986,0.4689,4.4071,11.3683,0.8182,0.1818,3.2333,1.2569,4.8967,15.8141,52.0000,0.0009,105.7977,41.3559,3.2333,0.0909,0.0909,0.0000,0.0000,0.1818,0.2727,0.3636,0.0000,140.2151,158.2738,0.5803,19.8231,11.1731,253.2681,-0.0020,-0.0000,2.4276,0.9762,0.4741,85.0710,0.3454,2.8515,2.2941,2.7754,4.7862,7.5274,5.1673,2.1758,12.9290,0.1469,1.0029,-0.6530,-0.5852,2.9748,12.2408,0.0303,0.9895,-0.1092,3.6050,0.9616,0.0001,-0.0001,0.8182,0.0267,7855.8656,32.3649,452.2865,0.6561,0.0448,-90.0000,0.4944,0.4848,13.5663,5.9810
23.3567,ASCEND,ASCEND,-1.1523,-0.0927,4.0180,2.5381,0.1667,0.8333,3.8174,2.0698,4.1490,11.8517,54.0000,0.0009,82.5684,57.4791,3.8174,0.5000,0.1667,0.1667,0.0000,0.1667,0.0000,0.0000,0.0000,127.5814,148.2868,1.3183,19.2240,7.1774,55.1706,-0.0062,0.0000,1.3046,1.4581,0.5188,12.6239,2.1095,5.8415,5.2888,3.8659,5.4676,5.6207,1.0503,1.0932,10.4167,-1.0640,1.0400,1.7345,-6.6761,5.8256,16.2936,-0.0262,nan,nan,nan,nan,nan,nan,nan,0.0354,8249.2261,39.4589,590.6100,0.6397,0.0822,-90.0000,0.4944,0.4848,12.2531,-4.3893
23.4234,STABLE,ASCEND,7.4746,0.2946,21.0837,39.9287,0.8000,0.2000,9.7225,1.0559,20.7393,70.6859,34.0000,0.0006,89.9587,42.9753,9.7225,0.3000,0.1000,0.0000,0.0000,0.3000,0.2000,0.1000,0.0000,121.9823,135.7263,0.3396,18.4465,12.3267,243.0248,0.0031,0.0000,2.7061,1.1609,0.4827,78.6738,8.0151,5.4242,0.3448,4.0224,4.4931,3.4972,10.3858,1.4275,0.6874,0.1093,1.0003,-0.4342,0.1577,9.7424,44.6625,0.2626,1.0402,3.3688,5.6072,-14.9127,0.0002,-0.0002,0.8000,0.0233,8423.5999,31.3698,458.2291,0.7698,0.0328,-90.0000,0.4944,0.4848,12.9804,30.3192
23.4901,DESCEND,ASCEND,0.0896,0.4323,0.9383,1.0689,0.6000,0.4000,1.5385,1.6633,0.4955,2.1027,28.0000,0.0005,99.2996,30.0683,1.5385,0.4000,0.0000,0.4000,0.0000,0.0000,0.0000,0.2000,0.0000,135.6411,137.7729,0.0103,14.1184,5.4858,67.6071,-0.0012,-0.0000,1.0515,0.5852,0.4846,23.1019,3.3175,0.0415,0.9333,5.4660,2.2892,3.7264,1.2823,1.3971,2.3509,nan,nan,nan,nan,nan,nan,nan,nan,nan,nan,nan,nan,nan,nan,0.0204,8714.7334,30.3030,455.8147,0.8077,0.0252,0.0000,0.9778,0.5556,16.2997,28.1984
23.5569,STABLE,ASCEND,-0.3001,-0.3895,0.6238,0.6278,0.3750,0.6250,0.9464,0.9065,0.2980,1.3638,43.0000,0.0007,86.0027,37.1563,0.9464,0.0000,0.0000,0.1250,0.1250,0.0000,0.0000,0.5000,0.2500,130.9232,144.4768,0.0021,12.7549,7.0273,146.6236,0.0106,0.0000,1.6913,0.4871,0.4987,57.1135,6.4166,0.0013,0.3283,0.6405,0.4070,1.3876,3.8747,1.2266,4.5817,-0.1487,0.9987,0.6557,-0.6574,0.7583,1.0998,-0.0071,1.0344,0.6266,-3.4388,-5.2789,0.0000,0.0001,1.0000,0.0186,8539.3082,28.8448,427.6911,0.7908,0.0174,-90.0000,0.4944,0.4848,16.7440,-34.6523
23.6236,STABLE,ASCEND,-2.6743,-0.0704,7.6022,3.0935,0.4667,0.5333,5.0487,0.8717,7.8336,27.7708,34.0000,0.0006,72.9262,35.9862,5.0487,0.0667,0.0667,0.0667,0.0667,0.2667,0.1333,0.2667,0.0667,143.5881,134.6729,0.0012,4.3717,2.0446,22.7143,-0.0004,0.0000,0.4036,0.2654,0.4946,8.2488,0.0004,0.0041,0.3076,0.8035,0.3041,1.9535,0.8930,0.4704,1.9788,-0.1370,1.0014,-0.0312,-0.5076,5.0875,21.4315,-0.1485,1.0014,0.1937,-1.3542,-2.2231,-0.0001,0.0000,0.6667,0.0254,8833.9055,32.7790,475.8015,0.7670,0.0355,-90.0000,0.4944,0.4848,11.6747,-60.6865
23.6903,STABLE,ASCEND,0.0471,0.0119,0.5983,0.9741,0.5714,0.4286,0.9153,0.6065,1.0521,4.1194,60.0000,0.0010,89.6864,35.7317,0.9153,0.0714,0.1429,0.1429,0.0714,0.0714,0.2143,0.2857,0.0000,157.6016,136.4128,0.0094,8.5771,3.5384,32.9056,-0.0002,-0.0000,0.6151,0.4138,0.4772,10.1842,0.1522,0.0594,1.4996,2.1233,1.4342,3.7747,1.1300,0.8379,0.5677,-0.0856,1.0005,0.0185,-0.6070,0.8965,2.3392,-0.0024,0.9861,-0.1547,2.0047,-0.3888,-0.0000,-0.0001,1.0000,0.0302,8586.2054,34.5128,516.9371,0.7662,0.0724,-90.0000,0.4944,0.4848,8.6444,-44.1351
23.7571,STABLE,ASCEND,0.0021,0.1528,4.2137,1.8241,0.7368,0.2632,2.3370,0.4571,4.8119,20.3044,73.0000,0.0013,66.1993,33.7386,2.3370,0.1579,0.1053,0.0789,0.1053,0.0789,0.0789,0.2105,0.1842,161.5242,137.9659,0.0226,6.5986,5.7866,149.0928,-0.0001,-0.0000,1.6678,0.2936,0.4938,34.6797,3.8847,0.0138,3.0725,2.4913,0.1332,0.9875,0.3302,0.3084,0.5148,0.1624,1.0026,-0.7091,0.0910,2.2800,12.8623,-0.0243,1.0019,-0.1151,0.0189,-0.1793,0.0000,-0.0000,0.8684,0.0276,8178.5231,33.8280,517.1653,0.7643,0.0624,-90.0000,0.4944,0.4848,5.7842,-22.6666
23.8238,ASCEND,ASCEND,2.8728,0.4484,5.6798,11.9522,0.6111,0.3889,4.9390,1.3625,5.6553,19.3138,50.0000,0.0009,80.9021,35.0991,4.9390,0.0556,0.1111,0.2778,0.2778,0.1667,0.0556,0.0556,0.0000,154.1340,137.7010,0.1052,12.3788,4.2471,29.2737,0.0005,0.0000,0.7029,0.7518,0.5186,7.3273,0.5450,0.0149,2.0933,2.3432,3.4917,7.0599,0.3801,2.7851,2.2518,-0.0618,0.9990,0.0091,0.3391,4.8059,14.5257,0.1264,0.9760,-0.2228,2.9640,2.9171,-0.0000,-0.0001,0.6111,0.0315,8241.0024,36.4925,510.8423,0.7252,0.0410,-90.0000,0.4944,0.4848,5.6191,-44.2041
23.8905,ASCEND,ASCEND,1.4893,0.3652,4.8248,9.3640,0.6923,0.3077,3.2011,0.7735,5.0362,17.4635,59.0000,0.0010,82.5833,35.0415,3.2011,0.0769,0.0769,0.2308,0.0769,0.2308,0.1538,0.0769,0.0769,146.1337,132.4421,0.7333,26.3849,9.4632,73.8009,0.0041,0.0000,1.3407,1.2884,0.4978,29.5914,2.8120,17.0085,2.5322,1.2382,9.9960,6.7631,0.7459,1.3426,2.5367,0.1309,1.0004,-0.6326,0.2449,3.1509,12.9258,0.0045,0.9838,-0.2630,2.4740,1.6729,0.0000,-0.0001,0.7692,0.0349,8580.3261,42.7742,645.2228,0.7143,0.0575,-90.0000,0.4944,0.4848,-0.1156,28.2898
23.9573,ASCEND,ASCEND,0.2003,0.1072,0.6739,1.2345,0.5000,0.5000,0.9997,1.0652,0.5572,1.7093,37.0000,0.0006,104.8127,22.0091,0.9997,0.1667,0.5000,0.0000,0.0000,0.0000,0.0000,0.1667,0.1667,143.3076,134.9627,0.6181,29.5842,13.9442,103.1901,-0.0121,-0.0000,1.9720,1.5654,0.4949,33.7942,3.2666,19.9184,9.8720,12.0801,8.8264,2.0482,3.0225,3.2296,0.2274,0.2569,1.0005,-0.1731,0.9716,0.8573,1.2285,0.0027,nan,nan,nan,nan,nan,nan,nan,0.0259,8862.9526,35.0180,546.7391,0.7640,0.0225,-90.0000,0.4944,0.4848,9.3949,72.5054
24.0240,ASCEND,ASCEND,0.0400,-0.0019,0.4120,0.6605,0.5000,0.5000,0.5661,0.5654,0.3056,1.1317,19.0000,0.0003,94.0406,30.1217,0.5661,0.2000,0.4000,0.2000,0.1000,0.0000,0.0000,0.1000,0.0000,155.7753,131.9656,0.0660,19.2962,133.6126,1687.6423,-0.0010,0.0000,23.0909,1.0917,0.5052,612.5549,3.6022,0.0188,135.5218,9.0143,1.4352,9.5110,2.9902,3.0113,0.5657,-0.0392,1.0003,0.0841,0.2141,0.4525,0.8497,0.0037,0.9764,-0.3855,2.3171,3.2654,-0.0000,-0.0001,1.0000,0.0215,8623.0902,32.3941,543.8386,0.8069,0.0218,-90.0000,0.4944,0.4848,9.5615,10.1355
24.0907,STABLE,ASCEND,-0.0420,0.1452,0.5231,0.4897,0.7000,0.3000,0.7975,0.5881,0.5477,2.0026,28.0000,0.0005,94.3324,30.6405,0.7975,0.1000,0.2000,0.2000,0.0000,0.0000,0.3000,0.2000,0.0000,155.7046,133.5157,0.0063,25.8065,9.7501,63.1289,-0.0061,0.0000,1.4831,0.5803,0.4828,41.2279,0.2734,0.0059,0.0974,15.6834,1.7004,0.3158,9.9637,0.9672,1.2670,-0.3154,1.0003,0.4872,-1.1707,0.6748,1.4553,-0.0040,0.9794,-1.1338,-4.6674,3.3509,-0.0002,0.0001,1.0000,0.0218,8384.9082,29.4290,465.7636,0.8115,0.0213,-45.0000,0.6000,0.5393,10.7476,-23.3866
24.1575,STABLE,ASCEND,0.6229,-0.0814,3.5725,9.1139,0.4118,0.5882,3.6180,0.6743,7.0061,27.2016,41.0000,0.0007,81.6963,29.7743,3.6180,0.2353,0.0588,0.0000,0.1176,0.1176,0.1765,0.1765,0.1176,150.2266,137.7097,0.0018,10.4541,3.2904,24.8970,0.0004,0.0000,0.5172,0.2918,0.4779,8.5069,0.0001,0.0029,0.3624,0.6728,4.6323,1.9710,0.4348,1.7845,1.4750,-0.0234,0.9998,0.3292,-0.0907,3.6023,15.9308,0.0105,1.4466,-2.5277,-48.2272,-53.6589,-0.0005,0.0025,0.7647,0.0213,8402.5324,29.8446,473.3835,0.7794,0.0228,-90.0000,0.4944,0.4848,6.4401,-58.5322
24.2242,STABLE,ASCEND,0.0476,-0.2106,1.8629,0.8844,0.2917,0.7083,1.0933,0.5226,1.9515,9.7660,30.0000,0.0005,83.7740,32.3556,1.0933,0.2500,0.1250,0.1250,0.0417,0.0833,0.0833,0.1250,0.1667,155.2043,145.1203,0.0019,3.6655,1.4405,11.4408,0.0001,0.0000,0.2561,0.1688,0.5135,4.2450,0.1833,0.0027,0.2775,0.0593,2.3805,0.3499,0.1657,0.6053,0.5979,-0.0336,0.9989,0.4887,0.0095,1.1117,3.0594,-0.0043,1.0163,0.2944,-2.3583,-1.8011,0.0000,0.0001,0.9583,0.0196,8481.3141,28.9611,450.2573,0.8140,0.0205,-90.0000,0.4944,0.4848,2.9355,-65.9513
24.2909,STABLE,ASCEND,0.1825,-0.0970,2.0789,1.8983,0.4444,0.5556,1.3600,0.7925,2.0229,9.3876,44.0000,0.0008,84.1261,34.2751,1.3600,0.0556,0.1111,0.1667,0.2222,0.1111,0.0000,0.2778,0.0556,157.5738,144.5679,0.0058,5.2689,2.9448,101.8162,0.0001,0.0000,0.8778,0.3387,0.4892,45.8483,0.6815,0.0024,0.6465,0.9999,0.8081,2.5395,0.9827,0.3870,1.1217,-0.0312,0.9989,0.2150,0.1163,1.3677,3.1708,-0.0056,1.0100,0.0197,-2.0677,-1.6708,-0.0000,0.0001,0.9444,0.0227,8601.7808,30.8173,451.1643,0.7870,0.0192,-90.0000,0.4944,0.4848,-2.3622,-29.3335
24.3577,STABLE,ASCEND,-0.1764,-0.0070,0.7505,0.5862,0.4412,0.5588,0.5569,0.3278,0.7371,3.4093,48.0000,0.0008,73.8769,35.1277,0.5569,0.0294,0.0588,0.0882,0.2353,0.1176,0.0294,0.2647,0.1765,167.9379,140.7140,0.0064,1.4053,0.8659,15.0615,-0.0001,0.0000,0.2263,0.1410,0.4979,8.8227,0.1372,0.0143,0.2786,0.5103,0.0922,0.7788,0.4032,0.2283,0.2791,-0.0133,0.9974,0.5395,0.1450,0.6199,2.1146,-0.0029,1.0003,-0.1279,-0.7017,0.0857,-0.0000,0.0000,1.0000,0.0227,8666.6841,31.5470,456.7580,0.7764,0.0212,-90.0000,0.4944,0.4848,-0.9795,10.9457
24.4244,DESCEND,ASCEND,-0.2108,-0.0719,0.9538,0.5021,0.3488,0.6512,0.5862,0.2810,1.0423,6.5135,51.0000,0.0009,77.3591,35.2077,0.5862,0.1163,0.1163,0.1395,0.2093,0.0698,0.0930,0.1163,0.1395,171.2169,140.3615,0.0027,1.4661,1.0973,16.2343,-0.0002,-0.0000,0.2585,0.1192,0.4765,3.1105,0.0498,0.0026,0.7016,0.0266,0.0891,0.9025,0.1816,0.2029,0.7747,0.0254,0.9993,0.0115,0.0943,0.6073,1.7920,-0.0088,1.0081,-0.0016,-1.7592,-0.3143,0.0000,0.0000,0.9767,0.0229,8701.8524,31.4605,457.1626,0.7747,0.0211,-90.0000,0.4944,0.4848,-0.9013,-7.3515
24.4911,DESCEND,ASCEND,0.8405,0.3893,5.1747,7.6482,0.6538,0.3462,3.4881,0.6863,6.5347,26.8052,46.0000,0.0008,72.3092,40.0100,3.4881,0.1154,0.0769,0.2308,0.0385,0.0769,0.0385,0.1923,0.2308,175.7247,137.0460,0.0404,9.8454,3.5520,42.0238,-0.0010,0.0000,0.7439,0.4032,0.5093,11.9320,0.3556,0.0005,0.3554,5.0983,1.7973,1.9471,0.8359,1.2799,0.8799,0.0208,1.0025,-0.4054,-0.3134,3.4750,18.1438,0.0080,0.9736,-0.0669,6.3702,2.0068,0.0000,-0.0002,0.8462,0.0309,8651.9723,38.8201,667.3135,0.7664,0.0260,-90.0000,0.4944,0.4848,-1.9607,-13.4377
24.5579,DESCEND,ASCEND,-0.3706,-0.0042,1.9150,0.3417,0.4483,0.5517,1.0418,0.2295,3.4867,19.2059,54.0000,0.0009,74.7717,41.3302,1.0418,0.0690,0.1379,0.1379,0.1034,0.0000,0.0690,0.2759,0.2069,176.8662,131.8212,0.0134,5.2029,2.4687,31.2941,0.0006,0.0000,0.5981,0.3174,0.4992,18.2375,1.3617,0.0000,0.0768,2.6451,0.7305,1.8365,0.5792,0.5991,0.5720,0.0077,0.9992,0.1217,0.1181,1.0562,2.3624,0.0236,0.9982,-0.1510,-0.1266,0.3600,-0.0000,0.0000,0.9655,0.0320,8749.9446,39.9885,666.7660,0.7587,0.0288,-90.0000,0.4944,0.4848,-2.6948,-8.1215
24.6246,DESCEND,ASCEND,-0.8470,-0.1421,3.4948,1.5302,0.4091,0.5909,1.7866,0.7326,4.2242,20.8575,27.0000,0.0005,68.0831,39.5471,1.7866,0.0909,0.0909,0.2273,0.2273,0.0000,0.0455,0.1818,0.1364,172.4651,131.6652,0.1120,11.0766,7.4820,125.1973,0.0018,-0.0000,1.3655,0.7146,0.4789,48.5656,5.2637,0.0077,1.5133,8.3426,0.5859,2.2041,1.1032,0.8299,2.0146,0.0621,0.9982,0.1981,0.5007,1.7816,2.4703,-0.0377,0.9984,-0.1757,-0.2959,0.2584,-0.0000,0.0000,0.9545,0.0245,8705.4940,32.4303,499.3710,0.7753,0.0210,-90.0000,0.4944,0.4848,-3.0446,32.4417
24.6913,DESCEND,ASCEND,-0.2561,0.0127,1.8577,0.8425,0.5000,0.5000,1.0878,0.5925,1.9065,8.5352,30.0000,0.0005,67.2624,39.5009,1.0878,0.1111,0.0000,0.1667,0.1111,0.1667,0.2222,0.1111,0.1111,162.6735,131.8037,0.0038,4.1020,2.1695,33.6526,-0.0048,-0.0000,0.4933,0.2187,0.4886,11.9564,0.0033,0.0024,1.2378,0.0887,0.1567,1.4907,1.1778,0.2994,1.6623,0.0592,1.0021,-0.6782,-0.3037,1.1520,2.7358,-0.0174,1.0001,-0.2055,-1.3659,1.2949,0.0000,0.0000,0.9444,0.0214,8648.0160,29.7334,459.5645,0.7818,0.0236,-90.0000,0.4944,0.4848,1.6351,63.2480
24.7581,DESCEND,ASCEND,0.5864,0.1727,1.4595,2.8447,0.6429,0.3571,1.1638,0.5051,1.6274,6.5193,25.0000,0.0004,76.5745,37.2831,1.1638,0.1429,0.0000,0.0000,0.2143,0.1429,0.2143,0.1429,0.1429,152.9846,138.3208,0.0030,4.6028,15.3106,385.4158,-0.0001,0.0000,3.6148,0.2799,0.4916,77.8774,9.5357,0.7163,1.0164,0.5099,0.8280,0.9645,0.3668,0.2666,0.2499,0.2693,1.0008,-0.7793,0.0214,1.0947,3.4233,0.0198,1.0483,-0.0603,-0.5957,-5.8528,0.0000,0.0002,0.8571,0.0236,8452.3096,29.6308,456.3900,0.7881,0.0250,-90.0000,0.4944,0.4848,5.3969,-68.4186
24.8248,ASCEND,ASCEND,-0.1707,-0.0271,0.7333,0.6216,0.4286,0.5714,0.9567,0.7494,0.7419,2.2922,56.0000,0.0010,92.4980,40.7573,0.9567,0.0000,0.2857,0.0000,0.1429,0.1429,0.1429,0.2857,0.0000,146.6542,155.7353,0.0204,9.3177,3.8322,35.3862,0.0001,0.0000,0.7877,0.6232,0.5024,12.3415,0.9175,0.7914,1.0607,3.1164,1.6485,1.2078,3.4614,0.9441,1.0371,-0.2753,0.9994,0.5200,-0.3372,0.9631,1.6070,0.0018,nan,nan,nan,nan,nan,nan,nan,0.0235,8500.6537,31.7635,508.7225,0.7618,0.0657,-90.0000,0.4944,0.4848,-7.4965,9.4308
24.8915,ASCEND,ASCEND,0.6988,0.0846,1.6847,3.6488,0.5000,0.5000,1.5078,1.0287,1.6078,7.4641,39.0000,0.0007,71.8017,33.8508,1.5078,0.1000,0.0333,0.0667,0.1667,0.1333,0.2000,0.1667,0.1333,161.6237,148.0324,0.0231,17.4088,52.3706,789.4454,0.0034,0.0000,10.9759,0.5838,0.5079,262.0304,49.0351,0.0687,1.0031,3.8398,0.2618,0.6496,19.5850,1.5046,0.3788,-0.0066,1.0014,-0.1009,-0.6218,1.5197,4.0823,0.0192,0.9382,-0.0268,10.4114,5.1591,-0.0000,-0.0003,0.9333,0.0250,8165.7875,32.1063,482.9068,0.7484,0.0692,-90.0000,0.4944,0.4848,6.6556,192.3006
24.9583,ASCEND,ASCEND,1.2030,0.1089,4.2142,7.1792,0.6154,0.3846,2.7826,1.2856,3.8739,15.1423,62.0000,0.0011,93.7530,35.5457,2.7826,0.0000,0.1538,0.2308,0.2308,0.0000,0.0000,0.1538,0.2308,165.2883,137.3923,0.0104,8.3497,3.4084,38.6539,-0.0052,-0.0000,0.5877,0.3280,0.4931,18.0014,2.6917,0.0664,0.1742,1.8971,0.3152,0.7794,2.9020,1.6740,0.6277,-0.0165,1.0036,-0.5753,-0.5772,2.8206,9.8386,0.0224,1.0514,-0.9085,-6.0385,-4.8649,-0.0002,0.0004,0.7692,0.0215,8346.1775,28.7856,466.8408,0.7886,0.0338,-90.0000,0.4944,0.4848,18.1692,192.1235
25.0250,ASCEND,ASCEND,1.6548,0.0038,5.8706,11.5565,0.5500,0.4500,3.4650,0.8603,5.8864,24.0140,64.0000,0.0011,91.3719,33.3720,3.4650,0.1000,0.1500,0.1000,0.2000,0.2500,0.1000,0.0500,0.0500,155.8521,134.6121,0.0044,4.8813,26.5798,505.2740,-0.0001,0.0000,5.3803,0.3597,0.5137,76.7725,29.1376,0.1098,0.2348,2.4933,0.4557,0.7318,0.3501,0.2844,0.3205,0.0062,0.9984,-0.0763,0.0751,3.4878,13.6812,0.0467,1.0201,0.2440,0.1341,-1.2257,0.0001,0.0001,0.8000,0.0201,8489.5839,28.1640,455.1336,0.7863,0.0290,-90.0000,0.4944,0.4848,32.2977,175.3909
25.0917,ASCEND,ASCEND,2.2779,0.3001,5.8474,18.5418,0.7619,0.2381,3.0292,0.9885,5.9023,22.2966,51.0000,0.0009,85.7037,37.7898,3.0292,0.1429,0.1429,0.1429,0.2857,0.0952,0.0476,0.0476,0.0952,160.1037,129.0637,0.0036,6.3238,13.0812,386.3507,-0.0000,0.0000,3.4022,0.3727,0.5075,71.5079,11.3246,0.1620,0.7076,3.5771,0.4139,0.5160,0.7549,0.4223,0.1085,-0.0784,1.0013,-0.3597,-0.0908,3.0029,19.9247,0.1370,0.9920,-0.6442,0.4455,2.7465,-0.0001,0.0000,0.9048,0.0177,8540.6614,27.2270,472.0944,0.7885,0.0267,-90.0000,0.4944,0.4848,41.5781,113.9324
25.1585,ASCEND,ASCEND,0.1973,0.0168,0.8440,1.3788,0.5909,0.4091,0.8047,0.3158,1.0458,4.0884,36.0000,0.0006,86.1544,44.4583,0.8047,0.2273,0.1818,0.1818,0.0909,0.0455,0.1364,0.1364,0.0000,162.7515,122.6683,0.0018,4.6861,4.4524,43.0493,0.0008,0.0000,0.7566,0.2238,0.4914,19.6746,0.1453,0.0062,1.2257,4.8829,0.0410,0.5213,2.0975,0.4960,0.0837,-0.0124,0.9997,0.1215,0.4026,0.9114,2.2391,0.0130,1.0086,-0.2674,-1.1499,0.4895,-0.0000,0.0001,1.0000,0.0160,8499.3819,27.2441,471.1903,0.7919,0.0223,-90.0000,0.4944,0.4848,47.5038,56.6175
25.2252,ASCEND,ASCEND,nan,nan,nan,nan,nan,nan,2.0344,0.5724,2.8707,6.9882,40.0000,0.0007,nan,nan,2.0344,0.0000,0.0000,0.2500,0.0000,0.2500,0.2500,0.2500,0.0000,nan,nan,0.0011,8.0351,5.8455,242.4341,-0.0010,-0.0000,2.1245,0.5091,0.4781,88.1858,0.1352,0.1229,2.5020,3.4486,0.5416,1.0765,3.7921,1.6332,1.0528,nan,nan,nan,nan,nan,nan,nan,nan,nan,nan,nan,nan,nan,nan,0.0261,8877.6371,31.7433,491.5660,0.7814,0.0666,-90.0000,0.4944,0.4848,49.1346,7.7150
25.2919,ASCEND,ASCEND,15.3367,1.7470,28.7349,58.6693,0.8000,0.2000,18.3529,2.3125,32.3517,83.0549,36.0000,0.0006,120.6962,23.0278,18.3529,0.0000,0.2000,0.0000,0.0000,0.2000,0.0000,0.6000,0.0000,151.0856,144.8327,0.0851,25.6293,8.8657,74.3380,-0.0061,-0.0000,1.7802,1.3303,0.4840,32.4813,5.8733,0.2461,4.5493,5.4323,2.4742,3.8819,9.2425,2.5021,3.0719,nan,nan,nan,nan,nan,nan,nan,nan,nan,nan,nan,nan,nan,nan,0.0271,9987.1229,38.0651,851.1074,0.5670,0.0875,-90.0000,0.4944,0.4848,48.5335,-43.0018
25.3587,ASCEND,ASCEND,1.3245,0.2384,2.3906,5.1752,0.8333,0.1667,4.8993,0.6762,9.3658,25.8357,32.0000,0.0006,59.0220,50.1473,4.8993,0.0000,0.0000,0.1667,0.1667,0.3333,0.3333,0.0000,0.0000,164.6161,132.2181,0.4924,33.5394,24.6808,458.1306,0.0007,-0.0000,5.4822,1.2655,0.4719,146.7872,15.5562,4.2960,1.5252,7.2064,2.2852,2.6011,24.5465,0.8807,2.8407,-0.0693,0.9986,-0.1214,-0.4006,4.6620,19.7729,0.0132,nan,nan,nan,nan,nan,nan,nan,0.0252,7980.6220,31.0724,527.1785,0.3323,0.1906,-90.0000,0.4944,0.4848,43.3953,-73.9423
25.4254,ASCEND,ASCEND,2.0010,0.0680,7.2849,9.3593,0.6667,0.3333,3.2334,0.4012,9.9969,40.5978,51.0000,0.0009,53.9487,34.4062,3.2334,0.3333,0.3333,0.1333,0.0667,0.0000,0.0667,0.0000,0.0667,169.8316,123.0570,0.5250,20.3512,8.0664,57.2705,-0.0162,0.0000,1.0083,1.0951,0.5080,17.3020,2.2340,9.9190,1.5138,7.5957,3.5853,2.3773,13.7895,0.6296,0.6443,0.0184,1.0010,-0.0761,0.3963,3.1314,13.1671,0.0606,1.0273,0.5713,-3.5713,-2.6104,0.0001,0.0000,0.9333,0.0318,9479.7454,39.1009,697.4310,0.3930,0.2169,-90.0000,0.4944,0.4848,38.6647,-93.8941
25.4921,ASCEND,ASCEND,0.1745,0.1178,0.4457,0.8258,0.6000,0.4000,1.3918,1.0189,0.8826,2.8867,38.0000,0.0007,105.3534,36.3822,1.3918,0.0000,0.4000,0.0000,0.0000,0.0000,0.2000,0.2000,0.2000,185.0640,129.6661,1.3831,24.2376,10.3301,155.4875,-0.0097,0.0000,1.8773,1.3470,0.5222,37.1981,8.3804,3.2910,2.8290,14.6930,3.0836,6.7384,5.5923,2.4907,1.9718,nan,nan,nan,nan,nan,nan,nan,nan,nan,nan,nan,nan,nan,nan,0.0323,8346.8847,39.4421,571.3495,0.6690,0.1155,-90.0000,0.4944,0.4848,30.8636,-119.6244
25.5589,ASCEND,ASCEND,0.3054,0.0336,0.8395,1.8108,0.6000,0.4000,1.6925,1.1174,1.9049,7.1377,59.0000,0.0010,89.9554,41.3672,1.6925,0.1000,0.2000,0.2000,0.2000,0.1000,0.2000,0.0000,0.0000,174.4934,121.0409,0.2616,10.8751,4.7496,58.9241,-0.0003,0.0000,0.9457,0.5663,0.4932,26.4508,3.8977,0.3696,1.7540,2.2818,0.8999,3.5025,0.6998,0.7595,1.7270,-0.2216,1.0022,-0.1221,-0.2881,1.4579,4.0990,0.0020,0.9771,-0.2442,4.5101,1.6093,-0.0000,-0.0001,0.9000,0.0270,8594.1031,34.1197,477.9025,0.7547,0.0563,-90.0000,0.4944,0.4848,22.6988,-125.3657
25.6256,ASCEND,ASCEND,-0.6596,-0.0088,2.3439,2.2943,0.4000,0.6000,2.4506,1.0046,2.6379,7.8796,29.0000,0.0005,74.6902,42.3696,2.4506,0.1000,0.1000,0.5000,0.0000,0.1000,0.1000,0.0000,0.1000,172.0925,124.1394,0.1462,25.4953,10.0587,77.5133,0.0010,-0.0000,1.4083,0.7878,0.4862,36.9128,0.7065,0.2649,2.3630,19.3639,0.5534,4.8825,1.8813,1.0632,1.4525,0.0235,0.9973,0.2419,0.9207,2.3852,6.6672,-0.0218,0.3603,1.7210,93.9791,54.0724,0.0002,-0.0031,0.8000,0.0192,8611.6088,29.4515,437.5962,0.7872,0.0187,-90.0000,0.4944,0.4848,14.1314,-163.9522
25.6923,ASCEND,ASCEND,-0.0520,-0.0113,0.2382,0.2501,0.5000,0.5000,0.4141,0.3481,0.2742,1.1948,35.0000,0.0006,77.8743,40.1016,0.4141,0.1538,0.1538,0.2692,0.0385,0.0769,0.1538,0.1538,0.0000,170.2106,139.4130,0.0004,1.3950,3.8497,41.9662,-0.0000,0.0000,0.6904,0.1132,0.4961,17.8181,0.0002,0.0012,1.2999,0.0756,0.3011,3.8130,0.2112,0.3551,0.3057,0.0216,0.9991,0.0242,0.2052,0.4133,0.9109,-0.0012,0.9952,-0.2000,-0.0631,0.9576,-0.0000,0.0000,1.0000,0.0203,8517.0008,28.9773,440.3409,0.8139,0.0187,-90.0000,0.4944,0.4848,0.8167,-229.9494
25.7591,STABLE,ASCEND,0.2248,-0.0432,2.7375,3.6051,0.4286,0.5714,1.9061,0.9432,2.9855,10.6400,30.0000,0.0005,88.4715,35.4626,1.9061,0.0000,0.2857,0.2143,0.0000,0.0714,0.2143,0.2143,0.0000,172.6469,159.7565,0.0005,9.6880,5.4875,54.3800,-0.0025,-0.0000,0.9894,0.3583,0.4892,23.1217,0.0001,0.0074,3.1481,1.0329,0.7178,4.7554,2.0209,2.0681,0.4173,-0.1555,1.0009,0.3260,-0.3815,1.9237,8.2736,0.0156,1.0021,-0.0211,-0.6945,1.2346,0.0000,0.0000,0.8571,0.0227,8460.4805,29.7476,468.4082,0.7811,0.0252,-90.0000,0.4944,0.4848,-16.5592,-41.9061
25.8258,STABLE,ASCEND,0.6660,0.1181,1.2975,3.5801,0.7143,0.2857,1.1937,0.5275,1.4299,4.3830,33.0000,0.0006,93.0004,34.0023,1.1937,0.1429,0.0714,0.0714,0.0000,0.0000,0.2143,0.3571,0.1429,175.2419,164.2930,0.0031,7.4686,3.5127,35.0389,-0.0001,-0.0000,0.6198,0.3734,0.4879,13.1923,0.0000,0.0076,0.1232,4.2312,1.2133,2.2100,1.1596,1.5930,0.7657,0.7052,1.0034,-1.9534,0.1757,1.2918,2.4065,-0.0091,1.0731,-1.3169,-7.9568,-7.5397,-0.0001,0.0004,0.9286,0.0223,8373.4126,29.6622,466.7125,0.7847,0.0259,-90.0000,0.4944,0.4848,-4.7764,85.4593
25.8925,STABLE,ASCEND,-0.7881,-0.0274,8.0000,8.3915,0.4000,0.6000,4.8121,1.3412,7.6159,23.7792,48.0000,0.0008,102.7867,34.7493,4.8121,0.0000,0.2000,0.1000,0.0000,0.0000,0.1000,0.5000,0.1000,177.0687,150.4200,0.0368,39.8945,16.4580,717.9102,-0.0006,0.0000,4.6311,0.4998,0.4993,285.7004,11.9164,0.0306,9.2668,19.4652,0.4646,1.2361,0.7597,0.6403,0.5123,0.0093,0.9994,0.2347,-0.5203,4.6941,19.4129,-0.0132,1.0235,-0.0981,-4.5044,-2.2900,-0.0000,0.0002,0.8000,0.0223,8513.6070,30.8421,495.7708,0.7732,0.0429,-90.0000,0.4944,0.4848,-5.1532,58.7045
25.9593,DESCEND,ASCEND,-0.0419,-0.1525,0.6138,0.9070,0.3333,0.6667,1.1595,0.9117,0.8972,2.9485,49.0000,0.0009,109.3347,33.5518,1.1595,0.0000,0.3333,0.0000,0.1667,0.0000,0.3333,0.1667,0.0000,165.8826,116.2905,0.0308,16.0391,15.2206,335.1648,0.0004,0.0000,3.3154,0.8886,0.5078,106.4602,9.6267,0.0760,4.4353,5.6505,1.3312,1.9056,5.4232,0.7915,0.8662,0.2086,0.9979,-0.2497,0.5948,1.1951,3.0970,0.0021,nan,nan,nan,nan,nan,nan,nan,0.0249,7831.2588,31.8287,482.7086,0.7929,0.0512,-90.0000,0.4944,0.4848,3.0587,2.1845
26.0260,DESCEND,ASCEND,-0.5955,-0.0259,2.1791,1.0395,0.4211,0.5789,1.2782,0.5172,2.1416,9.3666,51.0000,0.0009,76.8840,39.4765,1.2782,0.1579,0.0526,0.0000,0.0526,0.1053,0.1579,0.3158,0.1579,163.6666,114.9329,0.0269,24.9815,44.0740,554.3999,0.0002,0.0000,8.0797,0.6688,0.5038,159.6205,28.0673,0.0191,34.4100,1.0239,0.2304,2.9796,9.7762,0.2681,1.8758,-0.0610,0.9999,0.1237,-0.3866,1.2682,4.7922,-0.0242,1.0358,-0.1446,-7.4972,-0.4977,0.0000,0.0002,0.9474,0.0276,7863.9902,32.9046,542.2805,0.7309,0.0977,-90.0000,0.4944,0.4848,-4.8616,-88.6117
26.0927,DESCEND,ASCEND,-0.5857,-0.0339,5.7759,3.2052,0.4211,0.5789,3.9204,0.5375,8.1325,33.5943,43.0000,0.0007,73.6045,35.9536,3.9204,0.0000,0.1053,0.1053,0.1053,0.0526,0.2632,0.2105,0.1579,153.8451,111.8968,0.1037,7.3288,5.9047,233.5329,-0.0003,-0.0000,1.6493,0.4341,0.4941,100.3874,2.2395,0.0865,2.6549,2.2469,0.3407,3.4666,1.1601,0.4315,1.4222,0.0517,0.9992,-0.0656,-0.0134,3.8747,16.2850,-0.0146,0.9979,-0.7430,-2.2282,1.9433,-0.0000,0.0001,0.8421,0.0314,8339.5157,37.4322,623.2894,0.6273,0.1564,-90.0000,0.4944,0.4848,-8.7680,-66.9840
26.1595,DESCEND,ASCEND,-0.7963,0.0338,3.4046,1.1583,0.6667,0.3333,1.5363,0.4021,3.3124,16.6809,59.0000,0.0010,71.0317,37.4930,1.5363,0.0370,0.1481,0.1111,0.1481,0.1111,0.1481,0.1111,0.1852,160.8204,120.8744,0.1109,5.9434,4.0293,59.2994,-0.0002,0.0000,0.7854,0.3994,0.5088,14.0156,2.1864,0.2434,0.4979,3.5342,0.9865,1.4036,1.4279,0.2728,0.5011,-0.1228,1.0019,-0.2210,-0.4844,1.6254,6.0738,0.0008,0.9963,-0.0164,0.2955,0.0400,-0.0000,-0.0000,0.8889,0.0309,8614.1066,36.8657,622.8217,0.6189,0.1592,-90.0000,0.4944,0.4848,-13.8018,-51.8246
26.2262,DESCEND,ASCEND,-0.0371,-0.0321,2.2922,2.2843,0.4615,0.5385,1.8455,0.9173,3.0084,14.0960,54.0000,0.0009,74.6952,37.2233,1.8455,0.0385,0.0385,0.1923,0.0769,0.2308,0.1154,0.1538,0.1538,155.9604,124.8522,0.0957,13.5640,10.4443,297.7240,-0.0007,-0.0000,2.3967,0.4248,0.4851,119.3517,7.3202,0.0490,4.1185,7.3210,1.0954,1.7125,1.3407,0.4345,1.0771,0.0352,0.9973,0.3278,0.0429,1.8146,7.8530,0.0089,0.9821,-0.1308,2.7619,2.1142,0.0000,-0.0001,0.9231,0.0295,8249.5098,35.1836,575.9711,0.6603,0.1662,-90.0000,0.4944,0.4848,-15.6849,-34.4123
26.2929,DESCEND,ASCEND,0.3322,-0.2125,1.8715,3.3756,0.3000,0.7000,1.9734,0.4546,3.9975,13.9014,38.0000,0.0007,64.5597,31.8185,1.9734,0.1000,0.0000,0.0000,0.0000,0.2000,0.2000,0.3000,0.2000,129.1828,113.2923,0.2050,16.5516,12.5999,308.1461,-0.0078,0.0000,3.2111,1.1894,0.5194,109.8057,0.6047,0.3989,9.0327,2.6278,0.4069,7.4118,9.6272,1.6892,2.2841,-0.1941,0.9968,0.9613,-0.3671,1.8491,7.9689,0.0174,1.0006,0.6521,2.4266,-1.5113,0.0001,-0.0001,0.9000,0.0346,8160.2596,39.6839,665.3988,0.5624,0.2124,-90.0000,0.4944,0.4848,-18.3947,2.4349
26.3597,STABLE,ASCEND,-0.7802,-0.0057,5.1050,0.9503,0.5000,0.5000,7.3458,0.2273,18.6807,66.5335,72.0000,0.0013,84.4372,43.8190,7.3458,0.0909,0.0909,0.2273,0.0455,0.2273,0.1818,0.0455,0.0909,143.0390,130.2249,0.1776,18.1508,7.6827,55.7182,0.0028,0.0000,1.3366,1.0731,0.5282,13.5584,1.8683,2.8938,12.7387,0.9289,0.6592,9.8336,0.8610,0.3419,2.6574,-0.0449,0.9998,0.0334,-0.1255,7.3648,61.7258,-0.0189,0.9784,0.2267,1.9764,3.2090,0.0000,-0.0001,0.8182,0.0417,8000.0457,38.4341,604.0817,0.5111,0.2629,-90.0000,0.4944,0.4848,-15.3599,39.9987
26.4264,STABLE,ASCEND,-6.9685,-0.0108,14.4689,2.3789,0.4615,0.5385,19.6149,0.9820,24.4738,73.1572,63.0000,0.0011,100.9328,34.9445,19.6149,0.0000,0.1538,0.3846,0.0000,0.0000,0.1538,0.1538,0.1538,162.8252,132.6018,1.1811,15.6104,5.9017,36.2560,-0.0026,0.0000,1.0267,0.9400,0.5045,14.2982,4.8834,7.4204,5.6316,2.5630,2.3182,7.1488,1.8350,0.7803,2.9562,0.1019,1.0008,-0.1672,0.0261,19.7299,61.0690,-0.1860,1.0148,0.2088,2.0821,-1.8071,0.0000,-0.0000,0.5385,0.0475,6220.2719,41.5617,746.0955,0.2706,0.3809,33.9675,0.6000,0.6240,-13.0562,40.2138
26.4931,STABLE,ASCEND,1.1546,0.0016,2.3972,6.8951,0.5000,0.5000,3.9091,0.6813,8.2145,31.4718,84.0000,0.0015,90.3820,38.6321,3.9091,0.0000,0.1875,0.0000,0.2500,0.0625,0.0000,0.3125,0.1875,168.1296,139.0427,2.2250,19.0443,13.2536,345.6057,0.0029,-0.0000,3.0397,0.8925,0.4827,154.6132,7.4297,6.1872,2.9242,7.7818,5.6605,4.8649,8.6310,0.7244,4.5862,0.0270,1.0017,-0.2243,-0.3029,3.9503,20.4982,0.0190,0.9582,-0.0536,-1.5576,4.5375,-0.0001,-0.0001,0.7500,0.0515,3889.7924,45.5186,747.0377,0.1455,0.3976,18.7258,0.3111,0.6787,-9.9927,49.7526
26.5599,STABLE,ASCEND,nan,nan,nan,nan,nan,nan,nan,nan,nan,nan,41.0000,0.0007,nan,nan,nan,nan,nan,nan,nan,nan,nan,nan,nan,nan,nan,4.4319,21.4708,14.4749,262.4123,0.0203,-0.0000,3.5354,1.6334,0.4854,76.4523,2.7404,3.1690,6.7150,8.1711,5.6456,6.6500,15.3913,5.7204,13.7951,nan,nan,nan,nan,nan,nan,nan,nan,nan,nan,nan,nan,nan,nan,0.0282,9085.9825,29.7956,277.8904,0.7216,0.1359,-90.0000,0.4944,0.4848,-6.4159,26.5494
26.6266,ASCEND,ASCEND,0.6111,0.4989,1.2625,2.2448,0.6000,0.4000,1.8964,2.5880,1.0357,2.7346,13.0000,0.0002,81.9158,32.6601,1.8964,0.0000,0.6000,0.0000,0.2000,0.0000,0.2000,0.0000,0.0000,168.1296,139.0427,0.1768,44.1842,14.6538,221.6789,-0.0107,0.0000,2.6522,1.0865,0.5174,52.3595,20.0869,7.8207,0.7296,13.8485,2.0973,1.3010,10.1063,0.5995,0.3005,nan,nan,nan,nan,nan,nan,nan,nan,nan,nan,nan,nan,nan,nan,0.0188,8550.5340,27.4672,430.1417,0.7950,0.0236,-90.0000,0.4944,0.4848,-6.4492,-28.3739
26.6933,STABLE,ASCEND,-0.2408,-0.0688,0.9126,0.8145,0.5000,0.5000,1.1611,0.9752,0.7879,2.1534,58.0000,0.0010,104.7481,31.0971,1.1611,0.0000,0.0000,0.1667,0.1667,0.0000,0.3333,0.3333,0.0000,155.7068,148.1482,0.0029,4.2912,13.0433,95.2176,0.0005,0.0000,2.0752,0.3308,0.5018,46.8137,17.0625,0.0553,0.3236,3.0342,1.0786,0.4816,0.4940,1.2651,0.5130,-0.2285,0.9996,0.2626,-0.3570,1.0865,1.9750,-0.0077,nan,nan,nan,nan,nan,nan,nan,0.0216,8561.0988,31.0732,452.2046,0.7738,0.0440,-90.0000,0.4944,0.4848,-10.2028,30.8729
26.7601,STABLE,ASCEND,1.8080,0.3013,4.5315,9.0555,0.5000,0.5000,3.8624,1.2859,5.8463,16.8776,35.0000,0.0006,86.4375,48.9310,3.8624,0.0000,0.0000,0.0000,0.1667,0.3333,0.1667,0.3333,0.0000,145.8185,141.9029,0.0347,11.4016,4.3548,41.8986,-0.0032,-0.0000,0.7685,0.5786,0.4720,13.8505,2.9227,0.0178,0.5898,2.6194,0.3953,4.2536,1.7759,1.3439,3.1141,-0.0936,0.9961,0.3397,-0.2758,3.4457,12.5753,0.0919,nan,nan,nan,nan,nan,nan,nan,0.0331,8947.7133,36.8834,539.4348,0.6857,0.1197,-90.0000,0.4944,0.4848,-2.3287,167.4392
26.8268,DESCEND,ASCEND,nan,nan,nan,nan,nan,nan,1.2398,1.2398,0.1786,1.4184,21.0000,0.0004,nan,nan,1.2398,0.5000,0.5000,0.0000,0.0000,0.0000,0.0000,0.0000,0.0000,nan,nan,0.0531,13.8251,7.2385,211.1803,0.0084,0.0000,2.2009,0.9324,0.5202,55.4033,5.3459,0.0829,1.0527,1.6614,1.4084,6.3243,1.6624,4.2720,2.2094,nan,nan,nan,nan,nan,nan,nan,nan,nan,nan,nan,nan,nan,nan,0.0198,7720.1159,29.1269,458.8810,0.8282,0.0198,-90.0000,0.4944,0.4848,12.1447,143.7922
26.8935,DESCEND,ASCEND,-0.6324,-0.0587,1.0644,0.2086,0.2000,0.8000,1.3297,1.2343,1.1736,2.9471,43.0000,0.0007,107.9583,32.1173,1.3297,0.2000,0.2000,0.2000,0.0000,0.0000,0.2000,0.2000,0.0000,141.4473,152.4754,0.0126,19.2429,11.6230,78.2778,0.0003,-0.0000,1.8993,0.7794,0.4721,36.6823,13.8226,0.0142,2.2791,7.5853,0.6985,3.6543,3.6681,1.2085,1.1516,nan,nan,nan,nan,nan,nan,nan,nan,nan,nan,nan,nan,nan,nan,0.0160,8432.4235,26.0362,456.7783,0.7982,0.0230,-90.0000,0.4944,0.4848,16.8627,-51.2254
26.9603,DESCEND,ASCEND,-0.3846,-0.2277,0.5109,0.0003,0.0909,0.9091,0.5324,0.3928,0.4791,1.9018,45.0000,0.0008,97.9229,29.1741,0.5324,0.1818,0.0000,0.0909,0.2727,0.0909,0.0909,0.1818,0.0909,144.4159,145.6888,0.0015,5.0324,3.8712,106.6101,0.0002,0.0000,0.8374,0.3386,0.4997,19.8748,0.4576,0.0627,2.2491,1.3640,0.7097,2.5036,0.3386,0.5385,0.5250,0.0621,0.9970,0.3647,0.4315,0.5128,1.1004,-0.0061,1.0177,0.0855,-3.7146,-1.5655,0.0000,0.0001,1.0000,0.0200,8403.9361,26.0360,430.2780,0.7933,0.0238,-90.0000,0.4944,0.4848,5.3078,-117.1327
27.0270,DESCEND,ASCEND,-1.4538,-0.0520,3.2439,0.8292,0.3000,0.7000,2.3352,0.2094,3.4195,10.4580,53.0000,0.0009,87.0110,36.3343,2.3352,0.0000,0.2000,0.1000,0.2000,0.0000,0.0000,0.2000,0.3000,137.3732,138.0820,0.0003,3.3839,1.4754,13.3673,-0.0001,0.0000,0.2436,0.2562,0.4945,3.4934,0.0447,0.0581,0.2927,0.1711,0.4734,1.1261,0.3882,0.7982,1.9756,0.1590,1.0021,-0.4765,-0.0862,2.3859,8.6504,-0.0568,1.1777,1.6697,-25.9348,-15.0059,0.0001,0.0009,0.9000,0.0241,8604.0227,29.8234,449.5810,0.7782,0.0374,-90.0000,0.4944,0.4848,1.2294,-88.9202
27.0937,ASCEND,ASCEND,1.0303,0.3574,2.1090,4.5346,0.7500,0.2500,1.5140,0.7759,1.9115,6.5066,43.0000,0.0007,84.8583,53.2473,1.5140,0.0000,0.0000,0.1250,0.1250,0.1250,0.1250,0.2500,0.2500,128.3901,145.9592,0.1162,14.5817,6.6224,152.8501,-0.0007,0.0000,1.4467,0.7508,0.4984,82.2350,0.2785,0.0555,2.1110,8.2099,1.2270,3.0789,3.5534,0.8169,3.0651,-0.0917,1.0019,-0.0676,-0.7189,1.3934,4.6443,0.1122,1.0095,-0.0737,-2.6247,-1.7941,-0.0001,0.0001,0.8750,0.0325,8268.5587,37.9259,511.9968,0.7386,0.0458,-90.0000,0.4944,0.4848,-6.5600,-11.9211
27.1605,ASCEND,ASCEND,5.3768,0.7602,8.1519,19.1992,0.8571,0.1429,8.6536,3.1713,10.9819,40.2688,55.0000,0.0010,105.1149,35.8980,8.6536,0.0000,0.1429,0.0000,0.0000,0.0714,0.0000,0.7143,0.0714,152.5191,144.6893,0.1074,13.3897,4.5783,29.3912,-0.0037,-0.0000,0.7572,0.7821,0.4830,9.8631,0.0011,0.7235,1.2939,1.1753,7.4361,7.4111,2.1303,1.9741,2.5690,0.2440,1.0007,-0.6738,0.2994,8.2805,26.0981,0.1876,0.9551,-1.0267,5.8575,6.9296,0.0000,-0.0002,0.6429,0.0321,7997.3934,35.7065,473.7179,0.7217,0.0471,-90.0000,0.4944,0.4848,-0.3616,34.6214
27.2272,ASCEND,ASCEND,0.3013,-0.2936,4.4265,6.6303,0.3333,0.6667,6.5088,0.9283,13.6423,50.5563,72.0000,0.0013,97.4880,38.0189,6.5088,0.0000,0.2500,0.2500,0.0000,0.0833,0.0833,0.3333,0.0000,167.2173,138.6532,0.7055,19.8940,27.0065,440.1850,-0.0224,-0.0000,4.7497,1.1926,0.4805,123.2089,20.0554,14.1795,2.6551,1.0308,6.4645,3.1498,2.7929,1.0985,4.1216,0.0620,0.9989,-0.1431,-0.0237,6.5784,29.0716,-0.0005,0.9606,0.5475,3.4502,8.3945,0.0000,-0.0001,0.7500,0.0387,7646.6372,36.0060,487.9453,0.6925,0.0376,-32.8812,0.4778,0.6422,-1.9392,34.0002
27.2939,DESCEND,ASCEND,-4.9789,0.0146,10.9378,1.1534,0.5833,0.4167,9.7679,0.7667,19.4567,58.5963,70.0000,0.0012,96.9713,35.8545,9.7679,0.1667,0.0000,0.2500,0.1667,0.0833,0.0833,0.0833,0.1667,168.1044,128.0421,1.0741,15.1870,5.0620,37.2306,-0.0027,0.0000,0.7889,1.0730,0.4926,7.7014,3.2906,13.0116,2.7144,2.0366,4.1905,4.0749,1.2757,0.6307,1.9363,0.1083,0.9995,-0.2164,0.0681,9.8580,52.6607,-0.1537,1.0258,0.1383,-4.7251,-0.6536,0.0000,0.0001,0.8333,0.0452,7618.7351,45.2477,657.0263,0.6608,0.0654,-90.0000,0.4944,0.4848,4.1762,71.8547
27.3607,DESCEND,ASCEND,-1.7451,-0.6982,2.4410,-0.0115,0.0000,1.0000,2.1933,1.0172,2.8233,8.9191,34.0000,0.0006,100.3024,35.2965,2.1933,0.1250,0.1250,0.2500,0.2500,0.1250,0.0000,0.1250,0.0000,154.2185,125.9200,1.3388,9.5559,4.1520,52.8230,0.0007,0.0000,1.0670,0.9616,0.5105,27.4532,3.8532,3.7496,2.4493,2.0396,4.3828,3.3815,2.3147,0.8911,3.2906,0.0748,0.9960,0.2718,0.8336,1.9224,6.8598,-0.0299,1.0961,0.8971,-15.7349,-5.1829,0.0001,0.0005,0.8750,0.0338,8052.2268,38.3208,574.6532,0.7358,0.0492,-90.0000,0.4944,0.4848,7.6510,36.7805
27.4274,DESCEND,ASCEND,-0.1427,0.0740,1.1251,1.3216,0.6000,0.4000,1.4551,1.6066,0.8923,2.4289,32.0000,0.0006,99.2052,32.3329,1.4551,0.2000,0.2000,0.4000,0.0000,0.0000,0.0000,0.2000,0.0000,165.8918,117.0122,0.4355,28.5250,14.6950,182.7762,0.0039,-0.0000,2.8395,1.1464,0.4823,58.5005,9.4605,0.4584,11.2006,16.7929,3.7449,1.9289,2.8249,0.6271,0.6371,nan,nan,nan,nan,nan,nan,nan,nan,nan,nan,nan,nan,nan,nan,0.0188,8514.5198,27.6095,424.4801,0.7849,0.0207,-90.0000,0.4944,0.4848,9.0852,14.4329
27.4941,DESCEND,ASCEND,1.7948,-0.0941,6.2113,11.9453,0.3750,0.6250,4.4807,1.1940,8.4955,26.8996,29.0000,0.0005,96.3905,30.0334,4.4807,0.0000,0.0000,0.1250,0.1250,0.1250,0.1250,0.3750,0.1250,167.2520,129.3358,0.0071,13.4099,6.5705,114.0584,0.0010,0.0000,1.3437,0.4397,0.5100,34.0418,11.7260,0.0018,0.1287,3.2661,0.2639,0.2698,0.7047,0.4241,0.3835,-0.1244,0.9962,1.0130,-0.3599,4.3838,18.0455,0.0370,1.0458,0.1840,-9.8299,-3.7134,-0.0000,0.0003,0.8750,0.0177,8457.5150,28.0161,426.1940,0.7958,0.0183,-90.0000,0.4944,0.4848,9.5773,-18.6802
27.5609,ASCEND,ASCEND,5.7021,-0.0471,15.2088,30.1070,0.3750,0.6250,7.4310,1.0058,17.3790,53.3983,59.0000,0.0010,107.7172,35.4970,7.4310,0.0000,0.1250,0.1250,0.0000,0.0000,0.5000,0.2500,0.0000,174.1875,122.9285,0.0001,7.1978,4.0812,36.0478,0.0002,0.0000,0.6596,0.3516,0.5054,15.9282,0.0033,0.0310,1.5882,2.1258,0.5946,4.6704,1.0529,1.2175,0.5768,0.0627,0.9997,-0.2559,-0.3771,7.1714,34.6806,0.1056,0.9924,-0.1716,1.0941,-0.1942,-0.0000,-0.0000,0.8750,0.0285,8950.9789,32.4215,474.0922,0.7618,0.0453,-90.0000,0.4944,0.4848,6.5920,-27.7531
27.6276,ASCEND,ASCEND,-1.7437,-0.0349,4.7318,0.4685,0.4500,0.5000,2.3443,0.8561,4.6968,20.6624,57.0000,0.0010,80.8814,36.4990,2.3443,0.0500,0.1000,0.0000,0.0500,0.0500,0.2000,0.4000,0.1500,171.0641,117.0630,0.0482,16.1205,8.9334,137.1093,0.0001,-0.0000,1.9074,0.3564,0.4599,50.1595,7.5958,0.0947,1.2665,8.5400,0.9585,0.4469,2.5542,0.4263,0.3730,0.0154,0.9984,0.2851,-0.2618,2.1598,10.0544,-0.0456,0.9987,0.0625,0.9433,-0.3090,0.0000,-0.0000,0.9000,0.0310,8823.6525,35.9896,555.7700,0.6912,0.0902,-90.0000,0.4944,0.4848,5.8732,60.9078
27.6943,STABLE,ASCEND,2.2462,0.0098,10.0696,15.8424,0.5385,0.4615,7.2265,1.5643,16.4725,63.4183,58.0000,0.0010,99.3767,35.6403,7.2265,0.0769,0.0000,0.0769,0.0769,0.0000,0.3077,0.3077,0.1538,157.4656,116.3886,0.3466,16.6555,15.6384,294.8507,-0.0110,0.0000,3.1807,1.1033,0.5154,47.6286,17.1150,0.3776,3.0075,1.4708,0.8528,4.3063,2.6429,2.4684,2.9088,0.1731,1.0017,-0.3206,-0.6342,7.0500,31.6767,0.0151,0.9746,-0.0659,3.0506,-1.7633,-0.0001,-0.0002,0.7692,0.0270,7643.7325,34.6974,492.0043,0.6957,0.1206,-90.0000,0.4944,0.4848,14.7212,95.4307
27.7611,STABLE,ASCEND,nan,nan,nan,nan,nan,nan,1.2035,1.2035,0.0000,1.2035,31.0000,0.0005,nan,nan,1.2035,0.0000,1.0000,0.0000,0.0000,0.0000,0.0000,0.0000,0.0000,nan,nan,1.9669,36.6123,23.7682,360.3768,-0.0019,0.0000,5.5096,1.8646,0.4967,99.1380,1.8478,4.4079,10.4196,3.5125,8.8549,22.9506,14.5470,2.5160,16.2875,nan,nan,nan,nan,nan,nan,nan,nan,nan,nan,nan,nan,nan,nan,0.0248,5794.4915,29.0794,637.8592,0.2484,0.2567,-90.0000,0.4944,0.4848,18.6100,-34.9667
27.8278,STABLE,ASCEND,nan,nan,nan,nan,nan,nan,nan,nan,nan,nan,81.0000,0.0014,nan,nan,nan,nan,nan,nan,nan,nan,nan,nan,nan,nan,nan,2.5306,27.1592,23.0362,306.3887,-0.0160,-0.0000,5.7159,2.2015,0.4905,95.5746,19.0525,4.2163,4.0068,15.7478,5.7304,7.5880,10.0278,5.0330,8.2433,nan,nan,nan,nan,nan,nan,nan,nan,nan,nan,nan,nan,nan,nan,0.0216,2218.9415,16.3785,102.9103,0.1212,0.1654,-90.0000,0.5333,0.4467,10.0543,-85.0649
27.8945,STABLE,ASCEND,nan,nan,nan,nan,nan,nan,nan,nan,nan,nan,94.0000,0.0016,nan,nan,nan,nan,nan,nan,nan,nan,nan,nan,nan,nan,nan,4.4122,23.0524,18.4374,301.0520,-0.0151,0.0000,5.1189,1.8581,0.5135,65.4857,8.5271,4.3222,6.4567,9.8311,3.8396,22.1319,8.4944,4.0794,8.2746,nan,nan,nan,nan,nan,nan,nan,nan,nan,nan,nan,nan,nan,nan,0.0360,7414.7812,33.9635,353.8271,0.8021,0.0662,-90.0000,0.4944,0.4848,7.2567,-70.6288
27.9613,STABLE,ASCEND,-0.0008,0.0000,0.0016,0.0000,0.0000,0.4286,0.1834,0.0000,0.4487,1.2824,49.0000,0.0009,76.6698,24.1438,0.1834,0.5714,0.0000,0.0000,0.0000,0.1429,0.2857,0.0000,0.0000,157.4656,116.3886,1.6252,12.5088,4.9081,55.1034,0.0023,-0.0000,1.0935,1.1157,0.4942,23.4556,6.1582,3.2117,2.2159,6.0834,5.1163,3.6378,1.7727,0.8736,3.5358,-0.3744,1.0027,0.6503,-1.6981,0.1382,0.2218,0.0010,nan,nan,nan,nan,nan,nan,nan,0.0139,8222.5495,22.3393,378.5285,0.8356,0.0099,-90.0000,0.4944,0.4848,0.6277,-131.6279
28.0280,STABLE,ASCEND,nan,nan,nan,nan,nan,nan,1.2955,1.2955,1.2867,2.5822,27.0000,0.0005,nan,nan,1.2955,0.0000,0.5000,0.0000,0.0000,0.0000,0.5000,0.0000,0.0000,nan,nan,0.0100,16.5973,8.8428,142.3555,0.0089,-0.0000,1.6083,0.9256,0.4855,26.7673,5.0215,0.0005,1.5886,2.9576,1.7826,7.5216,5.3258,4.2581,0.8385,nan,nan,nan,nan,nan,nan,nan,nan,nan,nan,nan,nan,nan,nan,0.0193,8587.2639,28.1123,436.8969,0.8228,0.0188,-90.0000,0.4944,0.4848,-10.3113,10.2880
28.0947,STABLE,ASCEND,0.3269,0.0539,0.5405,1.2607,0.6250,0.3750,1.5858,1.3095,1.4396,4.9897,35.0000,0.0006,72.7063,47.2379,1.5858,0.0000,0.1250,0.3750,0.1250,0.0000,0.1250,0.2500,0.0000,153.0555,121.9393,0.0000,2.7430,2.0843,31.0091,-0.0004,0.0000,0.3486,0.1951,0.5055,7.9169,0.0928,0.0005,0.5638,0.4929,0.0891,2.1896,0.8271,0.3763,0.5640,-0.1360,1.0036,0.0723,-0.8380,1.5459,3.8577,-0.0070,1.0177,1.3256,4.9682,-8.1238,0.0000,-0.0001,1.0000,0.0171,8590.2776,28.2662,449.0570,0.7948,0.0217,-90.0000,0.4944,0.4848,2.0008,104.3681
28.1615,ASCEND,ASCEND,0.1984,0.4292,1.2982,1.8108,0.6667,0.3333,1.4776,1.0280,0.8903,2.7693,54.0000,0.0009,106.9220,19.4261,1.4776,0.0000,0.5000,0.0000,0.0000,0.0000,0.1667,0.3333,0.0000,148.0652,80.7351,0.0017,7.8765,3.2433,32.5062,-0.0001,0.0000,0.5268,0.3747,0.4982,9.1755,0.0505,0.0432,1.2658,2.4787,0.3161,2.2975,1.7794,0.5493,1.4433,-0.2312,1.0042,0.1708,-0.7146,1.4580,3.1248,-0.0111,nan,nan,nan,nan,nan,nan,nan,0.0246,8571.4745,30.8968,462.0994,0.7860,0.0294,-90.0000,0.4944,0.4848,3.6184,60.0761
28.2282,ASCEND,ASCEND,0.0407,-0.0424,1.0336,2.1302,0.4286,0.5714,0.7966,0.2856,1.1732,4.4673,64.0000,0.0011,82.1743,34.7098,0.7966,0.2143,0.0714,0.1429,0.1429,0.1071,0.1429,0.0357,0.1429,156.6517,99.9919,0.0038,1.9805,1.8805,59.2686,0.0002,0.0000,0.5844,0.1798,0.5017,17.8200,1.3661,0.0222,1.2620,0.2691,0.1420,0.3612,0.3400,0.2533,0.5825,-0.1330,0.9976,0.8715,0.0213,0.8349,3.6907,0.0060,0.9838,-0.1393,2.9041,0.5262,-0.0000,-0.0000,1.0000,0.0238,8619.4607,31.0371,471.3122,0.8006,0.0311,-90.0000,0.4944,0.4848,10.0190,54.8514
28.2949,ASCEND,ASCEND,1.5593,0.1057,5.4747,7.5182,0.6250,0.3750,2.1074,0.4404,5.4827,29.9016,61.0000,0.0011,73.1182,35.7489,2.1074,0.1562,0.1875,0.1875,0.0938,0.1250,0.0000,0.1562,0.0938,158.8318,106.5687,0.0017,4.6075,2.3610,24.9217,0.0001,-0.0000,0.4341,0.3005,0.4899,5.4581,0.4575,0.0179,0.3092,2.8495,0.4268,0.8306,0.9575,0.3882,0.6396,0.1345,1.0014,-0.4018,0.2259,2.0937,8.1951,0.0251,1.0026,0.0331,0.0058,-0.4431,0.0000,-0.0000,0.9062,0.0240,8731.5013,32.4887,477.5874,0.7713,0.0273,-90.0000,0.4944,0.4848,10.9392,28.8334
28.3617,ASCEND,ASCEND,-1.8850,-0.1847,6.3648,4.8586,0.4167,0.5833,4.4150,2.1031,5.1451,16.1016,53.0000,0.0009,88.7551,25.1520,4.4150,0.0833,0.2500,0.1667,0.0000,0.0000,0.1667,0.0833,0.2500,154.3156,105.0986,0.0032,6.0063,2.5606,21.7910,0.0014,-0.0000,0.4392,0.4029,0.4730,5.6542,1.0290,0.0145,0.5404,1.7385,0.5379,2.3698,0.6754,0.8739,1.7395,-0.2968,1.0003,0.5597,0.4938,4.5030,15.2931,-0.0382,0.6351,8.2878,66.8464,36.0188,0.0010,-0.0026,0.6667,0.0199,8723.4296,29.9886,470.4229,0.7852,0.0188,-90.0000,0.4944,0.4848,13.8673,47.4303
28.4284,ASCEND,ASCEND,0.3517,0.4303,0.7924,1.2292,0.7273,0.2727,1.5078,1.1103,1.2170,4.5598,28.0000,0.0005,85.6973,31.2994,1.5078,0.1818,0.1818,0.0000,0.0000,0.1818,0.0909,0.1818,0.1818,163.0772,118.2647,0.0048,60.2589,23.8085,129.6261,0.0056,0.0000,2.9651,0.6554,0.5129,63.1349,44.5438,0.0536,0.3729,23.2700,0.2110,0.5539,3.4681,0.8772,0.6549,-0.3197,1.0045,0.1973,-1.4489,1.5048,3.8756,0.0028,1.0128,-0.2717,-2.7988,2.1969,0.0000,0.0001,1.0000,0.0162,8597.7952,27.4669,484.1884,0.7938,0.0207,-90.0000,0.4944,0.4848,17.2696,37.1775
28.4951,STABLE,ASCEND,7.3265,0.5613,15.3754,31.4798,0.8333,0.1667,8.9813,0.8528,17.9965,49.2155,46.0000,0.0008,98.0107,29.0022,8.9813,0.0000,0.5000,0.0000,0.0000,0.1667,0.0000,0.3333,0.0000,166.2828,130.8094,0.0687,15.8403,6.3864,48.6072,-0.0041,-0.0000,1.0789,0.9049,0.4678,18.8950,2.5525,2.4483,0.6176,2.4580,1.8311,5.8259,7.8799,0.7402,1.9555,-0.0833,1.0044,-0.4840,-0.4089,8.8536,37.3990,0.1292,nan,nan,nan,nan,nan,nan,nan,0.0264,8329.3904,33.4644,494.6172,0.7562,0.0294,-90.0000,0.4944,0.4848,18.8292,16.9037
28.5619,STABLE,ASCEND,-0.0305,0.0141,0.5612,0.7371,0.6000,0.4000,0.6748,0.8575,0.4769,1.3322,64.0000,0.0011,91.8155,38.8271,0.6748,0.2000,0.1000,0.1000,0.2000,0.1000,0.1000,0.2000,0.0000,169.9206,134.1888,0.1466,11.7105,5.2988,168.5509,-0.0021,0.0000,1.4322,0.6197,0.5183,68.6175,2.4732,1.9116,4.3357,2.9028,2.4406,1.4157,0.9176,0.9888,0.5150,-0.0016,1.0005,-0.2453,-0.2017,0.6915,1.2410,-0.0054,1.0175,-0.4722,-4.7210,-0.2239,-0.0000,0.0002,1.0000,0.0274,8290.7609,33.3584,524.3752,0.7784,0.0675,-90.0000,0.4944,0.4848,19.5257,-19.3753
28.6286,STABLE,ASCEND,-0.1474,-0.0102,1.6543,0.9595,0.3696,0.6304,0.8772,0.3108,1.5723,7.2845,74.0000,0.0013,75.3239,34.0030,0.8772,0.0217,0.1739,0.1522,0.1739,0.0870,0.1522,0.1522,0.0870,166.8111,133.8353,0.0151,5.4042,3.0749,30.2968,0.0000,0.0000,0.5752,0.2123,0.5105,11.0357,2.0329,0.0191,1.5224,2.3622,0.4369,0.5071,0.5656,0.2261,0.1815,-0.0041,1.0003,-0.0868,-0.0850,0.8878,4.6662,-0.0102,1.0016,0.1170,0.0278,-0.7512,0.0000,-0.0000,0.9565,0.0273,7888.9196,33.4440,516.6194,0.7361,0.0738,-90.0000,0.4944,0.4848,16.2433,-23.2409
28.6953,STABLE,ASCEND,0.0584,0.0887,1.3839,1.7969,0.6512,0.3488,0.7925,0.3352,1.2746,6.8217,66.0000,0.0011,70.0251,36.2818,0.7925,0.0465,0.0465,0.1628,0.0465,0.1860,0.1163,0.2558,0.1395,162.8023,136.9564,0.0201,3.7977,2.9969,41.2004,0.0001,-0.0000,0.6350,0.2648,0.4954,13.3099,1.6666,0.0401,2.7053,1.0421,0.3181,0.3357,0.4078,0.2597,0.4777,-0.0801,1.0018,-0.0369,-0.5596,0.8159,3.6148,0.0050,1.0060,-0.0007,0.3234,-2.2757,-0.0000,0.0000,0.9767,0.0261,8047.9610,33.5546,510.1058,0.7664,0.0642,-90.0000,0.4944,0.4848,16.4238,3.1989
28.7621,STABLE,ASCEND,2.0497,0.3340,4.0637,9.6551,0.6818,0.3182,3.4415,0.7710,5.3220,18.3127,49.0000,0.0009,76.7460,35.3675,3.4415,0.1364,0.0909,0.2273,0.1818,0.1364,0.0455,0.0455,0.1364,150.1168,131.3004,0.0257,9.2951,4.5142,62.8063,0.0022,0.0000,0.9813,0.5091,0.5149,28.5398,2.2673,0.0655,0.5259,3.3200,0.8441,3.4133,1.6726,0.5534,1.7259,0.0941,1.0029,-0.8213,0.0240,3.4031,15.7298,0.0550,0.9842,-0.3861,2.8348,2.3950,-0.0000,-0.0001,0.7727,0.0242,8267.3700,32.0163,455.0348,0.7530,0.0467,-90.0000,0.4944,0.4848,16.6702,-11.0307
28.8288,ASCEND,ASCEND,0.8599,-0.1039,3.0922,9.2033,0.4211,0.5789,2.1702,0.9044,3.0610,10.7349,49.0000,0.0009,76.1834,36.3510,2.1702,0.1579,0.1053,0.3158,0.1579,0.0526,0.1053,0.0526,0.0526,145.1206,131.0566,0.0316,5.6102,6.3884,165.8143,0.0004,-0.0000,1.3005,0.4064,0.4908,27.7260,5.0123,0.0201,0.1617,2.7278,0.4900,1.1769,0.9652,0.3802,0.6649,-0.0964,0.9977,0.5710,0.0917,2.1521,9.3478,0.0281,1.0159,0.6546,-0.6452,-1.9066,0.0001,0.0000,0.8421,0.0255,8295.5363,32.6134,479.9764,0.7587,0.0401,-90.0000,0.4944,0.4848,14.9515,-72.0696
28.8955,ASCEND,ASCEND,-0.1344,0.0535,3.8570,5.1768,0.5517,0.4483,2.6521,0.4997,4.8009,19.4773,53.0000,0.0009,85.9752,36.9177,2.6521,0.0345,0.1724,0.2759,0.1379,0.1379,0.0345,0.0690,0.1379,140.6814,134.2012,0.0051,8.0040,3.4117,26.1730,-0.0001,0.0000,0.4626,0.2307,0.5148,7.6921,4.6425,0.0143,0.1042,3.5897,0.2830,0.3379,0.2497,0.3871,0.1416,0.2137,0.9983,-0.2868,1.2767,2.7273,13.6082,0.0192,0.9612,-1.1920,0.0370,5.7927,-0.0001,-0.0000,0.8621,0.0259,8320.0047,31.4694,464.6133,0.7698,0.0279,-90.0000,0.4944,0.4848,7.0513,-115.5042
28.9623,ASCEND,ASCEND,0.1213,0.0147,0.4855,0.8945,0.5455,0.4545,0.6249,0.5702,0.3262,1.2252,33.0000,0.0006,93.9363,29.8166,0.6249,0.0000,0.0000,0.3636,0.1818,0.0000,0.2727,0.0000,0.1818,145.9492,139.5818,0.0047,6.4146,3.2450,45.0527,-0.0000,0.0000,0.6946,0.4011,0.5013,27.1491,3.4392,0.0584,0.3835,1.8643,0.7224,1.5568,1.1359,0.3083,0.1396,0.1164,1.0002,-0.3853,0.5066,0.5965,0.9305,0.0063,0.9893,0.1935,3.7489,0.7104,0.0000,-0.0001,1.0000,0.0190,8383.7840,28.8738,454.6416,0.7925,0.0216,-90.0000,0.4944,0.4848,-0.4644,-11.7565
29.0290,STABLE,ASCEND,-0.3163,0.4719,2.8197,1.2301,0.9091,0.0909,3.4715,0.9959,8.4195,30.0694,45.0000,0.0008,97.1031,16.0571,3.4715,0.1818,0.2727,0.5455,0.0000,0.0000,0.0000,0.0000,0.0000,147.0523,101.8318,0.0021,8.4800,6.1236,60.9542,-0.0003,-0.0000,1.0517,0.3588,0.4837,20.6956,7.1341,0.0012,0.2416,2.2094,1.3814,1.4798,0.6718,0.5031,1.2328,-0.0849,1.0034,-0.2167,0.0060,3.0610,15.2188,-0.0190,0.9875,-0.4709,-0.2786,2.2155,-0.0001,-0.0000,0.9091,0.0146,8613.0073,27.2294,441.9863,0.7957,0.0174,-90.0000,0.4944,0.4848,5.4822,27.7726
29.0957,STABLE,ASCEND,2.4517,-0.0420,8.5142,15.0819,0.5000,0.5000,4.5772,1.2227,9.9775,37.5027,45.0000,0.0008,93.6474,20.5676,4.5772,0.0833,0.0000,0.0833,0.0833,0.0000,0.0833,0.5833,0.0833,151.6814,113.1938,0.0004,2.6371,1.6394,18.0358,0.0003,-0.0000,0.3305,0.2556,0.4907,6.3070,0.8797,0.0000,0.1600,0.7453,0.2914,0.3308,1.3623,0.8059,0.4217,-0.2529,0.9978,1.0272,-1.3474,4.2973,18.4504,0.0504,0.9812,-0.6830,-3.0558,1.1745,-0.0001,0.0000,0.9167,0.0199,8589.1279,29.0248,442.7923,0.7895,0.0209,-90.0000,0.4944,0.4848,3.2423,-64.6351
29.1625,STABLE,ASCEND,-0.0056,-0.1242,0.4643,0.7284,0.4286,0.5714,0.9731,0.6493,0.7199,2.2862,48.0000,0.0008,98.9537,24.9219,0.9731,0.1429,0.2857,0.0000,0.0000,0.0000,0.4286,0.1429,0.0000,155.1902,108.0160,0.0002,4.5161,3.8610,38.3719,0.0006,0.0000,0.4738,0.2879,0.4955,8.1993,0.2610,0.0043,0.5431,1.2640,0.2826,4.9667,0.8066,1.0144,0.6713,0.2847,0.9995,-0.5322,0.1632,0.9669,2.4165,0.0037,nan,nan,nan,nan,nan,nan,nan,0.0295,9092.1988,34.0632,518.7715,0.7764,0.0606,-90.0000,0.4944,0.4848,-3.1444,-49.8544
29.2292,STABLE,ASCEND,-1.7687,-0.2680,5.9544,2.4549,0.3333,0.6667,3.2905,1.0703,5.4307,18.3101,42.0000,0.0007,85.1729,33.1193,3.2905,0.1111,0.1111,0.0000,0.0000,0.0000,0.3333,0.4444,0.0000,150.5607,115.6174,0.1015,15.1288,5.0998,38.3299,-0.0006,0.0000,0.8348,0.6825,0.5078,12.2492,2.6202,0.1980,2.4551,2.9968,0.7182,6.2060,3.0101,0.4754,0.8509,0.1855,1.0002,-0.2920,-0.5569,3.0339,12.3338,-0.0835,0.9716,-0.3179,2.0054,0.3690,-0.0001,-0.0001,0.8889,0.0326,9646.1210,39.6469,671.6113,0.6342,0.1581,-90.0000,0.4944,0.4848,-3.4116,-51.5952
29.2959,STABLE,ASCEND,0.0613,0.0001,0.6397,0.9403,0.5000,0.5000,0.7388,0.5927,0.7376,2.7560,58.0000,0.0010,78.6739,42.8433,0.7388,0.2000,0.0000,0.1500,0.1500,0.0500,0.0500,0.1500,0.2500,164.2193,121.7288,0.1066,3.9985,5.8884,171.7575,0.0003,-0.0000,1.4728,0.4240,0.4938,26.8298,3.7111,0.5836,1.8183,0.2624,0.2490,2.1301,0.6824,0.7843,1.1748,-0.0276,1.0003,0.0915,-0.0552,0.7498,2.1145,-0.0024,1.0211,-0.0471,-4.2476,-1.2186,-0.0000,0.0001,1.0000,0.0318,9084.6471,38.9846,647.9187,0.6852,0.1317,-90.0000,0.4944,0.4848,-10.0306,31.1390
29.3627,STABLE,ASCEND,-0.4455,-0.2558,0.6886,0.1645,0.2000,0.8000,1.1103,0.4791,1.4656,3.9990,49.0000,0.0009,58.3246,37.0371,1.1103,0.0000,0.0000,0.2000,0.0000,0.2000,0.0000,0.2000,0.4000,129.6013,118.3043,0.4478,20.4764,23.3757,363.0160,0.0081,0.0000,4.7728,1.6681,0.5029,93.9408,2.3826,0.2471,16.7212,1.3245,1.8048,17.5129,1.8771,3.5246,15.3084,nan,nan,nan,nan,nan,nan,nan,nan,nan,nan,nan,nan,nan,nan,0.0237,9325.1994,28.8232,299.5312,0.6054,0.1869,-90.0000,0.4944,0.4848,0.7444,139.6115
29.4294,STABLE,ASCEND,nan,nan,nan,nan,nan,nan,0.0681,0.0681,0.0000,0.0681,30.0000,0.0005,nan,nan,0.0681,0.0000,0.0000,0.0000,0.0000,0.0000,0.0000,1.0000,0.0000,nan,nan,1.0695,14.4388,5.3661,32.0332,0.0037,0.0000,0.7814,0.9794,0.5015,9.9641,0.2990,1.9155,5.8043,3.0041,5.3519,5.4210,2.5400,1.3530,6.1484,nan,nan,nan,nan,nan,nan,nan,nan,nan,nan,nan,nan,nan,nan,0.0292,8598.6430,34.8554,547.9850,0.4133,0.2639,-90.0000,0.4944,0.4848,8.6028,107.1892
29.4961,STABLE,ASCEND,nan,nan,nan,nan,nan,nan,0.0099,0.0099,0.0000,0.0099,18.0000,0.0003,nan,nan,0.0099,0.0000,0.0000,0.0000,0.0000,0.0000,0.0000,0.0000,1.0000,nan,nan,2.5503,31.3139,31.7402,508.1461,-0.0091,0.0000,8.2719,2.2117,0.5115,165.8676,11.0299,2.2129,12.1086,34.7061,7.4537,5.6912,8.9183,6.5800,8.3725,nan,nan,nan,nan,nan,nan,nan,nan,nan,nan,nan,nan,nan,nan,0.0125,310.1595,13.0080,382.3644,0.0609,0.1117,nan,nan,0.0000,15.0506,76.3063
29.5629,STABLE,ASCEND,nan,nan,nan,nan,nan,nan,nan,nan,nan,nan,109.0000,0.0019,nan,nan,nan,nan,nan,nan,nan,nan,nan,nan,nan,nan,nan,3.1561,21.6403,8.9712,141.9344,0.0088,-0.0000,2.4619,1.2881,0.4878,63.9074,6.5209,0.5710,5.2097,7.6672,7.4101,7.4913,6.9340,7.0716,6.3165,nan,nan,nan,nan,nan,nan,nan,nan,nan,nan,nan,nan,nan,nan,0.0253,3747.6276,28.7043,188.3530,0.2188,0.4920,29.7449,0.5333,0.7466,18.7872,85.5411
29.6296,ASCEND,ASCEND,3.3047,0.0296,7.8927,22.7572,0.5294,0.4706,5.7914,1.6086,10.2362,36.4427,136.0000,0.0024,90.3507,46.2421,5.7914,0.1765,0.0000,0.1176,0.0588,0.0588,0.4118,0.0588,0.1176,130.6787,117.4426,1.1942,8.3063,3.7288,36.7482,-0.0011,0.0000,0.6930,0.5803,0.4999,9.9989,4.6078,1.8900,2.0284,2.1851,2.9855,4.3067,1.6543,0.6528,1.4427,-0.3223,1.0002,0.5315,-1.0505,5.5884,30.2716,0.0889,1.0007,0.1376,-2.4661,-0.8332,-0.0001,0.0001,0.8235,0.0280,4277.7653,30.2368,201.1158,0.1915,0.5068,-90.0000,0.4944,0.4848,26.4675,77.7484
29.6963,ASCEND,ASCEND,0.1594,0.0666,0.8711,1.4435,0.5714,0.4286,0.8895,0.5432,1.0573,3.7596,85.0000,0.0015,84.6528,39.7848,0.8895,0.0714,0.2857,0.1429,0.0714,0.2143,0.0714,0.1429,0.0000,124.9127,117.4756,1.2556,7.4383,4.1975,91.6113,0.0001,-0.0000,0.8478,0.6230,0.4857,28.4957,2.3003,2.7565,2.7185,2.1200,3.4644,2.2487,3.5806,0.3496,1.9661,0.1093,1.0020,-0.3364,0.1500,0.8642,3.0392,0.0004,1.0115,0.2445,0.5994,-1.4050,0.0000,-0.0000,1.0000,0.0245,4067.8578,28.0113,178.6221,0.1946,0.4997,-45.0000,0.4944,0.6548,29.1640,12.2031
29.7631,ASCEND,ASCEND,9.4674,7.7206,8.3779,22.5606,1.0000,0.0000,27.6080,14.1930,36.6409,108.3350,141.0000,0.0024,100.2630,47.7894,27.6080,0.1667,0.5000,0.0000,0.0000,0.0000,0.1667,0.1667,0.0000,115.0216,101.2487,4.6094,18.9470,6.6626,71.9412,0.0029,-0.0000,1.2796,1.2814,0.4848,32.5250,5.5169,9.8916,8.8323,8.8669,5.5446,7.9896,4.6242,1.2077,4.5565,4.9743,0.9418,3.6555,23.5349,26.9902,82.7978,0.2035,nan,nan,nan,nan,nan,nan,nan,0.0448,6393.7283,39.9890,277.0738,0.4113,0.3646,-35.7200,0.4222,0.5971,28.0962,-33.2901
29.8298,STABLE,ASCEND,nan,nan,nan,nan,nan,nan,0.0421,0.0254,0.0363,0.1040,16.0000,0.0003,nan,nan,0.0421,0.0000,0.2500,0.0000,0.2500,0.5000,0.0000,0.0000,0.0000,nan,nan,3.6592,21.4347,9.2132,121.6115,0.0194,0.0000,2.2334,1.7218,0.5074,42.6258,7.5003,10.2742,6.3378,13.0988,7.3544,4.4454,4.8865,3.1857,0.3292,nan,nan,nan,nan,nan,nan,nan,nan,nan,nan,nan,nan,nan,nan,0.0140,8438.4153,20.0023,411.7120,0.8413,0.0049,-90.0000,0.4944,0.4848,24.7209,-30.8814
29.8965,STABLE,ASCEND,-0.0194,0.0002,0.0566,0.0045,0.5556,0.3333,0.0340,0.0010,0.0909,0.2912,23.0000,0.0004,114.4910,29.1991,0.0340,0.2222,0.3333,0.1111,0.0000,0.1111,0.1111,0.1111,0.0000,118.1689,104.6197,0.0000,2.8758,4.9147,42.1579,0.0002,0.0000,0.6953,0.0976,0.4835,14.4971,0.0067,0.0000,1.3126,0.0557,0.0196,6.0808,0.9108,0.0910,0.2488,-0.0639,0.9998,0.2314,-0.2133,0.0432,0.0693,0.0002,1.0023,0.0070,0.3226,-0.9794,-0.0000,-0.0000,1.0000,0.0144,8547.3964,23.7353,409.7294,0.8302,0.0165,-90.0000,0.4944,0.4848,23.9746,-56.1788
29.9633,STABLE,ASCEND,nan,nan,nan,nan,nan,nan,0.8237,0.8237,0.0000,0.8237,14.0000,0.0002,nan,nan,0.8237,0.0000,0.0000,0.0000,0.0000,0.0000,0.0000,1.0000,0.0000,nan,nan,0.0000,7.9562,4.8623,43.2099,-0.0011,0.0000,0.6899,0.3124,0.4891,18.1871,0.0037,0.0014,1.5767,0.9655,0.3077,6.0352,0.9581,1.3191,1.8347,nan,nan,nan,nan,nan,nan,nan,nan,nan,nan,nan,nan,nan,nan,0.0184,8576.0241,28.4514,457.3161,0.8188,0.0155,-90.0000,0.4944,0.4848,17.2229,-67.7185
30.0300,STABLE,ASCEND,0.1689,0.1463,0.5279,0.9068,0.8889,0.1111,0.9337,0.6154,0.8009,2.6005,43.0000,0.0007,94.2355,34.2217,0.9337,0.0000,0.0000,0.2222,0.0000,0.2222,0.1111,0.1111,0.3333,110.9789,117.9661,0.0006,3.5978,2.0872,71.9102,-0.0006,0.0000,0.6536,0.3058,0.4848,32.2957,0.7878,0.0062,0.6192,1.3365,0.2269,0.6884,0.9848,0.8606,0.7383,-0.0428,1.0028,-0.3367,-0.5842,0.8897,2.2400,-0.0018,0.9712,-0.6792,2.6938,3.8960,-0.0000,-0.0001,1.0000,0.0165,8536.9508,26.9106,441.1829,0.7960,0.0209,-90.0000,0.4944,0.4848,14.9364,-50.1559
30.0967,ASCEND,ASCEND,0.0137,-0.0343,4.5953,9.4110,0.4000,0.6000,2.4770,0.3515,4.6997,17.0117,45.0000,0.0008,84.6712,39.3974,2.4770,0.0667,0.0333,0.1667,0.1000,0.1667,0.1667,0.2000,0.1000,124.3515,129.0190,0.0001,0.7606,0.3845,4.5559,-0.0001,0.0000,0.0923,0.0752,0.4939,1.9857,0.0033,0.0018,0.1589,0.1472,0.0547,0.1438,0.4100,0.2554,0.1139,-0.0623,0.9963,0.6410,0.3874,2.5172,13.6287,-0.0321,0.9844,-0.0425,1.2560,2.0478,-0.0000,-0.0000,0.8333,0.0163,8598.6513,26.5615,440.7754,0.8108,0.0228,-90.0000,0.4944,0.4848,10.5288,-26.3986
30.1635,ASCEND,ASCEND,0.8737,0.0469,4.2306,7.5168,0.6000,0.4000,3.2413,0.8447,5.3891,18.3747,28.0000,0.0005,89.3417,40.6220,3.2413,0.1000,0.2000,0.0000,0.0000,0.3000,0.0000,0.3000,0.1000,141.3347,137.6247,0.0014,9.0104,3.4299,31.6432,-0.0002,-0.0000,0.5835,0.5082,0.4795,10.4742,0.7218,0.1175,1.7499,2.9270,1.0454,1.3170,2.6667,0.8231,0.2566,0.0495,1.0004,-0.2720,-0.3603,3.1807,13.2167,-0.0827,1.0108,-0.3253,-2.7990,0.1219,-0.0000,0.0001,0.8000,0.0213,8235.2164,28.3392,443.6628,0.7848,0.0398,-90.0000,0.4944,0.4848,11.4131,-21.2131
30.2302,ASCEND,ASCEND,0.2939,-0.0336,2.2002,5.3582,0.4118,0.5882,1.8229,0.7286,2.3148,8.6762,50.0000,0.0009,86.6415,35.8813,1.8229,0.0588,0.1765,0.0588,0.1176,0.1765,0.0588,0.2941,0.0588,152.9411,129.6499,0.0099,6.8350,20.8076,631.6880,-0.0002,0.0000,5.9769,0.5402,0.5087,91.5489,13.6607,0.0397,2.0823,1.2390,0.3261,1.8321,0.9673,0.4219,0.9874,0.0332,0.9976,0.3121,0.4647,1.8766,7.1272,-0.0026,1.1168,-0.7063,-12.2829,-16.3010,-0.0001,0.0006,0.8235,0.0209,7856.3671,29.6738,487.4879,0.7656,0.0554,-90.0000,0.4944,0.4848,7.6975,68.8487
30.2969,ASCEND,ASCEND,2.8678,-0.1000,10.0358,16.9791,0.3846,0.6154,7.1546,0.9339,14.2989,47.2237,56.0000,0.0010,101.3722,28.7246,7.1546,0.1538,0.3077,0.0769,0.1538,0.0000,0.0769,0.2308,0.0000,161.6147,132.2086,0.0299,14.2387,27.8315,641.7454,-0.0000,0.0000,7.8837,0.8373,0.5034,256.4576,16.1120,0.0612,1.3581,2.6813,0.7449,4.0538,15.3084,1.7804,1.7593,0.1831,0.9976,0.1031,1.2629,7.1316,38.5691,0.0577,1.0357,0.5321,-5.2970,-2.7602,0.0001,0.0001,0.8462,0.0324,8438.9109,35.8293,584.9410,0.6639,0.1634,-90.0000,0.4944,0.4848,20.6021,100.8538
30.3637,ASCEND,ASCEND,0.0656,0.0138,3.2100,1.2507,0.5385,0.4615,2.2404,0.6130,5.7065,27.8175,59.0000,0.0010,80.5203,34.8146,2.2404,0.0385,0.1923,0.2692,0.1923,0.0385,0.1538,0.0769,0.0385,162.5111,126.1794,0.0363,11.7002,32.3132,477.7878,0.0006,0.0000,6.7827,0.5337,0.5031,135.8605,35.2550,0.0144,1.9365,1.5460,0.5509,2.8707,0.8443,0.4491,1.5720,-0.0448,1.0012,-0.2953,-0.1251,2.2108,10.7164,0.0040,1.0217,0.2813,-1.1086,-1.0524,0.0001,0.0001,0.9231,0.0253,8293.1406,33.3948,519.6129,0.7648,0.0672,-90.0000,0.4944,0.4848,21.1581,-8.7036
30.4304,ASCEND,ASCEND,4.0470,-0.0032,9.5932,28.7736,0.4737,0.5263,4.7373,0.6404,9.7583,30.7179,78.0000,0.0014,85.8370,33.7987,4.7373,0.0526,0.1579,0.4211,0.1053,0.1053,0.1053,0.0000,0.0526,157.2098,134.1637,0.0280,6.1335,2.8234,23.0457,-0.0000,-0.0000,0.4931,0.2997,0.4918,6.3766,1.7494,0.0995,1.4063,1.9505,1.0572,0.8321,0.5058,0.6886,0.6155,0.0153,0.9994,0.0671,0.4316,4.6704,29.6822,0.0967,0.9975,0.0309,0.0012,0.8878,0.0000,-0.0000,0.8421,0.0220,8380.8392,30.9449,468.4277,0.7745,0.0378,-90.0000,0.4944,0.4848,19.4404,-4.9220
30.4971,ASCEND,ASCEND,0.9935,0.1407,1.7101,4.6843,0.7391,0.2609,1.4531,0.6926,1.6058,5.3103,38.0000,0.0007,80.9724,31.5441,1.4531,0.0435,0.0870,0.1304,0.2174,0.0870,0.2609,0.0870,0.0870,143.6476,131.7644,0.0108,11.0066,29.0006,576.2171,0.0026,0.0000,5.7910,0.5252,0.5052,119.7347,14.1529,0.6999,23.2425,2.5556,0.7455,1.1436,0.3904,0.4502,0.4861,-0.0913,1.0037,-0.6108,-0.6642,1.4638,4.5545,0.0232,1.0712,0.1053,-7.4047,-6.0903,0.0000,0.0003,0.9565,0.0228,8624.0545,29.4530,459.5152,0.7779,0.0363,-90.0000,0.4944,0.4848,20.5012,4.1012
30.5639,ASCEND,ASCEND,1.1033,0.0151,2.5600,7.7805,0.5238,0.4762,1.3261,0.2219,2.6450,10.1159,42.0000,0.0007,89.8327,30.0096,1.3261,0.0952,0.1905,0.0952,0.2381,0.0476,0.0476,0.1905,0.0952,153.7331,121.4450,0.0010,4.6458,7.3205,83.7645,-0.0073,-0.0000,1.2114,0.1991,0.4900,34.6372,0.6577,2.6159,7.8580,0.4266,0.1794,0.1293,0.6605,0.5123,0.0400,0.0049,1.0027,-0.6722,-0.2872,1.4012,7.5206,0.0317,1.0057,-0.1635,-2.6436,0.2851,-0.0000,0.0001,0.9048,0.0216,8555.0804,28.5563,447.4866,0.7872,0.0256,-90.0000,0.4944,0.4848,19.9878,-23.1120
30.6306,ASCEND,ASCEND,0.6513,0.1568,2.1833,5.1547,0.7222,0.2778,1.8879,0.6641,2.6628,9.3741,39.0000,0.0007,75.3478,31.4002,1.8879,0.0556,0.2222,0.6667,0.0556,0.0000,0.0000,0.0000,0.0000,162.4278,113.1481,0.0049,35.2447,16.6180,212.4971,-0.0001,0.0000,4.1562,0.7245,0.5012,87.0937,18.6904,0.3279,9.6316,15.6701,0.4270,0.7567,5.2948,0.3136,0.1518,0.0540,0.9996,-0.1266,0.7885,1.6230,7.4134,0.0189,1.0098,-0.6056,-2.2273,2.7938,-0.0000,0.0001,0.8889,0.0208,8694.4920,29.8307,425.2175,0.7762,0.0221,-90.0000,0.4944,0.4848,17.4165,-39.3042
30.6973,ASCEND,ASCEND,-0.0178,0.0021,1.0969,1.1037,0.5294,0.4706,1.4653,0.5834,2.6643,11.7852,44.0000,0.0008,78.2665,33.3622,1.4653,0.0588,0.3529,0.0000,0.0588,0.0588,0.0588,0.3529,0.0588,160.7158,111.2992,0.0040,10.0814,6.1926,76.6927,-0.0003,0.0000,1.0637,0.4648,0.5160,28.4760,3.4987,0.0001,0.1063,9.7394,1.0560,0.4477,0.7711,0.4969,0.2674,-0.0206,0.9990,0.5853,-0.2743,1.4435,4.0656,-0.0022,0.9860,0.4618,4.8336,-0.3189,0.0001,-0.0002,0.9412,0.0237,8542.3618,31.9637,499.9602,0.8101,0.0189,-90.0000,0.4944,0.4848,14.7420,-55.7933
30.7641,ASCEND,ASCEND,0.0344,0.0705,0.5824,0.7078,0.6000,0.4000,0.8918,1.0986,0.6060,1.5991,29.0000,0.0005,86.4753,34.4987,0.8918,0.0000,0.2000,0.2000,0.2000,0.0000,0.2000,0.2000,0.0000,171.6363,104.0610,0.0506,15.8483,6.0034,51.0303,-0.0009,-0.0000,1.0536,0.9776,0.4891,15.7390,2.8911,0.1085,0.7245,8.4215,2.4173,2.1653,5.6413,1.3814,1.1729,nan,nan,nan,nan,nan,nan,nan,nan,nan,nan,nan,nan,nan,nan,0.0247,8512.2314,32.6355,495.2882,0.7758,0.0665,-90.0000,0.4944,0.4848,9.9700,-42.3181
30.8308,STABLE,ASCEND,0.8543,0.6111,1.3048,2.9173,0.7500,0.2500,2.5838,1.6368,2.2721,7.0512,51.0000,0.0009,89.7892,36.3868,2.5838,0.0000,0.2500,0.3750,0.0000,0.0000,0.0000,0.2500,0.1250,166.1036,110.0560,0.1023,18.4413,9.5280,77.2585,-0.0020,0.0000,1.7370,1.0299,0.5093,31.5000,7.3254,0.1637,2.7012,7.5752,2.3861,4.7223,1.1518,1.5677,1.9846,0.2643,1.0568,-13.2805,-1.7809,4.1268,12.5417,-0.0388,0.9077,-1.7374,6.3731,4.6613,-0.0004,-0.0002,1.0000,0.0275,8529.6416,33.7070,527.0327,0.7411,0.0744,-90.0000,0.4944,0.4848,9.0940,-46.0568
30.8975,STABLE,ASCEND,2.2578,0.0266,8.2754,7.1092,0.6522,0.3478,3.2723,1.3571,8.2324,41.0853,48.0000,0.0008,83.9088,30.2574,3.2723,0.1739,0.0870,0.3043,0.0870,0.0870,0.1739,0.0435,0.0435,170.5975,114.4345,0.0521,13.8880,30.1608,382.1415,0.0004,-0.0000,5.4261,0.3926,0.4548,99.2846,0.0097,0.2327,38.9314,0.0979,1.3902,4.9622,0.4848,1.2332,2.2272,-0.1437,0.9991,0.3385,-0.0714,3.2738,7.1617,0.0934,0.9535,0.6413,5.1609,6.4779,0.0001,-0.0002,0.8261,0.0209,8304.1730,29.8833,479.7433,0.7698,0.0419,-90.0000,0.4944,0.4848,3.8229,-24.7065
30.9643,STABLE,ASCEND,nan,nan,nan,nan,nan,nan,nan,nan,nan,nan,22.0000,0.0004,nan,nan,nan,nan,nan,nan,nan,nan,nan,nan,nan,nan,nan,6.5371,69.1440,42.2616,534.2748,-0.0023,-0.0000,9.3438,4.0911,0.4789,150.3239,13.9163,10.2519,45.6129,31.2047,18.3661,23.7541,11.7143,3.6513,21.2275,nan,nan,nan,nan,nan,nan,nan,nan,nan,nan,nan,nan,nan,nan,0.0212,6383.5086,28.8291,704.2111,0.2431,0.1948,-90.0000,0.4944,0.4848,5.7965,6.8378
31.0310,STABLE,ASCEND,-0.0020,0.0003,0.0166,0.0161,0.8000,0.2000,0.0136,0.0032,0.0151,0.0322,15.0000,0.0003,90.2094,18.2781,0.0136,0.0000,0.0000,0.2000,0.0000,0.0000,0.2000,0.2000,0.4000,170.5975,114.4345,0.2993,25.5463,42.1327,531.9822,-0.0090,0.0000,9.0039,1.9985,0.4935,137.1308,37.2858,6.5459,1.2172,26.3295,5.1862,0.8949,9.0896,5.1778,0.9000,nan,nan,nan,nan,nan,nan,nan,nan,nan,nan,nan,nan,nan,nan,0.0108,217.2932,12.8464,473.7610,0.0612,0.0377,nan,nan,0.0000,4.7356,-12.0209
31.0977,STABLE,ASCEND,nan,nan,nan,nan,nan,nan,nan,nan,nan,nan,141.0000,0.0024,nan,nan,nan,nan,nan,nan,nan,nan,nan,nan,nan,nan,nan,6.0042,24.3609,8.6649,66.4726,0.0064,0.0004,1.4654,1.4849,0.5197,31.7466,10.4253,4.9519,7.7540,7.3491,6.9704,11.8172,4.8047,7.0396,13.2229,nan,nan,nan,nan,nan,nan,nan,nan,nan,nan,nan,nan,nan,nan,0.0353,3953.6161,35.8611,295.0210,0.2326,0.4894,-90.0000,0.4944,0.4848,4.1921,5.6328
31.1645,STABLE,ASCEND,nan,nan,nan,nan,nan,nan,13.7490,13.0265,10.5841,27.0580,75.0000,0.0013,nan,nan,13.7490,0.0000,0.0000,0.6667,0.0000,0.0000,0.3333,0.0000,0.0000,nan,nan,3.2689,12.6048,5.9822,57.0380,-0.0046,0.0000,0.8807,0.8247,0.5035,15.1455,5.2419,4.1585,4.2305,4.1606,2.8857,3.2301,10.4056,1.7777,4.8569,nan,nan,nan,nan,nan,nan,nan,nan,nan,nan,nan,nan,nan,nan,0.0459,5073.0842,42.8078,414.4951,0.4403,0.3549,-90.0000,0.4944,0.4848,5.4873,-12.1740
31.2312,STABLE,ASCEND,nan,nan,nan,nan,nan,nan,1.5066,1.5066,0.0000,1.5066,91.0000,0.0016,nan,nan,1.5066,0.0000,1.0000,0.0000,0.0000,0.0000,0.0000,0.0000,0.0000,nan,nan,3.3946,16.5041,5.6279,80.6584,0.0135,0.0000,1.1344,1.2957,0.5180,20.1243,10.6961,6.5359,2.5008,4.8301,6.9963,3.0650,4.5926,2.2384,2.9781,nan,nan,nan,nan,nan,nan,nan,nan,nan,nan,nan,nan,nan,nan,0.0437,7493.6690,40.9570,400.0235,0.7895,0.0612,25.8210,0.4000,0.7504,2.5673,-45.0571
31.2979,STABLE,ASCEND,nan,nan,nan,nan,nan,nan,0.0415,0.0415,0.0000,0.0415,19.0000,0.0003,nan,nan,0.0415,0.0000,0.0000,0.0000,0.0000,1.0000,0.0000,0.0000,0.0000,nan,nan,1.5815,25.4104,10.0390,231.3239,-0.0079,-0.0000,1.7251,1.4858,0.4554,53.9521,14.8575,10.1575,3.8395,0.7463,1.8906,5.0363,7.4722,3.3223,3.7587,nan,nan,nan,nan,nan,nan,nan,nan,nan,nan,nan,nan,nan,nan,0.0121,8392.9638,18.4217,412.8020,0.8468,0.0017,-90.0000,0.4944,0.4848,-0.5263,-54.9942
31.3647,STABLE,ASCEND,0.1354,0.0000,0.4394,0.8818,0.4545,0.0909,0.4382,0.0005,0.7277,1.9065,21.0000,0.0004,85.5450,27.8927,0.4382,0.5455,0.0909,0.1818,0.0000,0.0000,0.0000,0.1818,0.0000,170.5975,114.4345,0.0000,21.2621,7.8962,357.1894,-0.0071,0.0000,1.9824,0.1123,0.5074,117.2617,0.0042,0.0000,0.4563,2.7915,0.0000,3.4354,12.4506,0.0671,0.1340,-0.2222,1.0035,-0.0810,-1.5132,0.4992,1.5147,0.0029,1.0959,0.0060,-19.4779,-5.3667,0.0000,0.0005,1.0000,0.0145,8515.8976,22.5485,441.6204,0.8100,0.0117,-90.0000,0.4944,0.4848,-4.7726,-34.1318
31.4314,STABLE,ASCEND,nan,nan,nan,nan,nan,nan,0.6383,0.6417,0.4585,1.1982,21.0000,0.0004,nan,nan,0.6383,0.0000,0.0000,0.3333,0.0000,0.3333,0.0000,0.0000,0.3333,nan,nan,0.0002,23.7502,9.1068,154.0469,-0.0142,-0.0000,1.1521,0.5253,0.4874,47.6725,0.0959,0.0001,0.8961,1.4093,0.4112,6.9773,14.2449,1.3535,0.3884,nan,nan,nan,nan,nan,nan,nan,nan,nan,nan,nan,nan,nan,nan,0.0157,8673.8733,28.3525,436.4996,0.8236,0.0183,-90.0000,0.4944,0.4848,-5.0817,-14.3399
31.4981,STABLE,ASCEND,nan,nan,nan,nan,nan,nan,0.6670,0.6976,0.3499,1.0645,26.0000,0.0005,nan,nan,0.6670,0.0000,0.0000,0.0000,0.0000,0.5000,0.2500,0.0000,0.2500,nan,nan,0.0038,4.0516,2.5481,29.5490,-0.0004,-0.0000,0.4266,0.3382,0.4870,8.0328,0.1178,0.0084,0.2430,2.3505,0.4659,0.6549,2.3726,0.4675,0.3442,nan,nan,nan,nan,nan,nan,nan,nan,nan,nan,nan,nan,nan,nan,0.0217,8637.7896,29.7422,428.7641,0.8139,0.0251,-90.0000,0.4944,0.4848,-6.6865,-57.6461
31.5649,STABLE,ASCEND,0.0383,-0.0346,2.0157,1.9981,0.4211,0.5789,1.1999,0.5979,1.8185,6.5560,34.0000,0.0006,75.7986,40.1581,1.1999,0.1053,0.0526,0.0526,0.0526,0.1579,0.1053,0.4211,0.0526,164.3566,118.6797,0.0097,2.2237,3.3023,40.0366,-0.0001,0.0000,0.5709,0.1778,0.4998,12.9596,3.9865,0.0048,0.2480,0.5005,0.3095,0.7438,0.3178,0.2668,0.2288,0.0585,1.0004,-0.1523,-0.2047,1.0916,6.0542,-0.0071,0.9507,-1.0209,1.7370,4.0877,-0.0001,-0.0001,0.9474,0.0222,8635.7924,31.2913,449.4720,0.8006,0.0267,-90.0000,0.4944,0.4848,-12.7756,-19.0861
31.6316,DESCEND,ASCEND,-1.9956,-0.0998,5.7418,0.7434,0.3000,0.7000,2.4820,0.4758,5.6714,19.4446,47.0000,0.0008,79.6393,36.8269,2.4820,0.0000,0.0000,0.0000,0.0000,0.2000,0.3000,0.3000,0.2000,142.5142,117.2517,0.0294,9.1976,3.2539,27.8508,-0.0006,-0.0000,0.5389,0.4750,0.4930,6.0627,1.7163,0.0355,0.4290,2.4816,0.3139,2.1558,3.4362,0.6657,1.3627,-0.0025,0.9995,0.0295,-0.3930,2.4011,11.2148,-0.0454,1.0186,0.0132,-2.1440,-1.0058,0.0000,0.0001,0.9000,0.0310,8972.8477,34.4118,510.2333,0.7410,0.0573,-90.0000,0.4944,0.4848,-9.2339,57.9497
31.6983,DESCEND,ASCEND,-0.7828,-0.1449,1.8359,0.4491,0.4706,0.5294,1.2757,0.5682,1.7994,7.3393,33.0000,0.0006,90.3794,33.1273,1.2757,0.0588,0.1176,0.0588,0.0588,0.1176,0.2941,0.0588,0.2353,150.5325,122.3211,0.0140,3.6452,3.6354,62.2137,0.0005,0.0000,0.8450,0.3000,0.5147,25.9458,0.7685,0.0160,0.4467,0.1458,0.5813,1.8502,3.1054,0.8466,0.5656,-0.0882,0.9987,0.5864,-0.0542,1.2816,4.6144,-0.0140,1.0017,0.2986,0.7621,-0.4466,0.0000,-0.0000,0.9412,0.0264,8291.3643,32.9505,462.5717,0.7649,0.0455,-90.0000,0.4944,0.4848,-5.0412,61.0777
31.7651,DESCEND,ASCEND,-1.3553,-0.1717,4.3177,1.0436,0.5000,0.5000,2.3804,0.9737,4.4690,15.7397,45.0000,0.0008,81.7984,33.9363,2.3804,0.1000,0.3000,0.3000,0.0000,0.0000,0.1000,0.1000,0.1000,152.2813,118.6692,0.0347,18.4463,11.7524,257.5960,0.0006,-0.0000,2.0940,0.7181,0.4909,39.9334,7.6410,0.0292,0.7907,9.9090,1.6972,1.4250,4.2519,3.4947,0.8372,-0.0227,0.9993,0.2432,0.5433,2.2309,9.6189,-0.1754,0.9836,1.3059,6.5361,3.1358,0.0002,-0.0002,0.9000,0.0252,8515.3802,32.7384,495.0774,0.7492,0.0201,-90.0000,0.4944,0.4848,-1.0821,55.0224
31.8318,ASCEND,ASCEND,0.1816,0.0625,2.5308,3.3721,0.6923,0.3077,6.4934,0.6282,10.9376,28.8365,38.0000,0.0007,101.2682,32.2865,6.4934,0.0769,0.4615,0.3077,0.0000,0.0000,0.0000,0.1538,0.0000,156.6933,113.5438,0.0112,15.0767,5.6392,45.2295,-0.0011,-0.0000,0.7274,0.5323,0.4948,13.6310,0.4476,0.0679,0.2142,8.3925,3.3003,0.5657,4.2462,2.9377,0.2465,0.1318,0.9987,0.1302,0.8988,6.2785,27.4763,0.0043,0.9017,-5.4570,24.4213,32.3943,0.0005,-0.0015,0.7692,0.0228,8633.6906,30.3899,483.9479,0.7655,0.0175,-90.0000,0.4944,0.4848,2.3024,53.1957
31.8985,ASCEND,ASCEND,0.4036,0.0045,0.9841,2.1621,0.5556,0.4444,0.9706,0.6230,0.9336,3.3362,39.0000,0.0007,78.9135,39.1848,0.9706,0.2222,0.1111,0.2222,0.0000,0.1111,0.1111,0.2222,0.0000,174.9372,126.0157,0.0188,14.3240,13.3401,463.2971,-0.0008,0.0000,4.1760,0.5076,0.5029,106.4991,9.6729,0.0077,0.4622,9.2674,0.4161,2.0948,1.4664,0.7490,0.2129,0.0396,1.0017,-0.4097,-0.0414,0.9926,2.5393,0.0189,0.9870,0.7662,6.6921,-0.6661,0.0001,-0.0002,1.0000,0.0222,8571.1351,32.9177,530.3296,0.7512,0.0189,-90.0000,0.4944,0.4848,6.0178,56.0803
31.9653,ASCEND,ASCEND,0.1917,-0.1479,0.6546,1.2982,0.4000,0.6000,0.7753,0.7154,0.5113,2.1706,48.0000,0.0008,104.8954,36.3034,0.7753,0.1000,0.1000,0.4000,0.0000,0.0000,0.0000,0.4000,0.0000,170.2102,167.7767,0.2048,9.0935,6.8511,103.1618,0.0013,-0.0000,1.5824,0.7065,0.4836,44.3279,7.8779,3.4038,0.5403,3.1518,1.7701,0.6219,0.9124,0.5617,0.5204,0.2951,1.0008,-0.6545,0.6570,0.5755,1.4787,0.0022,0.9993,-0.1635,0.9098,1.1355,0.0000,-0.0000,1.0000,0.0266,8435.0729,36.8061,598.3591,0.7500,0.0167,-90.0000,0.4944,0.4848,9.7873,54.3071
32.0320,ASCEND,ASCEND,5.0199,0.0492,14.7245,29.9535,0.6250,0.3750,5.4502,0.4065,14.8845,60.0003,42.0000,0.0007,103.1944,42.8651,5.4502,0.0000,0.1250,0.1250,0.0000,0.0625,0.1875,0.3750,0.1250,169.2583,171.3287,0.1321,15.7638,6.2343,40.0666,0.0016,-0.0000,0.9258,0.8890,0.4722,13.4242,3.4042,8.6355,1.9668,5.5846,2.1536,0.7313,0.3990,0.3280,0.2804,-0.0993,1.0007,0.0518,-0.4221,5.4555,30.3361,0.2749,0.9968,-0.0223,0.3253,-0.2521,-0.0000,-0.0000,0.8750,0.0302,8365.9939,38.4816,688.7811,0.7644,0.0255,-90.0000,0.4944,0.4848,13.2660,40.7036
32.0987,ASCEND,ASCEND,0.5084,-0.1926,2.6059,3.5152,0.2143,0.7857,1.2065,0.3323,2.5076,9.8849,30.0000,0.0005,113.2929,31.2390,1.2065,0.0000,0.2857,0.2143,0.1429,0.0714,0.1429,0.1429,0.0000,166.3503,170.2063,0.1087,15.5974,6.8220,55.3035,-0.0011,-0.0000,0.8924,0.7521,0.4907,11.9272,0.3171,10.6828,1.6338,4.9902,4.0246,1.6494,0.4522,2.0094,0.3563,0.0535,0.9984,0.0820,0.5219,1.1369,5.5012,0.0102,1.0038,-0.3274,-2.1831,1.8745,-0.0000,0.0001,0.9286,0.0307,8278.6953,36.4053,604.4290,0.7806,0.0279,-90.0000,0.4944,0.4848,15.2199,10.9799
32.1655,ASCEND,ASCEND,0.0812,0.0759,0.2560,0.4503,0.6000,0.4000,0.3262,0.3192,0.1761,0.5967,33.0000,0.0006,102.7283,34.7134,0.3262,0.1000,0.2000,0.0000,0.1000,0.0000,0.3000,0.1000,0.2000,167.4563,161.5731,0.1496,13.4174,4.6002,29.7225,0.0005,0.0000,0.7714,0.7782,0.5113,8.3193,1.8842,7.1926,2.8289,1.5066,6.2674,1.5959,1.9175,0.8631,0.2689,0.0887,1.0007,-0.1818,0.0834,0.2763,0.4070,-0.0010,1.0138,0.1260,-1.3278,-1.4343,0.0000,0.0000,1.0000,0.0338,8428.4322,38.1404,649.5924,0.7995,0.0307,-90.0000,0.4944,0.4848,14.7314,-17.2372
32.2322,ASCEND,ASCEND,0.0689,0.2840,0.5649,0.6716,0.7000,0.3000,0.9734,0.7572,0.6977,2.9517,22.0000,0.0004,109.5940,35.7634,0.9734,0.0000,0.1000,0.2000,0.0000,0.0000,0.2000,0.5000,0.0000,164.9454,192.5857,0.0723,11.7770,4.5598,80.1535,-0.0008,-0.0000,0.8441,0.6345,0.4920,14.2808,3.3909,5.0920,0.2655,1.8501,4.5674,1.2175,1.5217,0.4863,0.4870,0.0403,0.9989,0.1017,-0.1603,0.8670,2.0582,-0.0034,1.0087,-0.1390,-2.2752,0.5837,-0.0000,0.0001,1.0000,0.0236,8647.9530,30.9843,487.0620,0.8065,0.0290,-90.0000,0.4944,0.4848,12.9193,-38.7065
32.2989,STABLE,ASCEND,0.3585,0.2726,0.2376,0.8320,1.0000,0.0000,0.3993,0.3127,0.2410,0.8800,18.0000,0.0003,99.2308,35.5396,0.3993,0.0000,0.0000,0.0000,0.0000,0.3636,0.0909,0.3636,0.1818,160.6322,190.4920,0.0018,2.1678,1.1563,16.7939,0.0000,-0.0000,0.2753,0.1328,0.4761,7.2244,0.0010,0.0027,0.2028,0.4094,0.0904,0.4688,1.4844,0.1523,0.7715,-0.0237,1.0028,-0.4255,-0.6766,0.2379,0.5195,0.0007,0.9931,-0.0432,0.2798,0.2859,-0.0000,-0.0000,1.0000,0.0237,8530.5023,29.0788,459.2174,0.7901,0.0257,-90.0000,0.4944,0.4848,9.5654,-51.2954
32.3657,STABLE,ASCEND,0.2901,0.1075,0.8988,1.8904,0.5833,0.4167,1.3242,0.5002,2.1176,8.0962,28.0000,0.0005,94.6534,35.3442,1.3242,0.0000,0.0000,0.1667,0.0000,0.0833,0.0833,0.5000,0.1667,157.4662,176.0481,0.0135,4.6854,2.1859,18.7812,-0.0000,0.0000,0.3689,0.2917,0.5070,7.4047,0.3482,0.0090,0.1329,4.0104,0.3157,0.5603,1.0674,0.2485,0.8350,-0.0388,0.9981,0.5098,-0.1324,1.2905,4.2718,0.0079,0.9872,0.2814,3.8770,0.4213,0.0000,-0.0001,0.9167,0.0296,8467.9207,33.4938,548.3760,0.7784,0.0306,-90.0000,0.4944,0.4848,6.0730,-69.1943
32.4324,ASCEND,ASCEND,-0.0033,-0.3005,0.9477,1.6257,0.4000,0.6000,1.2386,1.2999,0.5739,2.1383,39.0000,0.0007,92.8195,34.3437,1.2386,0.0000,0.0000,0.2000,0.1000,0.0000,0.2000,0.4000,0.1000,153.1275,168.7044,0.0359,11.7466,5.0345,46.6325,-0.0007,-0.0000,0.9409,0.5093,0.4851,13.8800,1.6476,0.0169,3.6838,5.9803,0.5767,2.8018,1.4489,0.3987,0.8502,-0.0780,1.0002,0.1600,-0.8020,1.0624,1.9475,-0.0106,1.0163,-0.4505,-5.4849,-2.9432,-0.0001,0.0002,1.0000,0.0230,8130.7319,30.0228,442.6844,0.8131,0.0332,-90.0000,0.4944,0.4848,0.3303,-73.3146
32.4991,STABLE,ASCEND,-0.1168,0.0322,1.7124,1.6323,0.5556,0.4444,3.3932,1.7369,2.8888,9.6162,33.0000,0.0006,110.8128,36.9732,3.3932,0.1111,0.0000,0.4444,0.0000,0.1111,0.2222,0.1111,0.0000,144.9274,160.3979,0.0417,27.4966,27.4486,554.0693,-0.0014,-0.0000,5.6687,0.7535,0.4829,238.1787,6.7225,0.1437,29.5013,6.7259,0.9407,6.6104,1.8925,1.0357,1.1142,-0.1717,1.0039,-0.4786,-1.1618,3.3396,8.5536,-0.0543,1.1736,4.3572,1.6401,-24.9912,0.0007,-0.0001,0.6667,0.0311,8237.8858,35.6348,560.7264,0.7431,0.0686,-90.0000,0.4944,0.4848,-3.7120,10.0865
32.5659,STABLE,ASCEND,0.9174,-0.0487,4.1027,4.4633,0.3750,0.6250,1.6634,0.3945,4.4716,18.8646,37.0000,0.0006,95.0079,36.2727,1.6634,0.2500,0.0625,0.1875,0.1250,0.1875,0.1250,0.0625,0.0000,157.0266,167.7366,0.0171,9.2926,41.7911,725.1956,-0.0001,-0.0000,7.3168,0.3481,0.4820,208.3763,1.0739,0.0229,35.5498,2.1905,0.6033,1.6130,2.5796,0.5022,0.3362,-0.0014,0.9982,0.4511,0.3872,1.6906,6.3478,0.0180,0.9998,0.3835,1.1510,-1.1667,0.0000,-0.0000,0.9375,0.0322,8466.5275,38.4469,612.0011,0.7416,0.0680,-90.0000,0.4944,0.4848,1.6765,52.9110
32.6326,DESCEND,ASCEND,-0.3274,-0.0565,0.9062,0.5942,0.3846,0.6154,1.2598,1.1054,0.9165,3.4375,26.0000,0.0005,93.3149,35.8687,1.2598,0.1538,0.2308,0.1538,0.0769,0.0769,0.1538,0.0769,0.0769,147.8813,163.8091,0.0514,10.8125,3.8279,26.7112,-0.0003,-0.0000,0.6856,0.4459,0.4919,11.0558,2.6844,0.0348,0.2328,5.4342,0.8309,1.4469,2.2145,0.7840,0.6780,0.5136,0.9955,-0.2976,2.3832,1.2138,2.7849,0.0141,0.7725,-1.6659,15.7758,23.9098,-0.0001,-0.0009,0.9231,0.0265,8224.4801,33.4026,476.4467,0.7717,0.0377,-90.0000,0.4944,0.4848,3.3498,13.4135
32.6993,DESCEND,ASCEND,0.3726,-0.0162,1.5982,2.8451,0.4545,0.5455,1.8121,0.7921,2.8875,10.8393,41.0000,0.0007,80.9398,37.6427,1.8121,0.0909,0.0909,0.3636,0.2727,0.0000,0.1818,0.0000,0.0000,148.3070,157.6812,0.0403,12.6202,17.8822,375.8910,-0.0002,0.0000,3.6600,0.6126,0.5006,66.4154,5.4215,0.0781,0.8191,6.5654,0.8209,3.1019,11.3094,0.3423,1.1004,-0.0301,1.0009,-0.2616,0.2555,1.6602,5.8737,0.0383,0.9827,-0.4512,0.4747,3.1477,-0.0000,-0.0000,0.9091,0.0222,8412.3555,30.1453,461.7464,0.7888,0.0235,-90.0000,0.4944,0.4848,3.4667,-2.6335
32.7661,DESCEND,ASCEND,-0.5325,0.1204,2.2474,1.1445,0.8333,0.1667,1.6581,0.9031,2.0409,6.1083,24.0000,0.0004,105.2199,37.7874,1.6581,0.1667,0.1667,0.1667,0.0000,0.0000,0.1667,0.3333,0.0000,163.5082,152.4384,0.0063,16.4206,6.0217,59.7576,0.0008,-0.0000,1.0886,0.6189,0.4970,23.7363,2.1291,0.0168,0.9045,6.1812,1.6776,2.0935,6.4421,0.8167,0.6743,-0.1532,1.0009,0.5734,-0.8395,1.6418,5.0899,-0.0111,nan,nan,nan,nan,nan,nan,nan,0.0152,8837.2564,27.4668,471.7621,0.7952,0.0150,-90.0000,0.4944,0.4848,2.9983,0.8021
32.8328,ASCEND,ASCEND,-0.1525,-0.0016,0.4897,0.4988,0.2857,0.5714,0.5130,0.3472,0.3700,0.9984,32.0000,0.0006,99.4902,39.7727,0.5130,0.1429,0.1429,0.1429,0.1429,0.1429,0.2857,0.0000,0.0000,172.9562,139.0032,0.0000,7.0401,2.7275,30.4075,0.0001,0.0000,0.4926,0.3696,0.5079,8.2205,1.8118,0.0000,0.1358,1.5213,0.2219,1.4835,1.4872,1.6450,0.4292,0.0146,1.0013,-0.5847,-0.0703,0.4844,0.8111,-0.0046,nan,nan,nan,nan,nan,nan,nan,0.0176,8823.9187,29.7491,471.7666,0.7851,0.0199,-90.0000,0.4944,0.4848,3.5738,4.9317
32.8995,ASCEND,ASCEND,1.5308,0.2144,2.4293,5.5494,0.8333,0.1667,1.7894,0.4981,2.4355,7.0577,48.0000,0.0008,143.1746,50.6997,1.7894,0.0000,0.0000,0.1667,0.0000,0.0000,0.0000,0.8333,0.0000,136.4890,208.2172,0.0187,19.0929,11.0545,87.5892,-0.0031,0.0000,1.4678,0.7045,0.5136,37.6088,0.7407,0.0172,7.1698,2.0735,0.6947,10.0757,0.6828,1.2008,9.8501,0.3203,1.0048,-0.9031,-0.6740,1.1050,3.9887,0.0094,nan,nan,nan,nan,nan,nan,nan,0.0313,8639.6196,34.6282,551.5574,0.7576,0.0557,-90.0000,0.4944,0.4848,3.6566,-6.8564
32.9663,ASCEND,ASCEND,0.3155,0.0178,1.3733,3.4513,0.5714,0.4286,1.9613,0.6128,4.3568,20.3994,66.0000,0.0011,98.2649,39.9115,1.9613,0.0476,0.1905,0.0476,0.0952,0.0476,0.1429,0.3333,0.0952,155.3298,182.4674,0.0248,5.5182,2.8149,38.7104,-0.0003,0.0000,0.5395,0.4397,0.5073,6.3391,0.0648,0.0445,0.8922,1.9414,0.6097,3.0650,0.9691,0.4473,1.1135,0.1236,0.9990,-0.1710,0.4319,1.9720,5.5635,0.0106,0.9989,-0.0163,-0.4833,-0.5923,-0.0000,0.0000,0.9048,0.0319,8480.8582,35.7685,564.8870,0.7199,0.0924,-90.0000,0.4944,0.4848,2.6587,-13.6666
33.0330,ASCEND,ASCEND,0.2901,-0.1385,6.4773,1.9861,0.3810,0.6190,3.9480,0.9189,7.1621,26.1026,36.0000,0.0006,98.4938,39.3160,3.9480,0.1429,0.2381,0.2381,0.0000,0.0952,0.0476,0.1429,0.0952,149.0900,169.1956,0.0654,16.0313,18.4935,311.0468,-0.0017,0.0000,3.2517,0.6503,0.4976,87.7984,3.4614,0.0536,16.4826,3.4234,0.5556,3.3893,1.3933,0.4793,4.7495,-0.0878,0.9992,0.4499,0.0880,3.8946,18.4753,0.0142,1.0321,0.9654,-0.5004,-4.2552,0.0001,0.0000,0.8571,0.0224,8462.4379,32.5072,499.5607,0.7549,0.0578,-90.0000,0.4944,0.4848,1.8325,-0.1458
33.0997,ASCEND,ASCEND,-0.4030,-0.1580,0.6712,0.3256,0.4000,0.6000,1.3603,1.5036,0.5902,2.2757,23.0000,0.0004,116.4997,14.4194,1.3603,0.0000,0.4000,0.4000,0.0000,0.0000,0.2000,0.0000,0.0000,144.9932,116.6194,0.0329,35.2635,11.5379,75.6827,-0.0001,-0.0000,1.5111,0.6877,0.4937,31.6905,3.2738,0.1410,2.3955,24.8577,1.1146,0.7588,2.7239,1.2200,1.1359,nan,nan,nan,nan,nan,nan,nan,nan,nan,nan,nan,nan,nan,nan,0.0205,8579.8327,28.4475,450.3098,0.7901,0.0224,-90.0000,0.4944,0.4848,2.6392,-15.1578
33.1665,STABLE,ASCEND,-0.0131,0.0152,0.4111,0.4493,0.5882,0.4118,0.6313,0.5403,0.4581,1.7707,35.0000,0.0006,81.4815,39.2758,0.6313,0.2353,0.1765,0.0000,0.0000,0.1765,0.1765,0.1765,0.0588,148.4665,130.0506,0.0023,2.2748,1.1349,11.6513,-0.0000,0.0000,0.2567,0.2056,0.5012,5.3838,0.0221,0.0804,0.3359,0.2132,0.4062,1.5636,0.2433,0.2415,0.8749,0.1302,1.0014,-0.3957,-0.0301,0.5860,1.2050,-0.0098,1.0010,-0.0433,0.2942,-0.7380,0.0000,-0.0000,1.0000,0.0248,8478.2367,31.4352,491.1177,0.8061,0.0213,-90.0000,0.4944,0.4848,-0.1905,-1.9300
33.2332,STABLE,ASCEND,0.2488,0.1980,0.5054,0.9090,0.7500,0.2500,1.1470,1.0837,0.7876,2.7823,60.0000,0.0010,116.3343,24.7382,1.1470,0.1250,0.1250,0.1250,0.0000,0.0000,0.2500,0.3750,0.0000,159.6432,133.7745,0.0137,8.7652,4.5151,56.9568,-0.0003,0.0000,0.8223,0.4921,0.5057,12.5071,0.0245,0.0122,4.1813,1.8265,0.3500,3.2228,1.5086,0.6472,1.6325,0.2252,1.0006,-0.5050,-0.0776,0.8337,2.1399,0.0013,1.0164,0.0208,-2.0429,-1.4913,0.0000,0.0000,1.0000,0.0297,8589.5409,33.0810,508.6760,0.7581,0.0548,-90.0000,0.4944,0.4848,2.3817,7.2422
33.2999,STABLE,ASCEND,-0.2204,0.1260,2.1646,1.3780,0.7273,0.2727,1.1612,0.3640,2.4522,11.3562,62.0000,0.0011,94.8828,31.6448,1.1612,0.0455,0.0909,0.0909,0.1364,0.1364,0.1364,0.2273,0.1364,159.6924,135.2216,0.0200,6.6466,5.9817,59.0081,-0.0001,0.0000,1.0645,0.4218,0.5039,17.7707,0.5303,0.0831,5.8727,0.4431,0.7222,1.9934,0.3873,0.4524,2.8816,0.0186,1.0014,-0.3599,-0.2358,1.1397,4.6779,-0.0184,0.9916,-0.0122,1.8680,0.0399,0.0000,-0.0001,0.9545,0.0292,8238.0976,34.6936,534.7686,0.7108,0.0890,-90.0000,0.4944,0.4848,0.7761,3.7418
33.3667,ASCEND,ASCEND,-0.0375,0.0004,0.3710,0.2446,0.5088,0.4912,0.2604,0.1856,0.3541,2.1832,75.0000,0.0013,79.6899,35.8480,0.2604,0.1053,0.1228,0.2281,0.1053,0.0702,0.0702,0.1053,0.1930,168.0133,134.5325,0.0102,1.7824,3.2560,32.4544,0.0001,0.0000,0.5401,0.1006,0.5030,10.2363,3.7378,0.0198,0.3818,0.3272,0.1122,0.4661,0.1307,0.1507,0.9896,-0.0006,0.9993,0.1473,0.1050,0.2628,0.7634,0.0029,0.9961,0.0024,0.6210,0.2805,0.0000,-0.0000,1.0000,0.0292,8248.7641,34.7074,544.5531,0.7211,0.0897,-90.0000,0.4944,0.4848,2.8811,36.0435
33.4334,ASCEND,ASCEND,0.4119,0.0795,2.8149,1.2364,0.6462,0.3538,1.3567,0.2944,4.4043,29.1812,77.0000,0.0013,80.1213,36.7848,1.3567,0.0462,0.1077,0.0923,0.2000,0.1077,0.0769,0.2769,0.0923,172.6890,135.5425,0.0208,15.4224,7.0478,51.9290,-0.0002,-0.0000,1.1982,0.1328,0.4815,18.9003,7.3763,0.0132,1.9101,2.7497,0.0841,3.3073,0.2177,0.1836,1.5850,0.0410,1.0013,-0.4066,-0.0610,1.3426,5.3535,0.0008,1.0090,0.1575,-0.9597,-0.9828,0.0000,0.0000,0.9385,0.0291,8108.4597,34.3020,539.9696,0.7015,0.1121,-90.0000,0.4944,0.4848,5.5867,35.4124
33.5001,ASCEND,ASCEND,0.1270,0.0037,0.4800,0.8512,0.6027,0.3973,0.2910,0.0982,0.8280,6.3950,81.0000,0.0014,79.1950,37.2261,0.2910,0.1507,0.0959,0.1644,0.1233,0.1370,0.0822,0.1507,0.0959,178.0517,136.3495,0.0116,3.7174,3.8910,269.0258,-0.0000,0.0000,1.3297,0.0772,0.5045,111.2102,0.1842,0.0067,2.2566,0.1165,0.1090,1.1539,0.1008,0.1073,0.7956,-0.0151,1.0005,-0.0616,-0.1173,0.3002,0.9050,0.0025,1.0066,0.2015,-0.4696,-1.1544,0.0000,0.0000,0.9863,0.0291,8106.0417,34.3668,540.3958,0.7007,0.1105,-90.0000,0.4944,0.4848,7.6074,18.6034
33.5669,ASCEND,ASCEND,0.2976,-0.0085,3.6608,6.9420,0.4667,0.5333,2.4017,0.5608,5.1800,29.2781,72.0000,0.0013,74.8937,38.2909,2.4017,0.0444,0.1111,0.2000,0.1111,0.1556,0.0889,0.1556,0.1333,181.8939,135.8595,0.0330,16.1930,70.6779,750.3924,0.0002,-0.0000,11.9056,0.2389,0.4544,230.1819,2.4193,0.0685,87.9174,0.5428,0.3603,15.5334,0.3188,0.2072,0.7465,-0.0419,1.0008,-0.0305,-0.2617,2.4080,11.4502,0.0110,0.9964,0.0402,0.7372,0.6043,-0.0000,-0.0000,0.8889,0.0291,7998.5738,34.2292,535.6907,0.7320,0.0777,-90.0000,0.4944,0.4848,8.0696,-8.3284
33.6336,ASCEND,ASCEND,2.2176,-0.0166,8.7139,16.1292,0.3793,0.6207,3.8470,0.4083,11.3652,58.8628,73.0000,0.0013,88.4492,38.9101,3.8470,0.0690,0.1724,0.2759,0.1379,0.1379,0.0690,0.1034,0.0345,185.1751,132.9101,0.0376,7.2469,56.1986,746.9273,0.0001,-0.0000,9.5636,0.3871,0.4856,272.6096,2.2674,0.0359,58.1795,1.2662,0.7304,1.5484,0.2743,0.4033,1.0323,-0.1148,1.0001,-0.0482,-0.1199,3.8555,16.9327,0.0287,0.9953,-0.1469,0.3418,0.3924,-0.0000,0.0000,0.8966,0.0249,8253.0820,33.0525,494.0829,0.7545,0.0510,-90.0000,0.4944,0.4848,6.4959,-22.4790
33.7003,ASCEND,ASCEND,-0.2698,-0.0456,2.0451,0.8042,0.4038,0.5962,1.3358,0.3068,2.5379,12.8125,70.0000,0.0012,75.6921,37.3507,1.3358,0.0962,0.1346,0.2115,0.1154,0.1154,0.0769,0.1538,0.0962,179.7592,135.7437,0.0240,3.9959,6.2898,213.2770,0.0001,-0.0000,1.3732,0.1768,0.4916,89.1929,1.2763,0.0172,5.0048,0.9630,0.1260,0.6352,0.2673,0.2194,0.6763,-0.0990,0.9986,0.4239,-0.0747,1.3471,6.2331,0.0366,0.9993,0.1769,0.7052,-0.5575,0.0000,0.0000,0.9231,0.0253,8520.5623,32.7083,478.4794,0.7368,0.0599,-90.0000,0.4944,0.4848,5.0694,-19.3040
33.7671,DESCEND,ASCEND,1.5149,-0.0366,7.2952,1.2941,0.4348,0.5652,2.5498,1.0013,7.2343,36.3791,66.0000,0.0011,85.0588,40.9785,2.5498,0.0435,0.2174,0.0870,0.0870,0.1304,0.2609,0.1739,0.0000,177.1225,128.0052,0.0801,33.1607,12.8938,78.6977,-0.0003,-0.0000,1.5507,0.7354,0.4924,33.7635,3.4969,0.0389,0.7705,27.9244,1.2024,2.7019,2.8791,0.7590,0.5350,0.2273,0.9986,-0.3910,0.5933,2.4023,2.0920,0.0287,0.9763,-0.3576,4.2568,3.1523,0.0000,-0.0001,0.9565,0.0228,7983.9347,32.1087,464.2546,0.7684,0.0362,-90.0000,0.4944,0.4848,3.9194,-73.3437
33.8338,DESCEND,ASCEND,-1.0541,-0.0548,5.0688,0.8402,0.4062,0.5938,1.7468,0.3780,4.9561,28.1218,69.0000,0.0012,81.4821,44.5056,1.7468,0.0938,0.0938,0.2500,0.0938,0.0938,0.1562,0.0938,0.1250,170.4103,131.0845,0.0092,3.4122,9.3248,223.8369,0.0002,-0.0000,2.1666,0.2099,0.4946,126.9668,0.5164,0.0356,0.1578,1.2383,0.9389,0.7468,7.1086,0.3706,0.3044,-0.0062,0.9990,0.1930,0.0416,1.7508,5.7830,-0.0200,1.0002,0.1019,0.2810,-0.1555,0.0000,-0.0000,0.9375,0.0219,8532.1426,31.4836,450.6182,0.7617,0.0386,-90.0000,0.4944,0.4848,-4.7195,-40.2074
33.9005,DESCEND,ASCEND,-0.1155,-0.1044,0.5637,0.6109,0.3913,0.6087,0.6599,0.4742,0.6111,2.9207,74.0000,0.0013,81.7474,38.7809,0.6599,0.1739,0.0870,0.1522,0.1957,0.0217,0.1087,0.1739,0.0870,170.1481,132.0527,0.0057,2.4871,9.0356,281.5697,0.0005,0.0000,2.3950,0.2065,0.5185,124.5949,0.2007,0.0055,0.0308,0.3611,0.3351,1.4878,6.3373,0.3719,1.4222,0.0215,0.9992,0.1455,0.2935,0.6699,1.7179,-0.0020,0.9974,-0.1079,0.2223,-0.2067,-0.0000,0.0000,1.0000,0.0246,8738.1965,32.4900,453.3786,0.7504,0.0455,-90.0000,0.4944,0.4848,-1.4469,47.4261
33.9673,DESCEND,ASCEND,-0.9155,-0.0022,2.7359,0.7779,0.4717,0.5283,1.4775,0.3821,2.7774,13.2128,72.0000,0.0013,71.6568,38.0293,1.4775,0.0566,0.0943,0.2264,0.1509,0.0377,0.1132,0.2075,0.1132,172.6173,128.8025,0.0037,1.3842,1.5150,21.8310,-0.0003,-0.0000,0.2778,0.1053,0.4895,6.2550,0.3109,0.0103,0.0671,0.6697,0.0919,0.3308,0.4499,0.1779,1.3998,-0.0335,1.0008,-0.1230,-0.1375,1.4956,7.8591,-0.0306,0.9984,-0.0523,-0.0738,-0.0142,-0.0000,0.0000,0.8868,0.0255,8881.9211,33.2520,469.7023,0.7319,0.0611,-90.0000,0.4944,0.4848,1.6103,21.4208
34.0340,DESCEND,ASCEND,-0.3353,-0.0019,2.3769,1.7609,0.4839,0.5161,1.3950,0.5117,2.3055,12.7624,60.0000,0.0010,70.0184,41.0378,1.3950,0.0645,0.0968,0.1290,0.0645,0.0968,0.1290,0.3226,0.0968,179.6027,121.2669,0.0068,7.2667,6.0553,55.2752,-0.0121,-0.0000,0.7818,0.3020,0.4745,16.9698,2.1171,0.0108,0.0976,1.6826,0.2335,0.9305,8.4995,0.2986,0.4184,0.0271,0.9984,0.3286,0.1201,1.3663,3.4701,0.0138,0.9549,-0.4119,6.8330,2.6961,-0.0000,-0.0002,0.9677,0.0283,9084.2802,34.6173,538.6436,0.6965,0.1128,-90.0000,0.4944,0.4848,1.4120,21.7118
34.1007,STABLE,ASCEND,nan,nan,nan,nan,nan,nan,0.4888,0.4888,0.0000,0.4888,20.0000,0.0003,nan,nan,0.4888,0.0000,0.0000,0.0000,0.0000,0.0000,0.0000,0.0000,1.0000,nan,nan,0.8379,38.3759,57.6892,752.7633,0.0026,0.0000,11.2639,2.2528,0.5146,150.1169,16.9647,1.5587,2.8294,62.0820,2.1960,6.4236,14.0825,2.6053,4.6152,nan,nan,nan,nan,nan,nan,nan,nan,nan,nan,nan,nan,nan,nan,0.0198,7261.2528,27.8120,569.9628,0.2259,0.1731,-90.0000,0.4944,0.4848,4.5081,68.8934
34.1675,STABLE,ASCEND,nan,nan,nan,nan,nan,nan,37.1824,37.1824,0.0000,37.1824,20.0000,0.0003,nan,nan,37.1824,0.0000,0.0000,0.0000,0.0000,1.0000,0.0000,0.0000,0.0000,nan,nan,0.5721,86.9600,31.3350,546.1714,-0.0078,0.0000,5.9710,2.5821,0.5543,190.3794,0.8635,10.0743,51.1404,2.2529,5.9090,39.1206,0.1773,1.0182,17.4943,nan,nan,nan,nan,nan,nan,nan,nan,nan,nan,nan,nan,nan,nan,0.0202,847.7516,15.3589,326.6542,0.0614,0.1786,-88.9949,0.6278,0.3105,10.6070,62.2062
34.2342,STABLE,ASCEND,nan,nan,nan,nan,nan,nan,nan,nan,nan,nan,170.0000,0.0030,nan,nan,nan,nan,nan,nan,nan,nan,nan,nan,nan,nan,nan,6.4167,39.3164,14.6771,137.2018,0.0259,-0.0000,2.7236,1.5838,0.4894,60.4677,24.6511,6.2550,13.7449,9.3196,5.5658,16.5898,5.4971,5.9664,9.8947,nan,nan,nan,nan,nan,nan,nan,nan,nan,nan,nan,nan,nan,nan,0.0568,5739.9590,46.5227,464.3177,0.3638,0.3506,-38.0616,0.4833,0.7334,12.8105,48.6408
34.3009,STABLE,ASCEND,6.1911,-0.1708,15.9196,30.2396,0.4000,0.6000,19.9671,2.9103,31.9142,83.5723,98.0000,0.0017,78.3130,35.5431,19.9671,0.0000,0.2000,0.2000,0.4000,0.0000,0.2000,0.0000,0.0000,162.4597,109.5359,4.2459,16.6525,6.3429,82.3645,-0.0026,-0.0000,1.3979,1.3015,0.4790,35.1175,9.7088,6.3262,6.6463,8.8722,5.9223,6.7614,4.4795,1.7983,2.7517,nan,nan,nan,nan,nan,nan,nan,nan,nan,nan,nan,nan,nan,nan,0.0456,6133.3520,40.2103,393.4857,0.4761,0.2007,-90.0000,0.4944,0.4848,17.0989,35.9537
34.3677,STABLE,ASCEND,nan,nan,nan,nan,nan,nan,0.0443,0.0443,0.0000,0.0443,20.0000,0.0003,nan,nan,0.0443,0.0000,0.0000,0.0000,0.0000,0.0000,0.0000,0.0000,1.0000,nan,nan,1.4239,13.3956,6.0951,106.8253,0.0073,0.0000,1.5895,1.4395,0.4991,28.6261,2.0685,3.3917,4.3572,6.6395,5.6597,3.5730,3.6115,3.1898,0.5861,nan,nan,nan,nan,nan,nan,nan,nan,nan,nan,nan,nan,nan,nan,0.0141,8510.6906,21.5251,449.9591,0.8382,0.0094,-90.0000,0.4944,0.4848,17.6091,8.2759
34.4344,STABLE,ASCEND,0.0145,0.0002,0.5616,0.6893,0.6875,0.2500,0.4106,0.0013,0.7067,2.7008,26.0000,0.0005,81.8874,24.1905,0.4106,0.0625,0.1875,0.1875,0.1250,0.1250,0.0625,0.1875,0.0625,160.9659,122.1577,0.0000,1.0123,0.8493,12.8928,-0.0000,0.0000,0.1860,0.0330,0.4888,3.8186,0.0072,0.0000,0.5490,0.0303,0.0000,0.6357,0.3475,0.0162,0.1145,0.1520,1.0021,-0.8054,0.1997,0.4894,1.4889,-0.0014,0.9881,0.0818,3.4990,0.9857,0.0000,-0.0001,1.0000,0.0147,8491.7604,21.5492,439.4594,0.8346,0.0087,-90.0000,0.4944,0.4848,18.2035,-13.2333
34.5011,STABLE,ASCEND,1.9597,-0.2753,5.1893,9.8400,0.4000,0.6000,3.2808,1.0712,4.7497,12.6448,36.0000,0.0006,117.7840,38.4215,3.2808,0.4000,0.0000,0.2000,0.0000,0.0000,0.0000,0.4000,0.0000,182.2063,163.4349,0.0000,18.8065,7.9998,56.5799,-0.0076,0.0000,1.0227,0.2846,0.4918,25.1811,0.0061,0.0003,0.6042,0.3706,0.0889,6.5227,11.7721,0.4630,0.3807,nan,nan,nan,nan,nan,nan,nan,nan,nan,nan,nan,nan,nan,nan,0.0149,8518.7865,26.2044,454.8208,0.8021,0.0155,-90.0000,0.4944,0.4848,15.8429,-50.3671
34.5679,STABLE,ASCEND,-0.0321,-0.2463,0.6514,0.9251,0.2000,0.6000,0.7358,0.3869,0.6776,1.8199,31.0000,0.0005,117.7468,38.8076,0.7358,0.6000,0.2000,0.0000,0.0000,0.0000,0.0000,0.2000,0.0000,182.2063,163.4349,0.0002,5.0759,2.5342,26.0937,0.0003,-0.0000,0.4754,0.3100,0.4733,8.2951,0.3583,0.0342,0.3707,2.0616,0.6341,1.3238,1.0642,0.5656,1.2225,nan,nan,nan,nan,nan,nan,nan,nan,nan,nan,nan,nan,nan,nan,0.0213,8427.7266,28.9897,445.9913,0.8180,0.0202,-90.0000,0.4944,0.4848,11.4812,-64.9081
34.6346,STABLE,ASCEND,-0.0260,0.0081,0.3077,0.3486,0.5517,0.4138,0.3077,0.1983,0.3456,1.6566,44.0000,0.0008,82.9319,36.8440,0.3077,0.1034,0.0690,0.0345,0.0345,0.0345,0.1379,0.2759,0.3103,179.5665,156.6866,0.0011,0.6940,0.6347,10.0675,0.0001,0.0000,0.1357,0.0884,0.4842,3.3532,0.1172,0.0115,0.0517,0.2326,0.0560,0.2353,0.1739,0.1143,0.5955,-0.0122,0.9994,0.2485,-0.0705,0.3124,0.7344,-0.0004,1.0033,0.0991,-0.4244,-0.3959,0.0000,0.0000,1.0000,0.0211,8430.5349,29.2754,440.8164,0.8080,0.0201,-90.0000,0.4944,0.4848,7.1799,-49.0003
34.7013,STABLE,ASCEND,-0.0038,0.0096,0.5510,0.6495,0.5385,0.4615,0.6248,0.2090,1.0955,6.4806,44.0000,0.0008,80.1968,35.8455,0.6248,0.2051,0.0769,0.2051,0.0256,0.1282,0.1282,0.2051,0.0256,178.4005,151.9199,0.0022,2.2681,1.8032,15.3947,0.0000,0.0000,0.3278,0.1274,0.4955,5.2888,0.2813,0.0048,1.4760,0.1801,0.0710,1.2006,0.1650,0.1418,0.9548,0.0651,1.0002,-0.1668,0.0895,0.6256,2.0181,-0.0014,0.9959,-0.0989,1.0456,0.5875,0.0000,-0.0000,0.9744,0.0210,8464.2292,29.0474,449.4953,0.8029,0.0244,-90.0000,0.4944,0.4848,4.9413,-87.6153
34.7681,STABLE,ASCEND,0.3400,0.0460,1.4483,1.4946,0.5405,0.4595,1.0235,0.3696,1.9460,8.9745,43.0000,0.0007,80.9077,36.7906,1.0235,0.1351,0.0811,0.1622,0.1892,0.1081,0.0811,0.2162,0.0270,177.8279,146.0170,0.0030,7.0073,3.2126,31.6893,0.0002,-0.0000,0.5596,0.2342,0.4817,9.1554,0.0488,0.0135,2.1230,0.7330,0.2362,3.4534,0.2666,0.1379,2.1008,0.0170,1.0012,-0.3078,-0.0192,1.0445,3.8089,0.0077,0.9984,-0.1964,-0.0988,0.5767,-0.0000,0.0000,0.9459,0.0241,8411.0454,30.4805,495.4905,0.7724,0.0244,-90.0000,0.4944,0.4848,-4.5138,-49.9734
34.8348,DESCEND,ASCEND,-0.1160,0.0007,1.3350,0.6631,0.5294,0.4706,0.5811,0.1711,1.6381,9.5699,47.0000,0.0008,79.2428,36.7667,0.5811,0.2059,0.0588,0.1471,0.0294,0.1471,0.1176,0.1471,0.1471,173.0970,147.4288,0.0015,4.7851,2.8416,51.8284,-0.0000,-0.0000,0.7204,0.1366,0.4791,15.7143,0.0694,0.0133,1.6921,0.0484,0.0718,2.5975,0.0524,0.0735,1.8674,-0.0538,1.0018,-0.1005,-0.2986,0.6409,1.6883,-0.0047,1.0039,0.0158,-0.6324,-0.9263,-0.0000,0.0000,0.9706,0.0239,8407.9393,29.8839,473.5015,0.7675,0.0244,-90.0000,0.4944,0.4848,-1.7285,-5.5728
34.9015,DESCEND,ASCEND,-0.3720,-0.0964,1.2103,0.9145,0.3462,0.6538,1.0777,0.5735,1.3269,5.5220,45.0000,0.0008,82.4615,39.7671,1.0777,0.0769,0.1923,0.0769,0.1538,0.1154,0.0385,0.1923,0.1538,173.6009,143.9995,0.0018,6.3769,3.2335,33.0690,-0.0002,0.0000,0.5699,0.3418,0.4944,8.7652,0.1543,0.0192,0.5960,0.1450,0.1465,5.1962,0.1986,0.1937,2.0391,0.0726,0.9983,0.2309,0.2444,1.0677,3.2600,-0.0098,0.9987,0.1043,0.9868,0.2359,0.0000,-0.0000,0.9615,0.0219,8441.7892,28.8853,449.6214,0.7793,0.0238,-90.0000,0.4944,0.4848,-5.2576,-102.6700
34.9683,DESCEND,ASCEND,-0.4759,-0.0022,1.7676,0.5483,0.5000,0.5000,1.0336,0.4443,1.9031,8.9794,62.0000,0.0011,76.5742,37.2215,1.0336,0.0417,0.2083,0.2083,0.1250,0.0417,0.1250,0.1667,0.0833,171.2601,137.3028,0.0165,72.3655,20.2399,111.3438,-0.0001,0.0000,2.5261,0.3476,0.4973,54.1749,36.0296,0.0375,0.1603,11.3860,0.1824,1.0054,0.6720,0.2383,0.5807,-0.0578,1.0007,-0.0638,-0.0957,1.0162,4.5066,-0.0134,1.0213,0.1921,-4.0169,-1.4947,0.0000,0.0001,0.9583,0.0245,8557.4739,30.8971,471.3099,0.7777,0.0243,-90.0000,0.4944,0.4848,-15.4315,-25.4271
35.0350,DESCEND,ASCEND,0.3003,-0.0372,0.6449,1.2732,0.4286,0.5714,0.8232,0.8756,0.4547,1.5621,30.0000,0.0005,89.8702,42.9197,0.8232,0.0000,0.1429,0.0000,0.0000,0.0000,0.2857,0.2857,0.2857,199.1560,118.7233,0.0160,13.2170,6.3560,59.0113,-0.0000,0.0000,1.0572,0.7255,0.4982,10.8879,0.8946,0.1078,6.3759,3.5169,1.3150,3.9074,2.6886,1.0921,0.3336,0.1049,1.0003,-0.0152,0.0396,0.6496,1.4335,0.0120,nan,nan,nan,nan,nan,nan,nan,0.0311,8573.8801,35.4801,588.2556,0.6581,0.1486,-90.0000,0.4944,0.4848,-8.6513,82.6957
35.1017,DESCEND,ASCEND,-0.1303,-0.0098,0.5858,0.3195,0.4737,0.5263,0.5546,0.2551,0.6803,2.3819,54.0000,0.0009,68.8793,43.0411,0.5546,0.0000,0.0526,0.1579,0.1579,0.2105,0.2105,0.1053,0.1053,189.8298,124.4311,0.0653,11.0272,10.7376,134.1717,-0.0001,0.0000,1.7747,0.4871,0.4959,36.1241,1.0530,0.1352,10.4799,2.0745,0.2724,1.1839,3.2420,0.3731,1.5177,0.2593,0.9992,-0.4624,0.8122,0.6370,1.7966,-0.0016,1.0176,-0.1699,-3.8733,-0.2896,-0.0000,0.0001,1.0000,0.0313,8620.2202,37.1178,608.8035,0.6319,0.1368,-90.0000,0.4944,0.4848,-4.3944,62.8410
35.1685,STABLE,ASCEND,-3.1864,0.0349,10.9455,1.8934,0.5000,0.5000,4.5796,0.8007,10.9568,37.3827,26.0000,0.0005,89.3169,46.6556,4.5796,0.2000,0.0000,0.0000,0.0000,0.1000,0.2000,0.3000,0.2000,190.0026,121.2447,0.1396,27.1540,11.6926,145.0855,-0.0004,0.0000,2.4745,1.1362,0.4884,58.7283,11.0781,0.3686,2.8913,9.5112,0.8962,7.7614,5.1738,1.4236,1.2538,0.1821,1.0000,-0.4521,-0.0023,4.4359,22.0897,-0.0562,1.0579,0.1287,-11.5380,-4.1693,0.0000,0.0003,0.9000,0.0287,9847.3835,38.9526,859.5276,0.5614,0.1120,-90.0000,0.4944,0.4848,-0.2641,55.2384
35.2352,STABLE,ASCEND,nan,nan,nan,nan,nan,nan,0.3987,0.3673,0.3395,0.8460,61.0000,0.0011,nan,nan,0.3987,0.0000,0.5000,0.0000,0.2500,0.0000,0.0000,0.0000,0.2500,nan,nan,1.4947,30.1737,13.0847,255.7290,-0.0096,-0.0000,2.9287,1.5311,0.4607,117.9728,15.3608,1.0740,5.0333,14.1391,2.0296,5.6656,7.5187,2.3487,2.1538,nan,nan,nan,nan,nan,nan,nan,nan,nan,nan,nan,nan,nan,nan,0.0404,3329.8230,30.1236,592.0468,0.1382,0.2050,-90.0000,0.4944,0.4848,2.9781,51.8131
35.3019,STABLE,ASCEND,nan,nan,nan,nan,nan,nan,0.0065,0.0056,0.0057,0.0140,16.0000,0.0003,nan,nan,0.0065,0.0000,0.2500,0.0000,0.0000,0.2500,0.2500,0.2500,0.0000,nan,nan,0.9828,30.4124,14.8245,247.1138,-0.0003,0.0000,3.2096,1.7902,0.5385,43.2739,7.9838,2.6585,9.8195,4.9605,3.4427,17.0283,0.8886,0.3339,13.5867,nan,nan,nan,nan,nan,nan,nan,nan,nan,nan,nan,nan,nan,nan,0.0110,331.4427,14.2698,391.6051,0.0617,0.0881,nan,nan,0.0000,6.6512,47.1571
35.3687,STABLE,ASCEND,nan,nan,nan,nan,nan,nan,nan,nan,nan,nan,179.0000,0.0031,nan,nan,nan,nan,nan,nan,nan,nan,nan,nan,nan,nan,nan,5.2166,21.6815,6.7935,53.5855,0.0503,0.0020,1.0002,1.2486,0.5309,13.0762,9.7310,3.6623,10.9160,8.1580,5.5863,6.6315,7.6324,6.1203,4.3730,nan,nan,nan,nan,nan,nan,nan,nan,nan,nan,nan,nan,nan,nan,0.0702,5962.0918,48.4564,389.0887,0.3619,0.3119,28.9358,0.5444,0.7656,9.2720,27.6739
35.4354,STABLE,ASCEND,6.5320,3.2000,8.1661,21.7867,1.0000,0.0000,10.2532,5.6806,10.9974,29.3013,157.0000,0.0027,107.1027,43.0167,10.2532,0.0000,0.1111,0.0000,0.1111,0.1111,0.5556,0.1111,0.0000,192.8452,128.5862,2.9339,13.4539,4.5050,34.0950,0.0027,0.0000,0.7732,0.9258,0.5122,12.3733,7.8351,7.7504,3.6564,5.0212,7.9523,1.9171,2.9382,0.6525,1.7235,1.0455,1.0103,-3.8982,0.1806,8.8942,27.0287,0.0898,0.9660,-1.9343,4.2048,3.1038,-0.0001,-0.0001,0.6667,0.0548,6285.7306,42.8875,370.0061,0.4510,0.1619,-21.6379,0.3889,0.7091,10.3447,16.8914
35.5021,STABLE,ASCEND,nan,nan,nan,nan,nan,nan,14.7871,14.3996,8.3513,25.2037,64.0000,0.0011,nan,nan,14.7871,0.0000,0.3333,0.0000,0.0000,0.0000,0.3333,0.3333,0.0000,nan,nan,5.2114,17.3153,7.3169,80.1819,0.0079,-0.0000,1.4406,1.4502,0.4816,18.0674,4.5058,6.4354,8.2791,10.1484,10.6709,7.1503,8.3778,4.2803,2.6061,nan,nan,nan,nan,nan,nan,nan,nan,nan,nan,nan,nan,nan,nan,0.0412,7921.2768,39.6839,421.4530,0.7225,0.1442,-90.0000,0.4944,0.4848,11.5264,22.3595
35.5689,STABLE,ASCEND,nan,nan,nan,nan,nan,nan,0.9913,0.0003,1.4017,2.9736,24.0000,0.0004,nan,nan,0.9913,0.6667,0.3333,0.0000,0.0000,0.0000,0.0000,0.0000,0.0000,nan,nan,1.2118,24.3426,9.3216,94.7196,-0.0070,-0.0000,1.6394,1.7996,0.4914,18.4298,6.6351,5.9410,1.5119,11.3118,5.2011,3.0825,12.0827,2.6132,0.4367,nan,nan,nan,nan,nan,nan,nan,nan,nan,nan,nan,nan,nan,nan,0.0145,8528.8399,22.8732,442.7982,0.8361,0.0088,-90.0000,0.4944,0.4848,13.3290,38.7876
35.6356,STABLE,ASCEND,-0.2661,-0.0158,0.5779,0.3950,0.2857,0.7143,0.5661,0.2501,0.6529,1.5610,32.0000,0.0006,92.4659,44.6944,0.5661,0.1429,0.2857,0.1429,0.1429,0.0000,0.1429,0.1429,0.0000,193.6490,158.9426,0.0000,14.0750,6.6876,52.2321,-0.0066,0.0000,0.9282,0.3143,0.5265,26.1940,0.0016,0.0000,1.0839,0.1415,0.0858,2.8950,11.7799,0.5752,0.2329,0.0985,0.9990,0.1016,0.7679,0.6392,1.2475,-0.0080,nan,nan,nan,nan,nan,nan,nan,0.0154,8678.5264,26.3303,462.0076,0.7987,0.0149,-90.0000,0.4944,0.4848,16.7033,-36.5963
35.7023,STABLE,ASCEND,nan,nan,nan,nan,nan,nan,0.7462,0.7462,0.4202,1.1664,31.0000,0.0005,nan,nan,0.7462,0.0000,0.0000,0.0000,0.0000,0.0000,0.0000,0.5000,0.5000,nan,nan,0.0000,10.4162,5.4435,48.2525,0.0012,0.0000,0.8838,0.3380,0.5122,26.9431,0.0000,0.0000,1.3459,0.3896,0.3721,4.8301,5.6332,0.9376,1.9743,nan,nan,nan,nan,nan,nan,nan,nan,nan,nan,nan,nan,nan,nan,0.0198,8697.4295,29.7892,452.5567,0.8164,0.0205,-90.0000,0.4944,0.4848,8.4446,-105.7900
35.7691,STABLE,ASCEND,-0.0733,0.0218,0.4989,0.6355,0.5625,0.4375,0.7459,0.6638,0.4405,1.6725,31.0000,0.0005,93.2375,40.3486,0.7459,0.1250,0.3750,0.0625,0.0000,0.0000,0.1875,0.1875,0.0625,177.8443,155.5010,0.0310,106.3091,32.9276,149.0925,0.0164,-0.0000,3.2889,0.6465,0.4866,62.8484,86.2035,2.5338,0.1428,23.4898,0.4842,0.4910,0.4674,0.5632,0.9976,-0.0661,0.9991,0.4855,-0.0024,0.7404,1.2733,0.0048,1.0026,0.2026,0.9492,0.4147,0.0000,-0.0000,1.0000,0.0207,8579.5764,29.3747,453.6972,0.8151,0.0227,-90.0000,0.4944,0.4848,2.5838,-89.6082
35.8358,STABLE,ASCEND,nan,nan,nan,nan,nan,nan,1.2198,1.2198,0.0000,1.2198,26.0000,0.0005,nan,nan,1.2198,0.0000,0.0000,0.0000,0.0000,0.0000,1.0000,0.0000,0.0000,nan,nan,0.1344,38.9705,24.1915,598.6204,-0.0041,-0.0000,5.2328,1.4596,0.4937,244.8595,2.3677,0.0917,4.6883,3.5970,0.7357,20.0634,16.0471,2.0834,23.1176,nan,nan,nan,nan,nan,nan,nan,nan,nan,nan,nan,nan,nan,nan,0.0344,9912.3537,39.3060,674.3003,0.6754,0.1524,-90.0000,0.4944,0.4848,-3.5151,-104.5326
35.9025,STABLE,ASCEND,0.5513,0.0154,1.5132,2.9540,0.5455,0.4545,1.7062,0.7133,2.9221,10.8419,50.0000,0.0009,67.6933,45.2937,1.7062,0.0909,0.0909,0.0909,0.2727,0.1818,0.0909,0.0909,0.0909,162.2412,141.8577,0.0834,5.0117,6.5597,189.1651,-0.0038,-0.0000,1.6650,0.3278,0.4593,75.3848,0.3392,0.0204,3.9471,0.5623,0.4599,1.4995,3.3450,0.5765,1.0098,0.2662,1.0010,-0.7512,0.5240,1.6809,6.1778,0.0459,0.9875,-0.3211,1.4345,1.2634,-0.0000,-0.0001,0.9091,0.0320,9532.8936,38.3578,626.3809,0.6611,0.1391,-90.0000,0.4944,0.4848,-11.3678,3.5178
35.9693,STABLE,ASCEND,nan,nan,nan,nan,nan,nan,2.4241,1.5046,2.5403,6.6339,25.0000,0.0004,nan,nan,2.4241,0.2500,0.2500,0.2500,0.0000,0.0000,0.2500,0.0000,0.0000,nan,nan,0.1386,17.2578,7.4543,136.1812,-0.0034,0.0000,1.7583,0.7879,0.5139,77.2360,0.9854,0.1174,1.2611,10.9854,1.5120,3.1107,5.0099,1.7908,3.0986,nan,nan,nan,nan,nan,nan,nan,nan,nan,nan,nan,nan,nan,nan,0.0196,8671.4362,29.4596,439.5100,0.8161,0.0226,-90.0000,0.4944,0.4848,-3.0456,65.2111
36.0360,STABLE,ASCEND,nan,nan,nan,nan,nan,nan,0.9825,0.7424,0.8439,2.2670,29.0000,0.0005,nan,nan,0.9825,0.0000,0.2500,0.0000,0.0000,0.0000,0.2500,0.0000,0.5000,nan,nan,0.0077,24.7155,11.0790,212.2017,-0.0004,0.0000,2.3229,0.8322,0.4924,91.5460,1.1399,0.0295,0.8247,16.5370,0.5799,1.4795,9.1480,1.6427,2.6508,nan,nan,nan,nan,nan,nan,nan,nan,nan,nan,nan,nan,nan,nan,0.0143,8694.0433,26.7716,461.2454,0.8257,0.0163,-90.0000,0.4944,0.4848,-2.6643,-9.0631
36.1027,STABLE,ASCEND,-2.4811,0.0141,4.9340,0.4357,0.6154,0.3846,4.1744,0.7857,7.3191,22.6389,28.0000,0.0005,88.8649,36.8649,4.1744,0.0000,0.2308,0.2308,0.0769,0.0769,0.2308,0.0769,0.0769,156.9705,144.5804,0.0002,2.1598,1.7562,17.7614,-0.0002,0.0000,0.2506,0.1878,0.5054,4.0226,0.1380,0.0000,0.1672,0.1075,0.0863,0.6660,2.4019,0.3562,0.3300,-0.2350,0.9993,0.5159,-0.3383,4.0123,20.0810,-0.0831,1.0035,-0.8337,-9.0497,2.3063,-0.0002,0.0003,0.8462,0.0148,8598.4069,26.2397,442.5387,0.7937,0.0204,-90.0000,0.4944,0.4848,-4.2552,-20.8286
36.1695,STABLE,ASCEND,-0.1271,-0.0847,0.5339,0.6489,0.4286,0.5714,0.9067,0.7516,0.4071,1.5681,40.0000,0.0007,94.6091,32.6371,0.9067,0.0000,0.0000,0.1429,0.0000,0.1429,0.2857,0.4286,0.0000,145.3635,143.4066,0.0026,14.6793,41.3295,725.3929,-0.0002,-0.0000,7.1473,0.5222,0.4784,190.7736,0.0064,0.0013,29.4676,1.6709,0.2351,4.2010,4.9134,1.0223,2.2868,-0.1674,0.9992,0.3534,-0.9282,0.6535,0.9710,-0.0043,nan,nan,nan,nan,nan,nan,nan,0.0178,8259.3668,27.3505,471.9276,0.7920,0.0271,-90.0000,0.4944,0.4848,-5.4442,-4.7003
36.2362,STABLE,ASCEND,0.1400,-0.0125,1.1386,2.1496,0.4375,0.5625,1.6047,0.9779,2.4213,10.4155,59.0000,0.0010,94.1887,30.5864,1.6047,0.2500,0.0625,0.0625,0.0625,0.1250,0.1250,0.2500,0.0625,150.0451,143.2607,0.0044,4.6209,6.2738,181.1384,0.0003,0.0000,1.9251,0.2347,0.4878,66.9448,0.5336,0.0223,0.6198,0.4877,0.5286,1.7314,4.1008,0.9977,0.3021,0.0500,1.0015,-0.1958,-0.2949,1.5982,5.2158,-0.0011,1.0219,-0.0809,-5.8474,-2.3671,-0.0000,0.0001,0.9375,0.0183,8368.2811,28.3440,472.9085,0.7879,0.0258,-90.0000,0.4944,0.4848,-4.8826,2.6713
36.3029,STABLE,ASCEND,-0.0484,-0.1566,3.8400,5.3312,0.3030,0.6970,2.4295,0.6003,4.2845,17.4548,70.0000,0.0012,80.0633,30.9289,2.4295,0.1212,0.0606,0.0606,0.0909,0.1818,0.0303,0.1818,0.2727,155.6437,136.2509,0.0039,8.4784,10.9140,261.8520,0.0003,-0.0000,2.8871,0.3183,0.4710,108.3468,0.2950,0.0093,1.5541,0.4329,0.1860,6.0324,6.5712,0.2864,2.7154,0.1277,0.9996,-0.1202,0.1536,2.4196,12.9331,-0.0088,1.0047,0.0484,-0.1878,-0.6826,0.0000,0.0000,0.8788,0.0225,8492.1467,29.6071,449.3558,0.8028,0.0218,-90.0000,0.4944,0.4848,-5.0877,22.6092
36.3697,STABLE,ASCEND,1.0212,-0.0248,6.5131,1.6983,0.4444,0.5556,1.9310,0.4028,6.7196,41.1791,88.0000,0.0015,70.4694,36.7592,1.9310,0.1944,0.1389,0.1944,0.0833,0.1389,0.0000,0.1667,0.0833,162.0744,139.9793,0.0129,22.9641,13.2936,246.1182,0.0005,0.0000,2.5240,0.4304,0.4984,85.2827,1.2744,0.0119,2.2345,18.6549,0.3212,2.2868,6.1620,0.3858,0.4476,0.0232,0.9992,0.1767,0.3102,1.9189,4.3695,0.0173,0.9978,0.1341,0.1081,0.3308,0.0000,-0.0000,0.9722,0.0206,8642.5190,30.3969,451.4161,0.7768,0.0171,-90.0000,0.4944,0.4848,-1.8650,8.8454
36.4364,STABLE,ASCEND,-1.1486,-0.0811,4.5262,1.7858,0.2791,0.7209,2.3797,0.3765,6.0965,31.1158,88.0000,0.0015,77.2397,39.5387,2.3797,0.0698,0.1395,0.0930,0.1628,0.1395,0.1860,0.0930,0.1163,168.9070,139.7283,0.0057,4.6009,9.7286,245.4168,-0.0000,0.0000,2.0653,0.2071,0.5127,85.1570,0.8303,0.0033,0.1223,2.9980,0.2784,1.3725,5.5063,0.2838,0.2722,-0.0688,0.9984,0.2807,-0.0933,2.4038,7.8175,-0.0524,0.9906,-0.0965,3.4825,0.3808,-0.0000,-0.0000,0.9070,0.0211,8656.5281,31.2924,494.8435,0.7622,0.0254,-90.0000,0.4944,0.4848,-3.9071,-14.8128
36.5031,ASCEND,ASCEND,-0.9659,-0.0173,4.6005,1.6824,0.4737,0.5263,2.1247,0.9297,4.4831,20.9437,63.0000,0.0011,84.8659,44.3462,2.1247,0.0526,0.4211,0.0526,0.1053,0.1053,0.2105,0.0000,0.0526,176.3702,131.2475,0.0106,5.6188,3.5968,33.0538,0.0001,-0.0000,0.6636,0.3819,0.4915,9.4381,2.7712,0.0506,0.4648,3.5893,0.4535,0.8609,1.0972,0.8351,0.2942,0.0985,1.0030,-0.8153,0.7075,2.1779,4.3989,-0.0098,1.0243,0.3724,-4.2248,-2.9196,0.0000,0.0001,0.9474,0.0228,8610.9618,31.4959,501.4883,0.7732,0.0310,-90.0000,0.4944,0.4848,-3.8420,40.6245
36.5699,DESCEND,ASCEND,0.4054,0.2494,0.7211,1.5266,0.8333,0.1667,0.7511,0.7283,0.6079,2.4784,28.0000,0.0005,86.1699,39.5137,0.7511,0.1667,0.1667,0.1667,0.1667,0.0000,0.1667,0.0833,0.0833,191.2789,128.3955,0.0135,48.3572,15.7682,145.0198,-0.0089,0.0000,2.5100,1.0430,0.5086,43.9394,4.7533,0.1994,0.7235,31.8620,0.7884,3.7122,19.2830,1.5276,0.3882,0.0056,1.0038,-0.8556,-0.1131,0.6719,1.4281,0.0063,0.9670,-0.1957,6.5131,2.8892,-0.0000,-0.0002,1.0000,0.0156,8693.0290,27.8059,472.0918,0.7931,0.0159,-90.0000,0.4944,0.4848,1.5149,-22.7182
36.6366,STABLE,ASCEND,0.2769,0.0142,1.3773,1.1814,0.5600,0.4400,0.8273,0.3044,1.5516,7.4866,32.0000,0.0006,83.7823,42.4934,0.8273,0.0400,0.1600,0.1600,0.2000,0.1200,0.0400,0.2800,0.0000,197.9828,126.1329,0.0000,0.7666,5.5260,201.1113,-0.0003,-0.0000,1.5414,0.0672,0.4489,76.7195,0.0000,0.0000,0.0677,0.0808,0.0791,0.1029,3.0148,0.2887,0.1505,-0.1066,1.0020,-0.2068,-0.5454,0.8172,3.3561,0.0058,0.9911,0.2257,2.0412,-0.2684,0.0000,-0.0001,0.9600,0.0156,8621.9306,27.6545,458.8531,0.7914,0.0166,-90.0000,0.4944,0.4848,-6.8741,-77.7251
36.7033,STABLE,ASCEND,-0.5317,-0.0726,1.2293,0.5725,0.3750,0.6250,1.5223,1.3057,1.0876,3.1156,50.0000,0.0009,93.5539,45.5462,1.5223,0.1250,0.3750,0.0000,0.1250,0.0000,0.1250,0.1250,0.1250,184.1278,130.7916,0.0045,11.1703,5.3075,147.5942,0.0001,-0.0000,1.2689,0.6439,0.4726,42.8012,2.2068,0.0181,0.7066,1.3125,0.4398,5.3459,3.5729,0.7367,1.0235,-0.1151,0.9954,1.0150,0.0755,1.6134,2.9990,-0.0091,1.0367,0.2721,-7.9430,-3.9816,-0.0001,0.0003,1.0000,0.0257,8627.9538,31.8423,493.0955,0.7787,0.0262,-90.0000,0.4944,0.4848,-8.8588,13.9897
36.7701,STABLE,ASCEND,-0.0795,-0.0041,6.5482,9.3233,0.5000,0.5000,3.2845,0.4788,6.6784,24.1584,69.0000,0.0012,79.6106,38.4106,3.2845,0.0385,0.1154,0.0000,0.0769,0.0769,0.2308,0.2308,0.2308,186.7440,130.7076,0.0265,8.7593,63.9628,915.9932,0.0003,0.0000,11.7588,0.4407,0.5011,269.5658,44.2506,0.0111,34.5703,1.8212,0.1968,1.6937,0.9395,0.5021,0.3711,-0.1329,0.9990,0.6200,-0.3982,3.2486,20.7801,-0.0012,1.0219,0.3963,-2.3909,-3.1966,0.0000,0.0001,0.8462,0.0287,8851.1144,33.3918,506.0242,0.7808,0.0422,-90.0000,0.4944,0.4848,-5.0069,-4.2279
36.8368,STABLE,ASCEND,-2.9404,-0.0645,7.4102,1.0918,0.4118,0.5882,4.0972,1.0596,7.4350,30.1638,52.0000,0.0009,73.7927,38.4265,4.0972,0.0000,0.0588,0.0588,0.0588,0.0000,0.1765,0.5294,0.1176,181.5181,124.5567,0.0398,6.8236,2.9199,22.5368,-0.0000,-0.0000,0.5525,0.3837,0.4840,7.9349,1.7947,0.1289,2.0667,1.9767,0.4070,1.5059,0.9856,0.5926,0.4264,0.1311,0.9973,0.1745,-0.2604,4.0247,16.7735,-0.0666,1.0056,-0.1880,-3.3076,-0.8051,-0.0000,0.0001,0.8235,0.0331,9376.3211,37.0575,605.0536,0.6675,0.1375,-90.0000,0.4944,0.4848,-9.4231,-40.2857
36.9035,STABLE,ASCEND,1.0510,0.0011,4.6248,9.4031,0.5143,0.4857,2.4454,0.7236,4.6619,21.5403,69.0000,0.0012,68.2255,38.6410,2.4454,0.0571,0.0857,0.1143,0.1429,0.1143,0.0857,0.1714,0.2286,180.3655,128.6561,0.1157,4.1699,7.3059,197.1133,-0.0002,0.0000,1.8417,0.3511,0.5058,69.0851,1.1047,0.2646,1.2626,1.3533,0.1745,1.4498,4.2638,0.3682,0.8032,0.0319,1.0012,-0.2385,-0.2027,2.4334,11.7314,0.0010,1.0123,-0.1022,-1.9095,-0.7901,-0.0000,0.0001,0.8571,0.0332,8898.6528,38.1363,617.0554,0.6806,0.1055,-90.0000,0.4944,0.4848,-10.3837,-29.6746
36.9703,ASCEND,ASCEND,0.2140,0.0592,0.4075,0.9001,0.7000,0.3000,0.5846,0.5164,0.5173,1.6720,50.0000,0.0009,107.5748,32.0147,0.5846,0.2000,0.2000,0.1000,0.1000,0.1000,0.1000,0.2000,0.0000,187.0259,127.1054,0.2386,9.4213,9.8566,233.1443,0.0002,0.0000,2.0621,0.5467,0.4980,81.3129,1.6324,0.3384,1.5115,2.6724,0.4586,2.0388,9.1449,0.6254,0.6680,-0.0878,1.0016,-0.2296,-0.6402,0.5729,1.2730,0.0035,0.9776,0.1127,5.1597,0.0058,0.0000,-0.0002,1.0000,0.0295,9722.8610,40.9584,752.4678,0.6016,0.1656,-90.0000,0.4944,0.4848,-13.3837,-36.0994
37.0370,ASCEND,ASCEND,-3.9145,-0.1075,10.2192,1.7613,0.3571,0.6429,5.1307,1.0791,10.2243,37.5938,50.0000,0.0009,86.5506,44.0070,5.1307,0.0000,0.0714,0.1429,0.0714,0.1429,0.1429,0.2857,0.1429,189.3046,123.5968,0.5427,12.0592,7.7776,239.8865,-0.0010,-0.0000,2.7026,0.9080,0.4803,95.7243,6.5002,0.4198,1.5800,4.7401,0.7382,2.5470,4.8404,0.9689,1.7410,0.0285,1.0011,-0.4374,0.0953,5.1924,26.3557,-0.0811,0.9431,-0.4227,9.8942,3.6320,-0.0000,-0.0003,0.8571,0.0329,9391.1543,37.8635,601.6105,0.4842,0.1787,-90.0000,0.4944,0.4848,-15.2018,-14.1664
37.1037,STABLE,ASCEND,1.6202,0.0591,5.9901,11.3248,0.5556,0.4444,2.9736,0.7934,5.6268,18.7522,45.0000,0.0008,79.9905,45.2151,2.9736,0.1111,0.0000,0.0000,0.2222,0.1111,0.3333,0.1111,0.1111,173.2113,125.8350,0.8145,17.5289,6.9462,71.9309,-0.0016,0.0000,1.1999,1.1434,0.4944,23.2428,5.2458,7.6964,3.6989,5.7989,0.8285,5.6495,3.0516,1.2496,1.3150,0.1058,0.9962,0.7574,0.4333,3.0653,12.4392,0.0232,0.9352,-1.9055,9.0554,6.4419,-0.0002,-0.0000,0.7778,0.0353,9679.7154,43.3864,867.5015,0.4180,0.1308,-90.0000,0.4944,0.4848,-15.2744,9.1494
37.1705,STABLE,ASCEND,nan,nan,nan,nan,nan,nan,1.9106,1.9106,0.6484,2.5591,57.0000,0.0010,nan,nan,1.9106,0.0000,0.0000,0.5000,0.0000,0.0000,0.5000,0.0000,0.0000,nan,nan,5.5037,39.5619,26.2024,363.7955,0.0156,0.0036,6.4822,3.7092,0.5605,82.3649,11.7632,9.1222,20.1670,8.6727,8.1889,24.1039,4.0248,4.3469,23.3801,nan,nan,nan,nan,nan,nan,nan,nan,nan,nan,nan,nan,nan,nan,0.0338,9255.1574,32.6182,393.1870,0.4678,0.1944,-90.0000,0.4944,0.4848,-13.9807,18.9728
37.2372,STABLE,ASCEND,-4.4879,-0.3170,7.3781,-0.0429,0.0000,1.0000,7.2967,0.8015,12.4619,36.5511,57.0000,0.0010,79.5328,38.6243,7.2967,0.2500,0.1250,0.0000,0.1250,0.3750,0.0000,0.1250,0.0000,146.7902,136.4289,0.7345,15.3316,7.1567,60.8552,0.0036,-0.0000,1.3118,1.0881,0.4721,21.3798,7.5474,4.4828,4.0995,3.8734,6.2194,1.8559,2.0129,1.1985,1.5045,0.0242,0.9988,0.3263,0.2782,7.3158,30.2614,-0.1699,0.9841,0.6458,1.6970,0.4186,0.0001,-0.0002,0.7500,0.0295,7640.2656,32.4914,420.3011,0.3135,0.2452,-90.0000,0.4944,0.4848,-12.7422,26.6932
37.3039,STABLE,ASCEND,nan,nan,nan,nan,nan,nan,nan,nan,nan,nan,13.0000,0.0002,nan,nan,nan,nan,nan,nan,nan,nan,nan,nan,nan,nan,nan,0.5109,41.6158,18.3287,365.9758,0.0017,0.0000,4.0048,1.8560,0.4982,115.1419,13.6863,7.4092,5.2240,24.6424,6.0070,4.7359,6.0537,0.9667,0.4773,nan,nan,nan,nan,nan,nan,nan,nan,nan,nan,nan,nan,nan,nan,0.0163,683.1323,12.9321,322.4719,0.0608,0.1356,nan,nan,0.0000,-10.4180,4.7457
37.3707,STABLE,ASCEND,nan,nan,nan,nan,nan,nan,nan,nan,nan,nan,36.0000,0.0006,nan,nan,nan,nan,nan,nan,nan,nan,nan,nan,nan,nan,nan,3.8566,33.3444,12.4106,122.8111,-0.0020,0.0000,2.4632,2.0303,0.5062,42.9208,9.3788,1.5630,5.8791,7.5385,6.5231,18.5487,8.0934,5.1977,12.8508,nan,nan,nan,nan,nan,nan,nan,nan,nan,nan,nan,nan,nan,nan,0.0352,6111.8964,34.3635,246.7953,0.2338,0.4590,-90.0000,0.4944,0.4848,-12.1088,14.7376
37.4374,STABLE,ASCEND,nan,nan,nan,nan,nan,nan,0.0412,0.0340,0.0363,0.0888,58.0000,0.0010,nan,nan,0.0412,0.0000,0.0000,0.3333,0.0000,0.3333,0.3333,0.0000,0.0000,nan,nan,2.5162,41.5135,15.5468,223.3458,0.0207,-0.0000,3.2821,2.4045,0.4919,31.3571,24.4653,5.2194,3.2749,10.5381,8.7992,7.2213,6.6129,5.6188,7.9246,nan,nan,nan,nan,nan,nan,nan,nan,nan,nan,nan,nan,nan,nan,0.0128,8187.6756,19.3502,353.0442,0.8317,0.0238,-90.0000,0.4944,0.4848,-8.4510,73.6683
37.5041,STABLE,ASCEND,-0.6644,0.0001,1.7788,0.0355,0.6250,0.1250,1.1454,0.0003,2.8772,8.7494,22.0000,0.0004,71.4746,25.3026,1.1454,0.5000,0.1250,0.2500,0.0000,0.0000,0.1250,0.0000,0.0000,146.7902,136.4289,0.0001,22.7825,17.0209,149.2266,0.0015,-0.0000,3.1756,0.5917,0.4830,61.7970,0.0081,0.6261,7.6209,0.0007,0.6490,17.5076,2.2317,0.0014,12.4863,-0.1120,1.0007,0.2059,-0.5087,1.1568,5.8285,-0.0178,1.0091,-0.0054,-0.1400,-2.1625,0.0000,0.0000,0.8750,0.0129,8372.9589,16.8166,417.3471,0.8153,0.0017,-90.0000,0.4944,0.4848,-2.2765,38.4292
37.5709,STABLE,ASCEND,-0.0319,0.0000,0.0901,0.0000,0.0000,0.1111,0.0482,0.0000,0.1364,0.4340,24.0000,0.0004,82.1819,31.4516,0.0482,0.8889,0.0000,0.0000,0.0000,0.0000,0.0000,0.1111,0.0000,146.7902,136.4289,0.0000,26.3454,9.3346,59.5097,-0.0181,-0.0000,1.1122,0.2210,0.4899,22.3157,0.0001,0.0005,1.1828,0.3047,0.0123,8.6249,14.5585,0.1560,0.1624,-0.0846,0.9991,0.4533,-0.1676,0.0600,0.0997,0.0004,0.9959,0.0229,1.5573,-0.4612,0.0000,-0.0000,1.0000,0.0147,8322.6972,21.8372,435.8592,0.8373,0.0050,-90.0000,0.4944,0.4848,-3.3220,-0.7861
37.6376,STABLE,ASCEND,nan,nan,nan,nan,nan,nan,0.2254,0.0527,0.2544,0.5850,42.0000,0.0007,nan,nan,0.2254,0.3333,0.3333,0.0000,0.0000,0.0000,0.0000,0.3333,0.0000,nan,nan,0.0244,28.1624,12.8636,121.6398,0.0001,-0.0000,2.8419,1.6873,0.4986,58.6239,9.0373,0.0910,12.6926,3.8488,0.7314,9.4930,3.7796,0.5635,2.6369,nan,nan,nan,nan,nan,nan,nan,nan,nan,nan,nan,nan,nan,nan,0.0242,7822.6430,29.4878,412.7383,0.7719,0.0295,-90.0000,0.4944,0.4848,-2.3814,65.4734
37.7043,STABLE,ASCEND,-0.0156,-0.3432,1.8606,3.0529,0.3750,0.6250,2.5474,1.9876,1.8205,5.4051,36.0000,0.0006,100.1806,33.2476,2.5474,0.2500,0.0000,0.3750,0.0000,0.0000,0.1250,0.1250,0.1250,148.6109,140.8297,0.0646,22.3572,10.1507,112.5703,0.0001,0.0000,2.1067,1.2585,0.5220,46.8792,7.1627,0.1091,6.1116,6.6561,1.0866,6.0819,2.7466,0.9006,5.6666,-1.0573,0.9730,7.4448,3.6381,4.0424,10.1849,0.0445,1.0886,-0.9896,-18.6738,-10.4820,-0.0003,0.0007,0.8750,0.0190,8567.9038,28.0632,453.5480,0.8182,0.0197,-90.0000,0.4944,0.4848,5.4165,46.0379
37.7711,ASCEND,ASCEND,0.5044,0.0534,6.5043,10.4355,0.6667,0.3333,4.4925,1.1385,6.3384,17.2043,48.0000,0.0008,103.2296,29.8883,4.4925,0.0833,0.1667,0.0000,0.0000,0.0833,0.3333,0.2500,0.0833,164.8819,132.8326,0.0013,6.2922,5.2670,59.3122,0.0007,-0.0000,0.9343,0.3824,0.4988,15.2924,5.6547,0.0058,0.1813,1.3968,0.2928,2.5142,1.1683,0.8375,0.4679,-0.1572,1.0013,-0.0778,-0.7279,4.5215,16.9352,0.0113,0.9519,-0.2237,9.4392,1.5515,-0.0000,-0.0003,0.7500,0.0214,8706.3845,31.4494,461.8854,0.7805,0.0207,-90.0000,0.4944,0.4848,3.7631,10.0720
37.8378,ASCEND,ASCEND,0.2078,-0.1260,1.1579,2.0396,0.5000,0.5000,1.7553,1.8251,1.0488,3.0463,32.0000,0.0006,103.5902,32.1337,1.7553,0.1667,0.1667,0.1667,0.0000,0.0000,0.3333,0.0000,0.1667,155.9520,149.4768,0.0020,13.9133,5.4350,50.1291,-0.0009,-0.0000,0.9158,0.6472,0.4893,10.3886,3.3218,0.0078,0.3442,5.1089,0.8996,4.4405,0.7424,2.1251,1.8956,0.4756,1.0023,-0.4932,1.8650,1.8538,3.3262,0.0071,nan,nan,nan,nan,nan,nan,nan,0.0158,8726.8615,27.1573,501.0215,0.7978,0.0220,-90.0000,0.4944,0.4848,6.7608,45.5441
37.9045,ASCEND,ASCEND,1.0604,0.2482,2.4865,5.9743,0.7500,0.2500,2.0433,0.6648,2.7295,10.8564,38.0000,0.0007,75.5580,32.5003,2.0433,0.1250,0.0417,0.1667,0.2083,0.1250,0.0417,0.1667,0.1250,161.7351,151.1516,0.0000,1.0795,0.6019,8.0076,-0.0005,-0.0000,0.1351,0.0733,0.4917,2.6304,0.0220,0.0000,0.1268,0.1381,0.0635,0.3873,0.3386,0.2358,0.3442,-0.0592,1.0008,-0.1183,-0.3390,2.0625,6.7410,0.0476,0.9652,0.3060,6.4797,4.5258,0.0000,-0.0002,0.7917,0.0147,8719.7116,26.4995,492.5016,0.7917,0.0261,-90.0000,0.4944,0.4848,9.8417,29.0059
37.9713,ASCEND,ASCEND,-0.2244,-0.4243,1.1914,1.4599,0.3333,0.6667,1.6147,1.5120,0.7022,2.9092,27.0000,0.0005,94.4148,33.8237,1.6147,0.0000,0.0000,0.1667,0.1667,0.0000,0.3333,0.1667,0.1667,159.6846,155.7323,0.0008,12.7666,6.4026,57.2028,-0.0094,-0.0000,0.7909,0.3033,0.4856,23.9372,0.0246,0.0048,0.3794,1.3108,0.2951,4.5372,8.6906,1.0882,0.4866,-0.5093,1.0005,0.2251,-1.7696,1.5889,2.4058,-0.0131,nan,nan,nan,nan,nan,nan,nan,0.0188,8617.7610,28.7685,474.4319,0.7891,0.0240,-90.0000,0.4944,0.4848,10.6321,1.4193
38.0380,STABLE,ASCEND,-0.7446,-0.2639,1.1606,0.3778,0.2222,0.7778,1.2546,0.9973,0.9411,2.8837,48.0000,0.0008,92.6225,40.0844,1.2546,0.1111,0.2222,0.2222,0.1111,0.0000,0.1111,0.1111,0.1111,160.8502,145.2709,0.0095,3.2492,4.6285,53.3194,-0.0002,0.0000,0.8908,0.3072,0.5235,19.1771,3.9439,0.0153,0.2080,1.6700,0.4970,0.8535,1.7337,0.5224,0.5174,0.0422,0.9968,0.8387,0.8242,1.2968,2.2488,-0.0257,1.0280,0.4883,-3.1533,-2.3431,0.0001,0.0001,1.0000,0.0230,8620.8787,31.8772,479.5110,0.7755,0.0316,-90.0000,0.4944,0.4848,10.0311,-31.4648
38.1047,STABLE,ASCEND,4.1102,0.1811,19.6775,16.6913,0.5263,0.4737,6.9697,1.2220,19.2736,87.2824,51.0000,0.0009,72.9777,37.7970,6.9697,0.0526,0.0526,0.1053,0.2105,0.0000,0.1579,0.2105,0.2105,157.9804,140.4787,0.2638,44.9130,14.1651,94.8315,-0.0007,-0.0000,1.9688,0.9589,0.4883,59.7369,16.8104,0.1716,0.1453,28.3616,3.0458,0.4200,1.9365,4.0079,1.0794,0.4322,0.9999,-0.7419,0.5534,6.9204,21.2153,0.0867,0.9880,-0.4422,0.6088,2.1106,0.0000,-0.0001,0.7895,0.0292,8508.6346,35.2605,445.0988,0.7721,0.0382,-90.0000,0.4944,0.4848,6.4326,-27.9990
38.1715,STABLE,ASCEND,-0.0040,0.0834,1.3651,1.7983,0.7778,0.2222,1.4905,1.2997,1.2748,4.2472,39.0000,0.0007,111.8412,35.1810,1.4905,0.0000,0.1111,0.2222,0.0000,0.0000,0.2222,0.3333,0.1111,158.1587,148.6253,0.2970,12.6563,5.3336,111.5168,-0.0004,-0.0000,1.0237,1.1357,0.4834,36.6547,4.1807,0.2702,0.4311,6.4470,6.9360,0.8472,1.1941,2.7159,0.4801,0.1720,0.9991,0.0134,0.0327,1.3763,3.5437,0.0012,0.9416,0.1949,12.5296,3.6560,0.0001,-0.0004,0.8889,0.0317,8229.1216,35.7470,509.4992,0.7822,0.0249,-1.6683,0.4278,0.5613,6.2942,-47.0177
38.2382,STABLE,ASCEND,0.1613,0.0761,0.2264,0.4942,0.6000,0.4000,0.3367,0.3382,0.1706,0.5579,30.0000,0.0005,92.0281,36.2666,0.3367,0.0000,0.2000,0.3000,0.2000,0.1000,0.1000,0.0000,0.1000,157.1123,150.6096,0.1169,20.4007,10.4595,147.8131,0.0031,0.0000,1.9526,0.9865,0.5215,56.2721,9.1301,1.7988,0.1916,5.3620,10.2815,0.3152,5.8223,0.4385,0.0855,-0.0063,1.0013,-0.2649,-0.0689,0.2809,0.4917,0.0027,0.9904,-0.2987,0.2513,1.5564,-0.0000,-0.0000,1.0000,0.0253,8458.0941,31.6106,482.6329,0.7812,0.0228,-90.0000,0.4944,0.4848,0.1573,-17.7083
38.3049,STABLE,ASCEND,-0.1517,0.0346,0.6461,0.6275,0.5455,0.4545,0.9149,0.8571,0.5580,1.8738,34.0000,0.0006,90.4497,39.2259,0.9149,0.0000,0.0909,0.4545,0.0909,0.0909,0.1818,0.0909,0.0000,151.0778,157.5211,0.0196,15.2095,10.1933,315.4809,0.0001,0.0000,2.4396,0.5767,0.5260,72.4569,13.8508,2.6196,0.5591,3.0359,0.3077,1.2125,0.5886,0.3489,0.2724,-0.1219,0.9994,0.1877,0.1545,0.8359,1.6256,-0.0002,0.9876,-0.8259,-2.4087,3.4408,-0.0001,0.0001,1.0000,0.0181,8518.5707,27.9317,439.9154,0.7926,0.0173,-90.0000,0.4944,0.4848,3.9307,45.7850
38.3717,DESCEND,ASCEND,-0.9157,-0.3049,4.2044,4.6198,0.3889,0.6111,3.2846,1.1863,4.0932,16.6440,34.0000,0.0006,84.0186,34.4734,3.2846,0.1667,0.0556,0.0556,0.1111,0.0556,0.0556,0.2778,0.2222,158.4937,146.2868,0.0002,1.8639,0.7525,6.4095,0.0003,-0.0000,0.1689,0.1863,0.4962,2.5226,0.0234,0.0282,0.1697,0.2486,0.3995,0.4920,0.7725,0.5313,0.2601,-0.0740,0.9962,0.6892,0.2941,3.2598,9.7559,-0.0283,1.1063,1.7241,-10.2454,-10.0088,0.0002,0.0004,0.7778,0.0194,8627.4774,29.3181,440.8053,0.7824,0.0209,-90.0000,0.4944,0.4848,6.2681,39.9232
38.4384,DESCEND,ASCEND,-0.0527,-0.1101,1.0113,1.9819,0.3684,0.6316,1.1284,0.7394,1.1972,5.1962,53.0000,0.0009,90.0835,37.1273,1.1284,0.1579,0.0526,0.1053,0.1579,0.2632,0.1053,0.1053,0.0526,159.7505,141.0406,0.0001,2.1764,12.5654,307.9605,0.0001,0.0000,2.5344,0.1464,0.5086,77.4692,0.0000,0.0365,0.3069,0.1090,0.1596,3.3133,8.4284,0.4057,0.1506,0.2950,0.9987,-0.3687,0.8643,1.0607,2.8099,-0.0021,1.0034,-0.4300,-1.0303,0.2514,-0.0000,0.0001,1.0000,0.0209,8634.1552,30.3906,445.7976,0.8107,0.0177,-90.0000,0.4944,0.4848,9.2591,53.2052
38.5051,STABLE,ASCEND,-0.5066,-0.0497,2.2991,1.2916,0.4706,0.5294,2.0120,0.6898,3.4657,14.5275,33.0000,0.0006,91.9240,33.7199,2.0120,0.1176,0.2353,0.2353,0.1176,0.2353,0.0588,0.0000,0.0000,157.9027,142.6059,0.0003,3.2360,1.7205,16.8207,-0.0007,0.0000,0.2644,0.2483,0.5068,3.1979,0.0000,0.0361,0.2593,0.6635,0.4231,2.1303,0.7442,0.8016,0.2088,-0.1275,1.0017,-0.3745,-0.3207,1.9349,8.6992,-0.0087,0.9615,-0.6776,3.3449,4.1821,-0.0001,-0.0001,0.8824,0.0179,8661.6024,28.8155,437.2707,0.7878,0.0176,-90.0000,0.4944,0.4848,13.3692,-4.6658
38.5719,STABLE,ASCEND,2.0067,0.0297,9.3644,14.1038,0.5385,0.4615,4.7792,0.8620,11.1857,42.8377,37.0000,0.0006,81.8774,35.0725,4.7792,0.0000,0.0769,0.4615,0.0000,0.0000,0.0000,0.2308,0.2308,159.7252,138.4130,0.0003,1.9778,0.8370,19.6302,0.0001,-0.0000,0.2190,0.1911,0.4694,8.0188,0.0000,0.0035,0.3370,0.0776,0.4988,0.5282,0.5826,0.5664,0.4960,0.1931,1.0016,-0.2651,0.1054,4.7315,22.4555,0.0787,1.0118,0.6435,2.1894,-0.8838,0.0001,-0.0001,0.8462,0.0174,8545.6676,27.8999,439.4765,0.7954,0.0181,-90.0000,0.4944,0.4848,8.6364,-17.6721
38.6386,STABLE,ASCEND,nan,nan,nan,nan,nan,nan,0.8626,0.9237,0.2424,1.1115,27.0000,0.0005,nan,nan,0.8626,0.0000,0.0000,0.0000,0.0000,0.0000,0.7500,0.0000,0.2500,nan,nan,0.0098,12.2488,4.6109,38.5551,0.0021,0.0000,0.7672,0.6962,0.5005,12.8952,1.8132,0.0850,0.7756,4.5387,1.1528,2.4751,3.9804,1.7582,0.5687,nan,nan,nan,nan,nan,nan,nan,nan,nan,nan,nan,nan,nan,nan,0.0234,8695.3737,31.4725,484.8088,0.7806,0.0627,-90.0000,0.4944,0.4848,11.0106,1.8358
38.7053,STABLE,ASCEND,4.9435,1.1560,7.8731,17.0127,1.0000,0.0000,6.8232,1.2613,10.9237,28.5999,48.0000,0.0008,93.0664,49.0522,6.8232,0.0000,0.0000,0.0000,0.0000,0.2000,0.2000,0.6000,0.0000,135.9911,145.9681,0.5180,15.5238,5.6593,51.4926,-0.0119,0.0000,1.1769,0.9523,0.5182,15.6059,2.2088,0.2149,3.4529,1.9872,1.0054,4.8075,5.6656,2.7501,4.4798,nan,nan,nan,nan,nan,nan,nan,nan,nan,nan,nan,nan,nan,nan,0.0314,8197.4812,39.6901,652.4409,0.6519,0.1457,-90.0000,0.4944,0.4848,8.8814,-34.3989
38.7721,STABLE,ASCEND,nan,nan,nan,nan,nan,nan,0.7814,0.7814,0.2103,0.9917,28.0000,0.0005,nan,nan,0.7814,0.0000,0.0000,0.0000,0.0000,0.0000,0.0000,1.0000,0.0000,nan,nan,0.7908,33.5137,24.8316,325.4660,0.0014,-0.0000,4.9694,2.1721,0.4760,114.2905,2.5993,3.6329,11.0041,2.9945,7.8881,26.4885,5.4083,1.2350,18.5967,nan,nan,nan,nan,nan,nan,nan,nan,nan,nan,nan,nan,nan,nan,0.0277,9128.6717,31.5136,778.9669,0.3977,0.1412,-90.0000,0.4944,0.4848,6.4195,-34.2756
38.8388,STABLE,ASCEND,-0.0070,-0.0017,0.0152,0.0050,0.2000,0.8000,0.0097,0.0030,0.0137,0.0368,18.0000,0.0003,103.2980,22.6663,0.0097,0.2000,0.0000,0.0000,0.0000,0.6000,0.2000,0.0000,0.0000,135.9911,145.9681,0.2312,34.3128,50.1760,628.8637,-0.0033,0.0000,8.6164,2.2981,0.5031,157.4159,16.4786,5.8088,12.7557,48.4651,5.2142,2.9029,9.5776,4.0878,0.8869,nan,nan,nan,nan,nan,nan,nan,nan,nan,nan,nan,nan,nan,nan,0.0134,181.0508,12.8002,520.8940,0.0614,0.0357,nan,nan,0.0000,4.3068,-38.7376
38.9055,STABLE,ASCEND,nan,nan,nan,nan,nan,nan,nan,nan,nan,nan,139.0000,0.0024,nan,nan,nan,nan,nan,nan,nan,nan,nan,nan,nan,nan,nan,5.1018,29.2141,14.8504,219.9382,-0.0161,-0.0005,2.4794,1.4984,0.4789,37.3121,18.2367,2.4797,7.3794,11.7017,7.8571,6.1544,5.4543,10.7486,9.9393,nan,nan,nan,nan,nan,nan,nan,nan,nan,nan,nan,nan,nan,nan,0.0567,5377.4298,43.6417,380.9233,0.3323,0.3033,-90.0000,0.4944,0.4848,1.2493,-68.2873
38.9723,STABLE,ASCEND,-3.6630,1.6328,17.2305,5.5768,0.6667,0.3333,9.6644,4.0865,16.9258,57.2002,151.0000,0.0026,89.9987,37.9123,9.6644,0.2222,0.3333,0.1111,0.0000,0.0000,0.0000,0.2222,0.1111,137.7155,129.8389,2.1876,11.7460,8.3080,251.4247,-0.0033,0.0000,2.3219,0.8762,0.5026,61.0070,15.3746,4.8328,2.2310,5.0635,2.4333,2.6385,1.8702,0.8881,2.1020,-0.7008,1.0241,1.3379,-3.0769,9.2802,36.9962,-0.1656,0.9945,0.9500,1.3451,-7.3227,-0.0001,-0.0002,0.7778,0.0725,4228.3079,46.4326,455.6172,0.2341,0.4636,-45.0000,0.5000,0.6625,-4.8073,-83.8663
39.0390,STABLE,ASCEND,-0.7250,-1.1335,7.2570,10.5125,0.2727,0.7273,9.1625,2.2917,11.2079,38.7058,144.0000,0.0025,88.2174,40.3351,9.1625,0.2727,0.0000,0.3636,0.0000,0.0000,0.2727,0.0000,0.0909,143.1427,138.5172,2.2050,10.1930,3.1223,43.3969,0.0127,-0.0000,0.6202,0.6437,0.4952,19.3152,3.0079,5.0499,3.0395,2.1554,3.0083,6.1798,1.6987,1.1121,2.0248,0.3759,0.9901,1.3591,2.9316,8.8097,29.7456,0.0390,1.0947,3.1984,-9.7018,-14.1893,0.0001,0.0003,0.6364,0.0678,3132.7567,46.2014,436.7078,0.1788,0.5493,-45.0000,0.4944,0.6856,-9.9441,-14.3395
39.1057,STABLE,ASCEND,nan,nan,nan,nan,nan,nan,nan,nan,nan,nan,47.0000,0.0008,nan,nan,nan,nan,nan,nan,nan,nan,nan,nan,nan,nan,nan,5.7073,23.8742,8.3836,65.3951,0.0201,0.0000,1.5620,1.3692,0.5313,26.8997,5.3947,10.9000,5.9611,7.1186,6.5178,11.8540,6.6802,6.1316,6.1828,nan,nan,nan,nan,nan,nan,nan,nan,nan,nan,nan,nan,nan,nan,0.0332,9026.6763,39.8443,466.8167,0.7597,0.1058,-7.1772,0.1833,0.7412,-6.7211,2.5010
39.1725,STABLE,ASCEND,nan,nan,nan,nan,nan,nan,1.2475,1.0932,1.1299,2.7854,26.0000,0.0005,nan,nan,1.2475,0.0000,0.0000,0.2500,0.0000,0.2500,0.0000,0.2500,0.2500,nan,nan,4.2514,77.4939,26.9977,135.7689,0.0621,0.0000,2.6488,2.1114,0.5116,47.0364,34.2852,24.6801,4.8340,47.4379,22.8666,1.6459,27.7848,11.7657,0.2375,nan,nan,nan,nan,nan,nan,nan,nan,nan,nan,nan,nan,nan,nan,0.0146,8649.2982,25.2801,436.4702,0.8331,0.0154,-90.0000,0.4944,0.4848,-9.6103,20.9101
39.2392,STABLE,ASCEND,0.4954,-0.0044,2.7218,3.6403,0.2857,0.7143,1.6462,0.1698,4.1911,16.5601,27.0000,0.0005,83.6562,35.1006,1.6462,0.0000,0.1429,0.2143,0.0000,0.2143,0.3571,0.0000,0.0714,160.1461,141.7809,0.0000,1.2251,9.9858,414.7232,-0.0002,0.0000,3.5221,0.0767,0.4901,169.7522,0.0006,0.0000,0.1361,0.0200,0.0336,0.2815,5.4239,0.2176,0.1717,-0.1449,0.9963,1.0825,0.3966,1.7377,6.7592,0.0143,1.0260,-0.0329,-7.2964,0.0226,-0.0000,0.0002,0.9286,0.0145,8650.1251,25.5977,437.2199,0.8010,0.0179,-90.0000,0.4944,0.4848,-3.9303,51.2107
39.3059,STABLE,ASCEND,nan,nan,nan,nan,nan,nan,0.1438,0.1438,0.0000,0.1438,23.0000,0.0004,nan,nan,0.1438,0.0000,1.0000,0.0000,0.0000,0.0000,0.0000,0.0000,0.0000,nan,nan,0.0000,13.0817,12.9432,425.7933,-0.0060,0.0000,3.8756,0.6167,0.5160,180.9696,0.0006,0.0000,1.4281,0.8985,0.5763,8.0075,9.4873,3.4348,3.5599,nan,nan,nan,nan,nan,nan,nan,nan,nan,nan,nan,nan,nan,nan,0.0252,8976.5129,33.5379,480.7802,0.8020,0.0257,-90.0000,0.4944,0.4848,-2.7754,3.0762
39.3727,ASCEND,ASCEND,-0.9532,-0.0415,3.0050,0.6927,0.4545,0.5455,2.5270,1.7010,4.4201,16.2906,59.0000,0.0010,95.0333,39.8228,2.5270,0.0000,0.1818,0.0909,0.0909,0.0000,0.0909,0.3636,0.1818,161.4752,147.9499,0.0108,8.8007,18.4532,408.8806,0.0003,0.0000,4.2898,0.4361,0.4843,171.1407,0.1839,0.0058,11.5488,1.1863,0.3724,3.6254,6.0977,0.4787,0.5837,-0.2376,0.9999,0.7396,-0.9788,2.4504,9.1752,-0.0498,1.0049,0.4152,1.0800,-2.7845,0.0000,-0.0000,0.9091,0.0315,9092.4037,35.6596,532.2952,0.7345,0.0632,-90.0000,0.4944,0.4848,-3.5198,44.5889
39.4394,STABLE,ASCEND,1.5806,0.2955,5.8670,4.0762,0.7500,0.2500,2.1438,0.6437,5.9680,30.3489,63.0000,0.0011,66.3433,39.4438,2.1438,0.0000,0.0417,0.1667,0.2500,0.1250,0.2917,0.1250,0.0000,156.3306,141.3560,0.0364,10.5305,10.6459,355.2675,-0.0014,-0.0000,3.0590,0.5208,0.4614,159.5732,0.5002,0.1653,3.2466,0.2368,0.9306,4.9897,6.0705,1.0313,1.7381,0.2314,1.0001,-0.8042,0.4703,2.0760,4.5097,0.0455,1.0035,-0.0190,1.2006,-0.8399,0.0000,-0.0000,0.9583,0.0274,8694.4635,34.6746,506.8799,0.7511,0.0532,-90.0000,0.4944,0.4848,3.1758,21.9068
39.5061,DESCEND,ASCEND,0.8834,0.0257,3.6546,11.3794,0.5333,0.4667,1.9717,0.5084,4.1310,16.9822,65.0000,0.0011,66.9923,38.5282,1.9717,0.1333,0.1111,0.1111,0.0667,0.1556,0.3333,0.0222,0.0667,154.8668,143.7431,0.0139,3.4959,8.0948,339.8522,-0.0001,0.0000,2.7015,0.1988,0.4863,151.3942,0.6315,0.0381,0.2663,0.5584,0.2418,1.1758,4.8669,0.3353,0.2979,-0.1411,1.0002,0.1230,-0.5202,1.9599,13.8610,0.0083,0.9904,-0.2389,-0.5164,1.4246,-0.0000,0.0000,0.9333,0.0281,8846.1451,34.7492,522.8322,0.7349,0.0802,-90.0000,0.4944,0.4848,-0.5959,-24.0952
39.5729,ASCEND,ASCEND,-2.3124,-0.1189,5.8193,1.2654,0.5000,0.5000,4.2575,1.0799,6.4351,18.4082,38.0000,0.0007,119.4005,21.3968,4.2575,0.1667,0.0000,0.5000,0.0000,0.0000,0.1667,0.1667,0.0000,152.9689,142.9255,0.0171,17.4580,14.6920,339.7848,0.0011,0.0000,4.0971,0.6805,0.5052,151.4052,12.5203,0.0705,0.6155,8.8887,1.3308,0.7518,7.1761,2.2057,0.7910,0.0026,1.0012,-0.0771,0.2879,4.2130,14.6203,-0.0429,nan,nan,nan,nan,nan,nan,nan,0.0176,8694.9072,30.6066,460.1873,0.7890,0.0144,-90.0000,0.4944,0.4848,-0.0401,1.2693
39.6396,ASCEND,ASCEND,-0.7953,-0.0084,2.4329,1.2511,0.4444,0.5556,2.6479,1.3783,3.7961,13.1567,60.0000,0.0010,97.9778,36.8784,2.6479,0.1111,0.1111,0.1111,0.0000,0.0000,0.0000,0.6667,0.0000,153.0207,139.9819,0.0091,10.3965,15.6301,389.7132,-0.0003,0.0000,4.0889,0.5991,0.5115,152.0196,10.7608,0.0222,0.6745,3.4260,1.2773,1.7993,5.5374,0.8006,0.7084,0.1268,0.9979,0.2864,-0.3435,2.3673,8.0193,-0.0642,1.0145,0.2207,-2.3124,-1.0082,0.0001,0.0000,0.8889,0.0212,8505.7024,31.3321,465.2070,0.7821,0.0312,-90.0000,0.4944,0.4848,-0.4265,13.1589
39.7063,ASCEND,ASCEND,0.1065,-0.0022,0.9974,1.5058,0.5000,0.5000,1.0173,1.0112,0.8142,2.2933,57.0000,0.0010,76.2206,39.1187,1.0173,0.1000,0.2000,0.1000,0.1000,0.0000,0.0000,0.3000,0.2000,151.7413,129.3131,0.0240,12.4113,4.6453,111.8438,0.0007,0.0000,0.9016,0.7520,0.5062,45.5172,1.5419,0.0799,3.2987,2.2496,0.4769,4.9767,1.7939,0.6770,2.3400,-0.2282,1.0016,0.2570,-0.6253,0.9615,2.0439,0.0110,1.0166,0.6536,1.7101,-5.1561,0.0000,-0.0000,1.0000,0.0302,8284.1926,34.7266,543.6907,0.7388,0.0764,-90.0000,0.4944,0.4848,1.7161,38.6439
39.7731,ASCEND,ASCEND,0.2343,-0.0798,3.4061,1.2687,0.3333,0.6667,1.4862,0.5225,3.2703,14.4239,58.0000,0.0010,80.2073,34.3158,1.4862,0.1429,0.2381,0.2381,0.1429,0.0000,0.0000,0.0952,0.1429,157.5783,142.0562,0.0303,6.7864,4.0281,46.2648,0.0000,-0.0000,0.7548,0.4777,0.4794,16.0084,3.1931,0.0583,0.6580,2.3699,0.4484,2.1992,1.2684,0.3536,1.0618,0.0555,0.9996,-0.0766,0.5048,1.4900,7.2639,-0.0006,0.9817,0.0432,2.1373,3.0586,0.0000,-0.0001,0.9048,0.0261,8480.8086,33.5469,498.6711,0.7599,0.0528,-90.0000,0.4944,0.4848,4.7312,34.5620
39.8398,ASCEND,ASCEND,2.9025,0.0559,8.3216,23.1333,0.6471,0.3529,6.8743,0.6387,15.1930,57.1243,66.0000,0.0011,82.9316,39.5944,6.8743,0.1176,0.2353,0.1765,0.1176,0.0000,0.1765,0.0588,0.1176,165.9068,136.1882,0.0156,3.6647,8.4796,327.3401,-0.0002,0.0000,2.6013,0.2687,0.5071,143.3016,0.0594,0.0278,0.5540,0.6310,0.6974,1.3749,4.3152,0.5729,1.9141,-0.1347,1.0025,0.0381,-0.6661,6.9200,39.4996,0.0126,1.0161,0.4510,1.9421,-2.3010,0.0001,-0.0000,0.8235,0.0223,8501.8026,31.6587,466.4543,0.7795,0.0305,-90.0000,0.4944,0.4848,6.3290,10.7565
39.9065,ASCEND,ASCEND,-1.0453,-0.0340,4.1899,1.2624,0.3636,0.6364,2.3143,0.6205,4.4216,21.5903,96.0000,0.0017,75.0870,33.5464,2.3143,0.0909,0.0909,0.3333,0.1212,0.0000,0.0606,0.1515,0.1515,165.4286,131.3349,0.0084,5.0511,4.1687,51.8097,0.0005,-0.0000,0.8018,0.3445,0.4826,8.8908,0.1913,0.0064,3.8020,0.6652,0.1368,2.2171,0.5149,0.3897,1.9909,-0.0573,0.9988,0.2822,0.0673,2.2924,9.3430,-0.0133,0.9894,0.0577,1.3491,1.1353,0.0000,-0.0001,0.8182,0.0214,8516.1968,29.5053,455.6364,0.7774,0.0236,-90.0000,0.4944,0.4848,6.1668,15.2061
39.9733,ASCEND,ASCEND,1.0822,0.1051,7.5540,16.5471,0.6071,0.3929,5.0801,0.9052,7.9789,29.8756,46.0000,0.0008,82.2199,34.6942,5.0801,0.0714,0.1071,0.3214,0.1786,0.0357,0.1429,0.0357,0.1071,167.4567,128.9924,0.0031,7.4542,15.3997,349.4988,-0.0008,0.0000,3.4443,0.2588,0.5001,79.7731,17.7244,0.0977,0.5205,1.1410,1.2368,0.3869,2.5502,0.7583,0.4952,-0.0982,1.0029,-0.5317,-0.4047,5.0581,21.1743,0.0447,0.9944,-0.3765,-0.4844,1.1868,-0.0001,0.0000,0.7500,0.0198,8545.6973,29.0899,460.8257,0.7797,0.0273,-90.0000,0.4944,0.4848,8.3585,44.3756
40.0400,STABLE,ASCEND,0.0861,-0.0341,5.2565,8.1982,0.5000,0.5000,3.0764,0.8303,5.5332,18.4687,48.0000,0.0008,76.1482,33.6287,3.0764,0.1875,0.1250,0.2188,0.0938,0.1250,0.0625,0.0938,0.0938,166.3035,134.9221,0.0069,60.2105,21.1624,345.3344,0.0000,-0.0000,4.0570,0.3766,0.4702,125.6884,28.2926,0.0199,0.5216,18.7065,1.3785,0.6059,4.0849,0.2302,0.4045,0.1005,1.0003,-0.3929,0.4472,3.1062,17.8175,0.0165,1.0081,0.0106,-1.2838,0.6126,0.0000,0.0000,0.8438,0.0199,8544.3644,29.2889,473.0397,0.8059,0.0259,-90.0000,0.4944,0.4848,12.0895,-5.1878
40.1067,STABLE,ASCEND,1.4943,0.2012,3.1657,8.6885,0.7647,0.2353,2.7488,0.6477,5.6452,23.3757,32.0000,0.0006,81.7326,35.6058,2.7488,0.1176,0.1765,0.1765,0.1765,0.1176,0.0588,0.0588,0.1176,168.4771,132.5821,0.0009,7.4611,2.4035,18.7138,-0.0005,0.0000,0.4147,0.4113,0.5003,4.8378,0.0125,0.0030,0.7051,0.4502,2.1804,1.5100,1.0595,1.8809,0.8844,0.1531,1.0013,-0.8245,0.2935,2.7386,11.9579,0.0800,0.9680,-1.1524,1.1976,4.9145,-0.0001,-0.0000,0.8235,0.0187,8639.5285,29.8164,472.2548,0.7870,0.0201,-90.0000,0.4944,0.4848,7.6661,-62.6904
40.1735,STABLE,ASCEND,0.0582,-0.0101,0.8409,1.1682,0.4091,0.5909,0.7961,0.5291,0.7383,3.3690,37.0000,0.0006,81.9203,34.0933,0.7961,0.1364,0.0455,0.2273,0.0909,0.1364,0.0909,0.1364,0.1364,176.0738,132.6433,0.0085,27.1283,17.0695,106.8303,-0.0004,-0.0000,2.3024,0.4553,0.4810,52.0971,30.8004,0.0002,0.5711,6.8726,2.5865,0.4481,0.9560,1.2232,1.2267,-0.1621,0.9998,0.4695,-0.4552,0.7897,1.6398,0.0004,1.0018,0.7127,1.5778,-1.6477,0.0001,-0.0001,1.0000,0.0199,8559.9185,31.1534,487.5074,0.8109,0.0193,-90.0000,0.4944,0.4848,3.7224,-54.3158
40.2402,STABLE,ASCEND,-0.2283,-0.2444,0.6491,0.7120,0.3571,0.6429,1.2223,0.6478,1.4493,5.9614,67.0000,0.0012,79.6598,38.2493,1.2223,0.2143,0.0714,0.0714,0.0000,0.1429,0.1429,0.2143,0.1429,172.8236,133.7078,0.0039,8.1721,3.5127,29.6425,-0.0001,-0.0000,0.6344,0.4515,0.4889,11.2353,0.0223,0.0119,0.5155,5.2371,1.0311,0.7962,2.2353,0.4346,1.5765,-0.1391,0.9993,0.5600,-0.5428,1.2410,3.3196,-0.0064,1.0085,0.6111,0.5147,-3.0533,0.0000,-0.0000,0.9286,0.0182,8533.7048,27.8928,440.2423,0.7850,0.0259,-90.0000,0.4944,0.4848,0.4168,-49.8046
40.3069,STABLE,ASCEND,nan,nan,nan,nan,nan,nan,0.9002,0.8051,0.4858,1.5371,54.0000,0.0009,nan,nan,0.9002,0.0000,0.3333,0.0000,0.0000,0.0000,0.0000,0.6667,0.0000,nan,nan,0.0168,15.1019,7.9943,166.3205,0.0004,0.0000,1.9473,0.8292,0.5027,55.7505,0.1764,0.0225,2.3466,2.5491,1.1243,8.2078,4.8769,2.0461,1.7267,nan,nan,nan,nan,nan,nan,nan,nan,nan,nan,nan,nan,nan,nan,0.0316,8995.4697,35.9834,589.3560,0.6945,0.0952,-90.0000,0.4944,0.4848,-2.9249,-7.6968
40.3737,DESCEND,ASCEND,-0.6024,0.0010,1.8702,0.6161,0.5161,0.4839,1.2614,0.3827,2.1883,10.6765,73.0000,0.0013,69.0752,37.5339,1.2614,0.0968,0.0968,0.0323,0.0645,0.0645,0.3226,0.2581,0.0645,173.6515,134.4908,0.0362,5.1840,3.0238,36.8877,-0.0003,-0.0000,0.7447,0.3200,0.4900,24.0966,1.2129,0.0512,0.7920,1.9457,0.3172,2.3830,1.2232,0.3738,0.6164,0.1207,1.0007,-0.4472,-0.0542,1.2592,4.8557,-0.0191,0.9944,0.1737,1.8212,-0.6141,0.0000,-0.0001,0.9355,0.0307,8385.6138,36.4636,615.5012,0.6608,0.1155,-90.0000,0.4944,0.4848,-0.6105,21.1863
40.4404,STABLE,ASCEND,0.2050,0.0078,0.8086,1.6221,0.5000,0.5000,1.3212,0.7898,1.4192,5.0795,59.0000,0.0010,78.9706,45.4102,1.3212,0.0000,0.1429,0.2857,0.2857,0.0000,0.1429,0.0714,0.0714,182.2918,127.7491,0.1206,7.2266,5.3095,146.3229,-0.0009,-0.0000,1.2203,0.4617,0.4874,21.2990,1.8466,0.0446,0.3698,1.4221,0.5731,5.0770,2.3041,1.0023,1.4446,-0.1955,1.0017,-0.0241,-0.7081,1.2765,4.1467,0.0017,1.0657,1.2733,-7.5369,-8.3584,0.0001,0.0002,1.0000,0.0312,8680.1670,37.4137,565.7368,0.6894,0.1272,-90.0000,0.4944,0.4848,-0.0972,-71.5449
40.5071,STABLE,ASCEND,-1.1660,0.0784,7.7306,5.3899,0.6667,0.3333,7.3311,1.5193,15.5530,50.9014,43.0000,0.0007,101.4728,31.1714,7.3311,0.1111,0.1111,0.3333,0.1111,0.2222,0.0000,0.1111,0.0000,173.7312,122.8008,0.2043,11.5349,6.6334,64.2368,0.0012,0.0000,1.2564,1.0378,0.5007,12.6075,1.1984,0.2730,5.0640,1.9010,0.8698,7.7456,1.6328,1.5722,1.2824,-0.3132,1.0027,-0.1942,-0.7183,7.0832,32.7888,-0.0535,0.8678,-1.8538,21.2459,9.8367,-0.0002,-0.0005,0.7778,0.0240,8242.8909,31.8305,471.4303,0.7658,0.0480,-90.0000,0.4944,0.4848,-10.1593,-61.8303
40.5739,STABLE,ASCEND,nan,nan,nan,nan,nan,nan,0.4441,0.4797,0.1726,0.6354,33.0000,0.0006,nan,nan,0.4441,0.0000,0.3333,0.0000,0.0000,0.0000,0.0000,0.6667,0.0000,nan,nan,0.2648,10.9675,4.3373,104.0932,-0.0012,0.0000,1.0076,0.7138,0.5078,17.1027,1.6901,0.3360,2.1653,2.5938,1.3531,4.2776,1.2911,2.6991,1.3442,nan,nan,nan,nan,nan,nan,nan,nan,nan,nan,nan,nan,nan,nan,0.0313,9213.1424,40.7065,800.9736,0.6445,0.1607,-90.0000,0.4944,0.4848,-8.3495,47.1527
40.6406,STABLE,ASCEND,nan,nan,nan,nan,nan,nan,37.3382,54.8998,25.3649,55.6455,40.0000,0.0007,nan,nan,37.3382,0.3333,0.0000,0.0000,0.0000,0.3333,0.0000,0.0000,0.3333,nan,nan,1.5344,69.5084,58.2057,655.4532,0.0068,0.0000,11.1472,3.7015,0.5154,167.1561,25.2518,19.1407,35.9850,25.5893,22.9443,8.4285,39.6176,1.7881,3.1489,nan,nan,nan,nan,nan,nan,nan,nan,nan,nan,nan,nan,nan,nan,0.0261,10224.4954,31.8461,542.3686,0.4671,0.1420,-90.0000,0.4944,0.4848,-3.8660,55.6012
40.7073,STABLE,ASCEND,nan,nan,nan,nan,nan,nan,nan,nan,nan,nan,23.0000,0.0004,nan,nan,nan,nan,nan,nan,nan,nan,nan,nan,nan,nan,nan,3.0987,77.4573,64.0944,651.2924,0.0207,0.0000,11.9083,4.4735,0.5238,136.7734,2.8670,2.5396,44.2445,5.0622,5.2482,81.8974,6.0071,11.8799,33.5902,nan,nan,nan,nan,nan,nan,nan,nan,nan,nan,nan,nan,nan,nan,0.0203,563.1522,13.4802,367.0708,0.0606,0.1135,nan,nan,0.0000,-0.9286,39.4205
40.7741,STABLE,ASCEND,nan,nan,nan,nan,nan,nan,nan,nan,nan,nan,42.0000,0.0007,nan,nan,nan,nan,nan,nan,nan,nan,nan,nan,nan,nan,nan,0.0853,13.8294,5.6847,37.9210,-0.0162,0.0000,0.7539,0.8023,0.5089,10.3519,1.3249,0.0595,0.4838,4.0199,4.9829,0.4232,2.3021,4.2711,8.3821,nan,nan,nan,nan,nan,nan,nan,nan,nan,nan,nan,nan,nan,nan,0.0138,4827.5072,18.1510,92.9228,0.1979,0.4925,-90.0000,0.4944,0.4848,1.3953,35.8139
40.8408,STABLE,ASCEND,-0.2454,-0.2692,0.4411,0.3851,0.3000,0.7000,0.8402,0.4962,0.8560,3.3108,68.0000,0.0012,57.7490,44.2998,0.8402,0.0000,0.0000,0.0000,0.2000,0.3000,0.2000,0.3000,0.0000,166.7112,122.7764,0.1517,5.0071,3.3947,55.5925,0.0001,-0.0000,0.8758,0.4880,0.4897,12.8281,0.5570,0.2046,2.0673,1.5620,0.2877,3.1206,1.3119,0.2200,1.4849,0.4023,0.9959,-0.5559,1.0910,0.7781,1.5587,-0.0189,0.9249,-0.2680,6.7444,9.4572,0.0000,-0.0003,1.0000,0.0132,5188.4281,17.6613,104.6709,0.1820,0.6037,-90.0000,0.4944,0.4848,3.8514,26.6209
40.9075,STABLE,ASCEND,-3.6851,0.3172,13.4263,6.3283,0.5714,0.4286,9.3911,1.5180,16.4302,49.1414,44.0000,0.0008,68.8182,38.6287,9.3911,0.1429,0.0000,0.1429,0.1429,0.1429,0.0000,0.2857,0.1429,187.4874,123.1897,0.1711,12.4922,5.4671,42.0445,0.0001,0.0000,0.8215,0.6505,0.5045,14.2241,1.0053,0.0777,3.1733,2.4622,0.3907,5.2684,4.9421,0.6652,1.1491,0.1465,1.0023,-1.3528,-0.0660,9.4770,37.3822,-0.1475,nan,nan,nan,nan,nan,nan,nan,0.0194,5965.7509,20.9959,139.5269,0.1844,0.5307,-90.0000,0.4944,0.4848,4.9483,22.9681
40.9743,STABLE,ASCEND,6.3223,0.0000,19.8807,34.7212,0.3636,0.3636,8.7968,0.0072,27.6199,96.1380,55.0000,0.0010,61.7567,14.1694,8.7968,0.3636,0.0909,0.0000,0.0909,0.0909,0.0909,0.0909,0.1818,207.3661,128.1927,1.4453,25.8417,10.1046,89.8758,0.0056,0.0000,1.9569,1.8022,0.5294,31.5554,4.1038,1.6893,8.3881,10.1244,6.1377,7.9606,5.9073,8.1044,2.5418,-0.0720,1.0007,0.0878,-0.3810,8.7951,48.1106,0.1773,1.0571,0.2118,-8.4943,-5.0840,0.0000,0.0002,0.9091,0.0257,8338.4493,32.8022,353.9930,0.5544,0.2847,-90.0000,0.4944,0.4848,6.9169,7.5340
41.0410,STABLE,ASCEND,-0.0226,0.0000,0.0553,0.0003,0.4286,0.4286,0.2238,0.0004,0.5473,1.5644,22.0000,0.0004,71.4106,44.6041,0.2238,0.2857,0.1429,0.1429,0.1429,0.0000,0.1429,0.1429,0.0000,207.3661,128.1927,0.6175,37.6033,15.6784,535.1793,-0.0040,0.0000,4.7955,2.3530,0.4784,216.7103,6.8560,4.3144,17.8076,2.1124,9.6995,11.8595,7.7060,1.3545,4.8252,-0.4843,1.0015,1.2050,-1.8731,0.1392,0.2783,-0.0007,nan,nan,nan,nan,nan,nan,nan,0.0146,8442.1199,21.0121,411.4123,0.8425,0.0058,-90.0000,0.4944,0.4848,5.9539,-5.4153
41.1077,STABLE,ASCEND,nan,nan,nan,nan,nan,nan,0.4787,0.1704,0.4848,1.1631,46.0000,0.0008,nan,nan,0.4787,0.0000,0.3333,0.3333,0.3333,0.0000,0.0000,0.0000,0.0000,nan,nan,0.1701,88.6956,25.4131,133.2608,0.0101,-0.0000,2.8138,1.1520,0.4719,71.0984,56.4146,0.5657,8.5923,4.8074,6.2739,11.4744,3.4695,1.1845,0.2129,nan,nan,nan,nan,nan,nan,nan,nan,nan,nan,nan,nan,nan,nan,0.0301,8311.5788,32.6925,443.3396,0.7641,0.0233,-90.0000,0.4944,0.4848,6.1941,0.3963
41.1745,STABLE,ASCEND,nan,nan,nan,nan,nan,nan,nan,nan,nan,nan,61.0000,0.0011,nan,nan,nan,nan,nan,nan,nan,nan,nan,nan,nan,nan,nan,2.3660,26.0935,10.3353,224.2885,-0.0044,0.0000,3.1145,1.8943,0.5125,102.1025,11.8753,1.7567,5.8940,11.2401,4.0501,5.3126,8.1225,2.4430,4.1088,nan,nan,nan,nan,nan,nan,nan,nan,nan,nan,nan,nan,nan,nan,0.0307,8812.0092,31.3858,363.6979,0.5605,0.1476,-90.0000,0.4944,0.4848,6.0068,-6.8945
41.2412,STABLE,ASCEND,nan,nan,nan,nan,nan,nan,nan,nan,nan,nan,46.0000,0.0008,nan,nan,nan,nan,nan,nan,nan,nan,nan,nan,nan,nan,nan,2.7028,34.3552,19.3998,260.6248,0.0004,0.0000,4.3578,2.3190,0.5057,89.0890,8.0636,4.1812,10.4028,10.3947,13.8314,13.5359,4.8571,2.0624,12.8033,nan,nan,nan,nan,nan,nan,nan,nan,nan,nan,nan,nan,nan,nan,0.0199,1621.5618,13.8561,143.5106,0.0930,0.1384,nan,nan,0.0000,5.2739,-54.8013
41.3079,STABLE,ASCEND,nan,nan,nan,nan,nan,nan,28.2611,38.6377,17.8165,42.9571,21.0000,0.0004,nan,nan,28.2611,0.3333,0.3333,0.0000,0.0000,0.0000,0.0000,0.0000,0.3333,nan,nan,0.0398,10.8288,4.9162,44.4755,0.0005,-0.0000,0.6129,0.5654,0.4750,8.0205,0.6848,2.7533,0.5369,0.7446,2.2042,0.5374,0.9281,5.3528,3.4149,nan,nan,nan,nan,nan,nan,nan,nan,nan,nan,nan,nan,nan,nan,0.0170,970.4384,14.7155,283.3424,0.0711,0.1292,nan,nan,0.0000,-1.3074,-31.9068
41.3747,STABLE,ASCEND,nan,nan,nan,nan,nan,nan,nan,nan,nan,nan,35.0000,0.0006,nan,nan,nan,nan,nan,nan,nan,nan,nan,nan,nan,nan,nan,4.6587,40.7621,15.1823,209.7834,-0.0018,0.0000,3.3094,2.2085,0.5077,82.3738,23.9768,6.4116,5.6125,8.1582,4.9671,17.6928,17.1420,5.4088,7.4217,nan,nan,nan,nan,nan,nan,nan,nan,nan,nan,nan,nan,nan,nan,0.0289,9368.5135,35.7188,439.3067,0.7584,0.0777,-90.0000,0.4944,0.4848,1.0154,-16.4300
41.4414,STABLE,ASCEND,nan,nan,nan,nan,nan,nan,3.2721,3.2721,0.0000,3.2721,25.0000,0.0004,nan,nan,3.2721,0.0000,0.0000,0.0000,0.0000,0.0000,0.0000,1.0000,0.0000,nan,nan,3.2137,108.4259,38.2055,278.8148,0.1864,0.0000,3.5528,2.9271,0.5166,67.0941,36.6548,68.0537,2.4867,48.9165,33.0150,8.4177,29.4240,16.7482,0.5358,nan,nan,nan,nan,nan,nan,nan,nan,nan,nan,nan,nan,nan,nan,0.0139,8449.2582,21.7587,432.6100,0.8411,0.0077,-90.0000,0.4944,0.4848,-3.5002,-12.4560
41.5081,STABLE,ASCEND,0.1250,0.0000,0.4270,0.6713,0.5000,0.2143,0.2482,0.0002,0.4743,1.6812,30.0000,0.0005,73.2750,38.8393,0.2482,0.5000,0.2143,0.0714,0.0000,0.0000,0.0000,0.0714,0.1429,207.3661,128.1927,0.0000,4.1539,3.9913,45.6107,0.0007,0.0000,0.7063,0.1604,0.4760,19.7756,0.0002,0.0000,1.2335,0.0400,0.0045,0.6575,6.3098,0.0426,0.0409,0.1499,1.0020,-0.7398,0.2120,0.3349,0.8552,0.0009,1.0182,-0.4153,-3.1389,-0.9052,-0.0000,0.0001,1.0000,0.0147,8529.5143,23.5345,452.4550,0.8053,0.0160,-90.0000,0.4944,0.4848,-0.6470,99.4988
41.5749,STABLE,ASCEND,-0.0461,-0.0001,0.1458,0.0770,0.5000,0.5000,0.1828,0.0008,0.3596,1.2915,29.0000,0.0005,73.1827,37.3812,0.1828,0.0000,0.1667,0.2500,0.0833,0.2500,0.1667,0.0000,0.0833,201.3302,128.5695,0.0000,7.1594,3.1822,51.9726,0.0006,0.0000,0.5334,0.2319,0.4987,11.1407,0.1782,0.0000,0.1416,0.0850,0.0611,1.7779,5.4249,0.2523,0.2302,0.1886,0.9984,-0.1133,1.0731,0.2067,0.4411,-0.0002,1.0032,-0.4588,-1.8081,1.4924,-0.0000,0.0001,1.0000,0.0144,8790.5284,26.4372,452.4962,0.8238,0.0187,-90.0000,0.4944,0.4848,9.7795,137.6930
41.6416,ASCEND,ASCEND,nan,nan,nan,nan,nan,nan,1.4006,1.3283,0.2563,1.7443,47.0000,0.0008,nan,nan,1.4006,0.0000,0.0000,0.0000,0.3333,0.3333,0.0000,0.3333,0.0000,nan,nan,0.2692,30.4666,11.9460,102.6040,-0.0054,-0.0000,2.3679,1.2958,0.4981,36.5513,13.9340,0.6726,4.2135,16.7528,4.7854,1.9004,4.7656,3.6122,0.8056,nan,nan,nan,nan,nan,nan,nan,nan,nan,nan,nan,nan,nan,nan,0.0290,8076.8992,33.4725,437.2108,0.7309,0.0756,-90.0000,0.4944,0.4848,17.7304,112.5685
41.7083,ASCEND,ASCEND,0.2018,-0.0598,1.2319,1.8726,0.4444,0.5556,2.6675,1.4769,2.8367,10.0561,52.0000,0.0009,70.2589,46.7410,2.6675,0.0000,0.2222,0.1111,0.1111,0.0000,0.1111,0.0000,0.4444,187.0311,125.6970,1.0990,28.6938,11.5478,74.9589,0.0063,-0.0000,1.8112,1.8072,0.4830,34.3671,4.3051,2.7881,4.3535,6.9189,24.7629,2.5487,5.7461,1.3490,1.1426,-0.2881,1.0019,0.5739,-0.4951,2.5096,7.2015,-0.0116,1.0852,4.8218,0.1540,-25.4996,0.0002,0.0001,1.0000,0.0323,9398.8925,42.0915,544.0168,0.6885,0.0974,-90.0000,0.4944,0.4848,24.8037,84.8132
41.7751,ASCEND,ASCEND,5.5852,0.6696,11.5292,29.8788,0.6364,0.3636,10.7793,2.4768,13.8470,37.5758,53.0000,0.0009,96.2185,44.6673,10.7793,0.0000,0.0000,0.0909,0.0000,0.2727,0.2727,0.2727,0.0909,173.3780,139.7079,0.3673,27.1294,10.9633,262.1162,0.0062,0.0000,2.7179,1.5419,0.5132,116.2960,8.9961,1.2302,1.2446,11.0446,13.1332,5.1941,5.6230,2.7063,1.3200,-0.2009,0.9973,0.8922,-1.1828,10.2573,34.3225,0.0880,1.0672,-0.3103,-16.0056,0.4024,0.0001,0.0004,0.6364,0.0317,9848.7510,41.4912,616.4227,0.6786,0.0978,-10.8855,0.4444,0.5769,29.0501,23.8422
41.8418,ASCEND,ASCEND,1.0007,-0.1315,2.1147,4.2646,0.4000,0.6000,6.6329,4.3046,6.6450,19.1135,36.0000,0.0006,107.2149,28.6373,6.6329,0.0000,0.0000,0.2000,0.0000,0.2000,0.2000,0.4000,0.0000,161.8198,112.9325,2.6397,37.4703,12.3267,73.2725,0.0347,0.0000,1.7738,2.2232,0.5073,21.6753,15.7171,11.5386,3.9167,15.6805,16.1415,4.8231,5.0222,2.6753,2.1079,nan,nan,nan,nan,nan,nan,nan,nan,nan,nan,nan,nan,nan,nan,0.0243,8161.0686,35.2219,560.7170,0.7066,0.0384,-90.0000,0.4944,0.4848,27.9858,14.1044
41.9085,ASCEND,ASCEND,0.2292,0.1390,0.3614,0.7128,0.5000,0.5000,0.5704,0.4781,0.4961,1.6465,38.0000,0.0007,88.7266,35.2364,0.5704,0.0000,0.0000,0.1250,0.1250,0.0000,0.1250,0.5000,0.1250,154.3969,103.7701,0.0946,14.4522,8.2090,83.1825,-0.0097,0.0000,1.0760,0.8499,0.5118,23.4227,7.2293,12.5135,1.7697,0.2988,1.2078,1.4211,0.7305,0.3590,0.8150,-0.1229,1.0022,-0.0851,-0.5317,0.5726,1.2490,0.0009,1.0044,0.0456,-1.2563,-1.4330,-0.0000,0.0000,1.0000,0.0199,8340.3206,28.2944,459.2800,0.7852,0.0456,-90.0000,0.4944,0.4848,30.9326,26.5845
41.9753,ASCEND,ASCEND,7.8523,0.1545,16.7236,33.1719,0.6000,0.4000,12.3269,1.4008,21.6041,55.4959,27.0000,0.0005,107.9544,30.2072,12.3269,0.0000,0.2000,0.0000,0.0000,0.0000,0.0000,0.6000,0.2000,143.0421,118.8635,0.0459,9.1835,14.5045,487.8015,-0.0079,0.0000,4.2627,0.6805,0.4888,212.6091,3.3320,0.1024,9.2382,2.0455,1.3276,2.4679,1.3024,2.4377,2.1685,nan,nan,nan,nan,nan,nan,nan,nan,nan,nan,nan,nan,nan,nan,0.0321,8833.4415,37.6826,761.3432,0.6492,0.1568,-90.0000,0.4944,0.4848,31.5340,-8.6789
42.0420,ASCEND,ASCEND,-0.0373,0.1193,0.4733,0.4181,0.6000,0.4000,0.8688,0.6793,0.5150,1.7927,34.0000,0.0006,89.2587,37.2988,0.8688,0.0000,0.2000,0.0000,0.0000,0.4000,0.0000,0.4000,0.0000,124.9417,106.8998,0.4293,43.0504,24.6423,555.8107,0.0092,0.0000,5.8102,1.1434,0.5041,230.6707,9.8593,0.1375,0.9289,23.7022,0.8680,3.6906,19.9900,3.4277,5.6552,nan,nan,nan,nan,nan,nan,nan,nan,nan,nan,nan,nan,nan,nan,0.0259,8148.3803,32.3168,409.4150,0.7183,0.1031,-90.0000,0.4944,0.4848,29.7742,-46.1565
42.1087,STABLE,ASCEND,0.3783,0.1163,0.6608,1.4091,0.7000,0.3000,0.8656,0.8755,0.5637,1.8437,23.0000,0.0004,83.4997,33.0648,0.8656,0.1000,0.2000,0.3000,0.0000,0.1000,0.1000,0.0000,0.2000,131.5732,116.2419,0.0748,19.0663,21.1829,441.5367,0.0061,0.0000,4.1340,0.7866,0.5176,150.9709,14.8670,0.0560,13.6515,4.0550,0.4013,0.9954,1.1089,1.0413,0.9446,0.0552,1.0008,-0.2643,0.1170,0.8440,1.6592,0.0152,0.9890,-0.4863,-0.8107,3.0497,-0.0000,-0.0000,1.0000,0.0224,7671.5954,29.6245,447.0068,0.7626,0.0571,-90.0000,0.4944,0.4848,25.3736,-83.7054
42.1755,STABLE,ASCEND,-0.3885,-0.0580,0.8177,0.4443,0.3000,0.7000,0.7932,0.5056,0.6330,2.2892,51.0000,0.0009,73.1104,31.2752,0.7932,0.0000,0.0000,0.1000,0.1000,0.1000,0.3000,0.3000,0.1000,151.6608,114.1722,0.1016,16.4793,7.0791,61.2112,0.0016,0.0000,1.1831,0.6973,0.5221,14.6389,0.4003,0.0506,1.0982,4.2790,0.1839,4.1471,11.6725,0.5202,1.5261,-0.0682,0.9937,1.4124,0.0132,0.7186,1.4232,-0.0040,0.8980,-1.6577,14.2397,6.6998,-0.0002,-0.0002,1.0000,0.0225,8576.3988,28.1835,373.5551,0.6871,0.1030,-90.0000,0.4944,0.4848,18.6024,-112.6176
42.2422,STABLE,ASCEND,nan,nan,nan,nan,nan,nan,nan,nan,nan,nan,47.0000,0.0008,nan,nan,nan,nan,nan,nan,nan,nan,nan,nan,nan,nan,nan,0.7488,22.5841,26.9177,365.9283,-0.0002,-0.0000,5.1405,1.9151,0.4922,59.5807,32.4343,4.0382,1.2856,7.6544,1.6064,2.3006,10.3864,2.0511,3.1081,nan,nan,nan,nan,nan,nan,nan,nan,nan,nan,nan,nan,nan,nan,0.0299,9968.7071,38.1495,825.6971,0.4319,0.0705,-90.0000,0.4944,0.4848,10.3429,-70.5648
42.3089,STABLE,ASCEND,3.1104,0.3087,6.2786,13.0712,0.8333,0.1667,3.8341,0.7437,7.0574,19.5967,31.0000,0.0005,91.1594,44.0109,3.8341,0.1667,0.1667,0.0000,0.0000,0.0000,0.1667,0.1667,0.3333,140.6383,122.3874,0.8745,25.4697,21.7617,368.9411,-0.0079,-0.0000,4.1116,1.5124,0.4945,134.7815,5.2742,4.9969,23.1303,12.9594,2.5744,5.6589,1.9988,1.3464,1.6328,-0.1619,1.0019,0.2250,-0.9803,3.6683,14.8071,0.0610,nan,nan,nan,nan,nan,nan,nan,0.0354,9155.5720,45.5821,829.2236,0.4614,0.1617,-90.0000,0.4944,0.4848,9.1843,-47.6046
42.3757,STABLE,ASCEND,nan,nan,nan,nan,nan,nan,nan,nan,nan,nan,18.0000,0.0003,nan,nan,nan,nan,nan,nan,nan,nan,nan,nan,nan,nan,nan,3.4966,80.8079,25.6264,152.4790,0.0665,0.0000,3.8086,3.2463,0.4973,46.7374,29.4917,43.6205,7.5389,23.9052,9.6185,7.6581,12.5963,4.8328,5.1356,nan,nan,nan,nan,nan,nan,nan,nan,nan,nan,nan,nan,nan,nan,0.0178,8593.5995,27.4257,462.5374,0.8265,0.0215,-90.0000,0.4944,0.4848,3.9893,-89.5627
42.4424,STABLE,ASCEND,-0.0918,-0.1693,0.5113,0.6948,0.1818,0.8182,0.8884,0.6822,0.7462,2.4949,46.0000,0.0008,84.2778,28.4821,0.8884,0.1818,0.1818,0.3636,0.0000,0.0909,0.0909,0.0909,0.0000,144.8727,129.8373,0.0015,5.9092,2.7339,49.8839,0.0004,-0.0000,0.5521,0.2883,0.4499,22.1255,1.0144,0.0025,2.6689,0.4906,0.1447,1.3260,1.2537,0.7557,0.5697,0.1895,0.9980,-0.0895,1.4470,0.8090,1.2153,-0.0024,1.0010,-0.2825,-0.4853,2.3772,0.0000,0.0000,1.0000,0.0189,8511.5036,28.0849,458.9339,0.8251,0.0187,-90.0000,0.4944,0.4848,-2.7693,8.5216
42.5091,STABLE,ASCEND,nan,nan,nan,nan,nan,nan,1.7994,1.6233,1.3895,3.9147,34.0000,0.0006,nan,nan,1.7994,0.0000,0.0000,0.0000,0.2500,0.0000,0.5000,0.2500,0.0000,nan,nan,0.0009,13.0786,5.0253,93.9896,-0.0069,0.0000,0.9172,0.6370,0.5027,27.6584,0.0422,0.0178,0.6038,2.5972,1.1140,3.0161,6.7374,4.5819,2.2488,nan,nan,nan,nan,nan,nan,nan,nan,nan,nan,nan,nan,nan,nan,0.0313,10571.5635,39.0460,795.9726,0.6680,0.1241,-90.0000,0.4944,0.4848,5.1266,12.0760
42.5759,STABLE,ASCEND,nan,nan,nan,nan,nan,nan,42.4109,42.4109,14.8817,57.2926,56.0000,0.0010,nan,nan,42.4109,0.5000,0.0000,0.0000,0.0000,0.0000,0.0000,0.0000,0.5000,nan,nan,1.5817,35.9094,13.9039,164.6195,0.0149,-0.0000,3.2710,2.1365,0.4724,82.4957,18.3941,6.3095,7.0168,11.1140,12.5579,2.5989,7.5070,2.2750,1.8283,nan,nan,nan,nan,nan,nan,nan,nan,nan,nan,nan,nan,nan,nan,0.0344,10498.8160,38.0162,554.2402,0.3912,0.1461,-90.0000,0.4944,0.4848,-1.1576,-19.3560
42.6426,STABLE,ASCEND,nan,nan,nan,nan,nan,nan,nan,nan,nan,nan,12.0000,0.0002,nan,nan,nan,nan,nan,nan,nan,nan,nan,nan,nan,nan,nan,3.1718,70.5522,25.0510,127.8139,-0.0326,0.0000,3.1676,2.0116,0.5065,46.5062,46.0379,12.0240,12.3335,34.2411,4.6571,2.1766,12.4570,3.9815,1.5876,nan,nan,nan,nan,nan,nan,nan,nan,nan,nan,nan,nan,nan,nan,0.0157,8458.4411,27.3590,430.2155,0.8247,0.0234,-90.0000,0.4944,0.4848,2.5432,41.3718
42.7093,STABLE,ASCEND,-0.4843,-0.2382,0.6478,0.1141,0.3750,0.6250,0.8515,0.7025,0.6147,2.0759,30.0000,0.0005,105.1483,31.9525,0.8515,0.1250,0.0000,0.5000,0.1250,0.0000,0.2500,0.0000,0.0000,149.5522,137.5683,0.0079,35.3963,12.4676,148.1552,-0.0000,0.0000,1.9001,0.4799,0.5057,48.6669,9.3731,0.0094,0.9863,21.1838,0.2532,0.5160,3.2597,0.6013,0.5181,-0.2559,0.9989,0.3956,-0.1875,0.5955,1.2102,-0.0067,1.0168,-0.3841,-7.3250,0.4771,-0.0001,0.0003,1.0000,0.0180,8593.6495,28.3700,440.8747,0.7898,0.0225,-90.0000,0.4944,0.4848,4.3642,13.2404
42.7761,STABLE,ASCEND,0.8914,0.0101,3.5210,5.2892,0.5714,0.3571,2.1769,0.7640,4.0643,16.4767,44.0000,0.0008,87.5318,41.0993,2.1769,0.0714,0.0000,0.0714,0.0000,0.0714,0.2857,0.5000,0.0000,144.3031,143.1726,0.0010,1.7423,1.0252,11.2942,0.0001,0.0000,0.1957,0.1675,0.4953,3.3136,0.0013,0.0038,0.2920,0.3780,0.4463,0.9178,0.5129,0.4067,0.4254,-0.2131,0.9986,0.5436,-0.5933,2.0770,7.9147,0.0092,0.9927,-0.2600,-0.0878,-0.0171,-0.0000,0.0000,0.9286,0.0194,8687.1695,31.0761,463.0162,0.7844,0.0189,-90.0000,0.4944,0.4848,4.3104,48.1986
42.8428,STABLE,ASCEND,0.3447,0.0561,0.7895,1.8104,0.6000,0.3000,0.9051,0.6605,0.7833,2.4417,54.0000,0.0009,106.1268,37.8782,0.9051,0.2000,0.1000,0.1000,0.1000,0.0000,0.2000,0.3000,0.0000,147.5992,147.1396,0.0011,3.3977,3.0240,82.1007,-0.0005,0.0000,0.6681,0.2602,0.4821,31.4840,0.0273,0.0032,2.4232,0.6663,1.5046,0.5924,0.6486,0.6762,0.3733,0.0247,1.0030,-0.5161,-0.1154,0.9591,2.1147,0.0043,0.9933,-0.3339,0.4033,0.3390,-0.0000,-0.0000,1.0000,0.0164,8723.4053,28.3631,471.9498,0.7944,0.0187,-90.0000,0.4944,0.4848,10.7971,55.7859
42.9095,ASCEND,ASCEND,0.0900,0.0001,0.6326,1.1253,0.5000,0.4000,1.1440,0.7746,1.5052,5.3748,49.0000,0.0009,115.5759,41.9779,1.1440,0.1000,0.0000,0.4000,0.1000,0.0000,0.3000,0.0000,0.1000,151.3988,144.9676,0.0001,3.1518,1.8580,18.5967,-0.0002,0.0000,0.3358,0.1940,0.4859,7.1197,0.0239,0.0008,0.3067,1.8563,0.2052,1.2060,0.6303,0.3153,0.5863,0.0430,1.0005,-0.2232,0.1496,1.1719,3.6877,0.0048,1.0086,0.1976,0.0275,0.0253,0.0001,-0.0000,1.0000,0.0147,8745.9101,26.9131,479.3260,0.8236,0.0204,-90.0000,0.4944,0.4848,11.7559,13.1308
42.9763,STABLE,ASCEND,nan,nan,nan,nan,nan,nan,1.4848,1.2330,0.3688,2.0062,53.0000,0.0009,nan,nan,1.4848,0.0000,0.0000,0.0000,0.0000,0.0000,0.3333,0.6667,0.0000,nan,nan,0.0046,16.2138,8.0077,89.5767,-0.0085,-0.0000,1.4831,0.8941,0.4761,23.6520,0.3654,0.0012,7.8206,1.5670,1.4103,6.4322,5.6751,3.2664,2.2568,nan,nan,nan,nan,nan,nan,nan,nan,nan,nan,nan,nan,nan,nan,0.0289,8671.0451,33.7582,565.7718,0.7702,0.0720,-90.0000,0.4944,0.4848,12.5496,-25.3246
43.0430,STABLE,ASCEND,4.9915,0.0711,11.4475,23.0077,0.6667,0.3333,6.7288,2.3843,11.0342,31.3178,33.0000,0.0006,98.2688,30.1980,6.7288,0.0000,0.1667,0.0000,0.1667,0.0000,0.1667,0.3333,0.1667,146.4941,128.5995,0.0777,72.4381,23.5622,340.6798,0.0011,-0.0000,4.0588,1.0057,0.4911,158.6669,44.1720,0.0114,7.6734,5.0002,0.8606,3.9910,5.7512,1.9184,1.6611,1.0578,1.0000,-2.2688,1.4622,6.4166,24.5285,0.1926,nan,nan,nan,nan,nan,nan,nan,0.0211,8511.8573,31.1138,447.7820,0.7846,0.0169,-90.0000,0.4944,0.4848,8.3759,-17.1990
43.1097,STABLE,ASCEND,-0.0029,0.0065,0.7299,0.5640,0.5833,0.4167,0.6941,0.4734,0.8721,3.4795,49.0000,0.0009,72.4873,41.0630,0.6941,0.0833,0.0833,0.1667,0.0000,0.0833,0.1667,0.2500,0.1667,147.8229,135.6411,0.0044,6.0022,23.4015,681.4382,0.0003,0.0000,5.3480,0.2264,0.5119,213.7681,7.9538,0.0165,0.1578,5.6965,0.5407,0.4177,14.7445,0.4386,0.2193,0.0463,0.9987,0.3068,0.2101,0.7325,2.7719,-0.0047,1.0009,0.1962,-0.0093,-0.6426,0.0000,-0.0000,1.0000,0.0223,8650.3005,30.3269,457.6202,0.8064,0.0197,-90.0000,0.4944,0.4848,10.2541,4.0371
43.1765,STABLE,ASCEND,-0.4536,-0.0051,1.1928,0.5483,0.4286,0.5714,1.6103,2.0815,1.0841,3.2689,61.0000,0.0011,109.1213,28.2233,1.6103,0.0000,0.2857,0.0000,0.0000,0.0000,0.1429,0.4286,0.1429,159.0139,107.9418,0.0178,16.7957,12.6030,168.5519,0.0000,0.0000,2.5279,0.6721,0.5016,69.3234,11.5236,0.0387,2.0515,3.6987,1.2519,2.3496,8.0126,0.7080,0.5105,0.0642,0.9975,0.7362,-0.6411,1.5391,3.0692,-0.0018,nan,nan,nan,nan,nan,nan,nan,0.0272,8280.3527,33.2867,490.5421,0.7463,0.0612,-90.0000,0.4944,0.4848,8.9148,-17.4310
43.2432,STABLE,ASCEND,0.1948,-0.0199,2.8535,2.4291,0.4583,0.5417,1.8456,0.7726,2.7084,12.0077,61.0000,0.0011,76.5012,38.3338,1.8456,0.1250,0.0833,0.2083,0.2083,0.0833,0.0833,0.2083,0.0000,161.6076,110.9513,0.0354,14.8419,36.2786,593.8677,-0.0003,-0.0000,6.8896,0.5905,0.4923,126.3722,36.3798,0.0255,2.9424,1.9321,0.2977,2.7859,4.9847,0.3221,1.8532,-0.0892,1.0000,0.1806,-0.0389,1.8501,7.1489,-0.0055,1.0394,-0.0437,-10.0782,0.0993,0.0000,0.0003,0.9167,0.0286,8746.5663,34.0365,528.4937,0.7073,0.1096,-90.0000,0.4944,0.4848,7.9276,-23.7071
43.3099,DESCEND,ASCEND,-0.8014,-0.1229,3.3010,1.8401,0.3704,0.6296,1.9117,1.0166,3.0418,12.1812,55.0000,0.0010,73.5636,34.0643,1.9117,0.0370,0.1111,0.1111,0.1111,0.1111,0.1111,0.2222,0.1852,159.4234,115.5522,0.0272,6.0317,15.5752,405.7578,0.0001,-0.0000,3.2463,0.3456,0.4774,163.4273,3.2700,0.0135,0.3421,0.9481,0.1840,1.3151,9.6404,0.4842,1.2943,-0.2699,0.9994,0.5379,-0.7914,1.8271,9.5346,-0.0119,0.9942,0.1441,0.9926,-1.9087,-0.0001,0.0000,0.9259,0.0325,8919.0255,35.7314,538.1993,0.6646,0.1403,-90.0000,0.4944,0.4848,5.7507,-43.7327
43.3767,STABLE,ASCEND,-0.0561,-0.0007,0.8277,1.0109,0.5000,0.5000,1.0056,0.6179,0.6789,2.3650,66.0000,0.0011,99.3833,28.9527,1.0056,0.0833,0.0000,0.0833,0.1667,0.0833,0.2500,0.2500,0.0833,158.3984,104.7334,0.0338,5.8439,2.5693,30.4820,0.0001,-0.0000,0.5360,0.4628,0.4902,9.8436,0.6979,0.0251,1.1091,2.3043,0.4829,1.7833,0.8188,1.3291,1.3086,0.0164,0.9997,-0.1272,-0.5751,0.9120,1.5444,-0.0007,0.9566,-0.9342,5.5552,4.4486,-0.0001,-0.0001,1.0000,0.0257,8047.2351,31.7158,485.2419,0.7910,0.0566,-90.0000,0.4944,0.4848,2.0908,-78.7583
43.4434,DESCEND,ASCEND,-0.7266,-0.0590,2.9040,0.8511,0.4516,0.5484,1.3094,0.4611,2.7452,12.6245,61.0000,0.0011,86.9903,33.4355,1.3094,0.0968,0.2258,0.0968,0.0968,0.1290,0.1290,0.0968,0.1290,170.9904,100.7999,0.0266,6.1901,3.7963,32.9024,-0.0001,0.0000,0.6946,0.2165,0.5015,13.5318,1.6973,0.0275,4.0474,1.4390,0.2775,0.9477,0.3853,0.4590,0.3813,0.0570,0.9997,0.0682,0.3091,1.3131,6.1547,-0.0174,1.0082,0.0515,-1.2934,-0.4874,0.0000,0.0000,0.9355,0.0298,8119.7181,33.5675,536.9187,0.7078,0.1002,-90.0000,0.4944,0.4848,-4.7610,-73.9428
43.5101,STABLE,ASCEND,2.8514,0.3116,8.6598,14.7752,0.6667,0.3333,4.4910,0.9905,11.5856,42.8745,43.0000,0.0007,103.6667,30.9533,4.4910,0.0000,0.1667,0.1667,0.0833,0.0833,0.2500,0.2500,0.0000,180.0323,109.0268,0.0388,7.9854,19.2784,632.0636,0.0011,0.0000,4.6446,0.4930,0.5024,205.0121,0.1090,0.1202,1.0312,2.0486,0.6685,3.7124,13.3510,1.5772,0.8201,-0.1238,1.0019,-0.2869,-0.5316,4.4918,20.2595,0.0687,1.0158,0.1259,-1.7589,-2.5594,-0.0000,0.0001,0.9167,0.0313,9021.5315,37.9606,713.5259,0.6018,0.1676,-90.0000,0.4944,0.4848,-7.7781,45.2846
43.5769,DESCEND,ASCEND,-1.0049,0.0472,1.9095,0.5591,0.6000,0.4000,2.1718,1.5007,1.8621,5.7755,36.0000,0.0006,115.5473,22.1661,2.1718,0.2000,0.2000,0.6000,0.0000,0.0000,0.0000,0.0000,0.0000,166.1108,99.2610,0.0625,8.7640,3.7003,27.0394,0.0033,-0.0000,0.7220,0.7293,0.4944,8.4106,0.4339,0.0503,2.4307,2.5483,0.4988,3.1440,2.1020,2.3623,3.1852,nan,nan,nan,nan,nan,nan,nan,nan,nan,nan,nan,nan,nan,nan,0.0218,8079.5092,30.1442,440.7442,0.7740,0.0454,-90.0000,0.4944,0.4848,1.2830,92.7197
43.6436,DESCEND,ASCEND,0.3227,0.1948,0.6688,1.3272,0.5000,0.5000,1.3560,1.3473,0.6808,2.3993,45.0000,0.0008,103.7584,27.6559,1.3560,0.1667,0.1667,0.1667,0.0000,0.0000,0.1667,0.1667,0.1667,161.5238,91.0542,0.0158,12.9499,5.1855,46.8387,-0.0038,0.0000,1.0276,0.8702,0.5028,14.9906,1.4262,0.0417,3.2246,3.1325,1.0647,2.9130,2.3312,2.0291,3.1056,-0.0033,1.0037,0.2126,0.0645,1.3221,2.0055,-0.0076,nan,nan,nan,nan,nan,nan,nan,0.0208,8063.1652,27.7373,446.7877,0.7824,0.0307,-90.0000,0.4944,0.4848,4.5969,44.6632
43.7103,DESCEND,ASCEND,-1.4394,-0.0920,3.8125,0.2893,0.3333,0.6667,1.9147,0.8925,3.6986,14.0189,74.0000,0.0013,72.7935,28.0346,1.9147,0.1667,0.0833,0.2500,0.0000,0.0833,0.2500,0.1667,0.0000,159.1935,114.1156,0.1297,22.1595,8.0658,50.2564,0.0092,0.0000,1.2743,1.1119,0.5098,19.4153,1.9289,10.7951,5.0779,3.6027,1.6695,5.3130,0.9024,0.3675,2.4621,0.2245,0.9924,0.8235,1.7344,1.9785,7.0117,-0.0427,0.9864,0.5519,4.2383,0.5205,0.0001,-0.0002,0.9167,0.0316,8169.7004,34.9877,474.2049,0.6746,0.0682,-90.0000,0.4944,0.4848,7.2441,25.0560
43.7771,ASCEND,ASCEND,-0.1326,-0.2087,0.8314,1.0946,0.2000,0.8000,2.9412,0.4854,8.7512,35.6042,57.0000,0.0010,89.6490,35.6067,2.9412,0.2000,0.1333,0.2000,0.0667,0.0000,0.1333,0.2000,0.0667,170.2708,126.5823,0.1860,14.4943,4.9510,35.1256,-0.0073,-0.0000,0.7170,0.7492,0.4767,10.0445,2.2022,7.0817,1.4393,9.1452,2.1338,0.5522,1.2182,0.7204,0.1035,0.0823,1.0004,-0.1187,0.0821,2.9666,12.3320,-0.0077,1.0327,-0.0369,-5.4791,-2.6537,-0.0000,0.0002,0.9333,0.0310,8073.7316,35.3476,498.7475,0.7357,0.0326,-90.0000,0.4944,0.4848,7.9410,4.2589
43.8438,ASCEND,ASCEND,0.3910,0.0251,1.4699,2.2457,0.5625,0.4375,1.1297,0.7550,1.5606,6.9906,43.0000,0.0007,93.2129,28.7941,1.1297,0.2500,0.1250,0.1875,0.0625,0.0000,0.2500,0.1250,0.0000,159.1923,136.3908,0.1896,11.9078,4.1299,48.5805,0.0040,0.0000,0.9064,0.8607,0.5139,24.0294,8.3633,2.0690,0.8223,3.4323,1.7020,0.9225,1.1092,0.8983,0.7878,-0.0399,1.0012,0.0389,-0.0680,1.1176,2.8122,0.0071,0.9898,-1.5801,-8.7569,3.3200,-0.0002,0.0002,1.0000,0.0254,8446.8061,31.4452,459.2899,0.7706,0.0274,-90.0000,0.4944,0.4848,7.8125,1.2163
43.9105,ASCEND,ASCEND,3.0747,-0.1790,8.7152,17.1596,0.3750,0.6250,4.1574,0.6541,8.5913,26.7568,27.0000,0.0005,100.2387,28.7347,4.1574,0.0000,0.2500,0.3750,0.1250,0.0000,0.1250,0.0000,0.1250,160.2483,125.2229,0.0178,36.3524,13.3366,455.7499,0.0010,0.0000,2.6187,0.7273,0.5138,140.6564,8.0770,1.2412,0.2173,25.7189,0.6460,0.3515,6.4697,0.4757,0.1303,-0.1185,0.9993,0.3076,0.4323,4.0516,18.2164,0.0709,1.1107,1.1002,-15.7409,-6.7305,0.0002,0.0005,0.8750,0.0184,8519.6476,27.1040,416.1566,0.7958,0.0246,-90.0000,0.4944,0.4848,8.1033,-19.2641
43.9773,ASCEND,ASCEND,1.3919,1.1612,1.5086,3.7000,0.8333,0.1667,4.4959,1.9781,5.8548,17.3881,34.0000,0.0006,110.5701,32.6735,4.4959,0.0000,0.1667,0.0000,0.0000,0.0000,0.3333,0.3333,0.1667,137.8070,136.7600,0.0101,34.9127,13.2813,363.5141,-0.0028,0.0000,2.3547,0.7136,0.5227,78.8511,0.8942,0.0211,0.6079,28.1376,0.3475,1.5174,4.3047,1.4964,4.1689,0.0791,1.0015,0.4218,-1.2868,4.2748,13.8195,0.0388,nan,nan,nan,nan,nan,nan,nan,0.0173,8656.0114,28.7578,458.1404,0.7919,0.0222,-90.0000,0.4944,0.4848,5.2414,6.8604
44.0440,STABLE,ASCEND,nan,nan,nan,nan,nan,nan,1.0064,0.8651,0.6748,2.0763,39.0000,0.0007,nan,nan,1.0064,0.0000,0.2500,0.0000,0.2500,0.0000,0.5000,0.0000,0.0000,nan,nan,0.0118,17.8840,6.4958,140.2621,-0.0009,-0.0000,1.9951,0.8791,0.4861,69.8436,2.4833,0.0096,4.5926,3.4820,1.0309,5.8655,2.2942,2.6186,2.8010,nan,nan,nan,nan,nan,nan,nan,nan,nan,nan,nan,nan,nan,nan,0.0284,8747.2734,34.5203,532.3993,0.7516,0.0894,-90.0000,0.4944,0.4848,9.0190,19.0423
44.1107,STABLE,ASCEND,-0.0265,0.1805,2.0405,1.7777,0.6667,0.3333,1.6208,0.8548,2.1739,8.8191,64.0000,0.0011,81.3589,39.5351,1.6208,0.0667,0.0000,0.2667,0.0667,0.0667,0.2667,0.1333,0.1333,144.8602,141.3643,0.0262,12.0231,5.6931,68.8753,-0.0008,0.0000,1.1238,0.6280,0.5049,15.9922,2.1195,0.2306,4.0032,2.7169,1.3158,4.9376,1.0481,0.5850,1.2644,0.1401,1.0005,-0.4169,-0.0688,1.5655,5.7484,0.0057,1.0165,-0.8131,-0.3301,-2.7925,-0.0001,0.0001,0.8667,0.0264,8591.6124,33.1648,485.0615,0.7780,0.0582,-90.0000,0.4944,0.4848,7.7829,-9.7250
44.1775,STABLE,ASCEND,-0.7683,-0.2758,2.7830,1.0242,0.4000,0.6000,2.5357,1.2555,4.8405,20.2042,54.0000,0.0009,98.7383,34.8074,2.5357,0.2000,0.3333,0.2000,0.0000,0.0000,0.0667,0.1333,0.0667,155.5021,142.2287,0.0081,8.1606,3.8542,29.4857,0.0000,0.0000,0.6819,0.4145,0.4971,11.3528,2.4506,0.1498,0.4308,3.2316,1.1054,1.9220,1.7872,1.1264,0.5267,0.1097,0.9984,0.3725,0.7698,2.3904,9.1720,-0.0120,0.9319,-6.2145,-0.2263,23.6568,-0.0004,0.0003,0.8000,0.0231,8568.8551,31.0167,446.4050,0.7789,0.0258,-90.0000,0.4944,0.4848,7.7210,-46.8371
44.2442,STABLE,ASCEND,0.7531,0.2693,5.4895,6.2983,0.8000,0.2000,3.3907,1.1224,5.4886,18.4659,33.0000,0.0006,79.5755,30.8119,3.3907,0.0667,0.1333,0.1333,0.0000,0.3333,0.1333,0.1333,0.0667,165.4611,142.6027,0.0034,9.7602,4.4712,39.3039,-0.0007,0.0000,0.8005,0.4581,0.5229,12.0711,3.5308,0.2196,0.7415,3.0215,0.5487,2.2002,0.7056,1.3299,0.4079,-0.0617,1.0045,-0.9481,-1.1885,3.3185,16.2749,0.0314,0.9768,-0.4362,2.7894,2.3893,-0.0000,-0.0001,0.8000,0.0185,8672.2386,28.7884,445.0057,0.7882,0.0180,-90.0000,0.4944,0.4848,1.5317,-114.4439
44.3109,STABLE,ASCEND,nan,nan,nan,nan,nan,nan,1.0965,1.2949,0.4347,1.4331,41.0000,0.0007,nan,nan,1.0965,0.0000,0.7500,0.0000,0.0000,0.0000,0.0000,0.2500,0.0000,nan,nan,0.0691,11.5944,3.9279,41.1292,-0.0015,-0.0000,0.6928,0.7026,0.4944,9.1364,0.3683,0.3878,0.3266,4.8753,5.0469,3.7348,1.2588,2.3556,0.4391,nan,nan,nan,nan,nan,nan,nan,nan,nan,nan,nan,nan,nan,nan,0.0292,8926.0474,38.4401,598.8353,0.7695,0.0432,-90.0000,0.4944,0.4848,-7.5534,-22.4469
44.3777,ASCEND,ASCEND,-0.2988,0.0164,0.5964,0.2527,0.6000,0.4000,1.1846,1.1567,0.8272,2.6770,39.0000,0.0007,121.2287,31.3616,1.1846,0.2000,0.0000,0.2000,0.2000,0.0000,0.0000,0.4000,0.0000,149.0199,152.3679,0.5164,15.5564,6.3199,51.4623,0.0000,-0.0000,1.2241,1.1843,0.4914,20.3622,6.0922,4.3728,1.0056,4.5865,8.2927,4.9014,1.2850,2.0931,1.7194,nan,nan,nan,nan,nan,nan,nan,nan,nan,nan,nan,nan,nan,nan,0.0299,8440.2564,35.3781,522.6339,0.7237,0.0333,-90.0000,0.4944,0.4848,-1.4642,55.4601
44.4444,STABLE,ASCEND,0.4629,0.0017,3.5631,6.6262,0.5625,0.4375,6.6667,0.7088,11.5031,36.4644,55.0000,0.0010,104.1604,32.3734,6.6667,0.0625,0.1250,0.1875,0.0625,0.2500,0.0000,0.0625,0.2500,150.6195,144.3317,0.0295,11.2887,4.3691,42.9851,0.0014,0.0000,0.7332,0.5447,0.5069,16.2534,0.0457,5.6981,0.1313,0.6873,3.5606,2.1704,0.3752,0.3748,4.4000,0.0983,0.9983,-0.2208,0.4018,6.7598,32.7697,0.0053,1.0186,0.3567,-2.1268,-1.3073,0.0000,0.0001,0.7500,0.0301,8295.0398,34.3070,489.8716,0.7414,0.0275,-90.0000,0.4944,0.4848,-0.1514,101.2396
44.5111,STABLE,ASCEND,0.2357,0.0298,0.4434,0.9175,0.6000,0.4000,0.9006,0.7072,0.7823,2.3064,35.0000,0.0006,96.9399,28.9074,0.9006,0.2000,0.2000,0.2000,0.0000,0.0000,0.0000,0.0000,0.4000,138.3952,133.8035,0.2019,19.0427,8.5075,79.7846,0.0007,0.0000,1.2934,0.9497,0.5097,34.9429,13.1555,2.5149,0.4827,6.4002,2.3587,1.1821,1.0226,1.1975,6.4511,nan,nan,nan,nan,nan,nan,nan,nan,nan,nan,nan,nan,nan,nan,0.0200,8548.3293,30.6737,477.1489,0.7918,0.0214,-90.0000,0.4944,0.4848,12.0479,159.4792
44.5779,ASCEND,ASCEND,nan,nan,nan,nan,nan,nan,1.3637,1.3343,1.1248,2.7558,31.0000,0.0005,nan,nan,1.3637,0.0000,0.0000,0.0000,0.0000,0.0000,0.0000,1.0000,0.0000,nan,nan,0.0290,11.0005,4.6016,47.3618,-0.0108,-0.0000,0.7570,0.7310,0.4736,14.3954,0.0761,0.0407,1.9590,5.4337,1.4288,1.7811,3.7622,4.3562,3.4427,nan,nan,nan,nan,nan,nan,nan,nan,nan,nan,nan,nan,nan,nan,0.0298,8211.6071,34.3810,517.3135,0.7644,0.0848,-90.0000,0.4944,0.4848,21.1338,116.0111
44.6446,ASCEND,ASCEND,0.0193,0.0102,0.5531,0.7078,0.5000,0.5000,0.7125,0.7180,0.5254,1.5746,43.0000,0.0007,77.9611,32.6847,0.7125,0.0625,0.1250,0.0625,0.0000,0.1250,0.3125,0.1875,0.1250,144.7371,145.2229,0.0692,10.1039,4.2931,43.6394,-0.0003,0.0000,0.9266,0.6514,0.5145,16.5082,1.8241,0.2532,2.2301,4.6246,1.4444,2.5831,0.7791,0.8006,2.3457,0.0501,0.9999,-0.0725,-0.1473,0.7020,1.5553,-0.0057,1.0047,0.0832,0.3133,-1.4235,0.0000,-0.0000,1.0000,0.0339,7969.9106,37.6587,635.8109,0.7274,0.1084,-90.0000,0.4944,0.4848,27.5315,65.6463
44.7113,STABLE,ASCEND,2.2148,-0.0284,6.7385,12.2946,0.4545,0.5455,4.8221,0.4741,9.3259,24.6690,43.0000,0.0007,106.7632,35.1853,4.8221,0.0909,0.2727,0.1818,0.0909,0.0000,0.0909,0.0909,0.1818,154.2842,150.6199,0.2786,16.6395,6.1649,63.5189,-0.0002,0.0000,1.2885,1.1567,0.5054,25.3276,1.6051,0.1986,4.9955,4.4400,7.0850,4.3836,2.1948,2.9656,3.7145,0.1027,0.9991,0.0276,0.4811,4.7766,24.4908,0.0260,1.0870,-3.8340,-11.2215,-4.2315,-0.0006,0.0011,0.8182,0.0355,8414.5047,41.9728,708.5230,0.7152,0.0999,-90.0000,0.4944,0.4848,29.8954,34.0760
44.7781,ASCEND,ASCEND,7.3233,0.0833,20.6796,39.6582,0.5556,0.4444,12.0042,0.5906,31.8767,102.1597,46.0000,0.0008,90.0746,32.3671,12.0042,0.1111,0.2222,0.1111,0.0000,0.1111,0.1111,0.2222,0.1111,163.8765,139.8709,0.6222,21.3172,22.9647,319.0313,0.0001,-0.0000,4.3921,1.7700,0.4951,81.8141,25.3509,3.8253,3.5764,6.0432,9.0864,5.7282,3.1228,3.7130,2.7194,0.1776,0.9994,-0.2687,0.7480,11.9671,62.0402,0.1458,1.0002,-0.3561,-0.7129,2.6908,-0.0000,0.0001,0.8889,0.0437,8685.4245,47.1057,953.6367,0.6882,0.0972,-34.8622,0.3889,0.5909,32.0795,14.0398
44.8448,ASCEND,ASCEND,-0.9751,0.0294,2.8082,0.5676,0.5455,0.4545,2.2663,0.7372,4.6747,17.0078,40.0000,0.0007,90.3182,32.9050,2.2663,0.0909,0.0909,0.0000,0.0000,0.0000,0.1818,0.4545,0.1818,176.8493,145.3427,0.5742,20.0160,11.1834,280.9794,0.0030,0.0000,2.8076,1.5635,0.5214,81.4402,11.5412,6.6990,4.4251,6.4290,3.7120,1.0526,3.9206,1.1685,0.6032,0.0904,0.9991,0.2594,0.1191,2.0596,9.1521,-0.0323,1.0204,0.1816,-2.4700,-2.1197,0.0000,0.0001,0.9091,0.0411,8784.6471,45.2747,712.9404,0.6476,0.1281,-90.0000,0.4944,0.4848,31.7692,-22.3627
44.9115,STABLE,ASCEND,6.5242,0.6690,9.8691,25.6087,0.7222,0.2778,10.8302,1.0347,16.0658,42.9580,59.0000,0.0010,99.9414,37.6194,10.8302,0.0556,0.1111,0.2222,0.0000,0.1667,0.1667,0.2222,0.0556,168.3449,138.6491,0.3542,16.4721,6.0703,51.7957,-0.0045,-0.0000,0.9972,0.8548,0.4771,17.8520,7.3479,0.4817,2.1033,10.6016,0.7182,2.0302,2.8930,0.6382,1.0921,-0.2260,1.0024,-0.1968,-1.1709,10.5797,41.0625,0.1327,0.9939,1.2417,3.4972,-4.2540,0.0001,-0.0002,0.6667,0.0404,8466.2208,45.5010,725.5254,0.6742,0.1061,-90.0000,0.4944,0.4848,29.0949,-49.8502
44.9783,DESCEND,ASCEND,nan,nan,nan,nan,nan,nan,3.4066,2.3958,2.9449,8.1861,55.0000,0.0010,nan,nan,3.4066,0.0000,0.7500,0.0000,0.0000,0.2500,0.0000,0.0000,0.0000,nan,nan,1.4883,19.7187,7.1544,50.3707,-0.0026,-0.0000,1.3273,1.5047,0.4934,27.4970,3.6262,13.5477,4.0323,5.8517,2.8772,5.8382,2.9995,1.3330,1.9342,nan,nan,nan,nan,nan,nan,nan,nan,nan,nan,nan,nan,nan,nan,0.0366,8645.4936,44.9511,749.7510,0.7408,0.0398,-90.0000,0.4944,0.4848,25.1159,-61.8300
45.0450,DESCEND,ASCEND,-0.4312,-0.4286,0.3217,-0.0567,0.0000,1.0000,1.1054,0.6339,0.9354,2.2298,50.0000,0.0009,89.0091,38.3955,1.1054,0.0000,0.2000,0.4000,0.2000,0.0000,0.2000,0.0000,0.0000,174.2059,153.8198,2.2031,24.7803,17.3488,188.7144,0.0073,0.0000,2.7337,1.6238,0.4961,48.7904,26.1958,6.7502,5.2055,12.3478,9.9236,3.3164,3.1817,4.0628,1.5759,nan,nan,nan,nan,nan,nan,nan,nan,nan,nan,nan,nan,nan,nan,0.0413,8849.4759,41.9860,617.3781,0.6954,0.0797,-32.1787,0.3778,0.5728,20.8426,-96.6003
45.1117,DESCEND,ASCEND,-0.2838,-0.0096,0.5280,0.2042,0.4000,0.6000,1.2844,1.0763,0.7647,2.5045,39.0000,0.0007,95.2138,38.0291,1.2844,0.0000,0.2000,0.4000,0.0000,0.0000,0.0000,0.4000,0.0000,182.5863,161.7474,0.7220,18.2462,6.5076,93.3998,-0.0015,0.0000,1.0890,1.2602,0.4859,31.6829,0.0378,2.3314,6.1964,3.3112,7.7256,4.0221,3.7414,7.5736,2.0589,nan,nan,nan,nan,nan,nan,nan,nan,nan,nan,nan,nan,nan,nan,0.0372,9057.0678,41.8867,667.6622,0.6597,0.1339,-90.0000,0.4944,0.4848,12.2230,-135.6976
45.1785,DESCEND,ASCEND,-0.1181,-0.0942,0.5549,0.5378,0.4000,0.6000,0.8255,0.4626,0.8233,2.9762,54.0000,0.0009,71.6723,36.4395,0.8255,0.2000,0.2000,0.1000,0.2000,0.0000,0.1000,0.1000,0.1000,162.1522,150.4895,0.5402,10.7090,3.9913,38.8451,0.0039,0.0000,0.7265,0.9202,0.5022,7.9659,4.3414,1.8118,5.1277,2.2997,2.3492,2.6768,0.7933,1.0840,0.8464,0.3024,0.9993,-0.6073,0.7472,0.8879,2.0176,-0.0104,0.9623,0.4991,5.1814,4.1988,0.0001,-0.0003,1.0000,0.0436,9089.5574,46.8042,741.5936,0.6844,0.0849,-90.0000,0.4944,0.4848,2.7315,-132.2739
45.2452,STABLE,ASCEND,0.2062,0.2597,0.4305,0.9577,0.6000,0.4000,0.6702,0.3181,0.5727,2.2647,42.0000,0.0007,82.6035,39.8750,0.6702,0.0667,0.0667,0.1333,0.2667,0.1333,0.1333,0.1333,0.0667,164.1717,145.6066,0.3583,15.1202,11.8746,275.8210,-0.0005,0.0000,3.0199,1.0698,0.5029,79.4742,9.7813,2.7278,9.5878,4.7559,1.4775,2.2869,1.3736,1.0341,0.9826,0.0779,1.0009,-0.3952,-0.1367,0.6549,1.7843,0.0029,1.0106,-0.3843,0.5354,-2.8186,-0.0000,0.0000,1.0000,0.0272,8523.8704,36.2819,594.5515,0.7528,0.0647,-90.0000,0.4944,0.4848,-5.4312,-36.0645
45.3119,ASCEND,ASCEND,0.1019,-0.0165,1.5922,3.5842,0.5000,0.5000,2.0977,0.4196,4.9601,22.5415,36.0000,0.0006,91.6869,32.4311,2.0977,0.0000,0.2000,0.0500,0.0500,0.0000,0.3500,0.1500,0.2000,166.6104,138.7867,0.0986,12.7656,9.2976,191.8137,-0.0001,0.0000,1.9703,0.5707,0.5043,74.2001,1.5795,0.0147,7.8680,7.7317,1.1928,0.6410,1.4970,0.9903,0.5326,-0.0092,0.9985,0.2752,0.0513,2.0855,7.5833,-0.0066,1.0104,0.0676,-2.4780,-0.2500,0.0000,0.0001,0.9000,0.0350,8225.2917,38.6282,616.7407,0.6869,0.1101,-90.0000,0.4944,0.4848,-2.0819,-43.5829
45.3787,ASCEND,ASCEND,-0.0719,-0.0403,0.6100,0.9108,0.4286,0.5714,1.0748,0.7928,1.0486,3.7124,45.0000,0.0008,86.9159,38.2146,1.0748,0.0714,0.0714,0.0000,0.1429,0.1429,0.1429,0.2143,0.2143,169.1077,135.0304,0.3253,21.4400,8.4204,88.1968,-0.0018,-0.0000,1.4480,1.0253,0.4839,54.6674,7.2737,0.0915,1.2690,6.2119,15.0616,1.7804,0.9330,1.6793,0.9278,0.0302,1.0010,0.1044,-0.2539,1.0721,2.7525,-0.0088,1.0087,0.0447,-1.6539,0.4469,0.0000,0.0000,1.0000,0.0432,8480.3975,48.0321,1063.2400,0.6135,0.1729,-90.0000,0.4944,0.4848,-11.2480,-1.1664
45.4454,ASCEND,ASCEND,0.3493,0.0065,1.1999,1.8943,0.5217,0.4783,0.8011,0.2724,1.6414,7.9411,56.0000,0.0010,74.0988,38.0728,0.8011,0.0870,0.1304,0.0870,0.1739,0.0870,0.0870,0.2174,0.1304,177.0887,136.0965,0.4397,23.1824,7.9752,47.6641,-0.0058,-0.0000,0.9525,0.9833,0.4963,20.2777,14.9086,3.6214,0.9379,7.6776,3.1742,1.1368,3.0023,1.1881,0.7928,0.0620,1.0006,-0.3302,0.1097,0.8084,2.4890,0.0215,0.9915,-0.2036,1.0461,1.2747,-0.0000,-0.0000,0.9565,0.0407,8434.6924,45.8554,747.9631,0.5716,0.1861,-90.0000,0.4944,0.4848,-2.2376,87.5683
45.5121,STABLE,ASCEND,-0.9722,-0.0387,3.7455,0.8385,0.3704,0.6296,2.7395,0.2564,7.0145,32.9369,55.0000,0.0010,75.3588,40.7169,2.7395,0.0370,0.1481,0.0370,0.0370,0.1481,0.2222,0.1481,0.2222,182.1872,135.2652,0.3405,15.1038,7.3105,143.4824,0.0023,-0.0000,1.6216,0.7909,0.4983,57.9319,7.2830,6.9431,0.3484,5.0317,3.0089,2.3415,3.6899,1.4397,0.8543,0.0227,1.0005,-0.1517,-0.1571,2.7473,15.3342,-0.0624,0.9996,0.4246,2.3493,-1.4860,0.0001,-0.0001,0.8889,0.0423,9194.6255,47.9763,870.5847,0.5507,0.1968,-90.0000,0.4944,0.4848,0.4394,32.9875
45.5789,ASCEND,ASCEND,0.1859,0.0707,0.7430,1.3200,0.5455,0.4545,0.9171,0.7127,0.6748,2.4435,62.0000,0.0011,93.3597,43.9493,0.9171,0.0000,0.3636,0.0909,0.0909,0.0000,0.0000,0.4545,0.0000,189.9689,105.6851,0.7939,13.8878,7.9122,154.1957,-0.0077,0.0000,1.9995,1.0056,0.5062,68.0498,3.7176,8.8569,0.8312,3.5965,3.2356,1.2883,5.4211,1.1361,1.1729,0.0350,0.9995,0.0936,0.5789,0.9269,1.7724,0.0083,1.0218,-0.1330,-6.0588,-0.0499,-0.0000,0.0002,1.0000,0.0411,9112.3174,47.3096,805.4768,0.5373,0.2229,-45.0000,0.5944,0.5470,2.1652,20.5361
45.6456,ASCEND,ASCEND,-0.5776,-0.0526,1.0338,0.3631,0.4000,0.6000,2.1675,0.9653,2.7405,7.6196,55.0000,0.0010,87.3924,41.6554,2.1675,0.0000,0.0000,0.6000,0.0000,0.0000,0.4000,0.0000,0.0000,182.8350,130.8748,0.6806,18.0403,20.6541,360.8617,0.0059,-0.0000,3.6657,1.3039,0.4930,95.9849,3.9129,4.9611,18.1329,6.4697,3.4544,3.4293,4.1227,0.9232,2.1527,nan,nan,nan,nan,nan,nan,nan,nan,nan,nan,nan,nan,nan,nan,0.0366,8995.8180,40.1976,600.3296,0.6718,0.1525,-90.0000,0.4944,0.4848,3.1803,5.0974
45.7123,ASCEND,ASCEND,0.2083,0.3512,0.6334,0.9246,0.6250,0.3750,0.7266,0.8034,0.3440,1.0607,40.0000,0.0007,67.9071,38.9995,0.7266,0.0000,0.2500,0.5000,0.0000,0.0000,0.2500,0.0000,0.0000,179.6214,100.4086,0.0658,10.3766,4.9546,110.2563,-0.0046,0.0000,1.0497,0.6033,0.5037,53.4620,4.3893,0.0825,0.2881,4.7871,0.7390,0.4754,4.7751,0.8516,0.6762,0.0745,0.9999,-0.1403,0.5498,0.6830,1.1497,0.0108,0.9927,-0.3038,-0.1021,2.3122,-0.0000,-0.0000,1.0000,0.0253,8679.0523,32.7397,471.6759,0.7655,0.0419,-90.0000,0.4944,0.4848,2.8455,37.7958
45.7791,ASCEND,ASCEND,0.2050,0.0811,0.4699,1.0158,0.5455,0.4545,0.6611,0.5440,0.5054,1.9116,48.0000,0.0008,74.2820,39.8821,0.6611,0.3636,0.0000,0.2727,0.1818,0.0000,0.0909,0.0000,0.0909,170.2475,102.0209,0.0381,11.0772,5.0168,87.0285,-0.0056,0.0000,1.3789,0.4479,0.5087,42.8918,4.1850,0.1005,0.9751,1.3809,0.2593,1.9640,0.6157,4.0285,1.6799,-0.1520,1.0004,0.2676,-0.0691,0.6105,1.1600,0.0127,1.0183,0.4488,-1.2621,-1.9522,0.0000,0.0001,1.0000,0.0222,8469.5425,30.1742,441.0893,0.7865,0.0214,-90.0000,0.4944,0.4848,8.2248,-2.9321
45.8458,ASCEND,ASCEND,2.4402,0.0877,5.4384,12.5897,0.6000,0.4000,2.9969,0.8074,5.2480,17.8508,53.0000,0.0009,94.0800,26.7242,2.9969,0.2000,0.1000,0.3000,0.1000,0.0000,0.2000,0.0000,0.1000,161.1665,103.6746,0.0097,4.9551,4.6430,47.4487,-0.0013,0.0000,0.7603,0.2742,0.5023,22.6157,0.8890,0.2354,0.2979,1.9604,1.0586,0.2969,4.9861,0.4530,0.3042,-0.0584,0.9997,0.2019,0.0921,2.9649,12.5773,0.0831,0.9981,-0.1519,-1.1166,0.5776,-0.0000,0.0000,0.8000,0.0173,8548.3630,28.4581,441.6494,0.7915,0.0190,-90.0000,0.4944,0.4848,2.4542,-196.3035
45.9125,ASCEND,ASCEND,0.3795,0.2353,0.5948,1.1611,0.8182,0.1818,1.2965,1.2747,0.5875,2.4879,38.0000,0.0007,91.6896,23.1496,1.2965,0.0909,0.3636,0.0000,0.0909,0.0909,0.0909,0.0909,0.1818,149.9864,106.9862,0.0047,6.5788,3.8091,38.7349,-0.0014,0.0000,0.7257,0.4855,0.5011,12.1763,1.3648,0.0005,1.5919,0.8662,0.2184,3.9434,0.8906,1.2207,1.7278,0.0895,1.0029,-0.2784,0.2583,1.1850,2.2883,-0.0032,0.9386,-2.1267,-0.0890,8.8339,-0.0002,-0.0000,1.0000,0.0172,8416.7032,27.5155,468.9513,0.7954,0.0197,-90.0000,0.4944,0.4848,-17.9752,5.1924
45.9793,STABLE,ASCEND,nan,nan,nan,nan,nan,nan,1.4507,1.4507,0.0000,1.4507,34.0000,0.0006,nan,nan,1.4507,0.0000,0.0000,0.0000,0.0000,0.0000,1.0000,0.0000,0.0000,nan,nan,0.2240,75.0155,23.2326,133.4227,-0.0066,-0.0000,3.0354,1.1204,0.4968,59.0384,50.0979,0.0561,0.9680,12.9379,1.7304,3.8166,4.6070,3.4059,4.4062,nan,nan,nan,nan,nan,nan,nan,nan,nan,nan,nan,nan,nan,nan,0.0317,9534.1003,38.4537,700.0084,0.6836,0.1536,-90.0000,0.4944,0.4848,3.1472,273.0485
46.0460,STABLE,ASCEND,-0.1544,-0.0599,0.4490,0.2638,0.4286,0.5714,1.4001,0.6034,1.8139,5.6973,54.0000,0.0009,105.5400,37.1837,1.4001,0.0000,0.0000,0.1429,0.0000,0.1429,0.2857,0.2857,0.1429,151.5836,111.3165,0.5299,16.8891,6.6673,111.1089,0.0073,-0.0000,1.4496,1.1198,0.4915,52.7509,0.7606,3.1745,4.2971,5.8177,1.3687,5.2616,7.8504,1.1379,1.7118,0.1372,1.0002,-0.3064,-0.0792,1.2790,3.8168,-0.0017,nan,nan,nan,nan,nan,nan,nan,0.0459,11911.3135,53.8295,1379.8619,0.4814,0.1246,-90.0000,0.4944,0.4848,18.4677,215.6131
46.1127,STABLE,ASCEND,nan,nan,nan,nan,nan,nan,29.3781,17.5817,29.9515,70.5080,92.0000,0.0016,nan,nan,29.3781,0.3333,0.0000,0.3333,0.3333,0.0000,0.0000,0.0000,0.0000,nan,nan,3.2435,23.0425,12.0210,143.1617,-0.0127,-0.0011,2.6461,1.6217,0.4603,44.2055,10.5428,8.4233,4.5252,10.4837,2.3262,11.2989,5.3003,2.1809,5.4636,nan,nan,nan,nan,nan,nan,nan,nan,nan,nan,nan,nan,nan,nan,0.0647,3222.7359,53.6841,1703.8854,0.1254,0.1733,-90.0000,0.4944,0.4848,31.9243,153.8571
46.1795,STABLE,ASCEND,1.0487,-0.0007,8.9442,18.1829,0.2857,0.7143,8.0640,0.0192,13.9931,39.5008,59.0000,0.0010,74.4305,34.3530,8.0640,0.0714,0.0000,0.0000,0.2143,0.1429,0.3571,0.1429,0.0714,185.7880,138.7338,3.3515,17.9111,6.0175,28.0371,0.0061,-0.0000,0.8268,0.8583,0.4824,12.4084,2.3494,7.4366,10.0089,2.9392,8.3034,6.0667,7.8827,1.6646,2.8600,0.1475,1.0001,-0.4645,0.4880,8.0279,39.0715,0.0040,1.7400,-4.3711,-209.0663,-120.6662,-0.0006,0.0031,0.7857,0.0398,5196.6526,37.1587,1175.6157,0.1376,0.0859,-90.0000,0.5500,0.4303,39.0025,101.2919
46.2462,ASCEND,ASCEND,-3.2518,-0.4244,4.8572,-0.0423,0.0000,1.0000,4.3679,0.4320,6.3804,15.8282,69.0000,0.0012,60.5145,30.1286,4.3679,0.0000,0.0000,0.5714,0.1429,0.0000,0.2857,0.0000,0.0000,212.0260,134.0732,1.8005,16.6549,5.8371,77.5680,-0.0012,0.0000,1.1486,0.9247,0.5012,26.6881,2.6401,0.8902,4.4118,5.8962,9.1043,3.5214,9.3179,3.7687,0.7098,0.4185,0.9999,-1.2844,1.9096,4.2553,14.8528,-0.1275,nan,nan,nan,nan,nan,nan,nan,0.0388,4958.4819,40.5060,602.9019,0.1502,0.5903,0.0000,0.5778,0.6646,45.4434,74.4180
46.3129,ASCEND,ASCEND,4.1701,-0.1067,14.7511,27.5296,0.5000,0.5000,13.2093,5.6267,15.4833,40.4100,68.0000,0.0012,65.5395,36.8881,13.2093,0.0000,0.1667,0.3333,0.0000,0.1667,0.3333,0.0000,0.0000,232.8092,146.6909,3.2071,19.5412,8.3863,130.0770,0.0002,0.0000,2.0770,1.4205,0.5190,71.7606,7.7119,5.5201,1.7950,8.9594,11.3563,5.8395,4.8525,4.3580,4.5249,-0.3324,1.0021,0.2520,-1.8967,13.1363,37.0144,0.0259,nan,nan,nan,nan,nan,nan,nan,0.0371,8120.0796,41.4732,472.1713,0.5621,0.1598,20.1707,0.2111,0.5687,48.9348,51.3817
46.3797,STABLE,ASCEND,21.2876,19.8291,20.5000,45.4733,0.7500,0.2500,39.9174,42.6983,9.5305,50.0873,45.0000,0.0008,47.8856,17.5442,39.9174,0.0000,0.0000,0.0000,0.0000,0.0000,0.6250,0.3750,0.0000,246.9413,84.1145,2.7409,29.4612,11.0891,170.3949,-0.0138,-0.0000,2.1574,1.6432,0.4753,62.0582,5.5526,9.2785,6.8399,17.5309,6.7124,7.9486,5.6781,4.7686,2.7573,-5.8318,0.7137,86.0583,-34.2244,7.3560,19.2589,0.2056,0.1767,172.4375,187.4806,-11.2322,-0.0019,-0.0015,0.8750,0.0231,8928.2272,28.7948,464.8409,0.7480,0.0579,-90.0000,0.4944,0.4848,52.3012,25.7494
46.4464,STABLE,ASCEND,-0.0150,-0.0001,0.4478,0.6020,0.4000,0.6000,0.6910,0.0012,0.9150,2.5414,24.0000,0.0004,71.8976,49.6733,0.6910,0.0000,0.2000,0.2000,0.0000,0.1000,0.1000,0.2000,0.2000,214.7412,119.6049,0.0002,11.9817,5.4910,103.9815,-0.0044,0.0000,1.5934,0.5705,0.4849,49.1338,0.0008,3.5821,4.3959,0.1127,0.0047,5.8927,1.2934,0.1758,1.5050,0.5361,0.9978,-1.1663,2.4699,0.6225,1.5195,-0.0062,0.9519,0.7074,9.4452,7.3966,0.0002,-0.0004,1.0000,0.0134,8368.0179,22.1621,430.2611,0.8354,0.0070,-90.0000,0.4944,0.4848,52.3715,-32.8650
46.5131,STABLE,ASCEND,nan,nan,nan,nan,nan,nan,1.2159,1.2159,0.7114,1.9273,27.0000,0.0005,nan,nan,1.2159,0.0000,0.5000,0.5000,0.0000,0.0000,0.0000,0.0000,0.0000,nan,nan,0.0038,12.0355,4.8367,68.6915,0.0005,0.0000,0.9074,0.6268,0.4883,29.4117,1.3143,0.0259,1.0356,3.0127,0.7876,1.4971,6.1310,1.4795,0.8844,nan,nan,nan,nan,nan,nan,nan,nan,nan,nan,nan,nan,nan,nan,0.0186,8073.0743,27.2355,413.1267,0.8131,0.0165,-90.0000,0.4944,0.4848,47.9148,-92.9415
46.5799,STABLE,ASCEND,-0.2250,-0.0719,0.6132,0.4500,0.3125,0.6875,0.6034,0.4620,0.5408,2.2003,45.0000,0.0008,85.4800,43.4171,0.6034,0.0625,0.1875,0.1875,0.2500,0.0625,0.0625,0.1875,0.0000,197.9721,120.1026,0.0093,5.3729,2.8625,28.9608,-0.0000,0.0000,0.5441,0.3392,0.4870,13.6780,2.8710,0.0132,1.0731,0.4699,0.4540,1.9066,0.5597,0.1567,0.5828,0.1131,0.9974,-0.0736,0.8846,0.5201,1.0992,-0.0005,0.9868,-0.0144,1.2795,1.4186,0.0000,-0.0001,1.0000,0.0195,8001.8836,26.7424,444.5400,0.7678,0.0244,-90.0000,0.4944,0.4848,39.9669,-161.7660
46.6466,STABLE,ASCEND,0.9987,-0.0426,4.9096,1.4231,0.4545,0.5455,1.6523,0.4142,4.8978,23.9646,42.0000,0.0007,87.8598,34.6744,1.6523,0.0909,0.0455,0.3182,0.1818,0.1364,0.0909,0.0000,0.1364,181.9980,126.1740,0.0101,10.6165,9.5213,127.5454,0.0000,0.0000,1.9456,0.4017,0.5003,61.9703,8.7507,0.0318,2.4419,1.3679,0.3047,1.9567,1.1337,0.1801,1.6715,-0.1302,0.9993,0.3098,-0.1300,1.6246,2.0585,0.0159,1.0052,0.1504,0.0024,-0.5481,0.0000,0.0000,0.9545,0.0208,7863.5410,27.3105,448.3716,0.7915,0.0251,-90.0000,0.4944,0.4848,26.3244,-178.2615
46.7133,STABLE,ASCEND,0.0741,-0.0004,0.4937,1.0392,0.4800,0.5200,3.0634,0.4702,12.7045,65.2647,42.0000,0.0007,93.2142,34.0567,3.0634,0.1600,0.2800,0.2000,0.0400,0.1200,0.0000,0.0000,0.2000,177.4792,126.3566,0.0085,3.6298,2.2586,26.4349,0.0001,0.0000,0.4621,0.2958,0.4917,8.0494,0.4391,0.0192,1.3637,0.1774,0.1955,2.1621,0.1706,0.2691,1.0808,-0.1166,1.0003,0.2918,-0.0905,2.9853,1.7914,0.0023,0.9999,0.2550,0.7045,-0.6011,0.0000,-0.0000,0.9600,0.0204,8126.1144,27.1839,427.2401,0.8184,0.0238,-90.0000,0.4944,0.4848,16.1749,-236.6020
46.7801,STABLE,ASCEND,-0.3283,-0.0054,1.6066,1.3774,0.4783,0.5217,2.3662,0.6907,4.4551,16.6314,30.0000,0.0005,86.0651,33.1661,2.3662,0.0435,0.0870,0.1304,0.0000,0.0435,0.1739,0.3043,0.2174,172.9632,121.4642,0.0055,2.6246,1.9854,20.2202,0.0009,0.0000,0.3619,0.2335,0.4990,7.0990,0.1251,1.0466,0.2773,1.4767,0.2360,0.7268,0.5815,0.2739,0.8370,0.0821,1.0020,-0.1623,-0.5706,2.2817,14.6770,-0.0160,1.0072,0.1478,-1.3830,-0.8011,0.0000,0.0000,0.9130,0.0215,8136.9723,28.6242,448.7003,0.7864,0.0270,-90.0000,0.4944,0.4848,-5.2541,-259.4651
46.8468,STABLE,ASCEND,0.6679,-0.0249,3.3050,1.2207,0.5000,0.5000,1.4870,0.4207,3.4882,16.3288,30.0000,0.0005,83.5562,29.4363,1.4870,0.1500,0.2500,0.3000,0.1000,0.1000,0.0500,0.0000,0.0500,170.5547,123.2290,0.0057,4.1351,4.3978,160.2771,0.0041,0.0000,1.1823,0.2391,0.4892,69.2305,0.4274,4.4848,1.3553,0.9853,0.1934,0.3017,0.5297,0.2777,0.2879,-0.1782,0.9996,0.3644,-0.0240,1.4547,3.0324,0.0224,1.0094,0.2945,-0.7707,-1.3647,-0.0000,0.0001,0.9500,0.0212,8193.0736,28.6815,454.9009,0.7862,0.0238,-90.0000,0.4944,0.4848,-18.4550,78.5086
46.9135,STABLE,ASCEND,-0.4300,-0.3280,0.7079,0.4917,0.1250,0.8750,0.9502,0.7642,0.5450,1.9049,34.0000,0.0006,93.9171,33.6959,0.9502,0.2500,0.0000,0.2500,0.0000,0.0000,0.2500,0.2500,0.0000,162.7933,118.6485,0.0137,11.7629,9.5173,192.2787,-0.0034,-0.0000,2.6088,0.5764,0.4822,80.2471,0.0055,5.7478,2.1458,1.4403,0.7961,2.1713,5.6865,1.8505,3.5390,-0.2347,0.9949,1.2002,-0.0372,0.8423,1.1166,0.0065,1.0152,1.3306,3.1934,-2.7348,0.0002,-0.0001,1.0000,0.0191,8527.0555,28.9066,434.0865,0.7905,0.0237,-90.0000,0.4944,0.4848,5.2242,182.2834
46.9803,STABLE,ASCEND,nan,nan,nan,nan,nan,nan,12.5098,1.8508,19.2166,45.7782,47.0000,0.0008,nan,nan,12.5098,0.0000,0.0000,0.0000,0.0000,0.0000,0.0000,1.0000,0.0000,nan,nan,0.0290,8.4861,5.1583,197.2044,-0.0006,-0.0000,1.4455,0.4597,0.4838,93.6449,1.0871,0.0162,2.7004,1.6651,0.3420,2.3619,1.6496,1.1433,3.4065,nan,nan,nan,nan,nan,nan,nan,nan,nan,nan,nan,nan,nan,nan,0.0307,9022.7994,34.4039,508.8427,0.7763,0.0632,-90.0000,0.4944,0.4848,5.8737,-2.4987
47.0470,STABLE,ASCEND,-0.0591,0.0129,0.8921,0.5305,0.6500,0.3500,0.5276,0.3111,0.8908,4.6519,49.0000,0.0009,70.2102,36.6306,0.5276,0.1000,0.0500,0.1000,0.0500,0.1750,0.1500,0.3000,0.0750,167.2941,126.0567,0.0046,2.0832,4.1907,171.7123,-0.0001,-0.0000,1.2398,0.1564,0.4876,81.1099,1.6467,0.0106,1.9804,0.3833,0.2672,0.4180,0.3098,0.2649,0.3674,0.0004,1.0002,-0.0100,-0.1431,0.5270,1.7655,0.0045,1.0052,0.0298,-1.1501,-1.0902,-0.0000,0.0000,1.0000,0.0305,9048.6082,34.2839,503.1164,0.7589,0.0724,-90.0000,0.4944,0.4848,4.8907,-20.2947
47.1137,STABLE,ASCEND,2.3531,0.0920,5.4137,10.5431,0.6000,0.4000,3.9601,1.5853,4.7191,13.2322,23.0000,0.0004,101.2249,31.5439,3.9601,0.0000,0.2000,0.6000,0.0000,0.0000,0.2000,0.0000,0.0000,157.3736,113.6599,0.0460,29.1905,22.1934,352.9018,0.0004,0.0000,3.8694,0.8676,0.5188,63.7513,17.2159,0.0301,1.7751,19.3139,0.5643,2.6532,3.2874,1.4070,2.0928,nan,nan,nan,nan,nan,nan,nan,nan,nan,nan,nan,nan,nan,nan,0.0196,8650.8724,29.3236,431.4892,0.7924,0.0181,-90.0000,0.4944,0.4848,3.1650,39.6903
47.1805,STABLE,ASCEND,nan,nan,nan,nan,nan,nan,19.8495,19.8495,0.4364,20.2859,46.0000,0.0008,nan,nan,19.8495,1.0000,0.0000,0.0000,0.0000,0.0000,0.0000,0.0000,0.0000,nan,nan,5.0723,38.0518,13.0523,89.2120,0.0088,-0.0000,2.2390,2.4212,0.4917,30.5630,12.0702,8.9467,12.0537,16.6268,11.2663,8.8694,4.2144,5.8083,4.0913,nan,nan,nan,nan,nan,nan,nan,nan,nan,nan,nan,nan,nan,nan,0.0470,10288.3074,52.2964,674.7955,0.7183,0.0785,6.9811,0.3111,0.5378,10.1881,36.8493
47.2472,STABLE,ASCEND,nan,nan,nan,nan,nan,nan,nan,nan,nan,nan,26.0000,0.0005,nan,nan,nan,nan,nan,nan,nan,nan,nan,nan,nan,nan,nan,5.7521,70.5588,37.9812,436.5984,-0.0034,0.0000,8.7986,4.9474,0.5004,156.0089,15.6985,17.8685,11.3701,27.2076,23.9166,9.3882,37.5982,9.1287,13.2302,nan,nan,nan,nan,nan,nan,nan,nan,nan,nan,nan,nan,nan,nan,0.0122,281.4248,9.7231,339.8848,0.0606,0.0799,nan,nan,0.0000,8.0832,-92.1643
47.3139,STABLE,ASCEND,nan,nan,nan,nan,nan,nan,nan,nan,nan,nan,174.0000,0.0030,nan,nan,nan,nan,nan,nan,nan,nan,nan,nan,nan,nan,nan,2.7105,10.5909,3.4194,20.9890,-0.0170,0.0000,0.5442,0.6142,0.4803,7.6556,2.7019,1.6728,2.0781,2.7085,4.8404,2.9365,2.3628,5.8504,6.6141,nan,nan,nan,nan,nan,nan,nan,nan,nan,nan,nan,nan,nan,nan,0.1342,6056.6050,82.2819,1447.2876,0.2018,0.3439,28.0725,0.5111,0.8334,-2.1128,-128.0287
47.3807,STABLE,ASCEND,-0.3984,-0.1273,0.5144,0.0346,0.1429,0.8571,1.9651,1.5751,1.7705,4.7019,199.0000,0.0035,86.8610,38.5127,1.9651,0.0000,0.1429,0.1429,0.0000,0.1429,0.2857,0.2857,0.0000,165.5941,136.1920,2.6492,6.8918,2.3346,10.9960,0.0011,0.0000,0.3235,0.4505,0.5086,3.2836,3.7630,4.4405,1.8095,4.0487,3.3982,3.3550,1.9939,1.0693,1.9425,-1.0647,1.0042,2.3664,-5.2454,2.4833,7.0069,-0.0111,nan,nan,nan,nan,nan,nan,nan,0.1948,5922.7196,115.4501,2351.9709,0.2016,0.4711,28.9439,0.5056,0.8217,-9.0044,-105.5735
47.4474,STABLE,ASCEND,-0.6645,-0.0228,0.9742,0.0498,0.4444,0.5556,1.2827,0.1046,1.9396,5.9111,211.0000,0.0037,84.3892,49.7628,1.2827,0.0000,0.0000,0.5556,0.0000,0.1111,0.1111,0.1111,0.1111,162.3723,145.0037,1.8294,7.6901,2.5803,16.9859,0.0048,0.0000,0.3832,0.4695,0.4947,4.7499,1.7514,4.3351,1.8755,3.7113,3.4880,1.3371,4.8790,1.3039,0.6898,1.2906,0.9893,-1.6751,6.5629,1.0874,2.5364,-0.0106,0.9803,-2.1928,-0.7098,4.9258,-0.0001,0.0001,1.0000,0.1681,5700.2670,86.5934,1655.4260,0.2182,0.3312,29.0166,0.5056,0.7973,-16.2034,-95.3231
47.5141,DESCEND,ASCEND,nan,nan,nan,nan,nan,nan,0.0037,0.0012,0.0049,0.0121,63.0000,0.0011,nan,nan,0.0037,0.0000,0.0000,0.0000,0.2500,0.0000,0.2500,0.2500,0.2500,nan,nan,4.6587,13.9660,4.8410,65.9710,0.0099,0.0000,0.8351,0.9539,0.5242,30.0253,8.0405,9.8011,9.5038,3.6341,5.6389,3.2472,1.8455,3.3645,2.9347,nan,nan,nan,nan,nan,nan,nan,nan,nan,nan,nan,nan,nan,nan,0.0436,9247.7297,32.5249,630.8605,0.7875,0.0602,-90.0000,0.4944,0.4848,-21.7268,-74.5463
47.5809,DESCEND,ASCEND,0.0058,0.0000,0.0320,0.0534,0.5000,0.5000,0.0409,0.0007,0.0784,0.2157,24.0000,0.0004,63.4315,27.5584,0.0409,0.2000,0.2000,0.0000,0.1000,0.2000,0.1000,0.2000,0.0000,162.3723,145.0037,0.0000,45.9361,15.9326,136.8689,-0.0172,0.0000,2.3364,1.7554,0.5026,51.8046,29.5686,12.5160,0.1131,20.8151,1.0685,0.7600,9.1494,0.0069,0.1496,0.0692,1.0002,-0.2475,0.2185,0.0535,0.1085,-0.0007,1.0001,-0.0460,0.0528,-0.3159,0.0000,-0.0000,1.0000,0.0109,8377.6391,16.0996,402.0674,0.8437,0.0014,-90.0000,0.4944,0.4848,-26.1528,-20.3573
47.6476,STABLE,ASCEND,-6.3602,-0.0683,14.1263,0.0143,0.1667,0.8333,6.8699,0.0932,15.1944,40.8456,61.0000,0.0011,39.7074,15.1022,6.8699,0.0000,0.0000,0.3333,0.0000,0.1667,0.5000,0.0000,0.0000,173.0659,153.0323,0.0018,25.1443,9.9970,70.4534,0.0073,0.0000,1.5511,1.0916,0.4807,28.5949,1.6656,0.0000,18.9459,1.2461,2.4594,4.9567,5.7847,2.0130,3.6560,-0.0256,0.9998,0.0928,-0.0961,6.8537,30.6258,-0.2652,nan,nan,nan,nan,nan,nan,nan,0.0432,9858.5676,35.9004,627.5695,0.6828,0.1161,-90.0000,0.4944,0.4848,-24.4438,18.4312
47.7143,STABLE,ASCEND,-4.0408,-2.4997,5.1812,1.4730,0.3333,0.6667,10.0537,8.0219,8.5690,26.3424,41.0000,0.0007,79.4481,41.3559,10.0537,0.1667,0.3333,0.1667,0.1667,0.1667,0.0000,0.0000,0.0000,173.0019,153.0820,0.1822,16.8869,6.6398,58.0568,-0.0057,0.0000,1.0968,1.1141,0.4965,15.2974,0.5681,0.0153,9.0753,3.3810,4.6495,3.5491,9.2460,2.2192,1.4501,2.9967,0.7315,52.4493,45.9534,16.2640,46.2537,0.3856,nan,nan,nan,nan,nan,nan,nan,0.0276,9950.2765,32.7672,462.6901,0.6760,0.0541,-90.0000,0.4556,0.4467,-23.6928,22.8174
47.7811,STABLE,ASCEND,0.1914,0.1891,0.2276,0.5770,0.7561,0.2439,0.3889,0.4036,0.3251,1.1923,59.0000,0.0010,94.0092,35.5294,0.3889,0.3659,0.0488,0.0732,0.0000,0.1707,0.1463,0.0732,0.1220,171.0630,138.3163,0.0264,0.7776,0.2710,5.9043,-0.0003,0.0000,0.0557,0.0440,0.5154,2.9185,0.0420,0.0826,0.1052,0.1735,0.1302,0.2997,0.3762,0.0857,0.1031,-0.2034,1.0017,0.2024,-0.9901,0.2913,0.5978,0.0000,0.9956,0.0803,0.4404,0.1243,-0.0000,-0.0000,1.0000,0.0272,9969.7140,32.8884,448.6996,0.6751,0.0551,-90.0000,0.4500,0.4412,-21.3985,45.8177
47.8478,STABLE,ASCEND,0.0098,0.0003,0.0578,0.0335,0.5932,0.4068,0.0283,0.0046,0.0675,0.4268,63.0000,0.0011,90.0281,35.4234,0.0283,0.0508,0.0339,0.0678,0.1186,0.2034,0.2203,0.1864,0.1186,188.6264,139.0272,0.0034,0.2166,0.2065,5.9019,-0.0000,0.0000,0.0487,0.0186,0.5091,2.9170,0.1252,0.0171,0.0412,0.1691,0.0519,0.0371,0.0274,0.0085,0.0224,0.0009,1.0002,-0.0550,-0.0301,0.0383,0.1214,-0.0001,1.0016,0.0127,-0.3298,-0.1245,0.0000,0.0000,1.0000,0.0275,9966.7482,32.9352,449.9150,0.6937,0.0538,-90.0000,0.4500,0.4412,-17.5777,62.3782
47.9145,STABLE,ASCEND,0.0027,0.0000,0.0211,0.0109,0.4762,0.4444,0.0106,0.0011,0.0263,0.1662,63.0000,0.0011,84.5092,39.0181,0.0106,0.1746,0.0476,0.1746,0.1270,0.1429,0.0635,0.1429,0.1270,203.3170,130.5411,0.0001,0.0614,0.0682,5.9020,-0.0000,-0.0000,0.0295,0.0044,0.4796,2.9170,0.0074,0.0019,0.0203,0.0105,0.0189,0.0272,0.0001,0.0138,0.0118,-0.0001,1.0000,-0.0078,-0.0049,0.0138,0.0512,0.0001,0.9999,-0.0016,0.0047,-0.0019,-0.0000,-0.0000,1.0000,0.0275,9966.4987,32.9169,448.9022,0.6928,0.0534,-90.0000,0.4500,0.4412,-13.0731,71.5061
47.9813,STABLE,ASCEND,-0.0000,0.0000,0.0001,0.0001,0.1111,0.0794,0.0000,0.0000,0.0001,0.0004,63.0000,0.0011,84.5092,39.0181,0.0000,0.8413,0.0159,0.0317,0.0000,0.0317,0.0317,0.0476,0.0000,203.3170,130.5411,0.0000,0.0091,0.0585,5.9019,-0.0000,0.0000,0.0279,0.0003,0.4892,2.9170,0.0045,0.0035,0.0186,0.0000,0.0042,0.0009,0.0000,0.0008,0.0026,-0.0000,1.0000,0.0000,0.0000,0.0000,0.0002,0.0000,1.0000,0.0000,0.0000,0.0000,0.0000,-0.0000,1.0000,0.0275,9967.7134,32.9121,448.9077,0.6930,0.0534,-90.0000,0.4500,0.4412,-8.0340,91.1528
48.0480,STABLE,ASCEND,-0.0047,-0.0082,0.2051,0.2925,0.4762,0.5238,0.1718,0.1367,0.1570,0.7314,71.0000,0.0012,84.0520,40.0888,0.1718,0.0476,0.0159,0.1270,0.1111,0.3333,0.2222,0.0794,0.0635,205.8830,131.3666,0.0551,0.5780,0.4358,11.3784,-0.0002,0.0000,0.1414,0.0741,0.5033,5.1091,0.3393,0.0376,0.1688,0.1904,0.1413,0.1305,0.2230,0.1057,0.1224,-0.0144,1.0003,-0.1297,-0.0919,0.1594,0.4925,-0.0007,0.9984,-0.0304,-0.3087,0.2434,-0.0000,-0.0000,1.0000,0.0293,9947.4854,33.4291,477.1701,0.6930,0.0555,-90.0000,0.4500,0.4412,-0.9072,117.1647
48.1147,STABLE,ASCEND,0.0074,0.0004,0.0423,0.0737,0.5211,0.4789,0.0354,0.0244,0.0401,0.2073,71.0000,0.0012,83.5310,43.6044,0.0354,0.0704,0.0845,0.0423,0.1690,0.2817,0.2113,0.1127,0.0282,209.2480,128.8865,0.0104,0.1273,0.0543,1.8832,-0.0001,-0.0000,0.0226,0.0168,0.4802,0.9581,0.0057,0.0152,0.0421,0.0384,0.0365,0.0389,0.0454,0.0350,0.0217,0.0050,1.0001,-0.0364,-0.0011,0.0350,0.1041,0.0001,0.9994,-0.0144,0.0703,0.0580,-0.0000,-0.0000,1.0000,0.0293,9944.6518,33.4992,479.5079,0.6914,0.0558,-90.0000,0.4500,0.4412,7.6036,39.0918
48.1815,STABLE,ASCEND,0.0096,0.0004,0.0377,0.0930,0.5775,0.4225,0.0279,0.0150,0.0388,0.1722,73.0000,0.0013,83.2664,45.4961,0.0279,0.0704,0.1127,0.1408,0.1690,0.1127,0.1831,0.1690,0.0423,213.5334,130.1953,0.0052,0.1261,0.0581,1.8830,-0.0001,-0.0000,0.0232,0.0139,0.4787,0.9582,0.0128,0.0126,0.0322,0.0286,0.0243,0.0317,0.0400,0.0357,0.0153,0.0018,1.0001,-0.0355,-0.0093,0.0304,0.1135,0.0000,0.9995,-0.0075,0.0736,0.0542,-0.0000,-0.0000,1.0000,0.0297,9941.7310,33.4907,479.3199,0.6912,0.0559,-90.0000,0.4500,0.4412,4.3103,-57.9018
48.2482,STABLE,ASCEND,0.0010,-0.0039,0.0517,0.0721,0.3973,0.6027,0.0393,0.0266,0.0456,0.2964,73.0000,0.0013,82.3202,43.9510,0.0393,0.0685,0.0411,0.1644,0.0822,0.2192,0.2192,0.1781,0.0274,210.6201,126.5136,0.0097,0.1180,0.0552,1.9088,-0.0000,-0.0000,0.0232,0.0162,0.4731,0.9617,0.0171,0.0164,0.0259,0.0257,0.0381,0.0385,0.0317,0.0303,0.0291,0.0006,1.0000,-0.0209,-0.0094,0.0386,0.1175,0.0002,1.0006,0.0030,-0.1412,-0.0148,0.0000,0.0000,1.0000,0.0294,9934.1214,33.5754,481.8895,0.6918,0.0560,-90.0000,0.4500,0.4412,-0.1244,-31.7919
48.3149,STABLE,ASCEND,0.0000,0.0000,0.0534,0.0975,0.5068,0.4932,0.0463,0.0195,0.0585,0.3103,73.0000,0.0013,82.2687,44.2804,0.0463,0.1233,0.1233,0.1918,0.1233,0.1370,0.1507,0.1096,0.0411,211.3650,126.7125,0.0065,0.1248,0.0591,1.8982,0.0000,-0.0000,0.0235,0.0163,0.4844,0.9607,0.0072,0.0120,0.0229,0.0385,0.0236,0.0447,0.0462,0.0254,0.0294,-0.0000,1.0000,-0.0182,0.0053,0.0490,0.1561,-0.0001,1.0003,0.0035,-0.0642,-0.0119,0.0000,0.0000,1.0000,0.0290,9914.0303,33.5930,482.6636,0.6922,0.0565,-90.0000,0.4500,0.4412,0.0671,1.4746
48.3817,STABLE,ASCEND,0.0133,0.0021,0.0495,0.0924,0.5479,0.4521,0.0344,0.0216,0.0453,0.2964,73.0000,0.0013,82.3490,44.1182,0.0344,0.0548,0.0548,0.0685,0.1370,0.2603,0.1918,0.1507,0.0822,210.9917,126.9618,0.0082,0.1099,0.0521,1.8847,-0.0000,0.0000,0.0214,0.0154,0.5037,0.9572,0.0034,0.0109,0.0241,0.0190,0.0405,0.0451,0.0314,0.0371,0.0257,0.0008,1.0002,-0.0525,-0.0246,0.0360,0.0938,-0.0000,1.0001,-0.0056,-0.1071,0.0052,-0.0000,0.0000,1.0000,0.0297,9905.7208,33.6633,482.9526,0.6923,0.0566,-90.0000,0.4500,0.4412,0.0724,-3.3081
48.4484,STABLE,ASCEND,0.0042,-0.0002,0.0273,0.0430,0.4795,0.5205,0.0238,0.0152,0.0272,0.1607,73.0000,0.0013,81.9310,45.4122,0.0238,0.1370,0.0137,0.0274,0.1096,0.2466,0.2877,0.0959,0.0822,213.7007,125.4938,0.0061,0.0919,0.0435,1.8845,-0.0000,0.0000,0.0197,0.0117,0.4974,0.9574,0.0034,0.0127,0.0258,0.0184,0.0316,0.0358,0.0153,0.0232,0.0242,0.0034,1.0000,-0.0182,-0.0011,0.0238,0.0629,0.0001,1.0001,-0.0024,-0.0207,-0.0140,-0.0000,0.0000,1.0000,0.0291,9905.6044,33.6690,482.5274,0.6920,0.0568,-90.0000,0.4500,0.4412,-0.3744,-0.7801
48.5151,STABLE,ASCEND,0.0015,0.0011,0.0643,0.1215,0.5342,0.4658,0.0485,0.0292,0.0549,0.2933,74.0000,0.0013,81.7443,45.6472,0.0485,0.0548,0.0822,0.1096,0.1644,0.1644,0.2329,0.0822,0.1096,214.0240,123.8463,0.0111,0.1344,0.0655,1.8845,0.0000,-0.0000,0.0257,0.0183,0.4759,0.9575,0.0316,0.0123,0.0366,0.0163,0.0307,0.0423,0.0396,0.0397,0.0410,0.0014,1.0000,-0.0213,-0.0010,0.0489,0.1550,0.0004,0.9989,-0.0124,0.1089,0.1307,-0.0000,-0.0000,1.0000,0.0298,9874.4303,33.6993,484.2233,0.6915,0.0574,-90.0000,0.4500,0.4412,-0.0317,4.6818
48.5819,STABLE,ASCEND,0.0083,0.0004,0.0663,0.0454,0.5270,0.4730,0.0319,0.0142,0.0656,0.5119,77.0000,0.0013,82.2209,44.1495,0.0319,0.1081,0.1081,0.1081,0.1757,0.1216,0.2162,0.1216,0.0405,211.4338,124.6561,0.0091,0.1060,0.0499,1.8844,-0.0000,0.0000,0.0224,0.0141,0.4969,0.9576,0.0059,0.0218,0.0262,0.0315,0.0339,0.0311,0.0331,0.0201,0.0304,-0.0016,1.0001,-0.0296,-0.0300,0.0357,0.0777,-0.0001,1.0023,0.0266,-0.2806,-0.2537,0.0000,0.0000,1.0000,0.0298,9865.7349,33.7117,484.3473,0.6923,0.0576,-90.0000,0.4500,0.4412,0.2504,3.9543
48.6486,STABLE,ASCEND,-0.0036,-0.0008,0.0378,0.0551,0.4026,0.5974,0.0278,0.0141,0.0514,0.4177,79.0000,0.0014,83.3352,44.5880,0.0278,0.0649,0.1299,0.1169,0.1558,0.1558,0.2078,0.1299,0.0390,210.8825,123.5345,0.0089,0.0982,0.0677,2.9498,0.0000,0.0000,0.0271,0.0131,0.4818,1.2614,0.0194,0.0145,0.0292,0.0170,0.0303,0.0343,0.0270,0.0323,0.0222,0.0045,1.0000,-0.0097,0.0243,0.0301,0.0919,-0.0002,1.0001,-0.0055,-0.0503,0.0332,-0.0000,0.0000,1.0000,0.0301,9860.1649,33.7391,485.0731,0.6918,0.0582,-90.0000,0.4500,0.4412,0.4961,3.2970
48.7153,STABLE,ASCEND,-0.0069,-0.0001,0.0319,0.0168,0.4684,0.5316,0.0254,0.0133,0.0326,0.1797,80.0000,0.0014,83.0634,42.9389,0.0254,0.0759,0.0380,0.1013,0.1013,0.2152,0.2785,0.1139,0.0759,207.1427,116.5882,0.0065,0.0775,0.0383,1.8845,-0.0000,0.0000,0.0193,0.0102,0.4945,0.9575,0.0023,0.0095,0.0203,0.0186,0.0282,0.0371,0.0168,0.0156,0.0183,0.0029,0.9999,0.0046,0.0160,0.0262,0.0930,-0.0001,0.9995,-0.0073,0.0738,0.0616,-0.0000,-0.0000,1.0000,0.0297,9856.2855,33.7458,484.2669,0.6911,0.0590,-90.0000,0.4500,0.4412,0.6905,2.3635
48.7821,STABLE,ASCEND,-0.0008,-0.0010,0.0383,0.0485,0.4000,0.6000,0.0228,0.0101,0.0368,0.2311,80.0000,0.0014,83.8663,43.9163,0.0228,0.0875,0.0875,0.2000,0.1125,0.1000,0.2500,0.1125,0.0500,209.1468,121.5536,0.0058,0.0841,0.0418,1.8845,0.0000,0.0000,0.0192,0.0110,0.4928,0.9574,0.0037,0.0124,0.0294,0.0175,0.0248,0.0238,0.0244,0.0182,0.0226,0.0005,1.0000,0.0009,0.0016,0.0231,0.0906,-0.0001,1.0003,-0.0016,-0.0834,-0.0137,-0.0000,0.0000,1.0000,0.0301,9855.9161,33.7514,485.1643,0.6915,0.0590,-90.0000,0.4500,0.4412,0.8115,1.4369
48.8488,STABLE,ASCEND,-0.0031,-0.0003,0.0189,0.0265,0.4750,0.5250,0.0197,0.0102,0.0258,0.1306,80.0000,0.0014,83.8425,43.6177,0.0197,0.0500,0.1000,0.0875,0.1125,0.2000,0.1625,0.1875,0.1000,208.2217,119.4808,0.0046,0.0772,0.0406,1.8844,-0.0000,-0.0000,0.0189,0.0103,0.4709,0.9575,0.0034,0.0063,0.0287,0.0155,0.0349,0.0228,0.0128,0.0151,0.0181,-0.0008,1.0000,0.0034,-0.0042,0.0209,0.0609,0.0000,1.0000,0.0008,-0.0153,-0.0133,-0.0000,0.0000,1.0000,0.0298,9855.5414,33.7554,484.2291,0.6914,0.0591,-90.0000,0.4500,0.4412,0.8822,0.8016
48.9155,STABLE,ASCEND,0.4132,0.1686,1.2760,2.6338,0.6667,0.3333,1.2673,0.7937,1.6733,9.1590,80.0000,0.0014,84.5917,44.7052,1.2673,0.0152,0.0303,0.0303,0.0455,0.1818,0.4394,0.2273,0.0303,208.0484,124.3438,0.2531,2.5820,1.9843,133.5338,-0.0005,-0.0000,0.9242,0.1428,0.4740,61.3423,0.2154,0.2209,1.4135,1.2261,0.5321,0.5628,0.6176,0.3206,0.5455,0.0713,1.0037,-1.1715,-0.6858,1.1020,4.5232,0.0032,1.0059,0.2939,-0.8984,-2.0754,0.0000,-0.0000,0.9545,0.0336,9373.3810,33.8313,477.7157,0.6669,0.0783,-90.0000,0.4944,0.4848,0.9185,0.1114
48.9823,STABLE,ASCEND,0.0050,0.0015,0.0324,0.0561,0.6250,0.3750,0.0282,0.0150,0.0392,0.1792,80.0000,0.0014,86.3699,41.4675,0.0282,0.1375,0.1375,0.2125,0.0625,0.1000,0.1250,0.1125,0.1125,202.9773,125.1642,0.0092,0.1270,0.0592,0.9625,-0.0000,0.0000,0.0146,0.0147,0.4905,0.2623,0.0149,0.0198,0.0573,0.0406,0.0251,0.0421,0.0283,0.0187,0.0196,0.0013,1.0000,-0.0060,0.0049,0.0292,0.1328,0.0002,0.9998,-0.0050,0.0317,0.0213,-0.0000,-0.0000,1.0000,0.0338,9378.5716,33.8201,475.8936,0.6899,0.0753,-90.0000,0.4944,0.4848,0.8971,-0.7245
49.0490,STABLE,ASCEND,0.0008,0.0006,0.0454,0.0471,0.5250,0.4750,0.0401,0.0184,0.0577,0.3105,81.0000,0.0014,86.3099,41.8320,0.0401,0.0625,0.1125,0.1375,0.0875,0.2125,0.1250,0.1875,0.0750,203.9566,125.6806,0.0133,0.1573,0.1004,4.6921,0.0000,-0.0000,0.0474,0.0221,0.4837,2.7525,0.0115,0.0279,0.0580,0.0581,0.0542,0.0642,0.0300,0.0284,0.0365,-0.0023,1.0000,-0.0093,-0.0155,0.0414,0.1367,-0.0001,1.0011,0.0131,-0.1286,-0.1415,0.0000,0.0000,1.0000,0.0344,9375.7002,33.9003,478.7637,0.6888,0.0756,-90.0000,0.4944,0.4848,0.8218,-1.4533
49.1157,STABLE,ASCEND,-0.0023,0.0002,0.0337,0.0274,0.5062,0.4938,0.0279,0.0136,0.0435,0.2443,81.0000,0.0014,85.4654,42.4125,0.0279,0.1111,0.0988,0.1728,0.1111,0.1852,0.1111,0.1235,0.0864,205.0891,124.7177,0.0081,0.1219,0.1228,4.6923,-0.0000,0.0000,0.0522,0.0139,0.4970,2.7526,0.0746,0.0118,0.0333,0.0349,0.0360,0.0325,0.0281,0.0176,0.0182,-0.0049,1.0000,0.0129,-0.0207,0.0306,0.0970,-0.0001,0.9998,0.0074,0.0357,-0.0183,0.0000,-0.0000,1.0000,0.0343,9376.8742,33.8741,481.1067,0.6893,0.0752,-90.0000,0.4944,0.4848,0.7031,-2.2991
49.1825,STABLE,ASCEND,-0.0011,0.0008,0.0239,0.0275,0.5556,0.4444,0.0225,0.0113,0.0264,0.1131,82.0000,0.0014,85.2567,42.9885,0.0225,0.0988,0.1852,0.1358,0.0988,0.0864,0.1481,0.1481,0.0988,206.4356,124.1872,0.0089,0.0982,0.0695,4.6923,0.0001,-0.0000,0.0417,0.0151,0.4759,2.7527,0.0024,0.0137,0.0411,0.0369,0.0335,0.0334,0.0243,0.0188,0.0231,-0.0002,1.0000,0.0022,0.0028,0.0226,0.0878,0.0000,1.0004,0.0053,-0.0431,-0.0401,0.0000,0.0000,1.0000,0.0338,9373.7806,33.9243,481.6844,0.6892,0.0748,-90.0000,0.4944,0.4848,0.5150,-3.3694
49.2492,STABLE,ASCEND,0.0045,0.0002,0.0318,0.0518,0.5366,0.4634,0.0330,0.0119,0.0842,0.7389,82.0000,0.0014,86.7068,41.7769,0.0330,0.1707,0.1220,0.1220,0.1220,0.1220,0.1585,0.0976,0.0854,201.6688,123.0347,0.0085,0.1272,0.1039,4.6923,0.0000,-0.0000,0.0468,0.0153,0.4730,2.7527,0.0336,0.0242,0.0362,0.0755,0.0438,0.0331,0.0179,0.0147,0.0210,0.0119,1.0000,-0.0340,0.0442,0.0411,0.0895,0.0000,0.9993,-0.0361,-0.0144,0.1798,-0.0000,0.0000,1.0000,0.0342,9374.3169,33.9081,482.2086,0.6895,0.0760,-90.0000,0.4944,0.4848,0.2534,-4.3004
49.3159,STABLE,ASCEND,-0.0000,-0.0001,0.0310,0.0486,0.4878,0.5122,0.0264,0.0170,0.0295,0.1398,82.0000,0.0014,86.4080,42.3661,0.0264,0.1220,0.1220,0.1463,0.1341,0.1585,0.0976,0.1463,0.0732,202.8406,120.5671,0.0103,0.1231,0.0858,4.6902,0.0000,-0.0000,0.0449,0.0149,0.4896,2.7540,0.0335,0.0128,0.0613,0.0315,0.0424,0.0308,0.0256,0.0181,0.0241,-0.0032,1.0000,0.0059,-0.0097,0.0263,0.0757,0.0000,1.0001,0.0053,0.0109,-0.0444,-0.0000,0.0000,1.0000,0.0341,9373.7869,33.9785,481.9990,0.6888,0.0757,-90.0000,0.4944,0.4848,-0.0590,-5.2095
49.3827,STABLE,ASCEND,0.0030,0.0006,0.0243,0.0295,0.5854,0.4146,0.0209,0.0100,0.0278,0.1378,82.0000,0.0014,86.5411,41.9421,0.0209,0.1463,0.1220,0.2073,0.1098,0.0976,0.0488,0.1220,0.1463,201.7653,120.5264,0.0069,0.0865,0.0707,4.6918,0.0000,-0.0000,0.0426,0.0126,0.4845,2.7528,0.0159,0.0113,0.0399,0.0117,0.0344,0.0294,0.0172,0.0229,0.0169,0.0000,1.0000,-0.0069,-0.0028,0.0212,0.0902,0.0000,1.0000,0.0015,0.0276,-0.0048,0.0000,-0.0000,1.0000,0.0342,9372.2518,33.9694,481.8958,0.6882,0.0763,-90.0000,0.4944,0.4848,-0.4419,0.3921
49.4494,STABLE,ASCEND,0.0011,0.0009,0.0405,0.0362,0.5854,0.4146,0.0272,0.0102,0.0411,0.2056,82.0000,0.0014,86.8115,41.1751,0.0272,0.1220,0.1220,0.1098,0.1220,0.1707,0.0976,0.1220,0.1341,199.8054,120.7459,0.0078,0.0962,0.0395,1.6250,-0.0000,0.0000,0.0134,0.0125,0.4934,0.7901,0.0024,0.0149,0.0346,0.0219,0.0417,0.0231,0.0222,0.0207,0.0199,-0.0023,1.0000,-0.0058,-0.0087,0.0300,0.1210,-0.0000,0.9998,-0.0056,-0.0415,0.0331,-0.0000,0.0000,1.0000,0.0336,9374.5040,33.9989,483.2245,0.6883,0.0760,-90.0000,0.4944,0.4848,-0.0067,3.2826
49.5161,STABLE,ASCEND,-0.0018,0.0002,0.0485,0.0364,0.5488,0.4512,0.0242,0.0086,0.0510,0.3830,82.0000,0.0014,86.1565,43.1869,0.0242,0.1463,0.1098,0.0976,0.1341,0.0976,0.1341,0.1463,0.1341,204.7553,119.7946,0.0062,0.0851,0.0738,4.6859,0.0000,0.0000,0.0429,0.0113,0.4965,2.7745,0.0061,0.0162,0.0572,0.0070,0.0294,0.0260,0.0169,0.0236,0.0173,0.0035,1.0000,0.0031,0.0129,0.0264,0.1194,0.0001,0.9999,-0.0038,0.0345,0.0037,-0.0000,-0.0000,1.0000,0.0340,9373.4021,33.9832,483.1061,0.6886,0.0762,-90.0000,0.4944,0.4848,-0.0037,0.1437
49.5829,STABLE,ASCEND,-0.0011,0.0001,0.0192,0.0169,0.5122,0.4878,0.0167,0.0097,0.0216,0.1206,82.0000,0.0014,86.7703,41.6976,0.0167,0.1220,0.1098,0.1585,0.1463,0.0976,0.1585,0.1341,0.0732,201.5425,123.6257,0.0063,0.0703,0.0674,4.6902,-0.0000,-0.0000,0.0417,0.0104,0.4856,2.7540,0.0058,0.0103,0.0417,0.0113,0.0330,0.0228,0.0178,0.0119,0.0166,-0.0008,1.0000,0.0041,0.0013,0.0170,0.0643,0.0001,0.9997,-0.0028,0.0084,0.0274,-0.0000,-0.0000,1.0000,0.0340,9374.6308,33.9988,483.1788,0.6885,0.0759,-90.0000,0.4944,0.4848,0.0125,0.1020
49.6496,STABLE,ASCEND,-0.0040,0.0003,0.0393,0.0552,0.5488,0.4512,0.0289,0.0115,0.0448,0.2438,82.0000,0.0014,86.7647,41.6876,0.0289,0.1585,0.1585,0.1220,0.0610,0.1098,0.1220,0.1829,0.0854,201.4952,123.5330,0.0099,0.1113,0.0834,4.6894,0.0000,0.0000,0.0444,0.0144,0.5021,2.7706,0.0351,0.0139,0.0517,0.0324,0.0270,0.0404,0.0205,0.0227,0.0198,0.0029,1.0000,-0.0029,0.0180,0.0310,0.1299,-0.0001,1.0001,-0.0059,-0.0458,0.0240,-0.0000,0.0000,1.0000,0.0340,9374.9997,33.9981,483.2048,0.6893,0.0759,-90.0000,0.4944,0.4848,0.0099,-0.1303
49.7163,STABLE,ASCEND,-0.0005,0.0000,0.0306,0.0502,0.5000,0.5000,0.0264,0.0136,0.0391,0.2319,82.0000,0.0014,87.4254,40.4762,0.0264,0.1585,0.0732,0.1463,0.1829,0.1220,0.0976,0.1098,0.1098,198.5910,126.4729,0.0078,0.0931,0.0740,4.6998,-0.0000,0.0000,0.0422,0.0124,0.4902,2.7546,0.0180,0.0337,0.0414,0.0213,0.0211,0.0303,0.0173,0.0159,0.0208,-0.0013,1.0000,0.0110,-0.0009,0.0276,0.0978,0.0001,1.0006,0.0072,-0.0163,-0.0639,0.0000,0.0000,1.0000,0.0348,9375.7967,34.0346,482.2585,0.6893,0.0755,-90.0000,0.4944,0.4848,-0.0049,-0.1059
49.7831,STABLE,ASCEND,-0.0005,-0.0011,0.0244,0.0260,0.4146,0.5854,0.0241,0.0108,0.0418,0.3182,83.0000,0.0014,87.2431,40.3646,0.0241,0.0976,0.1463,0.1463,0.0976,0.1463,0.1341,0.1463,0.0854,197.9652,123.5503,0.0086,0.0996,0.0684,4.5642,0.0000,-0.0000,0.0341,0.0131,0.4837,1.6107,0.0127,0.0254,0.0432,0.0167,0.0249,0.0344,0.0244,0.0176,0.0152,-0.0043,1.0000,0.0089,-0.0202,0.0251,0.0906,-0.0001,0.9999,0.0063,0.0252,-0.0188,0.0000,-0.0000,1.0000,0.0342,9373.7406,34.0511,482.1900,0.6889,0.0757,-90.0000,0.4944,0.4848,-0.0043,-0.0178
49.8498,STABLE,ASCEND,0.0074,0.0009,0.0288,0.0621,0.5783,0.4217,0.0222,0.0102,0.0313,0.1760,83.0000,0.0014,86.8109,40.4966,0.0222,0.0964,0.0482,0.1928,0.1084,0.1928,0.1084,0.1205,0.1325,198.6667,122.0139,0.0070,0.1017,0.0782,4.6890,0.0000,-0.0000,0.0428,0.0144,0.4741,2.7533,0.0264,0.0202,0.0375,0.0135,0.0416,0.0329,0.0246,0.0159,0.0186,0.0013,1.0001,-0.0242,-0.0047,0.0234,0.0917,0.0000,0.9996,-0.0070,0.0189,0.0325,-0.0000,-0.0000,1.0000,0.0343,9371.3666,34.0445,482.4310,0.6875,0.0760,-90.0000,0.4944,0.4848,-0.0073,-0.0074
49.9165,STABLE,ASCEND,0.0003,-0.0004,0.0277,0.0265,0.4458,0.5542,0.0217,0.0094,0.0302,0.1940,83.0000,0.0014,86.5615,41.1619,0.0217,0.0964,0.0964,0.1807,0.1566,0.0964,0.2048,0.0964,0.0723,200.3998,121.4841,0.0056,0.0738,0.0751,4.6243,-0.0000,-0.0000,0.0426,0.0106,0.4847,2.7105,0.0076,0.0141,0.0506,0.0097,0.0199,0.0359,0.0153,0.0174,0.0139,0.0037,1.0000,-0.0145,0.0089,0.0231,0.0713,-0.0001,1.0001,-0.0080,-0.0484,0.0065,-0.0000,0.0000,1.0000,0.0347,9372.4238,34.0720,482.7241,0.6885,0.0760,-90.0000,0.4944,0.4848,-0.0053,0.0944
49.9833,STABLE,ASCEND,0.0045,0.0011,0.0209,0.0486,0.5783,0.4217,0.0198,0.0076,0.0289,0.1631,83.0000,0.0014,86.7133,40.6625,0.0198,0.0964,0.1687,0.1807,0.0361,0.2169,0.0964,0.1084,0.0964,198.9591,120.9177,0.0059,0.0853,0.0757,4.7362,-0.0000,0.0000,0.0428,0.0107,0.5020,2.8005,0.0052,0.0111,0.0541,0.0080,0.0298,0.0264,0.0259,0.0172,0.0188,0.0004,1.0001,-0.0156,-0.0058,0.0211,0.0822,-0.0000,0.9998,-0.0006,0.0072,0.0075,-0.0000,-0.0000,1.0000,0.0350,9373.5849,34.0691,483.5745,0.6884,0.0760,-90.0000,0.4944,0.4848,0.0053,0.0835
50.0500,STABLE,ASCEND,-0.0085,-0.0025,0.0388,0.0523,0.4096,0.5904,0.0400,0.0227,0.0494,0.3241,83.0000,0.0014,86.7249,40.6623,0.0400,0.1205,0.0964,0.1084,0.0964,0.0964,0.1325,0.1566,0.1928,199.0410,121.4638,0.0168,0.1457,0.0803,4.6901,0.0000,-0.0000,0.0430,0.0212,0.4858,2.7538,0.0183,0.0269,0.0562,0.0411,0.0612,0.0525,0.0317,0.0243,0.0281,0.0025,0.9999,0.0213,0.0149,0.0405,0.1212,-0.0001,1.0002,0.0043,0.0553,-0.0144,0.0000,-0.0000,1.0000,0.0350,9370.8876,34.0614,481.6829,0.6877,0.0759,-90.0000,0.4944,0.4848,0.0059,0.0060
50.1167,STABLE,ASCEND,-0.0043,0.0010,0.0336,0.0333,0.5663,0.4337,0.0296,0.0134,0.0701,0.6006,83.0000,0.0014,86.7262,40.9682,0.0296,0.1446,0.0723,0.1325,0.1205,0.1084,0.1446,0.1446,0.1325,200.1312,123.4692,0.0077,0.0995,0.0750,4.6919,-0.0000,-0.0000,0.0430,0.0136,0.4839,2.7617,0.0109,0.0262,0.0497,0.0159,0.0292,0.0279,0.0253,0.0247,0.0216,0.0044,1.0000,-0.0055,0.0196,0.0321,0.0745,-0.0000,0.9998,-0.0120,-0.0719,0.0468,-0.0000,0.0000,1.0000,0.0342,9373.5766,34.0771,482.2567,0.6875,0.0756,-90.0000,0.4944,0.4848,0.0061,-0.0441
50.1835,STABLE,ASCEND,0.0033,0.0011,0.0246,0.0241,0.5904,0.4096,0.0197,0.0103,0.0299,0.1789,84.0000,0.0015,87.1798,40.1789,0.0197,0.0964,0.0964,0.0723,0.0723,0.1807,0.1325,0.1325,0.2169,198.2042,125.7666,0.0061,0.0874,0.0697,4.7007,-0.0000,-0.0000,0.0421,0.0124,0.4811,2.7554,0.0129,0.0097,0.0390,0.0170,0.0299,0.0303,0.0179,0.0216,0.0153,0.0007,1.0000,-0.0033,-0.0054,0.0206,0.0680,0.0001,0.9999,-0.0035,0.0022,0.0019,-0.0000,0.0000,1.0000,0.0343,9372.7220,34.0649,482.2361,0.6875,0.0762,-90.0000,0.4944,0.4848,0.0000,-0.0240
50.2502,STABLE,ASCEND,0.0014,-0.0000,0.0277,0.0423,0.5000,0.5000,0.0252,0.0118,0.0422,0.2997,85.0000,0.0015,86.6082,41.4678,0.0252,0.1429,0.1071,0.0714,0.0714,0.1667,0.1310,0.2024,0.1071,202.3709,125.7566,0.0057,0.0988,0.0775,5.2353,-0.0000,-0.0000,0.0450,0.0119,0.4828,2.8703,0.0153,0.0160,0.0479,0.0158,0.0303,0.0285,0.0260,0.0174,0.0173,-0.0004,1.0000,0.0007,-0.0035,0.0260,0.0746,-0.0001,1.0002,0.0037,0.0234,-0.0260,0.0000,0.0000,1.0000,0.0348,9374.3150,34.0780,482.1212,0.6873,0.0757,-90.0000,0.4944,0.4848,0.0029,0.0514
50.3169,STABLE,ASCEND,0.0016,0.0000,0.0277,0.0503,0.5059,0.4941,0.0204,0.0090,0.0288,0.1250,85.0000,0.0015,86.0766,43.3290,0.0204,0.0941,0.1529,0.1412,0.0941,0.1294,0.0941,0.1647,0.1294,207.4010,124.1560,0.0053,0.1059,0.0557,1.8258,0.0000,0.0000,0.0167,0.0127,0.4902,0.8923,0.0199,0.0229,0.0350,0.0149,0.0195,0.0527,0.0224,0.0136,0.0157,0.0003,1.0000,-0.0015,-0.0043,0.0219,0.0922,0.0000,0.9998,-0.0001,0.0363,0.0115,0.0000,-0.0000,1.0000,0.0342,9372.6334,34.0621,481.5565,0.6869,0.0759,-90.0000,0.4944,0.4848,0.0069,0.1320
50.3837,STABLE,ASCEND,0.0040,0.0005,0.0317,0.0506,0.5647,0.4353,0.0268,0.0094,0.0554,0.3930,86.0000,0.0015,86.2867,42.2286,0.0268,0.1529,0.0941,0.0706,0.0941,0.0824,0.0588,0.1882,0.2588,204.7410,124.1133,0.0081,0.1326,0.0885,5.2168,0.0000,0.0000,0.0472,0.0158,0.5044,2.9087,0.0142,0.0194,0.0651,0.0406,0.0331,0.0443,0.0239,0.0164,0.0185,-0.0013,1.0001,0.0049,-0.0142,0.0295,0.1087,-0.0001,1.0008,0.0112,-0.0085,-0.1136,0.0000,0.0000,1.0000,0.0346,9373.8242,34.0771,482.8336,0.6865,0.0760,-90.0000,0.4944,0.4848,0.0206,0.3020
50.4504,STABLE,ASCEND,-0.0013,0.0001,0.0255,0.0275,0.5465,0.4535,0.0223,0.0069,0.0323,0.1863,86.0000,0.0015,85.8749,42.0731,0.0223,0.0814,0.1395,0.1512,0.1279,0.1628,0.1163,0.1047,0.1163,204.5743,122.3723,0.0057,0.0966,0.0722,4.7065,-0.0001,0.0000,0.0428,0.0120,0.4936,2.7589,0.0158,0.0100,0.0349,0.0160,0.0177,0.0380,0.0216,0.0233,0.0285,-0.0022,1.0000,0.0041,-0.0094,0.0240,0.0890,0.0000,1.0001,0.0046,-0.0175,-0.0072,0.0000,0.0000,1.0000,0.0338,9376.1045,34.0565,481.8330,0.6864,0.0758,-90.0000,0.4944,0.4848,0.0472,0.2492
50.5171,STABLE,ASCEND,0.0021,-0.0008,0.0430,0.0271,0.3837,0.6163,0.0211,0.0103,0.0426,0.3720,86.0000,0.0015,86.3033,41.3633,0.0211,0.0930,0.1744,0.1163,0.1395,0.1163,0.0930,0.1512,0.1163,203.1369,125.1616,0.0058,0.1087,0.0765,4.5530,0.0000,-0.0000,0.0416,0.0131,0.4828,2.7229,0.0223,0.0248,0.0400,0.0172,0.0265,0.0334,0.0230,0.0142,0.0216,-0.0017,1.0000,0.0016,-0.0111,0.0222,0.0525,-0.0000,1.0003,0.0093,-0.0018,-0.0490,0.0000,-0.0000,1.0000,0.0338,9377.4682,34.0584,482.6892,0.6879,0.0756,-90.0000,0.4944,0.4848,0.0538,-0.0770
50.5839,STABLE,ASCEND,0.0036,0.0001,0.0310,0.0309,0.5349,0.4535,0.0206,0.0109,0.0385,0.2879,86.0000,0.0015,85.9078,42.2947,0.0206,0.0930,0.1279,0.1047,0.1395,0.1279,0.1395,0.1512,0.1163,205.2357,123.3169,0.0076,0.1093,0.0959,4.9156,-0.0000,0.0000,0.0478,0.0136,0.4920,3.0487,0.0243,0.0165,0.0782,0.0301,0.0247,0.0337,0.0231,0.0110,0.0202,0.0004,1.0000,-0.0108,-0.0083,0.0219,0.0665,-0.0000,1.0007,0.0019,-0.0681,-0.0797,-0.0000,0.0000,1.0000,0.0339,9376.6306,34.0543,481.8979,0.6872,0.0757,-90.0000,0.4944,0.4848,0.0369,-0.2403
50.6506,STABLE,ASCEND,0.0052,0.0015,0.0213,0.0413,0.5930,0.4070,0.0196,0.0098,0.0244,0.1235,86.0000,0.0015,85.4602,43.9706,0.0196,0.1163,0.1163,0.2209,0.0814,0.1279,0.0930,0.1395,0.1047,208.9758,121.6676,0.0041,0.0933,0.0391,1.9323,0.0000,0.0000,0.0135,0.0110,0.4973,0.9450,0.0052,0.0142,0.0319,0.0261,0.0124,0.0408,0.0119,0.0086,0.0172,-0.0018,1.0000,-0.0029,-0.0141,0.0208,0.0686,0.0001,1.0002,0.0057,0.0019,-0.0440,0.0000,0.0000,1.0000,0.0336,9379.1223,34.0346,482.8689,0.6871,0.0756,-90.0000,0.4944,0.4848,0.0217,-0.2138
50.7173,STABLE,ASCEND,0.0022,-0.0001,0.0373,0.0684,0.4884,0.5116,0.0376,0.0156,0.0580,0.3666,86.0000,0.0015,85.5038,44.3625,0.0376,0.0930,0.1744,0.1744,0.1279,0.1512,0.1279,0.0930,0.0581,210.0016,122.9244,0.0125,0.1210,0.0670,2.6062,0.0000,-0.0000,0.0212,0.0169,0.4871,1.1617,0.0286,0.0280,0.0302,0.0615,0.0339,0.0383,0.0199,0.0198,0.0291,-0.0042,1.0000,-0.0009,-0.0256,0.0407,0.1586,-0.0002,1.0005,0.0064,-0.0387,-0.0968,0.0000,0.0000,1.0000,0.0336,9378.8941,34.0910,482.1826,0.6878,0.0754,-90.0000,0.4944,0.4848,0.0084,-0.2110
50.7841,STABLE,ASCEND,0.0003,0.0012,0.0236,0.0391,0.5465,0.4535,0.0232,0.0083,0.0382,0.2218,86.0000,0.0015,85.4047,45.1330,0.0232,0.1395,0.1395,0.0814,0.1279,0.0930,0.1744,0.1512,0.0930,211.6896,122.9816,0.0055,0.0810,0.0797,5.8949,-0.0000,-0.0000,0.0460,0.0112,0.4757,2.7676,0.0190,0.0149,0.0284,0.0213,0.0219,0.0351,0.0141,0.0137,0.0158,-0.0033,1.0000,0.0029,-0.0114,0.0251,0.0922,-0.0000,1.0003,0.0077,-0.0380,-0.0531,0.0000,0.0000,1.0000,0.0338,9381.2748,34.0922,482.7759,0.6878,0.0753,-90.0000,0.4944,0.4848,-0.0064,-0.1377
50.8508,STABLE,ASCEND,0.0036,0.0002,0.0290,0.0518,0.5233,0.4767,0.0264,0.0113,0.0373,0.1747,87.0000,0.0015,85.2665,46.3357,0.0264,0.1395,0.0581,0.0814,0.1860,0.1395,0.1279,0.1860,0.0814,214.2208,122.8765,0.0045,0.0932,0.0816,5.9073,0.0000,-0.0000,0.0462,0.0129,0.4871,2.7717,0.0195,0.0062,0.0293,0.0121,0.0207,0.0357,0.0230,0.0184,0.0322,0.0034,1.0000,-0.0123,0.0024,0.0283,0.0910,0.0000,1.0001,-0.0031,-0.0084,-0.0297,-0.0000,0.0000,1.0000,0.0344,9383.0700,34.0998,482.0847,0.6875,0.0755,-90.0000,0.4944,0.4848,-0.0100,-0.0625
50.9175,STABLE,ASCEND,-0.0142,-0.0005,0.0563,0.0281,0.4368,0.5632,0.0423,0.0136,0.0599,0.2460,87.0000,0.0015,85.7551,47.0073,0.0423,0.0575,0.1379,0.1494,0.0805,0.1264,0.1954,0.1264,0.1264,214.4936,118.6408,0.0069,0.1206,0.0555,1.6085,-0.0000,-0.0000,0.0176,0.0153,0.4806,0.7843,0.0119,0.0167,0.0619,0.0182,0.0371,0.0302,0.0238,0.0179,0.0287,-0.0015,0.9998,0.0389,0.0169,0.0471,0.1670,0.0009,0.9996,-0.0009,0.0400,0.0422,-0.0000,-0.0000,1.0000,0.0342,9382.4050,34.0902,481.4090,0.6881,0.0754,-90.0000,0.4944,0.4848,-0.0147,-0.0566
50.9843,STABLE,ASCEND,-0.0010,0.0000,0.0268,0.0415,0.5057,0.4943,0.0225,0.0119,0.0271,0.1483,87.0000,0.0015,85.6740,47.6894,0.0225,0.1034,0.1149,0.0920,0.1379,0.1379,0.1839,0.1379,0.0920,215.7240,116.6991,0.0058,0.0987,0.0822,5.9166,-0.0000,0.0000,0.0463,0.0124,0.5003,2.9149,0.0213,0.0089,0.0522,0.0084,0.0297,0.0306,0.0185,0.0119,0.0314,0.0014,1.0000,0.0036,0.0062,0.0231,0.0767,0.0001,0.9997,-0.0036,0.0387,0.0196,-0.0000,-0.0000,1.0000,0.0338,9381.5806,34.0818,480.6226,0.6880,0.0757,-90.0000,0.4944,0.4848,-0.0176,-0.0887
51.0510,STABLE,ASCEND,-0.0006,-0.0005,0.0351,0.0519,0.4713,0.5287,0.0326,0.0190,0.0408,0.2361,88.0000,0.0015,86.0330,44.5226,0.0326,0.0805,0.1264,0.2414,0.0690,0.1149,0.0690,0.1494,0.1494,209.3264,119.5996,0.0128,0.1288,0.0635,1.6801,0.0000,0.0000,0.0202,0.0167,0.5191,0.8188,0.0400,0.0253,0.0344,0.0306,0.0477,0.0344,0.0353,0.0177,0.0309,-0.0087,1.0000,0.0131,-0.0310,0.0339,0.1053,-0.0002,1.0003,0.0163,0.0244,-0.0570,0.0000,-0.0000,1.0000,0.0340,9385.8266,34.0850,481.6404,0.6880,0.0752,-90.0000,0.4944,0.4848,-0.0266,-0.1090
51.1177,STABLE,ASCEND,-0.0036,-0.0002,0.0368,0.0360,0.4886,0.5114,0.0241,0.0113,0.0407,0.2641,88.0000,0.0015,86.3737,43.5193,0.0241,0.1591,0.0795,0.1364,0.0682,0.0795,0.1250,0.1818,0.1705,208.0571,122.6907,0.0057,0.0955,0.0799,5.9633,0.0000,-0.0000,0.0445,0.0138,0.4792,2.3684,0.0100,0.0151,0.0454,0.0172,0.0199,0.0457,0.0196,0.0126,0.0208,-0.0013,0.9999,0.0197,0.0004,0.0260,0.0904,0.0001,1.0001,-0.0003,-0.0146,-0.0127,-0.0000,0.0000,1.0000,0.0339,9386.1089,34.0715,480.7981,0.6885,0.0754,-90.0000,0.4944,0.4848,-0.0321,-0.1386
51.1845,STABLE,ASCEND,0.0013,0.0002,0.0473,0.0722,0.5227,0.4773,0.0461,0.0228,0.0898,0.6681,88.0000,0.0015,86.2661,43.4456,0.0461,0.0568,0.1364,0.1250,0.1477,0.1023,0.1477,0.1591,0.1250,207.6127,120.6866,0.0107,0.1802,0.0953,5.9434,0.0000,0.0000,0.0472,0.0205,0.5027,2.9125,0.0186,0.0301,0.0730,0.0204,0.0365,0.0451,0.0535,0.0338,0.0438,-0.0080,1.0000,0.0131,-0.0471,0.0519,0.1667,-0.0000,1.0004,0.0194,0.0943,-0.1399,0.0000,-0.0000,1.0000,0.0335,9390.1920,34.1032,480.4980,0.6877,0.0749,-90.0000,0.4944,0.4848,-0.0451,-0.1208
51.2512,STABLE,ASCEND,0.0026,0.0001,0.0354,0.0473,0.5227,0.4773,0.0255,0.0101,0.0428,0.3048,88.0000,0.0015,86.1930,44.1758,0.0255,0.0682,0.1023,0.1023,0.1364,0.1932,0.1477,0.1591,0.0909,209.3833,121.5063,0.0040,0.1146,0.0678,2.9412,0.0000,-0.0000,0.0230,0.0143,0.4828,0.9536,0.0188,0.0188,0.0275,0.0160,0.0371,0.0308,0.0256,0.0241,0.0206,0.0012,1.0000,-0.0062,0.0007,0.0269,0.1057,0.0004,1.0007,0.0002,-0.1668,-0.0623,-0.0000,0.0000,1.0000,0.0336,9389.6292,34.0865,480.0853,0.6880,0.0750,-90.0000,0.4944,0.4848,-0.0482,-0.0011
51.3179,STABLE,ASCEND,-0.0044,-0.0001,0.0426,0.0416,0.4659,0.5341,0.0360,0.0218,0.0433,0.2463,88.0000,0.0015,86.1959,44.4101,0.0360,0.1136,0.1250,0.1023,0.1477,0.1023,0.1250,0.1364,0.1477,209.9960,122.1610,0.0097,0.1337,0.0552,1.9558,0.0000,0.0000,0.0177,0.0165,0.5049,0.9561,0.0087,0.0198,0.0264,0.0256,0.0520,0.0454,0.0358,0.0307,0.0330,-0.0000,0.9999,0.0152,0.0034,0.0375,0.1151,-0.0000,0.9998,0.0037,0.1090,-0.0380,0.0000,-0.0000,1.0000,0.0329,9392.2213,34.0904,479.5707,0.6879,0.0747,-90.0000,0.4944,0.4848,-0.0452,0.0661
51.3847,STABLE,ASCEND,-0.0013,-0.0026,0.0357,0.0504,0.3636,0.6364,0.0337,0.0156,0.0511,0.3288,88.0000,0.0015,86.5455,43.1532,0.0337,0.0795,0.0909,0.1250,0.1705,0.1364,0.1591,0.1023,0.1364,207.4194,124.0771,0.0080,0.1333,0.0869,5.9570,-0.0000,-0.0000,0.0469,0.0173,0.4868,2.9115,0.0237,0.0162,0.0493,0.0234,0.0337,0.0447,0.0281,0.0313,0.0266,-0.0068,1.0000,0.0129,-0.0245,0.0345,0.1348,-0.0000,1.0000,0.0093,0.0043,-0.0775,-0.0000,-0.0000,1.0000,0.0332,9391.7085,34.0685,479.0051,0.6873,0.0746,-90.0000,0.4944,0.4848,-0.0394,1.2346
51.4514,STABLE,ASCEND,-0.0103,-0.0000,0.0675,0.0528,0.4886,0.5114,0.0352,0.0100,0.0841,0.5510,88.0000,0.0015,86.7111,41.9283,0.0352,0.1818,0.0795,0.1136,0.1250,0.1477,0.0909,0.1250,0.1364,204.3999,123.2327,0.0051,0.0925,0.0594,1.4831,-0.0000,0.0000,0.0169,0.0121,0.4925,0.7255,0.0205,0.0066,0.0154,0.0157,0.0242,0.0295,0.0490,0.0176,0.0359,-0.0056,0.9999,0.0435,-0.0070,0.0410,0.1114,0.0002,1.0001,0.0100,0.0610,-0.0604,0.0000,0.0000,1.0000,0.0335,9392.1000,34.0386,478.9646,0.6872,0.0742,-90.0000,0.4944,0.4848,0.1195,3.4725
51.5181,STABLE,ASCEND,-0.0070,-0.0001,0.0575,0.0788,0.4886,0.5114,0.0518,0.0283,0.0672,0.4467,88.0000,0.0015,86.2069,43.8318,0.0518,0.0568,0.1818,0.2045,0.1591,0.0682,0.0682,0.0909,0.1705,208.6371,121.2792,0.0107,0.1547,0.0684,1.9210,0.0001,0.0000,0.0208,0.0211,0.5125,0.9408,0.0238,0.0120,0.0383,0.0252,0.0302,0.0498,0.0570,0.0383,0.0526,-0.0091,0.9999,0.0426,-0.0193,0.0546,0.1693,0.0001,0.9999,0.0141,0.0629,-0.0738,-0.0000,-0.0000,1.0000,0.0330,9390.1652,34.0701,478.1705,0.6870,0.0749,-90.0000,0.4944,0.4848,0.4241,-1.2978
51.5849,STABLE,ASCEND,-0.0092,-0.0016,0.0584,0.0488,0.3864,0.6136,0.0432,0.0182,0.0746,0.4785,88.0000,0.0015,85.9270,45.2608,0.0432,0.1023,0.0568,0.1705,0.0682,0.1250,0.1705,0.1818,0.1250,211.6017,119.8998,0.0077,0.1115,0.0878,5.9582,0.0000,0.0000,0.0473,0.0150,0.5080,2.9119,0.0236,0.0156,0.0365,0.0104,0.0195,0.0479,0.0313,0.0273,0.0472,-0.0005,0.9999,0.0146,0.0007,0.0447,0.1437,-0.0002,1.0003,0.0067,0.0054,-0.0767,0.0000,0.0000,1.0000,0.0328,9395.7002,34.0876,478.5350,0.6871,0.0743,-90.0000,0.4944,0.4848,-0.0537,-9.4810
51.6516,STABLE,ASCEND,0.0004,0.0000,0.0668,0.0806,0.5116,0.4884,0.0491,0.0196,0.0931,0.6138,89.0000,0.0015,86.1488,45.5621,0.0491,0.0698,0.1047,0.1860,0.0814,0.0581,0.1860,0.1395,0.1744,211.1145,119.1087,0.0090,0.1445,0.0926,5.9468,0.0000,-0.0000,0.0471,0.0187,0.4800,2.9115,0.0261,0.0207,0.0471,0.0133,0.0272,0.0532,0.0369,0.0364,0.0579,-0.0052,1.0000,0.0152,-0.0349,0.0565,0.1224,0.0000,0.9998,0.0037,0.0429,-0.0593,-0.0000,-0.0000,1.0000,0.0332,9399.6106,34.0215,477.9013,0.6873,0.0748,-90.0000,0.4944,0.4848,-0.8413,-13.1792
51.7183,STABLE,ASCEND,-0.0041,-0.0003,0.0697,0.0747,0.4432,0.5568,0.0434,0.0184,0.0719,0.3630,90.0000,0.0016,86.3853,45.1774,0.0434,0.0795,0.0568,0.1136,0.1136,0.1477,0.1591,0.1364,0.1932,210.7032,119.0506,0.0057,0.1397,1.3674,22.6103,0.0054,0.0000,0.1425,0.0194,0.4989,4.0903,0.0025,0.0091,1.2325,0.0249,0.0261,0.0352,0.0226,0.0270,0.0499,-0.0005,0.9999,0.0234,-0.0110,0.0498,0.1597,0.0002,1.0000,0.0029,0.0644,-0.0779,-0.0000,0.0000,1.0000,0.0343,9429.5987,35.4876,538.2721,0.6856,0.0739,-90.0000,0.4944,0.4848,-1.8126,-2.8679
51.7851,STABLE,ASCEND,-0.0093,-0.0002,0.0870,0.0596,0.4643,0.5357,0.0486,0.0155,0.1074,0.8423,91.0000,0.0016,86.2027,44.9816,0.0486,0.0595,0.1071,0.1667,0.1310,0.1071,0.0833,0.1786,0.1667,209.0824,120.4743,0.0049,1.1068,2.3577,32.1661,-0.0009,-0.0000,0.3642,0.0360,0.4779,8.1514,0.0060,0.0065,3.7479,0.0107,0.0121,0.0349,0.0370,0.0505,0.0561,-0.0100,0.9999,0.0448,-0.0303,0.0562,0.1867,0.0001,1.0008,0.0172,-0.0562,-0.1223,0.0000,0.0000,1.0000,0.0348,9650.2769,36.4456,557.9119,0.6749,0.0757,-90.0000,0.4944,0.4848,-1.2241,6.2542
51.8518,STABLE,ASCEND,-0.0069,0.0003,0.1076,0.0536,0.5556,0.4444,0.0571,0.0211,0.1265,0.9685,87.0000,0.0015,87.1293,50.3615,0.0571,0.0972,0.1111,0.1250,0.1667,0.1111,0.1389,0.1528,0.0972,213.0804,119.4531,0.0044,2.3586,1.4821,19.4024,0.0022,-0.0000,0.2528,0.0537,0.4801,6.3736,0.0295,0.0066,2.6001,0.0068,0.0104,0.4088,0.0235,0.0324,0.0629,-0.0043,0.9999,0.0285,-0.0212,0.0671,0.1886,0.0006,1.0003,0.0137,-0.0552,-0.0863,0.0000,0.0000,1.0000,0.0352,10159.7603,35.1638,484.6645,0.6506,0.0799,-90.0000,0.4500,0.4412,-0.9779,3.1356
51.9185,STABLE,ASCEND,-0.1810,0.0000,1.4861,0.0178,0.4783,0.4638,0.2307,0.0058,1.5487,12.9602,86.0000,0.0015,87.0737,48.8453,0.2307,0.1449,0.1449,0.0725,0.0580,0.2029,0.1594,0.1014,0.1159,208.1579,117.1775,0.0023,13.8677,4.6720,32.3781,0.0061,0.0000,0.4074,0.2017,0.5203,5.7779,0.0324,0.2497,11.5101,0.0019,0.0163,1.1236,0.0127,0.0177,0.0194,0.0073,1.0000,-0.0234,0.0032,0.2395,0.4118,-0.0045,0.9997,-0.0095,0.0755,0.0020,-0.0000,-0.0000,0.9855,0.0382,10451.3221,35.8510,497.7707,0.5987,0.0878,-90.0000,0.4500,0.4412,-0.8056,9.3171
51.9853,STABLE,ASCEND,-0.4504,0.0001,2.0501,0.0153,0.5455,0.4242,0.5006,0.0044,2.2458,12.8943,87.0000,0.0015,88.4105,48.1405,0.5006,0.1667,0.1212,0.0758,0.1667,0.1364,0.0909,0.1818,0.0606,207.0182,123.6392,0.0041,8.5421,2.6241,18.9946,0.0124,0.0000,0.3070,0.1196,0.5186,6.1931,0.0036,0.9595,5.6905,0.0043,0.0164,0.6501,0.0156,0.0151,0.0195,0.0009,1.0000,0.0082,0.0076,0.5023,0.1483,-0.0121,0.9996,0.0021,0.0263,0.0606,0.0000,-0.0000,0.9545,0.0339,10685.4401,33.2333,417.3960,0.5888,0.0831,-90.0000,0.4500,0.4412,0.2656,14.9085
52.0520,STABLE,ASCEND,-0.0565,0.0010,0.4131,0.0867,0.5352,0.4648,0.1332,0.0460,0.4743,4.0100,90.0000,0.0016,86.1471,42.7173,0.1332,0.1831,0.1268,0.1831,0.0704,0.1268,0.0986,0.0563,0.1549,197.4086,121.8721,0.0291,3.4719,1.4897,17.5769,0.0018,0.0000,0.2015,0.1012,0.4940,2.9993,0.0219,0.4525,2.7909,0.0315,0.0695,0.5577,0.0521,0.0570,0.0521,0.0016,0.9999,0.0103,0.0222,0.1332,0.2662,-0.0014,0.9907,-0.0255,0.4946,0.9980,-0.0000,-0.0000,1.0000,0.0361,10595.7366,34.7326,453.5327,0.6187,0.0829,-90.0000,0.4500,0.4412,1.1842,12.5779
52.1187,STABLE,ASCEND,0.2707,-0.0000,1.2004,1.8077,0.5000,0.5000,0.3770,0.0094,1.3802,7.1661,87.0000,0.0015,86.7422,41.6801,0.3770,0.1111,0.1250,0.1250,0.1806,0.1111,0.1111,0.1250,0.1111,194.8581,124.7736,0.0112,3.4820,2.3039,34.4392,0.0046,0.0000,0.3569,0.1560,0.5076,6.4100,0.0175,1.7567,2.5634,0.0186,0.0332,0.5490,0.0156,0.0144,0.0169,0.0041,0.9998,0.0016,0.0438,0.3910,2.9213,0.0055,1.0109,-0.1193,-0.9272,-1.3564,-0.0000,0.0001,0.9722,0.0365,10479.7507,36.1449,506.9072,0.5927,0.0945,-90.0000,0.4500,0.4412,1.9443,11.7730
52.1855,ASCEND,ASCEND,0.7702,0.0002,2.6469,7.7496,0.5316,0.4684,0.8890,0.0071,2.8737,13.6127,87.0000,0.0015,88.7547,41.0044,0.8890,0.0886,0.1519,0.1139,0.1266,0.1266,0.1519,0.0886,0.1519,195.9757,124.4993,0.0085,4.6427,2.5301,24.9606,0.0022,0.0000,0.3022,0.1280,0.5075,4.6606,0.0092,1.9897,3.9869,0.0185,0.0314,0.4320,0.0183,0.0100,0.0244,-0.0028,1.0004,-0.0446,-0.0857,0.9135,8.8356,0.0121,1.0043,0.0189,-0.1642,-0.5529,0.0000,0.0000,0.9241,0.0369,10555.1271,37.0501,556.9619,0.5913,0.0909,-90.0000,0.4500,0.4412,2.7555,10.3334
52.2522,ASCEND,ASCEND,0.0012,0.0010,1.3809,0.3777,0.5417,0.4583,0.5607,0.0091,2.7910,22.1161,88.0000,0.0015,86.8554,41.4863,0.5607,0.1389,0.1528,0.1806,0.0833,0.1944,0.0833,0.0972,0.0694,194.1874,122.1679,0.0071,4.8746,1.6567,12.9856,-0.0025,0.0000,0.2485,0.0948,0.5023,4.1531,0.0116,0.8043,3.4782,0.0072,0.0313,0.5943,0.0357,0.0446,0.0181,0.0064,1.0001,-0.0488,0.0219,0.5720,2.0358,0.0010,1.0221,-0.0458,-1.9110,-2.7614,-0.0000,0.0001,0.9722,0.0373,10567.0653,38.9411,666.4097,0.6220,0.0886,-90.0000,0.4500,0.4412,3.3235,8.2712
52.3189,ASCEND,ASCEND,0.2759,0.0001,1.4778,0.2959,0.5147,0.4853,0.4054,0.0144,2.2460,17.9428,86.0000,0.0015,86.6880,41.8467,0.4054,0.2059,0.1471,0.1618,0.1176,0.0588,0.0588,0.1176,0.1324,193.1316,122.7213,0.0100,8.0704,2.9786,22.5232,0.0024,0.0000,0.3016,0.0822,0.5009,9.3805,0.0103,1.4766,5.9302,0.0110,0.0260,0.5908,0.0240,0.0358,0.0362,-0.0082,1.0006,-0.0532,-0.1157,0.4454,0.3761,0.0044,1.0214,-0.0577,-1.8872,-2.5666,-0.0000,0.0001,0.9853,0.0366,10090.1629,38.1960,605.3896,0.6280,0.0834,-90.0000,0.4500,0.4412,3.8594,6.5280
52.3857,STABLE,ASCEND,0.5382,0.0002,2.7725,7.2176,0.5972,0.4028,0.9320,0.0154,2.8732,12.0099,88.0000,0.0015,88.5307,40.0935,0.9320,0.0556,0.1111,0.1111,0.0694,0.1111,0.1667,0.1944,0.1806,188.4849,125.9611,0.0109,5.9157,2.2546,13.6619,-0.0048,-0.0000,0.2928,0.0521,0.4873,6.7264,0.0237,1.1922,4.0746,0.0194,0.0192,0.4981,0.0243,0.0427,0.0511,0.0245,1.0006,-0.1441,-0.0295,0.9643,9.5006,0.0069,1.0079,-0.0808,-0.6546,-0.9190,-0.0000,0.0000,0.9167,0.0345,9895.7816,35.8749,522.5143,0.6400,0.0784,-90.0000,0.4500,0.4412,4.1948,0.6508
52.4524,ASCEND,ASCEND,0.0431,-0.0000,0.6395,0.1378,0.4865,0.5135,0.3312,0.0229,1.3769,9.7242,79.0000,0.0014,88.0441,41.6914,0.3312,0.0946,0.1351,0.1892,0.1892,0.1081,0.1351,0.0676,0.0811,195.4805,125.2479,0.0088,3.8576,2.3364,17.6872,-0.0044,-0.0000,0.3505,0.0377,0.4826,8.5656,0.0059,0.8218,3.7813,0.0148,0.0184,0.3165,0.0394,0.0470,0.0434,0.0071,1.0000,-0.0279,0.0524,0.3431,0.5313,0.0010,1.0114,-0.0265,-0.7300,-0.6850,-0.0000,0.0001,0.9730,0.0342,9701.7016,34.0112,448.7760,0.6787,0.0752,-90.0000,0.4500,0.4412,3.9463,-10.6199
52.5191,STABLE,ASCEND,0.0747,0.0007,0.3209,0.5879,0.5949,0.4051,0.1387,0.0195,0.3644,2.5123,91.0000,0.0016,89.1413,40.9763,0.1387,0.1646,0.0759,0.1899,0.1519,0.0633,0.1266,0.0886,0.1392,195.7878,125.9249,0.0108,0.3561,0.3164,5.1052,-0.0001,-0.0000,0.0672,0.0231,0.4873,1.4571,0.0450,0.0137,0.4091,0.0219,0.0203,0.1823,0.0363,0.0305,0.0417,0.0195,1.0010,-0.1966,-0.1075,0.1985,0.7571,-0.0012,1.0063,-0.0493,-0.6740,-0.6078,-0.0000,0.0000,1.0000,0.0328,9676.8123,33.9832,442.1346,0.6809,0.0749,-90.0000,0.4500,0.4412,2.7774,-17.7581
52.5859,STABLE,ASCEND,0.1241,0.0011,0.9573,0.1925,0.5595,0.4405,0.1767,0.0339,1.0023,9.2468,93.0000,0.0016,88.6358,40.2829,0.1767,0.1071,0.1905,0.1310,0.1310,0.0714,0.1548,0.0595,0.1548,196.6051,122.1101,0.0103,0.4541,1.3019,11.2215,-0.0010,0.0000,0.1640,0.0270,0.4928,3.5225,0.0095,0.0167,1.9006,0.0340,0.0195,0.3691,0.0424,0.0211,0.0501,0.0088,1.0002,-0.0619,0.0022,0.1826,0.2664,0.0017,1.0007,-0.0220,-0.1783,0.0128,-0.0000,0.0000,0.9881,0.0341,9542.4293,34.1460,449.3267,0.6562,0.0757,-90.0000,0.4500,0.4412,1.5762,-15.9229
52.6526,STABLE,ASCEND,0.0270,-0.0001,0.3654,0.1591,0.4719,0.5281,0.1612,0.0345,0.4966,4.0991,90.0000,0.0016,88.1203,40.4220,0.1612,0.1685,0.1461,0.1236,0.1011,0.1011,0.1461,0.1236,0.0899,199.3945,120.4817,0.0107,0.3602,1.4432,20.8514,-0.0026,-0.0000,0.2108,0.0272,0.4758,7.8336,0.0164,0.0206,1.7637,0.0322,0.0213,0.3113,0.0349,0.0252,0.0552,-0.0220,0.9999,0.0727,-0.0121,0.1838,0.7434,0.0011,1.0017,0.0359,-0.2769,-0.0244,0.0000,0.0000,1.0000,0.0332,9425.5208,34.1602,477.6705,0.6883,0.0750,-90.0000,0.4944,0.4848,0.6522,2.2221
52.7193,STABLE,ASCEND,0.0928,0.0008,0.5542,0.2339,0.6333,0.3667,0.1365,0.0146,0.6004,5.4963,92.0000,0.0016,88.3192,42.5127,0.1365,0.1333,0.1111,0.1111,0.1333,0.1222,0.1667,0.1000,0.1222,204.3279,119.4800,0.0058,0.1924,0.1974,3.7717,0.0001,0.0000,0.0504,0.0175,0.5015,1.9999,0.0208,0.0078,0.1628,0.0201,0.0366,0.1782,0.0225,0.0135,0.0198,0.0046,1.0004,-0.0707,-0.0502,0.1566,0.3206,0.0010,1.0019,-0.0295,-0.2611,-0.1501,-0.0000,0.0000,0.9889,0.0333,9417.7324,34.0260,470.8386,0.6873,0.0749,-90.0000,0.4944,0.4848,1.8727,-0.0815
52.7861,STABLE,ASCEND,0.0041,0.0005,0.0421,0.0605,0.5506,0.4494,0.0303,0.0160,0.0421,0.2548,92.0000,0.0016,88.4013,43.0693,0.0303,0.1124,0.1798,0.1798,0.0787,0.1685,0.0449,0.1124,0.1236,205.1015,120.0605,0.0066,0.1533,0.2867,4.0364,0.0000,0.0000,0.0529,0.0177,0.5004,1.5033,0.0060,0.0158,0.1497,0.0193,0.0362,0.2218,0.0296,0.0234,0.0262,-0.0059,1.0000,0.0051,-0.0165,0.0324,0.0963,0.0001,1.0003,0.0043,-0.0373,-0.0179,-0.0000,0.0000,1.0000,0.0333,9418.1259,34.0484,472.7265,0.6872,0.0755,-90.0000,0.5000,0.4794,0.6413,-17.1289
52.8528,STABLE,ASCEND,-0.0023,-0.0001,0.0385,0.0497,0.4607,0.5393,0.0371,0.0120,0.0735,0.4215,91.0000,0.0016,87.8486,43.4716,0.0371,0.1348,0.1348,0.1573,0.1573,0.0899,0.1124,0.0899,0.1236,206.1703,117.6323,0.0068,0.1404,0.3588,7.6335,-0.0002,0.0000,0.0745,0.0157,0.5050,3.2166,0.0054,0.0229,0.3252,0.0104,0.0335,0.1517,0.0174,0.0140,0.0308,-0.0053,1.0000,0.0068,-0.0065,0.0411,0.1891,-0.0000,1.0008,0.0084,-0.1052,-0.0867,0.0000,0.0000,1.0000,0.0338,9416.2599,34.1896,474.9390,0.6875,0.0755,-90.0000,0.4944,0.4848,-0.4134,-11.6194
52.9195,STABLE,ASCEND,0.0028,-0.0000,0.0423,0.0351,0.4778,0.5222,0.0293,0.0099,0.0607,0.4339,94.0000,0.0016,88.0070,42.0845,0.0293,0.1667,0.0667,0.1667,0.1556,0.1556,0.1333,0.1000,0.0556,203.2424,116.1004,0.0041,0.1188,0.6735,10.8788,0.0006,0.0000,0.1544,0.0137,0.4980,5.0851,0.0074,0.0181,0.7614,0.0245,0.0261,0.0299,0.0148,0.0199,0.0198,0.0011,1.0000,-0.0152,0.0042,0.0317,0.1216,-0.0001,0.9997,-0.0109,0.0176,0.0265,-0.0000,-0.0000,1.0000,0.0336,9455.4505,34.4827,471.5015,0.6861,0.0760,-90.0000,0.4500,0.4412,-0.9095,-10.2547
52.9863,STABLE,ASCEND,-0.0466,0.0000,0.2315,0.0346,0.5000,0.5000,0.0975,0.0089,0.3571,2.0058,95.0000,0.0016,89.5538,42.6069,0.0975,0.0745,0.1383,0.1702,0.1702,0.1702,0.0745,0.0851,0.1170,204.5487,111.8965,0.0051,0.1502,0.4736,6.8429,0.0030,0.0000,0.0791,0.0162,0.5311,3.1382,0.0249,0.0171,0.5672,0.0260,0.0227,0.0340,0.0165,0.0071,0.0167,0.0183,0.9993,0.0359,0.1525,0.1532,0.1906,0.0006,0.9973,0.0512,0.3166,0.0662,0.0000,-0.0000,1.0000,0.0337,9484.5508,34.6561,474.3001,0.6826,0.0770,-90.0000,0.4500,0.4412,-1.7821,-13.2573
53.0530,STABLE,ASCEND,0.0069,0.0000,0.0543,0.0396,0.5333,0.4444,0.0240,0.0037,0.0634,0.4996,95.0000,0.0016,88.2983,44.9154,0.0240,0.1778,0.1667,0.1111,0.1222,0.0778,0.0889,0.1667,0.0889,208.9995,110.2522,0.0025,0.1798,0.9890,13.7400,0.0035,-0.0000,0.1632,0.0169,0.4765,4.8410,0.0038,0.0207,1.3575,0.0274,0.0101,0.0397,0.0122,0.0087,0.0298,-0.0018,1.0001,-0.0064,-0.0201,0.0295,0.0898,-0.0001,1.0011,0.0112,-0.0715,-0.1310,0.0000,0.0000,1.0000,0.0354,9551.9576,35.5433,500.1479,0.6800,0.0781,-90.0000,0.4500,0.4412,-2.6789,-11.1653
53.1197,STABLE,ASCEND,0.0591,0.0000,0.4525,0.0573,0.5000,0.5000,0.1351,0.0098,0.5688,3.9083,98.0000,0.0017,88.7583,45.0398,0.1351,0.0814,0.1628,0.1163,0.1395,0.1512,0.0930,0.1628,0.0930,207.1069,110.8270,0.0073,2.3746,1.3976,13.1085,-0.0021,0.0000,0.2341,0.0289,0.4980,5.8424,0.0084,0.0162,2.8424,0.0244,0.0275,0.0779,0.0090,0.0172,0.0270,0.0073,0.9999,-0.0155,0.0036,0.1491,0.5590,0.0014,1.0002,-0.0439,0.1954,-0.3830,-0.0000,-0.0000,1.0000,0.0370,10023.7967,37.1234,529.1146,0.6543,0.0808,-90.0000,0.4500,0.4412,-3.2723,-6.7923
53.1865,DESCEND,ASCEND,-0.9240,-0.0003,3.6908,0.0266,0.3708,0.6292,1.1041,0.0081,4.1237,20.0730,98.0000,0.0017,88.4393,45.1000,1.1041,0.1573,0.0562,0.1348,0.2135,0.1124,0.1685,0.0787,0.0787,208.8963,113.0917,0.0058,5.6726,2.6894,18.4825,0.0082,-0.0000,0.2713,0.0456,0.4836,5.6830,0.0071,0.0157,5.9467,0.0159,0.0321,0.1264,0.0115,0.0108,0.0465,-0.0075,0.9997,0.0572,0.0237,1.1165,10.6674,-0.0208,0.9975,0.0051,0.3972,0.2171,0.0000,-0.0000,0.9438,0.0376,10208.7298,37.4065,525.5919,0.6183,0.0820,-90.0000,0.4500,0.4412,-3.5854,-0.9914
53.2532,DESCEND,ASCEND,-0.2979,-0.0000,1.5615,0.0528,0.4706,0.5294,0.5573,0.0112,2.6852,15.5564,95.0000,0.0016,88.2664,48.2663,0.5573,0.1529,0.0588,0.2118,0.1882,0.1176,0.0706,0.1294,0.0706,214.1924,117.0510,0.0066,6.9625,2.9954,18.5472,0.0044,0.0000,0.3289,0.0555,0.5101,6.2761,0.0078,0.2669,6.3910,0.0106,0.0758,0.3498,0.0221,0.0318,0.0791,-0.0051,0.9999,0.0174,0.0051,0.5607,0.2394,-0.0079,1.0007,0.0124,-0.0272,-0.1138,0.0000,0.0000,0.9647,0.0372,10488.8453,36.9796,529.9593,0.6058,0.0801,-90.0000,0.4500,0.4412,-3.4046,3.8939
53.3199,DESCEND,ASCEND,-0.2086,-0.0004,1.2477,0.3970,0.4270,0.5730,0.5882,0.0388,1.6513,9.2089,97.0000,0.0017,88.2900,46.9659,0.5882,0.0449,0.1011,0.2360,0.1798,0.1236,0.0674,0.1348,0.1124,214.0199,117.0467,0.0107,2.3565,1.3933,12.4120,0.0016,-0.0000,0.2119,0.0486,0.4829,6.4609,0.0415,0.6276,2.1304,0.0221,0.0871,0.1276,0.0296,0.0681,0.0822,-0.0306,0.9999,0.1088,-0.1043,0.6116,4.5532,-0.0028,1.0020,0.1305,0.3662,-0.3358,0.0000,-0.0000,0.9438,0.0362,10595.9627,36.4478,521.7081,0.5988,0.0784,-90.0000,0.4500,0.4412,-3.0657,4.3295
53.3867,DESCEND,ASCEND,-0.0924,-0.0000,0.7116,0.1254,0.4792,0.5208,0.2628,0.0122,0.8239,6.1846,97.0000,0.0017,86.5503,44.6769,0.2628,0.0521,0.1042,0.2083,0.2083,0.0729,0.1458,0.0938,0.1146,211.0524,115.5487,0.0072,0.9233,0.4108,4.0677,0.0003,0.0000,0.0772,0.0337,0.5155,1.3521,0.0042,0.1910,0.6357,0.0157,0.0578,0.0791,0.0257,0.0402,0.0421,0.0166,0.9990,0.0855,0.2125,0.3325,1.8440,0.0010,0.9941,0.0121,0.6419,0.3775,0.0000,-0.0000,0.9896,0.0362,10603.9927,36.1967,515.4252,0.6251,0.0776,-90.0000,0.4500,0.4412,-2.8267,2.4159
53.4534,STABLE,ASCEND,-0.1333,0.0001,0.7065,0.0982,0.5054,0.4946,0.2963,0.0310,0.9691,5.7450,98.0000,0.0017,86.6517,45.0088,0.2963,0.0753,0.0860,0.1935,0.2258,0.1398,0.0860,0.0968,0.0968,210.4650,115.9288,0.0095,1.0965,0.8597,9.5608,0.0018,0.0000,0.1639,0.0472,0.4985,3.9056,0.1589,0.2326,1.3143,0.0180,0.0378,0.0748,0.0269,0.0405,0.0554,-0.0038,0.9999,-0.0161,-0.0115,0.3065,1.1675,-0.0025,0.9927,0.1057,0.8196,0.1343,0.0000,-0.0001,1.0000,0.0367,10603.9577,36.2360,528.0365,0.5952,0.0785,-90.0000,0.4500,0.4412,-2.7433,-1.3548
53.5201,STABLE,ASCEND,0.0333,0.0000,0.4251,0.3804,0.5052,0.4845,0.2050,0.0080,0.5196,2.7287,99.0000,0.0017,86.8897,46.8636,0.2050,0.1031,0.1237,0.2371,0.1443,0.1443,0.1134,0.0722,0.0619,216.2573,115.5730,0.0027,0.7426,0.3713,3.3732,0.0004,0.0000,0.0622,0.0249,0.5097,1.5304,0.0007,0.2478,0.5490,0.0154,0.0088,0.0613,0.0132,0.0187,0.0328,0.0544,1.0000,-0.2175,0.1133,0.3018,1.4723,0.0015,1.0024,0.0582,-0.4640,-0.6628,0.0000,-0.0000,1.0000,0.0373,10603.6595,36.3433,532.7863,0.6231,0.0786,-90.0000,0.4500,0.4412,-3.0075,13.5811
53.5869,STABLE,ASCEND,0.1210,-0.0000,0.7674,0.4961,0.4842,0.5158,0.3042,0.0191,0.9132,4.8352,95.0000,0.0016,86.4949,45.8084,0.3042,0.1158,0.0737,0.1474,0.1474,0.1158,0.1158,0.1263,0.1579,213.0872,115.4972,0.0070,1.0630,0.7150,6.2231,0.0002,0.0000,0.1144,0.0348,0.5138,1.7646,0.0150,0.4427,1.0000,0.0193,0.0352,0.1321,0.0135,0.0332,0.0522,0.0223,1.0002,-0.1274,0.0257,0.3406,2.6085,0.0026,1.0085,0.0485,-1.2734,-1.4370,0.0000,0.0000,1.0000,0.0368,10611.5823,36.4200,533.1045,0.5992,0.0781,-90.0000,0.4500,0.4412,-0.9307,59.0225
53.6536,STABLE,ASCEND,0.0754,0.0006,0.4486,0.2958,0.5978,0.3804,0.1942,0.0178,0.5536,2.7521,93.0000,0.0016,87.1844,48.7930,0.1942,0.1087,0.0978,0.1304,0.1196,0.1739,0.1304,0.0978,0.1413,217.5741,111.5737,0.0047,1.1681,0.4711,3.6465,0.0002,0.0000,0.0767,0.0297,0.4987,1.2370,0.0082,0.2996,0.6428,0.0141,0.0368,0.1493,0.0116,0.0473,0.0481,0.0648,1.0003,-0.2982,0.0799,0.3080,1.7259,0.0019,1.0046,0.0312,-0.8422,-0.8873,0.0000,0.0000,1.0000,0.0366,10632.1831,36.4208,530.0518,0.6251,0.0773,-90.0000,0.4500,0.4412,4.8700,42.5542
53.7203,STABLE,ASCEND,0.0037,0.0001,0.1053,0.1554,0.5269,0.4731,0.0690,0.0098,0.1285,0.5775,95.0000,0.0016,87.3051,50.2631,0.0690,0.1183,0.0538,0.2258,0.1398,0.1720,0.0968,0.0968,0.0968,220.6217,107.7922,0.0075,0.3322,0.1213,3.1162,0.0002,0.0000,0.0324,0.0220,0.4934,1.3950,0.0253,0.1075,0.1503,0.0107,0.0339,0.0359,0.0213,0.0381,0.0441,0.0052,0.9999,-0.0245,0.0119,0.0824,0.3804,0.0005,1.0010,0.0247,-0.1880,-0.2229,0.0000,0.0000,1.0000,0.0365,10630.9428,36.4496,523.4453,0.6244,0.0773,-90.0000,0.4500,0.4412,4.7489,-6.9797
53.7871,STABLE,ASCEND,-0.0475,0.0004,0.3572,0.1901,0.5319,0.4681,0.3129,0.0301,0.8072,5.0653,94.0000,0.0016,86.9337,48.6440,0.3129,0.0638,0.0957,0.2340,0.2021,0.0957,0.0957,0.1064,0.1064,217.7346,107.5997,0.0077,0.8306,0.6165,5.3417,0.0007,0.0000,0.0799,0.0302,0.5135,2.9347,0.0040,0.4548,0.5525,0.0123,0.0903,0.1872,0.0260,0.0394,0.0677,0.0190,0.9996,-0.0348,0.1121,0.3427,1.5401,-0.0005,0.9939,-0.1249,-0.5721,0.7271,-0.0000,-0.0000,1.0000,0.0368,10666.9681,36.6973,535.2850,0.6217,0.0794,-90.0000,0.4500,0.4412,3.9384,-24.4233
53.8538,ASCEND,ASCEND,0.1784,-0.0000,1.0773,1.0947,0.4881,0.5000,0.6171,0.0140,2.2994,17.3326,91.0000,0.0016,88.8349,52.3010,0.6171,0.0714,0.0714,0.1548,0.2262,0.1310,0.1190,0.1667,0.0595,221.1358,109.8593,0.0026,4.5820,2.3532,31.7224,0.0031,0.0000,0.3459,0.0620,0.4957,14.1803,0.0073,2.2320,2.1459,0.0085,0.5043,0.4314,0.0207,0.0489,0.0515,0.0417,0.9993,-0.0602,0.2014,0.6819,1.8880,0.0079,0.9978,0.0245,-0.0516,-0.1432,0.0000,-0.0000,0.9524,0.0366,10725.7390,37.6528,566.8724,0.5886,0.0790,-90.0000,0.4500,0.4412,1.4892,-125.7469
53.9205,ASCEND,ASCEND,0.6677,-0.0071,3.8525,10.2683,0.4603,0.5397,3.7152,1.5949,3.9574,13.6336,80.0000,0.0014,94.8843,48.0320,3.7152,0.1270,0.1111,0.2063,0.0159,0.1587,0.1587,0.1429,0.0794,210.4232,108.6074,0.1747,8.6994,3.0902,15.2131,0.0011,0.0000,0.4375,0.4195,0.5310,4.9469,0.4903,3.0590,2.2668,0.5134,2.5798,3.9618,2.6138,0.8514,0.7594,0.0925,1.0002,-0.0505,0.2384,3.7851,10.8646,0.0107,1.0123,0.0859,-0.5888,0.2169,0.0000,0.0001,0.6508,0.0332,10681.7940,35.0441,480.2127,0.5916,0.0840,-90.0000,0.4333,0.4140,-12.8446,35.5489
53.9873,ASCEND,ASCEND,1.6217,0.3217,5.4414,10.0594,0.5946,0.4054,11.5717,4.4091,12.6519,37.0452,67.0000,0.0012,76.9281,39.2433,11.5717,0.1892,0.1351,0.2432,0.0270,0.0541,0.0541,0.1892,0.1081,210.4231,106.5495,0.3900,14.5086,5.1462,48.1084,-0.0145,-0.0000,0.8397,0.7653,0.4905,22.5956,5.8732,3.2235,4.2875,3.2191,1.4992,2.2555,5.7788,1.0093,0.7630,0.3564,1.0000,-0.9059,1.1715,11.8586,35.3051,0.0292,0.9097,-1.1644,10.4892,10.9562,-0.0001,-0.0002,0.5135,0.0322,10083.3101,34.7626,388.9701,0.6112,0.1212,-90.0000,0.4944,0.4848,6.2338,227.0406
54.0540,ASCEND,ASCEND,0.8916,0.7776,0.9899,2.4201,0.8667,0.1333,2.1877,2.3901,1.5123,4.6353,45.0000,0.0008,50.0469,26.2156,2.1877,0.0000,0.0667,0.0000,0.1333,0.0000,0.2667,0.4667,0.0667,228.1838,110.1820,1.3336,32.6487,12.5501,94.4724,-0.0219,-0.0000,1.7952,1.6109,0.4945,64.0186,10.0821,7.1696,5.4563,9.1369,17.3964,2.0338,10.3546,2.6770,1.2075,0.3178,1.0181,-5.4493,-2.2831,1.3571,2.8154,0.0496,1.1006,1.3948,-10.8442,-4.9232,0.0006,-0.0008,1.0000,0.0328,8448.8645,34.9502,365.4246,0.3730,0.4030,-45.0000,0.4556,0.6317,17.4578,151.5533
54.1207,ASCEND,ASCEND,-1.9122,-0.5453,3.0343,1.5644,0.2667,0.7333,4.7216,5.9338,3.2025,9.1307,48.0000,0.0008,37.3124,20.9528,4.7216,0.0667,0.2000,0.4667,0.0000,0.0000,0.0667,0.2000,0.0000,239.1914,120.2605,1.1823,53.7799,16.8127,83.4572,0.0272,0.0000,2.2446,1.5905,0.5051,34.8588,9.6031,1.7159,5.2445,13.0104,20.1405,4.1102,11.6960,16.6712,1.3682,-0.7041,1.0334,-8.1079,0.0389,4.1942,10.2581,-0.3896,0.8799,-2.0691,3.4581,9.4494,-0.0007,0.0012,1.0000,0.0263,8623.4322,36.5068,414.1724,0.3935,0.3838,-90.0000,0.4944,0.4848,26.4611,111.8395
54.1875,ASCEND,ASCEND,-0.0212,-0.0112,4.8207,2.1010,0.3333,0.6667,2.8975,0.7380,4.8923,26.4285,54.0000,0.0009,70.9470,52.6324,2.8975,0.0606,0.3030,0.3030,0.0303,0.0303,0.0303,0.1515,0.0909,233.0899,125.2532,0.0615,7.6566,3.4276,26.5728,-0.0034,-0.0000,0.5417,0.2429,0.4782,11.5531,0.7592,0.5894,5.7841,0.6026,0.2621,3.2626,0.5785,0.0142,0.7307,0.0410,0.9971,0.7025,1.0277,2.9196,7.6762,-0.0463,0.9294,0.1511,4.2618,13.4318,0.0000,-0.0002,0.8485,0.0256,8735.4430,36.6468,415.7367,0.4214,0.3813,-90.0000,0.4944,0.4848,32.3846,59.9700
54.2542,ASCEND,ASCEND,0.8371,0.0915,2.9184,7.0504,0.6087,0.3913,2.6017,0.9364,3.4387,17.6216,54.0000,0.0009,67.5799,44.3344,2.6017,0.0870,0.1957,0.2174,0.0435,0.0217,0.0652,0.2609,0.1087,228.0247,128.0521,0.1211,5.0946,1.8457,16.0493,-0.0004,-0.0000,0.2992,0.2295,0.4772,4.1977,0.3435,0.2238,0.5473,1.2289,0.3312,2.1417,1.5739,0.8105,0.6864,0.1220,0.9977,0.5064,0.7427,2.5913,7.5174,0.0492,0.9734,-0.9422,4.2595,3.6528,-0.0001,-0.0000,0.8043,0.0260,8591.6279,36.8511,402.3272,0.3916,0.3745,-90.0000,0.4944,0.4848,34.4651,17.6248
54.3209,ASCEND,ASCEND,2.8217,0.1640,7.3904,19.1353,0.6000,0.4000,5.4651,0.7103,7.4751,23.1755,56.0000,0.0010,70.7363,45.8336,5.4651,0.1000,0.2000,0.1333,0.0333,0.0333,0.1333,0.2667,0.1000,231.1965,124.5134,0.1695,10.5427,3.5475,20.6946,-0.0024,-0.0000,0.5455,0.3973,0.4828,7.8959,0.7400,0.7184,2.2836,2.9042,2.0133,5.1346,0.7178,2.2019,0.8743,0.1011,1.0004,-0.3397,0.7033,5.5559,20.9878,0.1240,0.9674,-0.2353,6.9778,2.8978,-0.0000,-0.0001,0.6667,0.0251,8141.0318,36.1957,368.8278,0.3644,0.3899,-90.0000,0.4944,0.4848,34.7369,-10.3673
54.3877,ASCEND,ASCEND,16.1509,0.0463,29.6567,67.9108,0.8571,0.1429,22.6561,0.1988,36.5161,95.9519,78.0000,0.0014,94.0751,62.2596,22.6561,0.0000,0.1429,0.2857,0.0000,0.2857,0.1429,0.1429,0.0000,223.5536,139.0476,0.8925,23.0882,8.8512,82.3547,-0.0002,0.0000,1.4840,1.3467,0.4985,29.1856,5.3358,1.1549,12.7858,7.1468,2.7792,4.2430,1.6299,5.7633,1.0596,0.0721,0.9940,0.9233,1.3494,22.8334,85.9150,0.2113,nan,nan,nan,nan,nan,nan,nan,0.0316,5889.3780,32.5578,251.6993,0.2224,0.3778,-90.0000,0.4944,0.4848,33.0814,-19.4044
54.4544,DESCEND,ASCEND,-2.8052,-0.1367,6.6469,3.6065,0.4500,0.5500,6.0210,0.9340,8.6780,27.0699,92.0000,0.0016,84.7795,52.5156,6.0210,0.2500,0.1500,0.2500,0.0500,0.1000,0.1000,0.0000,0.1000,211.3596,141.0882,0.3132,12.4963,6.3437,156.1761,0.0010,0.0000,1.1670,0.6515,0.5033,20.1908,7.1068,1.9987,1.2735,5.1884,0.3344,2.5337,1.8302,2.6130,1.2061,0.1006,0.9936,0.9868,1.5475,5.9454,25.4000,-0.0808,0.7582,4.4915,50.0124,26.1012,0.0004,-0.0015,0.7500,0.0272,5057.4680,30.6232,181.7632,0.1690,0.3554,-90.0000,0.4944,0.4848,32.1471,-6.8034
54.5211,DESCEND,ASCEND,-0.2651,-0.0424,3.7349,6.8624,0.4516,0.5484,4.7328,3.1800,5.1992,19.9175,117.0000,0.0020,96.3476,48.3810,4.7328,0.2903,0.0645,0.0968,0.0645,0.0968,0.1290,0.0645,0.1935,196.3915,129.7412,0.2852,8.9955,3.8654,30.8521,-0.0058,-0.0000,0.5780,0.4013,0.4821,8.0547,3.3557,2.5030,3.5238,4.6400,0.3676,3.5634,0.8975,0.5980,1.4543,-0.1037,1.0067,-1.1663,-1.7962,4.9106,16.2990,0.0079,1.0945,0.2070,0.2743,-7.2701,0.0000,0.0004,0.8065,0.0432,5591.2677,36.3588,323.9315,0.1884,0.2983,-90.0000,0.4944,0.4848,32.1734,-50.6840
54.5879,DESCEND,ASCEND,-0.5650,-0.0921,2.5989,2.6172,0.4038,0.5962,3.8366,1.8668,5.0669,23.0295,119.0000,0.0021,92.2521,43.3184,3.8366,0.1731,0.1923,0.1154,0.0577,0.0577,0.1154,0.0577,0.2308,183.3519,124.6847,0.2662,7.1380,2.4461,13.9633,-0.0076,0.0000,0.3213,0.2981,0.5000,4.7564,4.1508,1.9900,1.7314,2.8332,0.5059,1.5919,0.7638,0.2559,0.8764,-0.4006,1.0031,1.1147,-1.8973,3.8684,14.6335,-0.0083,1.0101,1.7801,4.1943,-0.5711,0.0001,-0.0001,0.8269,0.0326,5727.0295,34.4929,253.7266,0.1912,0.2706,-90.0000,0.4944,0.4848,25.3824,-154.7175
54.6546,DESCEND,ASCEND,-0.4303,-0.0772,3.1823,2.8095,0.3871,0.6129,5.0827,0.5864,9.9793,33.7666,123.0000,0.0021,95.8822,34.8837,5.0827,0.0645,0.0806,0.1774,0.0645,0.1290,0.1935,0.1935,0.0968,170.8141,118.8975,0.1854,2.7707,0.9938,7.7207,0.0034,0.0000,0.1731,0.2241,0.5017,2.8606,1.6608,1.0515,0.1096,1.5777,0.2286,0.4263,0.1196,0.2465,0.6229,-0.1430,0.9988,0.5327,-0.5456,5.1399,29.5555,-0.0053,1.0047,0.1259,-0.7770,-0.9222,-0.0000,0.0000,0.8387,0.0305,5733.4875,33.7122,229.7555,0.1965,0.2657,-90.0000,0.4944,0.4848,11.5238,-217.6240
54.7213,ASCEND,ASCEND,0.5251,0.0521,2.1957,4.1663,0.6226,0.3774,2.7127,1.5918,3.3878,20.9318,118.0000,0.0020,91.3700,37.3688,2.7127,0.2830,0.2075,0.0943,0.1698,0.0377,0.0189,0.1132,0.0755,177.6071,118.4155,0.2085,4.6789,1.6875,13.5141,-0.0015,-0.0000,0.2652,0.2870,0.4815,5.1146,2.7750,1.4973,0.7003,1.7195,0.2516,1.5626,0.4905,0.5325,0.9262,-0.2383,1.0032,0.5567,-0.9664,2.6801,6.8556,0.0051,1.0471,0.3758,-6.2440,-0.2733,0.0000,0.0003,0.9057,0.0335,5864.6538,34.0494,247.3244,0.2080,0.2648,-90.0000,0.4944,0.4848,-3.6631,-214.7244
54.7881,ASCEND,ASCEND,0.3805,0.0908,2.8252,5.0193,0.6000,0.4000,3.1981,2.0361,3.4645,16.4466,122.0000,0.0021,101.4922,33.0809,3.1981,0.1625,0.1875,0.2750,0.1250,0.0625,0.0500,0.0500,0.0875,171.3299,107.7576,0.2397,13.6643,4.5518,48.2544,0.0071,0.0000,0.5149,0.4159,0.5049,4.6538,5.7683,7.5541,0.5932,2.5587,0.2091,1.5456,0.2049,0.3938,0.6274,-0.2330,1.0004,0.7855,-0.0279,3.1529,9.1703,0.0004,1.0600,1.4236,-2.3619,-4.2359,0.0001,0.0002,0.7875,0.0360,5899.5674,35.4248,276.0943,0.2093,0.2614,-90.0000,0.4944,0.4848,-17.1348,-73.7268
54.8548,ASCEND,ASCEND,0.6486,0.1611,2.4757,5.6289,0.6351,0.3649,3.3069,1.4622,4.0790,19.7498,119.0000,0.0021,102.0160,29.3034,3.3069,0.2027,0.2568,0.1486,0.2027,0.0135,0.0676,0.0541,0.0541,161.6548,97.7513,0.2828,6.4698,2.4301,14.4516,0.0026,0.0000,0.2324,0.2705,0.5070,3.3955,4.1562,2.5536,0.6247,2.9890,0.5350,0.6948,0.1889,0.6111,0.7149,0.0048,1.0002,0.2231,0.3936,3.2736,11.0015,0.0109,1.0469,-0.4188,-10.3258,1.2236,-0.0001,0.0004,0.8514,0.0341,5845.8664,35.0137,259.5150,0.2151,0.2603,-90.0000,0.4944,0.4848,-13.5032,231.9326
54.9215,ASCEND,ASCEND,-0.6558,-0.2753,3.4810,5.0872,0.3433,0.6567,6.8672,7.1675,4.7447,17.1844,114.0000,0.0020,99.5242,28.2723,6.8672,0.1642,0.0896,0.3284,0.0149,0.0597,0.1343,0.1045,0.1045,146.4555,92.7207,0.3286,8.7630,3.1777,15.0817,-0.0017,0.0000,0.4110,0.4072,0.5068,4.6144,5.7948,2.7635,1.8473,4.5816,0.4566,1.0638,2.2878,0.4581,1.4238,-2.7788,1.0102,7.5574,-10.1348,8.8553,21.4334,-0.0297,1.0222,-3.7859,-9.5720,14.4558,-0.0004,0.0007,0.7015,0.0311,5830.0129,33.8005,252.4879,0.2159,0.2675,-90.0000,0.4944,0.4848,13.8205,290.8310
54.9883,ASCEND,ASCEND,-1.8893,-0.8991,2.6498,1.7472,0.2561,0.7439,3.9957,2.9391,3.3582,13.4769,123.0000,0.0021,97.5785,28.6914,3.9957,0.0244,0.2683,0.1585,0.0000,0.0732,0.1951,0.1585,0.1220,139.3041,104.0410,0.3202,7.3643,2.3674,10.0352,-0.0046,-0.0000,0.2291,0.2212,0.4869,4.0067,5.8004,2.6964,0.6855,2.1167,0.2326,0.6632,0.7414,0.6726,0.7753,-0.5490,1.0016,1.0827,-2.9343,4.5040,12.0260,-0.0483,0.9554,-0.4434,3.4389,5.5258,-0.0000,-0.0001,0.7927,0.0291,5803.7481,33.3451,248.4390,0.2214,0.2669,-90.0000,0.4944,0.4848,25.3131,133.5920
55.0550,ASCEND,ASCEND,1.1085,0.9032,4.3187,8.6071,0.5909,0.4091,6.1697,5.7469,5.1217,21.0552,115.0000,0.0020,103.4231,30.2537,6.1697,0.1515,0.1515,0.1667,0.1061,0.0303,0.1061,0.1667,0.1212,142.4352,91.1648,0.3503,8.5275,2.8807,11.5712,0.0011,0.0003,0.3717,0.3685,0.5377,3.1406,3.3811,2.0451,0.3991,5.7716,0.5689,0.9291,2.7927,1.2630,1.6800,-2.8016,1.0041,7.5333,-10.7231,6.1088,27.2398,0.0209,1.0253,3.7958,3.6963,-9.7446,0.0001,0.0001,0.7121,0.0249,5842.2202,32.5362,222.8243,0.2166,0.2730,-90.0000,0.4944,0.4848,31.6506,106.9386
55.1217,ASCEND,ASCEND,2.4279,1.2997,4.3906,10.5114,0.6667,0.3333,7.1328,8.9308,4.1056,14.1556,120.0000,0.0021,101.1719,32.1614,7.1328,0.1605,0.0370,0.0741,0.0123,0.0000,0.1481,0.3827,0.1852,134.5420,87.1635,0.2731,10.0273,4.0156,15.2300,-0.0037,0.0006,0.4884,0.4085,0.5484,4.9231,6.6884,4.9512,2.2316,6.1780,0.9269,1.5052,1.8334,0.8286,2.2976,-1.9801,1.0492,1.5725,-13.5822,4.2711,11.7471,-0.0465,1.0199,0.9955,3.0758,-12.3051,0.0000,-0.0001,0.6914,0.0240,5982.1569,32.9670,205.7492,0.2289,0.2500,-90.0000,0.4944,0.4848,39.5858,35.6691
55.1885,ASCEND,ASCEND,5.5465,2.8562,8.2652,18.6901,0.8571,0.1429,15.6771,9.6409,15.6424,66.3874,115.0000,0.0020,107.0201,42.4874,15.6771,0.1429,0.3214,0.2143,0.0000,0.0000,0.0357,0.0714,0.2143,141.2256,80.9418,0.9540,19.1877,6.8835,35.1258,0.0151,0.0005,0.6025,0.6552,0.5519,4.5267,8.0005,5.6529,1.6104,9.0146,3.1173,1.9461,4.4791,5.7893,6.9939,-0.3737,1.0325,0.5046,0.3606,14.9189,45.1356,0.0900,1.2972,6.1217,-22.5552,-27.7220,0.0009,0.0004,0.4643,0.0260,5780.3249,31.7245,212.4926,0.2108,0.2434,-90.0000,0.4944,0.4848,36.4112,-42.5143
55.2552,ASCEND,ASCEND,7.8655,1.8006,11.3249,27.8986,0.7727,0.2273,16.7460,6.6466,17.8788,59.0902,64.0000,0.0011,101.3234,42.0979,16.7460,0.0000,0.1364,0.0455,0.2273,0.2273,0.1364,0.2273,0.0000,126.8769,63.1529,0.4314,45.1790,58.5149,532.9863,0.0233,-0.0000,10.2812,1.3781,0.4699,211.3077,9.1243,18.7640,62.9977,9.7006,2.1338,31.3006,4.2719,7.5844,8.6605,0.4876,1.0716,-2.3575,-5.1315,21.2105,67.6409,0.3021,0.6358,-2.9795,10.8358,6.2111,0.0004,-0.0034,0.6818,0.0281,4576.6545,26.5762,343.8968,0.1635,0.2217,-90.0000,0.4944,0.4848,33.9116,-60.0284
55.3219,ASCEND,ASCEND,nan,nan,nan,nan,nan,nan,18.2662,18.0917,0.6411,19.3088,69.0000,0.0012,nan,nan,18.2662,0.0000,0.0000,0.0000,0.7500,0.2500,0.0000,0.0000,0.0000,nan,nan,0.5760,24.2721,23.6757,250.6254,0.0352,0.0000,4.1010,1.2538,0.5332,84.7857,6.5404,5.3066,27.7700,6.2916,0.4110,4.3914,3.3354,6.0656,8.2782,nan,nan,nan,nan,nan,nan,nan,nan,nan,nan,nan,nan,nan,nan,0.0270,5637.6489,25.6878,157.6767,0.2047,0.1953,-90.0000,0.4944,0.4848,28.3994,-142.4899
55.3887,STABLE,ASCEND,2.8654,0.0723,5.1490,12.7983,0.6364,0.3636,3.3701,0.2444,5.4456,16.9186,180.0000,0.0031,90.3954,9.6619,3.3701,0.0909,0.1818,0.0909,0.0909,0.1818,0.2727,0.0909,0.0000,110.3278,73.1517,6.0689,17.4505,6.5003,107.1015,-0.0087,-0.0000,1.1481,0.9034,0.4607,38.8229,6.0560,7.3461,8.6522,7.2542,7.4128,7.3201,2.2309,7.7496,9.0860,0.7127,1.0167,-3.5544,-1.6476,3.0439,11.8294,0.0407,1.0173,-7.7367,-4.4198,-2.6535,-0.0008,0.0005,0.8182,0.0622,6301.3634,42.9624,518.1826,0.1891,0.4869,29.0064,0.5889,0.6291,14.8939,-222.2245
55.4554,DESCEND,ASCEND,-2.9582,-0.2961,6.0888,5.9226,0.3248,0.6752,7.5662,11.0153,6.1565,16.4282,193.0000,0.0034,84.4402,47.1683,7.5662,0.0256,0.0342,0.4786,0.1795,0.0940,0.0769,0.0513,0.0598,121.5655,76.4466,0.7812,13.7493,4.9379,18.0704,0.0216,0.0000,0.3051,0.3645,0.5596,4.5982,4.5534,13.4602,3.0185,1.2109,6.2961,1.5973,0.6022,0.0966,0.4806,1.4192,0.9966,-9.6169,13.2874,5.5229,13.5137,-0.0291,0.9605,-3.4832,-10.9739,17.6331,-0.0003,0.0004,0.7778,0.0736,6190.4778,45.7611,599.2147,0.1915,0.4703,29.1047,0.6000,0.6048,-1.2602,-228.8611
55.5221,DESCEND,ASCEND,-0.5161,-0.0162,2.5216,2.2722,0.4600,0.5400,5.0804,0.8561,7.0061,32.3793,201.0000,0.0035,82.3523,43.2522,5.0804,0.1400,0.3400,0.1200,0.1400,0.1000,0.0800,0.0600,0.0200,136.9998,91.4641,1.6892,8.5156,3.1984,12.5792,-0.0050,0.0005,0.3446,0.2973,0.5703,4.5095,3.6180,6.7488,3.4657,2.6280,4.6433,2.6884,3.0390,0.1952,0.6004,0.0595,1.0018,-0.6935,-0.0666,5.1545,14.3951,-0.0484,0.9290,0.3549,10.8816,10.2147,0.0001,-0.0003,0.7800,0.0947,5974.8758,52.5597,787.6402,0.1876,0.4805,29.0137,0.5333,0.7413,-15.6514,-202.4566
55.5889,DESCEND,ASCEND,-5.2063,-0.3931,8.2860,2.3305,0.3960,0.6040,9.9689,6.5863,9.4227,30.3557,195.0000,0.0034,84.2872,35.4131,9.9689,0.4455,0.2178,0.1584,0.0495,0.0495,0.0198,0.0396,0.0198,157.8685,89.8958,1.5466,15.3072,4.8827,20.8547,-0.0082,-0.0000,0.3261,0.4057,0.4862,3.0372,5.0964,10.5105,1.6100,4.7607,6.1803,1.7501,1.4556,0.2818,0.7458,-0.1677,0.9996,0.4741,-0.1207,9.7371,21.7979,-0.2067,0.9619,0.2152,28.0529,9.2412,0.0001,-0.0001,0.6238,0.1009,5810.4251,54.5162,867.5168,0.1919,0.4668,28.1416,0.6444,0.5313,-28.2814,-99.0153
55.6556,DESCEND,ASCEND,-1.2335,-0.4665,3.1059,4.3955,0.3394,0.6606,4.3146,5.3065,2.8873,9.7685,208.0000,0.0036,80.6067,38.4118,4.3146,0.5229,0.1927,0.0642,0.0367,0.0642,0.0275,0.0550,0.0367,170.1160,89.1519,2.7122,7.9118,2.8365,9.0890,-0.0178,-0.0012,0.2495,0.2833,0.4085,2.1359,4.3134,7.2647,2.6442,2.8932,3.8854,3.0306,2.2195,0.1266,1.4153,-1.2595,0.9964,7.1397,-0.1601,2.7461,6.7155,-0.0232,0.9795,0.9733,8.4097,3.2045,0.0000,-0.0000,0.8991,0.1194,5730.8863,60.0254,1038.8750,0.1929,0.4527,29.8828,0.4833,0.8419,-28.8666,43.7638
55.7223,DESCEND,ASCEND,-2.7394,-1.7064,3.9173,5.8901,0.2288,0.7712,5.1487,6.8346,3.1861,12.8760,208.0000,0.0036,83.9536,34.5512,5.1487,0.5932,0.0678,0.1102,0.0085,0.0254,0.0593,0.0763,0.0593,173.5905,89.8548,1.8945,7.5157,3.0245,9.4271,-0.0145,-0.0001,0.2587,0.2546,0.4400,3.9013,5.7704,6.7780,1.8290,3.3801,4.7925,2.2285,2.5865,0.2543,0.6488,0.0922,1.0013,5.5625,4.3570,3.5929,9.0333,-0.0468,0.9843,0.0548,6.8015,4.7942,-0.0000,0.0001,0.8390,0.1342,5664.8648,64.1982,1212.6388,0.1973,0.4433,25.2460,0.4111,0.7408,-22.4403,198.3324
55.7891,DESCEND,ASCEND,-3.0278,-4.2098,3.1778,1.7685,0.2348,0.7652,5.4165,6.2162,3.1660,22.3694,213.0000,0.0037,91.5986,33.7437,5.4165,0.0530,0.7045,0.0682,0.0076,0.0152,0.0682,0.0303,0.0530,177.6220,101.6239,3.5299,7.6194,3.0929,11.0476,-0.0131,0.0000,0.3255,0.2801,0.5158,3.8923,4.6794,6.6505,4.4135,3.6406,4.6570,4.9482,2.1279,0.1532,0.5707,-0.6252,1.0064,3.2751,3.8812,2.7956,8.5279,-0.0368,0.9965,-0.0359,3.5777,6.4096,0.0001,-0.0000,0.8788,0.1368,5576.0990,64.8410,1254.4849,0.2037,0.4302,-17.8649,0.3611,0.6925,-2.3959,242.2605
55.8558,ASCEND,ASCEND,2.2228,0.9944,3.3266,7.7019,0.6765,0.3235,4.6004,5.5583,2.9412,10.3513,216.0000,0.0037,90.8731,36.7711,4.6004,0.0176,0.0176,0.0588,0.0824,0.5765,0.1529,0.0588,0.0353,178.1824,89.0559,1.5781,7.9084,2.9023,8.8097,0.0116,-0.0026,0.2379,0.3590,0.4156,4.4874,3.9942,5.8938,2.9885,4.2032,5.9772,0.9668,1.2247,0.4178,0.5813,0.9264,1.0199,-8.8812,0.5278,3.1086,7.6636,-0.0038,0.9800,-0.6140,-7.1955,0.6899,-0.0001,-0.0001,0.8588,0.1266,5619.6987,62.5110,1213.6075,0.2105,0.4141,29.8459,0.5111,0.7662,9.8933,138.5039
55.9225,ASCEND,ASCEND,4.4405,4.1704,5.2498,10.8520,0.7297,0.2703,6.8774,9.8984,4.3739,11.7904,209.0000,0.0036,87.9812,38.3012,6.8774,0.0068,0.0473,0.0203,0.0338,0.5608,0.1149,0.1622,0.0541,179.9097,82.3595,2.4628,11.0878,3.9952,15.4216,0.0131,0.0000,0.2964,0.3966,0.5344,7.4939,5.9124,9.5131,2.0786,3.9766,7.7453,2.5951,1.3291,0.9570,1.6217,0.7154,1.0066,-11.8562,-1.3083,4.5875,11.4172,0.0139,1.0003,-0.2829,-14.6866,-1.9549,-0.0001,0.0001,0.7568,0.1349,5789.3148,63.6757,1323.2125,0.2181,0.4071,28.0016,0.4944,0.7774,16.0898,94.8864
55.9893,ASCEND,ASCEND,2.8517,1.3467,4.6371,8.5226,0.6203,0.3797,6.0216,8.0532,3.0803,9.2718,208.0000,0.0036,83.3516,38.2933,6.0216,0.0063,0.0063,0.0570,0.0316,0.6266,0.1519,0.0886,0.0316,182.3633,75.8453,2.7300,8.5541,3.2969,10.5322,0.0156,0.0000,0.2693,0.3887,0.5410,3.5693,4.9772,7.8898,2.4113,4.7899,6.5840,1.9925,1.9582,0.9103,1.6931,-0.3318,1.0055,-8.7577,-2.0065,3.4193,9.4579,0.0161,0.9686,-0.4695,-7.4841,-0.2544,-0.0002,0.0001,0.8797,0.1332,5943.9899,62.8683,1241.6501,0.2299,0.3914,27.2451,0.4722,0.8210,22.5575,98.9523
56.0560,ASCEND,ASCEND,6.2426,8.4927,7.0968,14.0586,0.7600,0.2400,9.9402,13.2356,4.7467,15.8460,197.0000,0.0034,90.3157,36.5285,9.9402,0.0000,0.0240,0.0160,0.0240,0.1920,0.5360,0.1920,0.0160,185.4581,87.5814,5.2126,14.0023,4.9092,26.9016,0.0218,0.0000,0.4435,0.4757,0.5491,10.0818,10.0648,12.5240,5.0289,8.0911,7.9624,3.7869,3.0836,1.4283,2.9494,0.2074,1.0072,-10.5552,-9.7281,5.1656,12.5266,0.0043,0.9429,0.2599,-9.0554,-9.8173,-0.0003,-0.0003,0.6960,0.1419,6442.3744,64.0506,1414.2239,0.2441,0.3762,26.9112,0.4500,0.8064,29.2966,103.0182
56.1227,ASCEND,APOGEE,2.1041,2.2153,1.8019,4.4019,0.8516,0.1484,3.9380,4.4485,1.7732,6.9137,197.0000,0.0034,95.7415,35.2575,3.9380,0.0110,0.0055,0.0055,0.0110,0.0165,0.1044,0.8407,0.0055,170.7359,109.0785,3.0953,6.1043,2.2457,13.6141,-0.0056,0.0000,0.2577,0.1507,0.5662,4.7344,4.9964,4.7261,2.8085,3.4757,3.6153,2.2382,2.1427,0.2139,0.7027,-0.7805,1.0023,1.4714,-6.5815,1.1016,4.0492,-0.0044,1.0125,0.7498,1.5556,-7.1641,0.0000,-0.0001,0.9945,0.1491,6600.9581,65.6032,1403.4312,0.2452,0.3451,27.9169,0.4278,0.8261,36.3070,107.0841
56.1895,ASCEND,APOGEE,3.5841,2.9967,4.0782,9.4118,0.7639,0.2361,7.8642,9.7147,4.4686,16.5667,187.0000,0.0032,87.6966,32.6180,7.8642,0.0139,0.0069,0.0139,0.0139,0.0278,0.0417,0.7847,0.0972,162.5971,99.9427,3.4124,12.6570,4.8011,26.2574,-0.0248,-0.0000,0.4549,0.3185,0.4899,7.6533,10.9592,10.6190,3.8679,5.2829,6.3004,3.4684,3.4357,0.3235,0.9082,-1.9278,0.9974,7.8337,-13.3854,2.8385,9.9271,0.0097,0.9881,1.7767,10.5396,-13.4591,-0.0000,-0.0002,0.7986,0.1468,6861.6491,64.1216,1439.0477,0.2447,0.3502,28.2497,0.4111,0.8286,43.5888,111.1499
56.2562,ASCEND,APOGEE,1.9230,1.8260,1.9773,4.7856,0.8110,0.1890,3.4741,4.0895,1.9263,7.4710,191.0000,0.0033,91.0358,36.0282,3.4741,0.0793,0.0427,0.0061,0.0183,0.0366,0.0366,0.7195,0.0610,152.2987,102.5157,1.9833,5.7070,2.2111,7.4762,-0.0122,-0.0000,0.2017,0.1407,0.4557,3.0737,4.8480,5.0612,3.0496,2.0406,2.8224,2.0565,0.7296,0.0739,0.3177,-0.8944,1.0042,2.4929,-6.2825,1.5925,4.3210,0.0037,1.0289,0.5189,2.1337,-6.7237,0.0001,-0.0000,1.0000,0.1477,6917.2336,64.9652,1445.4368,0.2473,0.3449,27.9169,0.4167,0.8261,51.1418,115.2158
56.3229,ASCEND,APOGEE,1.8853,1.0437,2.6669,5.7932,0.7262,0.2679,4.3468,5.7902,2.3736,7.6971,201.0000,0.0035,89.1938,35.8749,4.3468,0.0476,0.0119,0.0119,0.0119,0.0298,0.0476,0.7679,0.0714,153.9052,91.1978,2.7177,6.0365,2.6608,8.6328,-0.0135,-0.0000,0.2740,0.2085,0.4818,3.9347,4.7368,5.8295,3.8022,2.3401,3.9489,3.5163,1.3135,0.0472,0.6560,-0.1747,0.9926,4.3756,-4.7566,2.1467,6.2246,0.0211,1.0142,0.2202,3.3497,-5.1990,0.0001,-0.0003,0.9762,0.1489,7031.0728,65.1134,1449.6692,0.2451,0.3406,28.0948,0.4167,0.8213,58.9662,117.2488
