time_s,state,phase,radial_expansion,radial_expansion_median,radial_std,radial_p95,outward_frac,inward_frac,pt_displacement_mean,pt_displacement_median,pt_displacement_std,pt_displacement_max,point_count,point_density,feature_radius_mean,feature_radius_std,flow_magnitude,flow_dir_hist_0,flow_dir_hist_1,flow_dir_hist_2,flow_dir_hist_3,flow_dir_hist_4,flow_dir_hist_5,flow_dir_hist_6,flow_dir_hist_7,foe_x,foe_y,flow_median,flow_p95,flow_std,flow_max,div_mean,div_median,div_std,div_p95,div_pos_frac,div_max,grid_flow_00,grid_flow_01,grid_flow_02,grid_flow_10,grid_flow_11,grid_flow_12,grid_flow_20,grid_flow_21,grid_flow_22,cam_rotation,cam_scale,cam_tx,cam_ty,residual_flow_mean,residual_flow_p95,residual_div,hom_scale,hom_rotation,hom_tx,hom_ty,hom_persp_x,hom_persp_y,hom_ok,edge_density,texture_var,grad_magnitude_mean,sharpness,sky_fraction,ground_fraction,horizon_angle,horizon_pos,horizon_conf,expansion_rate,expansion_acceleration
0.0000,STABLE,STABLE,nan,nan,nan,nan,nan,nan,nan,nan,nan,nan,67.0000,0.0004,nan,nan,nan,nan,nan,nan,nan,nan,nan,nan,nan,nan,nan,nan,nan,nan,nan,nan,nan,nan,nan,nan,nan,nan,nan,nan,nan,nan,nan,nan,nan,nan,nan,nan,nan,nan,nan,nan,nan,nan,nan,nan,nan,nan,nan,nan,0.0223,1161.8437,26.3959,1130.2012,0.9747,0.0030,2.4110,0.3167,0.3169,0.0000,0.0000
0.0417,STABLE,STABLE,nan,nan,nan,nan,nan,nan,0.0006,0.0000,0.0034,0.0270,67.0000,0.0004,nan,nan,0.0006,0.6269,0.0896,0.0448,0.0149,0.0448,0.0746,0.0299,0.0746,nan,nan,0.0000,0.0000,0.0037,0.2748,0.0000,0.0000,0.0010,0.0000,0.5023,0.0715,0.0000,0.0001,0.0000,0.0000,0.0001,0.0000,0.0000,0.0017,0.0000,-0.0001,1.0000,-0.0016,-0.0016,0.0012,0.0018,nan,0.9999,-0.0011,0.0131,0.0062,-0.0000,-0.0000,1.0000,0.0223,1161.7827,26.3948,1130.6908,0.9687,0.0061,2.4110,0.3167,0.3169,0.0000,0.0000
0.0834,STABLE,STABLE,nan,nan,nan,nan,nan,nan,0.0000,0.0000,0.0000,0.0000,67.0000,0.0004,nan,nan,0.0000,0.9701,0.0000,0.0149,0.0000,0.0000,0.0000,0.0149,0.0000,nan,nan,0.0000,0.0000,0.0001,0.0203,0.0000,0.0000,0.0001,0.0000,0.5121,0.0101,0.0000,0.0000,0.0000,0.0000,0.0000,0.0000,0.0000,0.0000,0.0000,-0.0000,1.0000,0.0000,-0.0000,0.0000,0.0000,nan,1.0000,-0.0000,0.0000,0.0000,-0.0000,-0.0000,1.0000,0.0223,1161.7805,26.3947,1130.6971,0.9687,0.0061,2.4110,0.3167,0.3169,0.0000,0.0000
0.1251,STABLE,STABLE,nan,nan,nan,nan,nan,nan,0.0000,0.0000,0.0000,0.0000,67.0000,0.0004,nan,nan,0.0000,1.0000,0.0000,0.0000,0.0000,0.0000,0.0000,0.0000,0.0000,nan,nan,0.0000,0.0000,0.0000,0.0001,0.0000,0.0000,0.0000,0.0000,0.4667,0.0000,0.0000,0.0000,0.0000,0.0000,0.0000,0.0000,0.0000,0.0000,0.0000,-0.0000,1.0000,0.0000,0.0000,0.0000,0.0000,nan,1.0000,-0.0000,0.0000,0.0000,-0.0000,-0.0000,1.0000,0.0223,1161.7805,26.3947,1130.6971,0.9687,0.0061,2.4110,0.3167,0.3169,0.0000,0.0000
0.1668,STABLE,STABLE,nan,nan,nan,nan,nan,nan,0.0000,0.0000,0.0000,0.0000,67.0000,0.0004,nan,nan,0.0000,1.0000,0.0000,0.0000,0.0000,0.0000,0.0000,0.0000,0.0000,nan,nan,0.0000,0.0000,0.0000,0.0001,0.0000,0.0000,0.0000,0.0000,0.4667,0.0000,0.0000,0.0000,0.0000,0.0000,0.0000,0.0000,0.0000,0.0000,0.0000,-0.0000,1.0000,0.0000,0.0000,0.0000,0.0000,nan,1.0000,-0.0000,0.0000,0.0000,-0.0000,-0.0000,1.0000,0.0223,1161.7805,26.3947,1130.6971,0.9687,0.0061,2.4110,0.3167,0.3169,0.0000,0.0000
0.2085,STABLE,STABLE,nan,nan,nan,nan,nan,nan,0.0000,0.0000,0.0000,0.0000,67.0000,0.0004,nan,nan,0.0000,1.0000,0.0000,0.0000,0.0000,0.0000,0.0000,0.0000,0.0000,nan,nan,0.0000,0.0000,0.0000,0.0001,0.0000,0.0000,0.0000,0.0000,0.4667,0.0000,0.0000,0.0000,0.0000,0.0000,0.0000,0.0000,0.0000,0.0000,0.0000,-0.0000,1.0000,0.0000,0.0000,0.0000,0.0000,nan,1.0000,-0.0000,0.0000,0.0000,-0.0000,-0.0000,1.0000,0.0223,1161.7805,26.3947,1130.6971,0.9687,0.0061,2.4110,0.3167,0.3169,0.0000,0.0000
0.2502,STABLE,STABLE,nan,nan,nan,nan,nan,nan,0.0001,0.0000,0.0001,0.0006,68.0000,0.0004,nan,nan,0.0001,0.7015,0.0299,0.0597,0.0448,0.0448,0.0597,0.0149,0.0448,nan,nan,0.0000,0.0000,0.0006,0.0449,0.0000,0.0000,0.0003,0.0000,0.5250,0.0179,0.0000,0.0001,0.0000,0.0000,0.0001,0.0000,0.0000,0.0001,0.0000,-0.0000,1.0000,0.0000,-0.0000,0.0001,0.0003,nan,1.0000,-0.0000,0.0004,0.0003,-0.0000,-0.0000,1.0000,0.0223,1161.7732,26.3951,1130.7487,0.9687,0.0061,2.4110,0.3167,0.3169,0.0000,0.0000
0.2920,STABLE,STABLE,nan,nan,nan,nan,nan,nan,0.0000,0.0000,0.0000,0.0001,68.0000,0.0004,nan,nan,0.0000,0.8824,0.0147,0.0147,0.0147,0.0000,0.0147,0.0147,0.0441,nan,nan,0.0000,0.0000,0.0003,0.0266,0.0000,0.0000,0.0002,0.0000,0.5050,0.0102,0.0000,0.0001,0.0000,0.0000,0.0000,0.0000,0.0000,0.0000,0.0000,-0.0000,1.0000,0.0000,-0.0000,0.0000,0.0001,nan,1.0000,0.0000,0.0000,-0.0001,0.0000,0.0000,1.0000,0.0223,1161.7778,26.3955,1130.7360,0.9684,0.0064,2.4110,0.3167,0.3169,0.0000,0.0000
0.3337,STABLE,STABLE,nan,nan,nan,nan,nan,nan,0.0000,0.0000,0.0000,0.0000,68.0000,0.0004,nan,nan,0.0000,1.0000,0.0000,0.0000,0.0000,0.0000,0.0000,0.0000,0.0000,nan,nan,0.0000,0.0000,0.0000,0.0001,0.0000,0.0000,0.0000,0.0000,0.4663,0.0000,0.0000,0.0000,0.0000,0.0000,0.0000,0.0000,0.0000,0.0000,0.0000,-0.0000,1.0000,0.0000,0.0000,0.0000,0.0000,nan,1.0000,-0.0000,0.0000,0.0000,-0.0000,-0.0000,1.0000,0.0223,1161.7778,26.3955,1130.7360,0.9684,0.0064,2.4110,0.3167,0.3169,0.0000,0.0000
0.3754,STABLE,STABLE,nan,nan,nan,nan,nan,nan,0.0000,0.0000,0.0000,0.0000,68.0000,0.0004,nan,nan,0.0000,1.0000,0.0000,0.0000,0.0000,0.0000,0.0000,0.0000,0.0000,nan,nan,0.0000,0.0000,0.0000,0.0001,0.0000,0.0000,0.0000,0.0000,0.4663,0.0000,0.0000,0.0000,0.0000,0.0000,0.0000,0.0000,0.0000,0.0000,0.0000,-0.0000,1.0000,0.0000,0.0000,0.0000,0.0000,nan,1.0000,-0.0000,0.0000,0.0000,-0.0000,-0.0000,1.0000,0.0223,1161.7778,26.3955,1130.7360,0.9684,0.0064,2.4110,0.3167,0.3169,0.0000,0.0000
0.4171,STABLE,STABLE,nan,nan,nan,nan,nan,nan,0.0000,0.0000,0.0000,0.0000,68.0000,0.0004,nan,nan,0.0000,1.0000,0.0000,0.0000,0.0000,0.0000,0.0000,0.0000,0.0000,nan,nan,0.0000,0.0000,0.0000,0.0001,0.0000,0.0000,0.0000,0.0000,0.4663,0.0000,0.0000,0.0000,0.0000,0.0000,0.0000,0.0000,0.0000,0.0000,0.0000,-0.0000,1.0000,0.0000,0.0000,0.0000,0.0000,nan,1.0000,-0.0000,0.0000,0.0000,-0.0000,-0.0000,1.0000,0.0223,1161.7778,26.3955,1130.7360,0.9684,0.0064,2.4110,0.3167,0.3169,0.0000,0.0000
0.4588,STABLE,STABLE,nan,nan,nan,nan,nan,nan,0.0000,0.0000,0.0000,0.0000,68.0000,0.0004,nan,nan,0.0000,1.0000,0.0000,0.0000,0.0000,0.0000,0.0000,0.0000,0.0000,nan,nan,0.0000,0.0000,0.0000,0.0001,0.0000,0.0000,0.0000,0.0000,0.4663,0.0000,0.0000,0.0000,0.0000,0.0000,0.0000,0.0000,0.0000,0.0000,0.0000,-0.0000,1.0000,0.0000,0.0000,0.0000,0.0000,nan,1.0000,-0.0000,0.0000,0.0000,-0.0000,-0.0000,1.0000,0.0223,1161.7778,26.3955,1130.7360,0.9684,0.0064,2.4110,0.3167,0.3169,0.0000,0.0000
0.5005,STABLE,STABLE,nan,nan,nan,nan,nan,nan,0.0000,0.0000,0.0000,0.0002,68.0000,0.0004,nan,nan,0.0000,0.8971,0.0147,0.0147,0.0294,0.0000,0.0147,0.0147,0.0147,nan,nan,0.0000,0.0000,0.0003,0.0267,0.0000,0.0000,0.0002,0.0000,0.5171,0.0128,0.0000,0.0001,0.0000,0.0000,0.0000,0.0000,0.0000,0.0000,0.0000,-0.0000,1.0000,0.0000,0.0000,0.0000,0.0001,nan,1.0000,0.0000,-0.0000,0.0000,0.0000,-0.0000,1.0000,0.0223,1161.7732,26.3951,1130.7487,0.9685,0.0063,2.4110,0.3167,0.3169,0.0000,0.0000
0.5422,STABLE,STABLE,nan,nan,nan,nan,nan,nan,0.0000,0.0000,0.0000,0.0001,68.0000,0.0004,nan,nan,0.0000,0.8676,0.0147,0.0000,0.0000,0.0147,0.0294,0.0294,0.0441,nan,nan,0.0000,0.0000,0.0003,0.0266,0.0000,0.0000,0.0002,0.0000,0.5050,0.0102,0.0000,0.0001,0.0000,0.0000,0.0000,0.0000,0.0000,0.0000,0.0000,-0.0000,1.0000,0.0000,-0.0000,0.0000,0.0001,nan,1.0000,0.0000,-0.0001,-0.0001,0.0000,0.0000,1.0000,0.0223,1161.7778,26.3955,1130.7360,0.9685,0.0064,2.4110,0.3167,0.3169,0.0000,0.0000
0.5839,STABLE,STABLE,nan,nan,nan,nan,nan,nan,0.0000,0.0000,0.0000,0.0000,68.0000,0.0004,nan,nan,0.0000,1.0000,0.0000,0.0000,0.0000,0.0000,0.0000,0.0000,0.0000,nan,nan,0.0000,0.0000,0.0000,0.0001,0.0000,0.0000,0.0000,0.0000,0.4663,0.0000,0.0000,0.0000,0.0000,0.0000,0.0000,0.0000,0.0000,0.0000,0.0000,-0.0000,1.0000,0.0000,0.0000,0.0000,0.0000,nan,1.0000,0.0000,-0.0000,-0.0000,0.0000,0.0000,1.0000,0.0223,1161.7778,26.3955,1130.7360,0.9685,0.0064,2.4110,0.3167,0.3169,0.0000,0.0000
0.6256,STABLE,STABLE,nan,nan,nan,nan,nan,nan,0.0000,0.0000,0.0000,0.0000,68.0000,0.0004,nan,nan,0.0000,1.0000,0.0000,0.0000,0.0000,0.0000,0.0000,0.0000,0.0000,nan,nan,0.0000,0.0000,0.0000,0.0001,0.0000,0.0000,0.0000,0.0000,0.4663,0.0000,0.0000,0.0000,0.0000,0.0000,0.0000,0.0000,0.0000,0.0000,0.0000,-0.0000,1.0000,0.0000,0.0000,0.0000,0.0000,nan,1.0000,0.0000,-0.0000,-0.0000,0.0000,0.0000,1.0000,0.0223,1161.7778,26.3955,1130.7360,0.9685,0.0064,2.4110,0.3167,0.3169,0.0000,0.0000
0.6673,STABLE,STABLE,nan,nan,nan,nan,nan,nan,0.0000,0.0000,0.0000,0.0000,68.0000,0.0004,nan,nan,0.0000,1.0000,0.0000,0.0000,0.0000,0.0000,0.0000,0.0000,0.0000,nan,nan,0.0000,0.0000,0.0000,0.0001,0.0000,0.0000,0.0000,0.0000,0.4663,0.0000,0.0000,0.0000,0.0000,0.0000,0.0000,0.0000,0.0000,0.0000,0.0000,-0.0000,1.0000,0.0000,0.0000,0.0000,0.0000,nan,1.0000,0.0000,-0.0000,-0.0000,0.0000,0.0000,1.0000,0.0223,1161.7778,26.3955,1130.7360,0.9685,0.0064,2.4110,0.3167,0.3169,0.0000,0.0000
0.7090,STABLE,STABLE,nan,nan,nan,nan,nan,nan,0.0000,0.0000,0.0000,0.0000,68.0000,0.0004,nan,nan,0.0000,1.0000,0.0000,0.0000,0.0000,0.0000,0.0000,0.0000,0.0000,nan,nan,0.0000,0.0000,0.0000,0.0001,0.0000,0.0000,0.0000,0.0000,0.4663,0.0000,0.0000,0.0000,0.0000,0.0000,0.0000,0.0000,0.0000,0.0000,0.0000,-0.0000,1.0000,0.0000,0.0000,0.0000,0.0000,nan,1.0000,0.0000,-0.0000,-0.0000,0.0000,0.0000,1.0000,0.0223,1161.7778,26.3955,1130.7360,0.9685,0.0064,2.4110,0.3167,0.3169,0.0000,0.0000
0.7507,STABLE,STABLE,nan,nan,nan,nan,nan,nan,0.0000,0.0000,0.0000,0.0002,68.0000,0.0004,nan,nan,0.0000,0.8971,0.0294,0.0000,0.0441,0.0000,0.0147,0.0000,0.0147,nan,nan,0.0000,0.0000,0.0003,0.0267,0.0000,0.0000,0.0002,0.0000,0.5171,0.0128,0.0000,0.0001,0.0000,0.0000,0.0000,0.0000,0.0000,0.0000,0.0000,-0.0000,1.0000,0.0000,0.0000,0.0000,0.0001,nan,1.0000,-0.0000,0.0001,0.0001,0.0000,-0.0000,1.0000,0.0223,1161.7732,26.3951,1130.7487,0.9685,0.0064,2.4110,0.3167,0.3169,0.0000,0.0000
0.7925,STABLE,STABLE,nan,nan,nan,nan,nan,nan,0.0000,0.0000,0.0000,0.0001,68.0000,0.0004,nan,nan,0.0000,0.8824,0.0147,0.0147,0.0000,0.0294,0.0000,0.0000,0.0588,nan,nan,0.0000,0.0000,0.0003,0.0266,0.0000,0.0000,0.0002,0.0000,0.5162,0.0102,0.0000,0.0001,0.0000,0.0000,0.0000,0.0000,0.0000,0.0000,0.0000,-0.0000,1.0000,0.0000,-0.0000,0.0000,0.0001,nan,1.0000,0.0000,0.0000,-0.0000,0.0000,-0.0000,1.0000,0.0223,1161.7752,26.3955,1130.7378,0.9685,0.0063,2.4110,0.3167,0.3169,0.0000,0.0000
0.8342,STABLE,STABLE,nan,nan,nan,nan,nan,nan,0.0000,0.0000,0.0000,0.0000,68.0000,0.0004,nan,nan,0.0000,0.9853,0.0000,0.0000,0.0147,0.0000,0.0000,0.0000,0.0000,nan,nan,0.0000,0.0000,0.0001,0.0081,0.0000,0.0000,0.0000,0.0000,0.5386,0.0041,0.0000,0.0000,0.0000,0.0000,0.0000,0.0000,0.0000,0.0000,0.0000,0.0000,1.0000,-0.0000,0.0000,0.0000,0.0000,nan,1.0000,-0.0000,-0.0000,0.0000,-0.0000,0.0000,1.0000,0.0223,1161.7750,26.3955,1130.7412,0.9685,0.0063,2.4110,0.3167,0.3169,0.0000,0.0000
0.8759,STABLE,STABLE,nan,nan,nan,nan,nan,nan,0.0000,0.0000,0.0000,0.0000,68.0000,0.0004,nan,nan,0.0000,1.0000,0.0000,0.0000,0.0000,0.0000,0.0000,0.0000,0.0000,nan,nan,0.0000,0.0000,0.0003,0.0224,-0.0000,-0.0000,0.0002,0.0000,0.4966,0.0095,0.0000,0.0001,0.0000,0.0000,0.0000,0.0000,0.0000,0.0000,0.0000,-0.0000,1.0000,0.0000,0.0000,0.0000,0.0000,nan,1.0000,-0.0000,0.0000,0.0000,-0.0000,-0.0000,1.0000,0.0223,1161.7752,26.3955,1130.7490,0.9685,0.0063,2.4110,0.3167,0.3169,0.0000,0.0000
0.9176,STABLE,STABLE,nan,nan,nan,nan,nan,nan,0.0000,0.0000,0.0000,0.0000,68.0000,0.0004,nan,nan,0.0000,1.0000,0.0000,0.0000,0.0000,0.0000,0.0000,0.0000,0.0000,nan,nan,0.0000,0.0000,0.0000,0.0001,-0.0000,0.0000,0.0000,0.0000,0.4663,0.0000,0.0000,0.0000,0.0000,0.0000,0.0000,0.0000,0.0000,0.0000,0.0000,-0.0000,1.0000,0.0000,0.0000,0.0000,0.0000,nan,1.0000,-0.0000,0.0000,0.0000,-0.0000,-0.0000,1.0000,0.0223,1161.7752,26.3955,1130.7490,0.9685,0.0063,2.4110,0.3167,0.3169,0.0000,0.0000
0.9593,STABLE,STABLE,nan,nan,nan,nan,nan,nan,0.0000,0.0000,0.0000,0.0000,68.0000,0.0004,nan,nan,0.0000,1.0000,0.0000,0.0000,0.0000,0.0000,0.0000,0.0000,0.0000,nan,nan,0.0000,0.0000,0.0000,0.0001,-0.0000,0.0000,0.0000,0.0000,0.4663,0.0000,0.0000,0.0000,0.0000,0.0000,0.0000,0.0000,0.0000,0.0000,0.0000,-0.0000,1.0000,0.0000,0.0000,0.0000,0.0000,nan,1.0000,-0.0000,0.0000,0.0000,-0.0000,-0.0000,1.0000,0.0223,1161.7752,26.3955,1130.7490,0.9685,0.0063,2.4110,0.3167,0.3169,0.0000,0.0000
1.0010,STABLE,STABLE,nan,nan,nan,nan,nan,nan,0.0000,0.0000,0.0000,0.0002,68.0000,0.0004,nan,nan,0.0000,0.8971,0.0147,0.0294,0.0294,0.0000,0.0000,0.0000,0.0294,nan,nan,0.0000,0.0000,0.0003,0.0267,-0.0000,0.0000,0.0002,0.0000,0.5223,0.0128,0.0000,0.0001,0.0000,0.0000,0.0000,0.0000,0.0000,0.0000,0.0000,0.0000,1.0000,0.0000,0.0000,0.0000,0.0001,nan,1.0000,-0.0000,0.0000,0.0001,-0.0000,-0.0000,1.0000,0.0223,1161.7732,26.3951,1130.7487,0.9685,0.0063,2.4110,0.3167,0.3169,0.0000,0.0000
1.0427,STABLE,STABLE,nan,nan,nan,nan,nan,nan,0.0000,0.0000,0.0000,0.0002,68.0000,0.0004,nan,nan,0.0000,0.8824,0.0147,0.0000,0.0000,0.0294,0.0147,0.0147,0.0441,nan,nan,0.0000,0.0000,0.0003,0.0266,0.0000,0.0000,0.0002,0.0000,0.5147,0.0113,0.0000,0.0001,0.0000,0.0000,0.0000,0.0000,0.0000,0.0000,0.0000,-0.0000,1.0000,0.0000,-0.0000,0.0000,0.0001,nan,1.0000,0.0000,0.0000,-0.0001,0.0000,0.0000,1.0000,0.0223,1161.7752,26.3955,1130.7490,0.9685,0.0064,2.4110,0.3167,0.3169,0.0000,0.0000
1.0844,STABLE,STABLE,nan,nan,nan,nan,nan,nan,0.0000,0.0000,0.0000,0.0000,68.0000,0.0004,nan,nan,0.0000,1.0000,0.0000,0.0000,0.0000,0.0000,0.0000,0.0000,0.0000,nan,nan,0.0000,0.0000,0.0000,0.0001,-0.0000,0.0000,0.0000,0.0000,0.4663,0.0000,0.0000,0.0000,0.0000,0.0000,0.0000,0.0000,0.0000,0.0000,0.0000,-0.0000,1.0000,0.0000,0.0000,0.0000,0.0000,nan,1.0000,0.0000,-0.0000,-0.0000,0.0000,-0.0000,1.0000,0.0223,1161.7752,26.3955,1130.7490,0.9685,0.0064,2.4110,0.3167,0.3169,0.0000,0.0000
1.1261,STABLE,STABLE,nan,nan,nan,nan,nan,nan,0.0000,0.0000,0.0000,0.0000,68.0000,0.0004,nan,nan,0.0000,1.0000,0.0000,0.0000,0.0000,0.0000,0.0000,0.0000,0.0000,nan,nan,0.0000,0.0000,0.0000,0.0001,-0.0000,0.0000,0.0000,0.0000,0.4663,0.0000,0.0000,0.0000,0.0000,0.0000,0.0000,0.0000,0.0000,0.0000,0.0000,-0.0000,1.0000,0.0000,0.0000,0.0000,0.0000,nan,1.0000,0.0000,-0.0000,-0.0000,0.0000,-0.0000,1.0000,0.0223,1161.7752,26.3955,1130.7490,0.9685,0.0064,2.4110,0.3167,0.3169,0.0000,0.0000
1.1678,STABLE,STABLE,nan,nan,nan,nan,nan,nan,0.0000,0.0000,0.0000,0.0000,68.0000,0.0004,nan,nan,0.0000,1.0000,0.0000,0.0000,0.0000,0.0000,0.0000,0.0000,0.0000,nan,nan,0.0000,0.0000,0.0000,0.0001,-0.0000,0.0000,0.0000,0.0000,0.4663,0.0000,0.0000,0.0000,0.0000,0.0000,0.0000,0.0000,0.0000,0.0000,0.0000,-0.0000,1.0000,0.0000,0.0000,0.0000,0.0000,nan,1.0000,0.0000,-0.0000,-0.0000,0.0000,-0.0000,1.0000,0.0223,1161.7752,26.3955,1130.7490,0.9685,0.0064,2.4110,0.3167,0.3169,0.0000,0.0000
1.2095,STABLE,STABLE,nan,nan,nan,nan,nan,nan,0.0000,0.0000,0.0000,0.0000,68.0000,0.0004,nan,nan,0.0000,1.0000,0.0000,0.0000,0.0000,0.0000,0.0000,0.0000,0.0000,nan,nan,0.0000,0.0000,0.0000,0.0001,-0.0000,0.0000,0.0000,0.0000,0.4663,0.0000,0.0000,0.0000,0.0000,0.0000,0.0000,0.0000,0.0000,0.0000,0.0000,-0.0000,1.0000,0.0000,0.0000,0.0000,0.0000,nan,1.0000,0.0000,-0.0000,-0.0000,0.0000,-0.0000,1.0000,0.0223,1161.7752,26.3955,1130.7490,0.9685,0.0064,2.4110,0.3167,0.3169,0.0000,0.0000
1.2512,STABLE,STABLE,nan,nan,nan,nan,nan,nan,0.0000,0.0000,0.0001,0.0004,68.0000,0.0004,nan,nan,0.0000,0.8971,0.0000,0.0441,0.0294,0.0000,0.0000,0.0000,0.0294,nan,nan,0.0000,0.0000,0.0003,0.0267,-0.0000,0.0000,0.0002,0.0000,0.5223,0.0128,0.0000,0.0001,0.0000,0.0000,0.0000,0.0000,0.0000,0.0000,0.0000,-0.0000,1.0000,0.0000,0.0000,0.0000,0.0001,nan,1.0000,0.0000,0.0000,0.0000,0.0000,-0.0000,1.0000,0.0223,1161.7732,26.3951,1130.7487,0.9685,0.0063,2.4110,0.3167,0.3169,0.0000,0.0000
1.2930,STABLE,STABLE,nan,nan,nan,nan,nan,nan,0.0000,0.0000,0.0000,0.0002,68.0000,0.0004,nan,nan,0.0000,0.8676,0.0147,0.0000,0.0147,0.0294,0.0000,0.0294,0.0441,nan,nan,0.0000,0.0000,0.0003,0.0266,0.0000,0.0000,0.0002,0.0000,0.5122,0.0113,0.0000,0.0001,0.0000,0.0000,0.0000,0.0000,0.0000,0.0000,0.0000,-0.0000,1.0000,0.0000,-0.0000,0.0000,0.0001,nan,1.0000,0.0000,-0.0000,-0.0001,0.0000,0.0000,1.0000,0.0223,1161.7755,26.3955,1130.7490,0.9685,0.0063,2.4110,0.3167,0.3169,0.0000,0.0000
1.3347,STABLE,STABLE,nan,nan,nan,nan,nan,nan,0.0000,0.0000,0.0000,0.0000,68.0000,0.0004,nan,nan,0.0000,1.0000,0.0000,0.0000,0.0000,0.0000,0.0000,0.0000,0.0000,nan,nan,0.0000,0.0000,0.0000,0.0001,-0.0000,0.0000,0.0000,0.0000,0.4653,0.0000,0.0000,0.0000,0.0000,0.0000,0.0000,0.0000,0.0000,0.0000,0.0000,-0.0000,1.0000,0.0000,0.0000,0.0000,0.0000,nan,1.0000,0.0000,0.0000,0.0000,0.0000,-0.0000,1.0000,0.0223,1161.7755,26.3955,1130.7490,0.9685,0.0063,2.4110,0.3167,0.3169,0.0000,0.0000
1.3764,STABLE,STABLE,nan,nan,nan,nan,nan,nan,0.0000,0.0000,0.0000,0.0000,68.0000,0.0004,nan,nan,0.0000,1.0000,0.0000,0.0000,0.0000,0.0000,0.0000,0.0000,0.0000,nan,nan,0.0000,0.0000,0.0000,0.0001,-0.0000,0.0000,0.0000,0.0000,0.4653,0.0000,0.0000,0.0000,0.0000,0.0000,0.0000,0.0000,0.0000,0.0000,0.0000,-0.0000,1.0000,0.0000,0.0000,0.0000,0.0000,nan,1.0000,0.0000,0.0000,0.0000,0.0000,-0.0000,1.0000,0.0223,1161.7755,26.3955,1130.7490,0.9685,0.0063,2.4110,0.3167,0.3169,0.0000,0.0000
1.4181,STABLE,STABLE,nan,nan,nan,nan,nan,nan,0.0000,0.0000,0.0000,0.0000,68.0000,0.0004,nan,nan,0.0000,1.0000,0.0000,0.0000,0.0000,0.0000,0.0000,0.0000,0.0000,nan,nan,0.0000,0.0000,0.0000,0.0001,-0.0000,0.0000,0.0000,0.0000,0.4653,0.0000,0.0000,0.0000,0.0000,0.0000,0.0000,0.0000,0.0000,0.0000,0.0000,-0.0000,1.0000,0.0000,0.0000,0.0000,0.0000,nan,1.0000,0.0000,0.0000,0.0000,0.0000,-0.0000,1.0000,0.0223,1161.7755,26.3955,1130.7490,0.9685,0.0063,2.4110,0.3167,0.3169,0.0000,0.0000
1.4598,STABLE,STABLE,nan,nan,nan,nan,nan,nan,0.0000,0.0000,0.0000,0.0000,68.0000,0.0004,nan,nan,0.0000,1.0000,0.0000,0.0000,0.0000,0.0000,0.0000,0.0000,0.0000,nan,nan,0.0000,0.0000,0.0000,0.0001,-0.0000,0.0000,0.0000,0.0000,0.4653,0.0000,0.0000,0.0000,0.0000,0.0000,0.0000,0.0000,0.0000,0.0000,0.0000,-0.0000,1.0000,0.0000,0.0000,0.0000,0.0000,nan,1.0000,0.0000,0.0000,0.0000,0.0000,-0.0000,1.0000,0.0223,1161.7755,26.3955,1130.7490,0.9685,0.0063,2.4110,0.3167,0.3169,0.0000,0.0000
1.5015,STABLE,STABLE,nan,nan,nan,nan,nan,nan,0.0000,0.0000,0.0000,0.0002,68.0000,0.0004,nan,nan,0.0000,0.8971,0.0147,0.0588,0.0000,0.0000,0.0147,0.0000,0.0147,nan,nan,0.0000,0.0000,0.0003,0.0267,-0.0000,0.0000,0.0002,0.0000,0.5274,0.0128,0.0000,0.0001,0.0000,0.0000,0.0000,0.0000,0.0000,0.0000,0.0000,0.0000,1.0000,0.0000,0.0000,0.0000,0.0001,nan,1.0000,-0.0000,0.0001,0.0001,-0.0000,-0.0000,1.0000,0.0223,1161.7732,26.3951,1130.7487,0.9685,0.0063,2.4110,0.3167,0.3169,0.0000,0.0000
1.5432,STABLE,STABLE,nan,nan,nan,nan,nan,nan,0.0000,0.0000,0.0000,0.0002,68.0000,0.0004,nan,nan,0.0000,0.8971,0.0000,0.0000,0.0000,0.0294,0.0147,0.0147,0.0441,nan,nan,0.0000,0.0000,0.0003,0.0266,0.0000,0.0000,0.0002,0.0000,0.5051,0.0113,0.0000,0.0001,0.0000,0.0000,0.0000,0.0000,0.0000,0.0000,0.0000,-0.0000,1.0000,0.0000,-0.0000,0.0000,0.0001,nan,1.0000,0.0000,-0.0001,-0.0002,0.0000,0.0000,1.0000,0.0223,1161.7758,26.3955,1130.7490,0.9685,0.0063,2.4110,0.3167,0.3169,0.0000,0.0000
1.5849,STABLE,STABLE,nan,nan,nan,nan,nan,nan,0.0000,0.0000,0.0000,0.0000,68.0000,0.0004,nan,nan,0.0000,1.0000,0.0000,0.0000,0.0000,0.0000,0.0000,0.0000,0.0000,nan,nan,0.0000,0.0000,0.0000,0.0001,-0.0000,0.0000,0.0000,0.0000,0.4627,0.0000,0.0000,0.0000,0.0000,0.0000,0.0000,0.0000,0.0000,0.0000,0.0000,-0.0000,1.0000,0.0000,0.0000,0.0000,0.0000,nan,1.0000,0.0000,-0.0000,-0.0000,0.0000,0.0000,1.0000,0.0223,1161.7758,26.3955,1130.7490,0.9685,0.0063,2.4110,0.3167,0.3169,0.0000,0.0000
1.6266,STABLE,STABLE,nan,nan,nan,nan,nan,nan,0.0000,0.0000,0.0000,0.0000,68.0000,0.0004,nan,nan,0.0000,1.0000,0.0000,0.0000,0.0000,0.0000,0.0000,0.0000,0.0000,nan,nan,0.0000,0.0000,0.0000,0.0001,-0.0000,0.0000,0.0000,0.0000,0.4627,0.0000,0.0000,0.0000,0.0000,0.0000,0.0000,0.0000,0.0000,0.0000,0.0000,-0.0000,1.0000,0.0000,0.0000,0.0000,0.0000,nan,1.0000,0.0000,-0.0000,-0.0000,0.0000,0.0000,1.0000,0.0223,1161.7758,26.3955,1130.7490,0.9685,0.0063,2.4110,0.3167,0.3169,0.0000,0.0000
1.6683,STABLE,STABLE,nan,nan,nan,nan,nan,nan,0.0000,0.0000,0.0000,0.0000,68.0000,0.0004,nan,nan,0.0000,1.0000,0.0000,0.0000,0.0000,0.0000,0.0000,0.0000,0.0000,nan,nan,0.0000,0.0000,0.0000,0.0001,-0.0000,0.0000,0.0000,0.0000,0.4627,0.0000,0.0000,0.0000,0.0000,0.0000,0.0000,0.0000,0.0000,0.0000,0.0000,-0.0000,1.0000,0.0000,0.0000,0.0000,0.0000,nan,1.0000,0.0000,-0.0000,-0.0000,0.0000,0.0000,1.0000,0.0223,1161.7758,26.3955,1130.7490,0.9685,0.0063,2.4110,0.3167,0.3169,0.0000,0.0000
1.7100,STABLE,STABLE,nan,nan,nan,nan,nan,nan,0.0000,0.0000,0.0000,0.0002,68.0000,0.0004,nan,nan,0.0000,0.8824,0.0000,0.0588,0.0000,0.0000,0.0000,0.0147,0.0441,nan,nan,0.0000,0.0000,0.0002,0.0268,-0.0000,0.0000,0.0001,0.0000,0.5132,0.0129,0.0000,0.0000,0.0000,0.0000,0.0000,0.0000,0.0000,0.0000,0.0000,-0.0000,1.0000,0.0000,0.0000,0.0000,0.0001,nan,1.0000,-0.0000,0.0000,0.0000,0.0000,-0.0000,1.0000,0.0223,1161.7752,26.3953,1130.7467,0.9685,0.0063,2.4110,0.3167,0.3169,0.0000,0.0000
1.7517,STABLE,STABLE,nan,nan,nan,nan,nan,nan,0.0000,0.0000,0.0000,0.0001,68.0000,0.0004,nan,nan,0.0000,0.9412,0.0147,0.0294,0.0147,0.0000,0.0000,0.0000,0.0000,nan,nan,0.0000,0.0000,0.0002,0.0195,0.0000,0.0000,0.0001,0.0000,0.5154,0.0088,0.0000,0.0000,0.0000,0.0000,0.0000,0.0000,0.0000,0.0000,0.0000,0.0000,1.0000,-0.0000,0.0000,0.0000,0.0000,nan,1.0000,-0.0000,0.0000,0.0001,-0.0000,-0.0000,1.0000,0.0223,1161.7732,26.3951,1130.7487,0.9685,0.0063,2.4110,0.3167,0.3169,0.0000,0.0000
1.7935,STABLE,STABLE,nan,nan,nan,nan,nan,nan,0.0000,0.0000,0.0000,0.0001,68.0000,0.0004,nan,nan,0.0000,0.9559,0.0000,0.0000,0.0147,0.0000,0.0000,0.0000,0.0294,nan,nan,0.0000,0.0000,0.0002,0.0188,0.0000,0.0000,0.0001,0.0000,0.5105,0.0093,0.0000,0.0000,0.0000,0.0000,0.0000,0.0000,0.0000,0.0000,0.0000,-0.0000,1.0000,0.0000,-0.0000,0.0000,0.0000,nan,1.0000,0.0000,0.0000,-0.0000,-0.0000,-0.0000,1.0000,0.0223,1161.7752,26.3953,1130.7467,0.9685,0.0063,2.4110,0.3167,0.3169,0.0000,0.0000
1.8352,STABLE,STABLE,nan,nan,nan,nan,nan,nan,0.0000,0.0000,0.0000,0.0000,68.0000,0.0004,nan,nan,0.0000,1.0000,0.0000,0.0000,0.0000,0.0000,0.0000,0.0000,0.0000,nan,nan,0.0000,0.0000,0.0000,0.0001,-0.0000,0.0000,0.0000,0.0000,0.4658,0.0000,0.0000,0.0000,0.0000,0.0000,0.0000,0.0000,0.0000,0.0000,0.0000,-0.0000,1.0000,0.0000,0.0000,0.0000,0.0000,nan,1.0000,-0.0000,0.0000,-0.0000,-0.0000,0.0000,1.0000,0.0223,1161.7752,26.3953,1130.7467,0.9685,0.0063,2.4110,0.3167,0.3169,0.0000,0.0000
1.8769,STABLE,STABLE,nan,nan,nan,nan,nan,nan,0.0000,0.0000,0.0000,0.0000,68.0000,0.0004,nan,nan,0.0000,1.0000,0.0000,0.0000,0.0000,0.0000,0.0000,0.0000,0.0000,nan,nan,0.0000,0.0000,0.0000,0.0001,-0.0000,0.0000,0.0000,0.0000,0.4658,0.0000,0.0000,0.0000,0.0000,0.0000,0.0000,0.0000,0.0000,0.0000,0.0000,-0.0000,1.0000,0.0000,0.0000,0.0000,0.0000,nan,1.0000,-0.0000,0.0000,-0.0000,-0.0000,0.0000,1.0000,0.0223,1161.7752,26.3953,1130.7467,0.9685,0.0063,2.4110,0.3167,0.3169,0.0000,0.0000
1.9186,STABLE,STABLE,nan,nan,nan,nan,nan,nan,0.0000,0.0000,0.0000,0.0000,68.0000,0.0004,nan,nan,0.0000,1.0000,0.0000,0.0000,0.0000,0.0000,0.0000,0.0000,0.0000,nan,nan,0.0000,0.0000,0.0000,0.0001,-0.0000,0.0000,0.0000,0.0000,0.4658,0.0000,0.0000,0.0000,0.0000,0.0000,0.0000,0.0000,0.0000,0.0000,0.0000,-0.0000,1.0000,0.0000,0.0000,0.0000,0.0000,nan,1.0000,-0.0000,0.0000,-0.0000,-0.0000,0.0000,1.0000,0.0223,1161.7752,26.3953,1130.7467,0.9685,0.0063,2.4110,0.3167,0.3169,0.0000,0.0000
1.9603,STABLE,STABLE,nan,nan,nan,nan,nan,nan,0.0000,0.0000,0.0000,0.0000,68.0000,0.0004,nan,nan,0.0000,1.0000,0.0000,0.0000,0.0000,0.0000,0.0000,0.0000,0.0000,nan,nan,0.0000,0.0000,0.0000,0.0001,-0.0000,0.0000,0.0000,0.0000,0.4658,0.0000,0.0000,0.0000,0.0000,0.0000,0.0000,0.0000,0.0000,0.0000,0.0000,-0.0000,1.0000,0.0000,0.0000,0.0000,0.0000,nan,1.0000,-0.0000,0.0000,-0.0000,-0.0000,0.0000,1.0000,0.0223,1161.7752,26.3953,1130.7467,0.9685,0.0063,2.4110,0.3167,0.3169,0.0000,0.0000
2.0020,STABLE,STABLE,nan,nan,nan,nan,nan,nan,0.0000,0.0000,0.0000,0.0001,68.0000,0.0004,nan,nan,0.0000,0.9412,0.0000,0.0000,0.0294,0.0147,0.0000,0.0147,0.0000,nan,nan,0.0000,0.0000,0.0002,0.0195,0.0000,0.0000,0.0001,0.0000,0.5154,0.0088,0.0000,0.0000,0.0000,0.0000,0.0000,0.0000,0.0000,0.0000,0.0000,0.0000,1.0000,-0.0000,0.0000,0.0000,0.0000,nan,1.0000,0.0000,-0.0001,-0.0000,0.0000,0.0000,1.0000,0.0223,1161.7732,26.3951,1130.7487,0.9685,0.0063,2.4110,0.3167,0.3169,0.0000,0.0000
2.0437,STABLE,STABLE,nan,nan,nan,nan,nan,nan,0.0000,0.0000,0.0000,0.0001,68.0000,0.0004,nan,nan,0.0000,0.9853,0.0000,0.0000,0.0000,0.0000,0.0000,0.0000,0.0147,nan,nan,0.0000,0.0000,0.0001,0.0151,0.0000,0.0000,0.0001,0.0000,0.5213,0.0087,0.0000,0.0000,0.0000,0.0000,0.0000,0.0000,0.0000,0.0000,0.0000,-0.0000,1.0000,0.0000,-0.0000,0.0000,0.0000,nan,1.0000,-0.0000,0.0001,0.0000,-0.0000,-0.0000,1.0000,0.0223,1161.7753,26.3953,1130.7448,0.9685,0.0063,2.4110,0.3167,0.3169,0.0000,0.0000
2.0854,STABLE,STABLE,nan,nan,nan,nan,nan,nan,0.0000,0.0000,0.0000,0.0000,68.0000,0.0004,nan,nan,0.0000,1.0000,0.0000,0.0000,0.0000,0.0000,0.0000,0.0000,0.0000,nan,nan,0.0000,0.0000,0.0000,0.0001,-0.0000,0.0000,0.0000,0.0000,0.4679,0.0000,0.0000,0.0000,0.0000,0.0000,0.0000,0.0000,0.0000,0.0000,0.0000,-0.0000,1.0000,0.0000,0.0000,0.0000,0.0000,nan,1.0000,-0.0000,0.0000,0.0000,-0.0000,-0.0000,1.0000,0.0223,1161.7753,26.3953,1130.7448,0.9685,0.0063,2.4110,0.3167,0.3169,0.0000,0.0000
2.1271,STABLE,STABLE,nan,nan,nan,nan,nan,nan,0.0000,0.0000,0.0000,0.0000,68.0000,0.0004,nan,nan,0.0000,1.0000,0.0000,0.0000,0.0000,0.0000,0.0000,0.0000,0.0000,nan,nan,0.0000,0.0000,0.0000,0.0001,-0.0000,0.0000,0.0000,0.0000,0.4679,0.0000,0.0000,0.0000,0.0000,0.0000,0.0000,0.0000,0.0000,0.0000,0.0000,-0.0000,1.0000,0.0000,0.0000,0.0000,0.0000,nan,1.0000,-0.0000,0.0000,0.0000,-0.0000,-0.0000,1.0000,0.0223,1161.7753,26.3953,1130.7448,0.9685,0.0063,2.4110,0.3167,0.3169,0.0000,0.0000
2.1688,STABLE,STABLE,nan,nan,nan,nan,nan,nan,0.0000,0.0000,0.0000,0.0000,68.0000,0.0004,nan,nan,0.0000,1.0000,0.0000,0.0000,0.0000,0.0000,0.0000,0.0000,0.0000,nan,nan,0.0000,0.0000,0.0000,0.0001,-0.0000,0.0000,0.0000,0.0000,0.4679,0.0000,0.0000,0.0000,0.0000,0.0000,0.0000,0.0000,0.0000,0.0000,0.0000,-0.0000,1.0000,0.0000,0.0000,0.0000,0.0000,nan,1.0000,-0.0000,0.0000,0.0000,-0.0000,-0.0000,1.0000,0.0223,1161.7753,26.3953,1130.7448,0.9685,0.0063,2.4110,0.3167,0.3169,0.0000,0.0000
2.2105,STABLE,STABLE,nan,nan,nan,nan,nan,nan,0.0000,0.0000,0.0000,0.0000,68.0000,0.0004,nan,nan,0.0000,1.0000,0.0000,0.0000,0.0000,0.0000,0.0000,0.0000,0.0000,nan,nan,0.0000,0.0000,0.0000,0.0001,-0.0000,0.0000,0.0000,0.0000,0.4679,0.0000,0.0000,0.0000,0.0000,0.0000,0.0000,0.0000,0.0000,0.0000,0.0000,-0.0000,1.0000,0.0000,0.0000,0.0000,0.0000,nan,1.0000,-0.0000,0.0000,0.0000,-0.0000,-0.0000,1.0000,0.0223,1161.7753,26.3953,1130.7448,0.9685,0.0063,2.4110,0.3167,0.3169,0.0000,6.0377
2.2522,STABLE,STABLE,nan,nan,nan,nan,nan,nan,0.0000,0.0000,0.0000,0.0001,68.0000,0.0004,nan,nan,0.0000,0.9853,0.0000,0.0000,0.0147,0.0000,0.0000,0.0000,0.0000,nan,nan,0.0000,0.0000,0.0001,0.0154,-0.0000,-0.0000,0.0001,0.0000,0.4931,0.0050,0.0000,0.0000,0.0000,0.0000,0.0000,0.0000,0.0000,0.0000,0.0000,0.0000,1.0000,-0.0000,0.0000,0.0000,0.0000,nan,1.0000,0.0000,-0.0001,-0.0000,0.0000,0.0000,1.0000,0.0223,1161.7732,26.3951,1130.7487,0.9685,0.0063,2.4110,0.3167,0.3169,0.5036,5.5406
2.2940,STABLE,STABLE,nan,nan,nan,nan,nan,nan,0.0000,0.0000,0.0000,0.0001,68.0000,0.0004,nan,nan,0.0000,0.9853,0.0000,0.0000,0.0000,0.0000,0.0000,0.0000,0.0147,nan,nan,0.0000,0.0000,0.0001,0.0151,0.0000,0.0000,0.0001,0.0000,0.5213,0.0087,0.0000,0.0000,0.0000,0.0000,0.0000,0.0000,0.0000,0.0000,0.0000,-0.0000,1.0000,0.0000,-0.0000,0.0000,0.0000,nan,1.0000,-0.0000,0.0000,0.0000,-0.0000,-0.0000,1.0000,0.0223,1161.7753,26.3953,1130.7448,0.9685,0.0063,2.4110,0.3167,0.3169,0.4622,-3.9836
2.3357,STABLE,STABLE,nan,nan,nan,nan,nan,nan,0.0000,0.0000,0.0000,0.0000,68.0000,0.0004,nan,nan,0.0000,1.0000,0.0000,0.0000,0.0000,0.0000,0.0000,0.0000,0.0000,nan,nan,0.0000,0.0000,0.0000,0.0001,-0.0000,0.0000,0.0000,0.0000,0.4679,0.0000,0.0000,0.0000,0.0000,0.0000,0.0000,0.0000,0.0000,0.0000,0.0000,-0.0000,1.0000,0.0000,0.0000,0.0000,0.0000,nan,1.0000,-0.0000,-0.0000,0.0000,-0.0000,-0.0000,1.0000,0.0223,1161.7753,26.3953,1130.7448,0.9685,0.0063,2.4110,0.3167,0.3169,0.1713,-8.5510
2.3774,STABLE,STABLE,nan,nan,nan,nan,nan,nan,0.0000,0.0000,0.0000,0.0000,68.0000,0.0004,nan,nan,0.0000,1.0000,0.0000,0.0000,0.0000,0.0000,0.0000,0.0000,0.0000,nan,nan,0.0000,0.0000,0.0000,0.0001,-0.0000,0.0000,0.0000,0.0000,0.4679,0.0000,0.0000,0.0000,0.0000,0.0000,0.0000,0.0000,0.0000,0.0000,0.0000,-0.0000,1.0000,0.0000,0.0000,0.0000,0.0000,nan,1.0000,-0.0000,-0.0000,0.0000,-0.0000,-0.0000,1.0000,0.0223,1161.7753,26.3953,1130.7448,0.9685,0.0063,2.4110,0.3167,0.3169,-0.2511,-12.2759
2.4191,STABLE,STABLE,nan,nan,nan,nan,nan,nan,0.0000,0.0000,0.0000,0.0000,68.0000,0.0004,nan,nan,0.0000,1.0000,0.0000,0.0000,0.0000,0.0000,0.0000,0.0000,0.0000,nan,nan,0.0000,0.0000,0.0000,0.0001,-0.0000,0.0000,0.0000,0.0000,0.4679,0.0000,0.0000,0.0000,0.0000,0.0000,0.0000,0.0000,0.0000,0.0000,0.0000,-0.0000,1.0000,0.0000,0.0000,0.0000,0.0000,nan,1.0000,-0.0000,-0.0000,0.0000,-0.0000,-0.0000,1.0000,0.0223,1161.7753,26.3953,1130.7448,0.9685,0.0063,2.4110,0.3167,0.3169,-0.8527,-17.4333
2.4608,STABLE,STABLE,nan,nan,nan,nan,nan,nan,0.0000,0.0000,0.0000,0.0001,68.0000,0.0004,nan,nan,0.0000,0.9853,0.0000,0.0147,0.0000,0.0000,0.0000,0.0000,0.0000,nan,nan,0.0000,0.0000,0.0001,0.0154,-0.0000,-0.0000,0.0001,0.0000,0.4931,0.0050,0.0000,0.0000,0.0000,0.0000,0.0000,0.0000,0.0000,0.0000,0.0000,0.0000,1.0000,-0.0000,0.0000,0.0000,0.0000,nan,1.0000,-0.0000,-0.0000,0.0000,-0.0000,-0.0000,1.0000,0.0223,1161.7732,26.3951,1130.7487,0.9685,0.0063,2.4110,0.3167,0.3169,-1.7053,-21.1034
2.5025,STABLE,ASCEND,nan,nan,nan,nan,nan,nan,nan,nan,nan,nan,237.0000,0.0014,nan,nan,nan,nan,nan,nan,nan,nan,nan,nan,nan,nan,nan,3.4922,26.3086,9.6419,83.0243,0.0002,-0.0000,1.1042,1.0355,0.4978,19.1271,4.3514,5.3575,3.4648,11.5990,12.3834,9.1753,4.3989,13.8771,4.3522,nan,nan,nan,nan,nan,nan,nan,nan,nan,nan,nan,nan,nan,nan,0.0443,5721.9280,36.4322,426.5657,0.4464,0.2496,-7.8434,0.6361,0.6595,-2.6130,-22.0305
2.5442,DESCEND,ASCEND,-0.2976,-0.0001,0.8273,0.3414,0.3872,0.5277,0.5373,0.0376,0.9100,4.1383,317.0000,0.0018,127.0326,57.8612,0.5373,0.2255,0.0468,0.0255,0.0809,0.1489,0.1574,0.1277,0.1872,258.3400,220.5219,0.0000,1.6049,0.6077,4.4684,-0.0000,0.0000,0.0571,0.0348,0.5130,0.9485,0.0121,0.0000,0.0004,0.4887,0.1272,0.0966,0.5712,0.3249,0.1957,-0.0205,0.9985,0.6577,0.0426,0.6807,2.3221,-0.0007,1.0021,0.0858,0.1416,-0.4430,0.0000,0.0000,1.0000,0.0436,5711.7063,36.1547,399.9865,0.4324,0.2463,-8.9876,0.6250,0.6615,-3.5431,-22.1654
2.5859,DESCEND,ASCEND,-0.2235,0.0000,0.7481,0.2700,0.3903,0.4129,0.4127,0.0086,0.8105,4.5142,325.0000,0.0019,124.2981,63.7312,0.4127,0.3000,0.0290,0.0355,0.0806,0.1161,0.1161,0.1323,0.1903,262.0079,223.9627,0.0000,1.4504,0.6209,4.7333,-0.0000,0.0000,0.0644,0.0423,0.5054,1.7416,0.0001,0.0000,0.0004,0.4622,0.1518,0.1062,0.4995,0.3765,0.2070,-0.0008,0.9988,0.4853,0.1178,0.5528,2.1812,-0.0000,1.0017,0.0688,0.0524,-0.3145,0.0000,0.0000,1.0000,0.0431,5701.9861,35.6210,377.8436,0.4328,0.2480,7.0899,0.6083,0.6752,-4.4620,-21.1990
2.6276,DESCEND,ASCEND,-0.2242,0.0000,0.7509,0.3099,0.3628,0.4732,0.4362,0.0074,0.8233,4.8769,329.0000,0.0019,124.3645,64.5896,0.4362,0.2871,0.0252,0.0315,0.0694,0.1609,0.1167,0.1609,0.1483,263.6275,227.3893,0.0000,1.5091,0.6338,7.4751,-0.0000,-0.0000,0.0703,0.0420,0.4998,1.8959,0.0001,0.0000,0.0004,0.4091,0.1570,0.1101,0.5509,0.4372,0.1978,-0.0031,0.9990,0.4413,0.0845,0.5597,2.1940,-0.0005,1.0004,0.0796,0.4560,-0.2130,0.0000,0.0000,1.0000,0.0423,5698.8829,35.3416,360.6133,0.4309,0.2493,-8.9876,0.6250,0.6615,-5.3114,-17.6704
2.6693,DESCEND,ASCEND,-0.2665,0.0000,0.8403,0.3177,0.3858,0.4568,0.5023,0.0074,0.9804,5.8898,335.0000,0.0019,125.1071,64.9972,0.5023,0.3056,0.0895,0.0370,0.0802,0.1296,0.0679,0.1512,0.1389,266.8347,230.0543,0.0000,1.6883,0.6420,5.7071,-0.0000,0.0000,0.0695,0.0468,0.5115,1.5198,0.0004,0.0000,0.0004,0.3915,0.1620,0.1183,0.5357,0.5275,0.2061,-0.0013,0.9993,0.3549,0.0236,0.6128,2.4318,-0.0018,1.0024,0.1076,-0.2021,-0.4236,0.0000,0.0000,0.9969,0.0420,5703.3753,35.3085,370.6540,0.4297,0.2511,8.0091,0.6000,0.6699,-5.9360,-12.2806
2.7110,DESCEND,ASCEND,-0.2872,0.0000,0.8374,0.3825,0.3963,0.4665,0.5124,0.0174,0.9592,4.6254,354.0000,0.0020,124.8059,65.2474,0.5124,0.3201,0.0305,0.0427,0.0671,0.1372,0.0884,0.1494,0.1646,268.1284,231.6715,0.0000,1.7926,0.6272,5.3550,-0.0000,0.0000,0.0658,0.0362,0.5004,1.2995,0.0002,0.0000,0.0004,0.3721,0.1793,0.1073,0.5601,0.5073,0.1603,0.0061,0.9991,0.4399,0.1146,0.6368,2.3834,-0.0015,1.0038,0.1075,-0.3188,-0.5982,0.0000,0.0000,1.0000,0.0424,5706.6307,35.2877,360.7928,0.4307,0.2515,1.1935,0.6667,0.6401,-6.3358,-6.7235
2.7527,DESCEND,ASCEND,-0.2485,0.0000,0.7463,0.2738,0.3954,0.4785,0.4330,0.0122,0.8275,3.8924,355.0000,0.0021,126.5565,67.3005,0.4330,0.2779,0.0659,0.0573,0.0630,0.1060,0.0802,0.1117,0.2378,265.5446,232.4684,0.0000,1.7847,0.6300,6.8871,-0.0000,0.0000,0.0664,0.0301,0.5198,1.2252,0.0091,0.0000,0.0004,0.3545,0.1668,0.1086,0.5710,0.4947,0.1560,0.0041,0.9992,0.4278,0.0963,0.5650,2.1593,-0.0019,1.0037,0.1086,-0.2561,-0.5268,0.0000,0.0000,1.0000,0.0422,5715.7655,35.4251,384.2418,0.4303,0.2489,-12.1152,0.6083,0.6512,-6.4969,-1.1714
2.7945,DESCEND,ASCEND,-0.2565,-0.0001,0.7748,0.2888,0.4582,0.5331,0.4600,0.0384,0.8621,4.6480,360.0000,0.0021,125.8682,66.0216,0.4600,0.1902,0.0432,0.0548,0.0720,0.1412,0.1153,0.1124,0.2709,261.8350,230.6463,0.0007,1.7853,0.6404,8.9802,-0.0000,-0.0000,0.0699,0.0356,0.4974,1.7074,0.0193,0.0011,0.0036,0.3474,0.2123,0.1235,0.5775,0.4872,0.1560,0.0080,0.9992,0.4405,0.1261,0.5932,2.1642,-0.0022,1.0039,0.1103,-0.2503,-0.5072,0.0000,0.0000,1.0000,0.0415,5716.4744,35.3207,358.1139,0.4288,0.2462,3.0566,0.5750,0.6876,-6.4335,5.0795
2.8362,DESCEND,ASCEND,-0.2587,0.0000,0.8200,0.3536,0.4017,0.4466,0.4785,0.0042,0.8989,4.7880,365.0000,0.0021,126.5321,67.8686,0.4785,0.3174,0.0618,0.0449,0.0899,0.1067,0.0618,0.1011,0.2163,268.2239,232.9221,0.0000,1.8722,0.6327,8.2090,-0.0000,0.0000,0.0692,0.0328,0.5191,2.7896,0.0011,0.0002,0.0004,0.3254,0.2177,0.1242,0.5378,0.4934,0.1732,0.0067,0.9994,0.3457,0.0551,0.5993,2.1739,-0.0021,1.0039,0.1096,-0.2204,-0.5327,0.0000,0.0000,1.0000,0.0415,5711.1491,35.2326,361.0104,0.4270,0.2425,1.8912,0.5694,0.7071,-6.0732,7.7568
2.8779,DESCEND,ASCEND,-0.2496,0.0000,0.7815,0.3278,0.3453,0.4641,0.4587,0.0040,0.8586,4.2354,368.0000,0.0021,127.6816,69.3912,0.4587,0.3619,0.0414,0.0497,0.0746,0.0801,0.0635,0.1022,0.2265,273.4690,234.3230,0.0000,1.7802,0.5748,4.8048,-0.0000,0.0000,0.0566,0.0292,0.5038,2.3218,0.0012,0.0002,0.0004,0.3015,0.2521,0.1079,0.4240,0.4910,0.1611,0.0170,0.9990,0.4762,0.1785,0.6276,2.1248,-0.0008,1.0030,0.1403,-0.0326,-0.4819,0.0000,0.0000,1.0000,0.0412,5706.2318,35.1738,358.8809,0.4263,0.2428,-11.1920,0.6139,0.6354,-5.7865,-2.6545
2.9196,DESCEND,ASCEND,-0.2342,0.0000,0.7609,0.3711,0.4973,0.4918,0.4541,0.0188,0.8047,2.7551,370.0000,0.0021,125.0296,66.2609,0.4541,0.1639,0.0765,0.0792,0.0738,0.1175,0.1175,0.1202,0.2514,262.9868,232.3374,0.0005,1.7748,0.5477,3.3100,-0.0000,-0.0000,0.0538,0.0305,0.4855,1.2874,0.0079,0.0007,0.0016,0.3039,0.2786,0.1105,0.3282,0.5032,0.1756,0.0152,0.9991,0.4501,0.1531,0.6064,2.1524,-0.0018,1.0032,0.1012,-0.1189,-0.4263,0.0000,0.0000,1.0000,0.0420,5706.2174,35.2853,368.4782,0.4257,0.2403,-8.9876,0.6250,0.6615,-6.2946,-11.3158
2.9613,DESCEND,ASCEND,-0.2656,0.0000,0.7966,0.3786,0.3951,0.4060,0.4528,0.0025,0.8246,2.9545,371.0000,0.0021,126.5565,68.1755,0.4528,0.3243,0.0300,0.0518,0.0845,0.1335,0.0654,0.0845,0.2262,270.5280,234.0061,0.0000,1.6702,0.5460,3.7584,-0.0000,-0.0000,0.0486,0.0249,0.4999,1.0894,0.0004,0.0000,0.0004,0.2652,0.3091,0.0836,0.3100,0.5093,0.1544,0.0218,0.9990,0.4641,0.2259,0.6264,2.1735,-0.0014,1.0037,0.1155,-0.1525,-0.5295,0.0000,0.0000,1.0000,0.0411,5710.4990,35.2339,362.8457,0.4252,0.2398,2.9985,0.5694,0.7010,-6.7304,-11.7791
3.0030,DESCEND,ASCEND,-0.2934,0.0000,0.8557,0.2357,0.3388,0.4508,0.4431,0.0022,0.8699,3.5344,371.0000,0.0021,126.0347,67.9805,0.4431,0.3634,0.0355,0.0383,0.0820,0.1230,0.0410,0.0874,0.2295,268.6603,235.0920,0.0000,1.7415,0.5697,4.4178,-0.0000,0.0000,0.0447,0.0199,0.5050,1.0116,0.0062,0.0000,0.0004,0.2518,0.3282,0.0782,0.3093,0.5176,0.1300,0.0219,0.9990,0.4493,0.2404,0.6113,2.2725,-0.0029,1.0045,0.1192,-0.1890,-0.5640,0.0000,0.0000,1.0000,0.0414,5717.2320,35.2872,381.6675,0.4254,0.2395,-10.8641,0.6111,0.6720,-7.2772,-14.6492
3.0447,DESCEND,ASCEND,-0.3184,-0.0125,0.9003,0.2922,0.4087,0.5913,0.5108,0.1275,0.8678,4.2655,376.0000,0.0022,123.3845,64.7251,0.5108,0.1689,0.0463,0.0490,0.0327,0.1117,0.0954,0.1580,0.3379,255.6585,231.8995,0.0202,1.5635,0.5833,5.5115,-0.0001,0.0000,0.0563,0.0415,0.5004,2.2919,0.0398,0.0047,0.0279,0.3062,0.4036,0.1231,0.3181,0.6006,0.1572,0.0197,0.9990,0.4637,0.2369,0.6145,2.4304,-0.0038,1.0040,0.1745,-0.1547,-0.4376,0.0000,0.0000,1.0000,0.0409,5723.1278,35.5157,366.6214,0.4247,0.2365,-11.8282,0.6056,0.6505,-7.9524,-16.6660
3.0864,DESCEND,ASCEND,-0.3181,-0.0000,0.9321,0.2808,0.4160,0.5120,0.4624,0.0081,0.9250,4.8090,384.0000,0.0022,123.8431,65.4597,0.4624,0.2747,0.0453,0.0453,0.0960,0.1493,0.0880,0.1227,0.1787,259.9531,232.6357,0.0000,1.5601,0.6022,6.1461,-0.0000,0.0000,0.0598,0.0270,0.5053,1.9500,0.0037,0.0001,0.0011,0.2239,0.3961,0.0958,0.2817,0.5518,0.1690,0.0255,0.9990,0.4318,0.2894,0.6308,2.4599,-0.0037,1.0054,0.1370,-0.2917,-0.5594,0.0000,0.0000,1.0000,0.0412,5726.0884,35.5405,369.0487,0.4253,0.2362,8.8107,0.6028,0.6746,-8.6674,-16.3442
3.1281,DESCEND,ASCEND,-0.3198,0.0000,0.9039,0.2340,0.4136,0.4869,0.4551,0.0057,0.8996,3.4209,405.0000,0.0023,124.3158,67.1651,0.4551,0.3298,0.0445,0.0288,0.0654,0.1623,0.0707,0.1309,0.1675,264.5844,237.1751,0.0000,1.5754,0.5686,3.5110,-0.0000,0.0000,0.0463,0.0255,0.5123,1.0523,0.0021,0.0000,0.0005,0.1885,0.4404,0.0886,0.2651,0.5007,0.1556,0.0318,0.9992,0.3043,0.2577,0.5869,2.5532,-0.0040,1.0058,0.1259,-0.3450,-0.6055,0.0000,0.0000,1.0000,0.0421,5729.3700,35.6114,371.0683,0.4249,0.2359,10.9541,0.6389,0.6315,-9.3158,-14.4366
3.1698,DESCEND,ASCEND,-0.6467,-0.0001,1.8164,0.3532,0.3836,0.5371,0.8535,0.0227,1.8195,6.6968,401.0000,0.0023,126.0682,68.1655,0.8535,0.3069,0.0639,0.0409,0.0639,0.0793,0.0997,0.1100,0.2353,258.8823,232.9413,0.0001,3.4277,1.2101,6.7363,-0.0000,0.0000,0.0828,0.0401,0.5053,2.4870,0.0233,0.0001,0.0004,0.3418,0.9966,0.1520,0.5733,1.0522,0.2138,0.0247,0.9999,-0.0716,0.0318,0.8896,5.8551,-0.0137,1.0093,0.2809,-0.3995,-1.2209,0.0000,0.0000,0.9437,0.0420,5731.2664,35.7985,377.7092,0.4245,0.2344,-10.9179,0.6111,0.6688,-9.8716,-11.5804
3.2115,DESCEND,ASCEND,-0.3742,0.0000,0.9689,0.2089,0.3719,0.4899,0.4908,0.0048,0.9886,4.0398,404.0000,0.0023,125.9172,67.2807,0.4908,0.2663,0.0402,0.0729,0.0653,0.1206,0.1055,0.0804,0.2487,258.5021,229.0228,0.0000,1.9364,0.6489,3.7945,-0.0000,-0.0000,0.0460,0.0249,0.4852,1.1602,0.0450,0.0005,0.0006,0.0956,0.5471,0.0778,0.2502,0.6631,0.1239,0.0182,0.9990,0.4557,0.1911,0.6664,2.7021,-0.0057,1.0053,0.1658,-0.2561,-0.6383,0.0000,0.0000,1.0000,0.0423,5736.5186,35.8583,377.8215,0.4244,0.2344,8.8543,0.6028,0.6713,-10.2818,-6.0863
3.2532,DESCEND,ASCEND,-0.4083,0.0000,1.0076,0.0875,0.3192,0.4963,0.5096,0.0016,1.0520,3.7091,409.0000,0.0024,127.3573,68.7158,0.5096,0.3192,0.0623,0.0499,0.0574,0.1272,0.0798,0.0623,0.2419,266.6837,227.0615,0.0000,2.1021,0.6885,3.9009,-0.0000,-0.0000,0.0468,0.0175,0.4918,1.2921,0.0075,0.0008,0.0006,0.0653,0.5662,0.0570,0.2458,0.7508,0.1198,0.0167,0.9995,0.1687,0.1157,0.5897,3.0472,-0.0073,1.0063,0.2001,-0.4140,-0.8425,0.0000,0.0000,1.0000,0.0418,5742.2535,35.9367,390.4485,0.4247,0.2344,0.8263,0.5806,0.6934,-10.3793,0.6113
3.2950,DESCEND,ASCEND,-0.4254,-0.0001,1.0539,0.1154,0.2921,0.5297,0.5180,0.0032,1.0914,4.8207,409.0000,0.0024,128.3552,70.1355,0.5180,0.2970,0.0446,0.0619,0.0545,0.1559,0.0990,0.0990,0.1881,273.1350,224.6045,0.0000,2.1834,0.7265,5.6907,-0.0000,0.0000,0.0521,0.0174,0.5045,1.3162,0.0062,0.0005,0.0024,0.0542,0.5787,0.0516,0.2304,0.8281,0.1323,0.0078,0.9995,0.2068,0.0738,0.5988,3.1270,-0.0073,1.0061,0.1983,-0.4014,-0.7918,0.0000,0.0000,1.0000,0.0413,5740.3206,35.8287,370.4035,0.4246,0.2344,-12.1152,0.6083,0.6512,-10.2308,7.0564
3.3367,DESCEND,ASCEND,-0.4267,0.0000,1.0824,0.1022,0.2723,0.4307,0.5277,0.0032,1.1216,5.6144,415.0000,0.0024,131.6243,74.3442,0.5277,0.3936,0.0347,0.0272,0.0619,0.1609,0.0817,0.0470,0.1931,285.7071,228.6034,0.0000,1.9719,0.7380,6.2045,-0.0000,-0.0000,0.0624,0.0239,0.4941,1.6368,0.0037,0.0000,0.0008,0.0342,0.5474,0.0471,0.1940,0.9169,0.1565,0.0087,0.9993,0.3244,0.0922,0.6576,3.0172,-0.0062,1.0062,0.1981,-0.5064,-0.7783,0.0000,0.0000,1.0000,0.0414,5738.8996,35.8891,370.5166,0.4246,0.2339,-4.1051,0.5472,0.6985,-9.7907,13.3823
3.3784,DESCEND,ASCEND,-0.3670,0.0000,0.9653,0.1106,0.2574,0.4632,0.4754,0.0016,1.0120,5.3223,417.0000,0.0024,133.6974,76.3813,0.4754,0.4093,0.0270,0.0270,0.0882,0.1422,0.0760,0.0588,0.1716,292.4291,229.4716,0.0000,1.7549,0.6879,5.5335,-0.0000,0.0000,0.0592,0.0244,0.5248,1.5513,0.0002,0.0000,0.0005,0.0249,0.5459,0.0643,0.1172,0.8834,0.1365,0.0167,0.9994,0.3096,0.1256,0.6256,2.7510,-0.0053,1.0060,0.1858,-0.4302,-0.7405,0.0000,0.0000,1.0000,0.0413,5737.5501,35.8102,377.3272,0.4244,0.2343,8.0091,0.6000,0.6699,-9.1145,18.5576
3.4201,DESCEND,ASCEND,-0.3520,0.0000,0.9355,0.1447,0.2390,0.4780,0.4595,0.0017,0.9748,5.2847,424.0000,0.0025,136.3474,79.2241,0.4595,0.4146,0.0585,0.0268,0.0659,0.1488,0.0683,0.0488,0.1683,301.0160,230.1472,0.0000,1.5501,0.6807,5.4469,-0.0000,0.0000,0.0684,0.0269,0.5019,2.8248,0.0001,0.0000,0.0005,0.0152,0.5137,0.0591,0.0700,0.9181,0.1542,0.0110,0.9996,0.1720,0.0777,0.5387,2.7733,-0.0058,1.0085,0.2192,-0.6837,-1.3034,0.0000,0.0000,1.0000,0.0412,5735.1193,35.7490,367.2857,0.4255,0.2334,1.1017,0.5778,0.6935,-8.2427,23.9523
3.4618,DESCEND,ASCEND,-0.3220,0.0000,0.8729,0.1628,0.2572,0.4255,0.4261,0.0021,0.9303,4.9719,422.0000,0.0024,137.9397,80.5993,0.4261,0.4231,0.0288,0.0216,0.0769,0.1635,0.0529,0.0457,0.1875,303.8673,231.2021,0.0000,1.5794,0.6736,6.1872,-0.0000,0.0000,0.0740,0.0267,0.5108,2.9371,0.0000,0.0000,0.0002,0.0086,0.5004,0.0751,0.0320,0.9476,0.1305,0.0073,0.9995,0.2549,0.0601,0.5385,2.4676,-0.0052,1.0049,0.1517,-0.2943,-0.6435,0.0000,0.0000,1.0000,0.0418,5736.3648,35.8842,375.9630,0.4257,0.2336,0.8263,0.5583,0.6934,-7.1165,16.4263
3.5035,DESCEND,ASCEND,-0.2663,0.0000,0.7918,0.1343,0.3528,0.4599,0.3635,0.0027,0.8532,4.8146,420.0000,0.0024,135.3459,77.4613,0.3635,0.3041,0.0389,0.0438,0.0730,0.1582,0.1046,0.0803,0.1971,294.7292,227.3050,0.0000,1.1814,0.6555,8.3375,-0.0000,0.0000,0.0705,0.0204,0.5089,1.6886,0.0059,0.0002,0.0032,0.0066,0.4601,0.0673,0.0155,0.8939,0.0935,0.0022,0.9996,0.2063,0.0004,0.4616,2.1932,-0.0045,1.0035,0.1291,-0.2111,-0.4913,0.0000,0.0000,1.0000,0.0420,5735.4794,36.1229,395.6815,0.4254,0.2329,0.0000,0.5833,0.6867,-6.8725,11.5286
3.5452,DESCEND,ASCEND,-0.2324,-0.0003,0.7204,0.1874,0.3105,0.5697,0.3686,0.0214,0.8157,4.9031,419.0000,0.0024,132.9052,74.8777,0.3686,0.2445,0.0709,0.0489,0.0856,0.1540,0.0905,0.1002,0.2054,286.3107,226.0913,0.0000,1.1360,0.6387,6.6417,-0.0000,0.0000,0.0777,0.0263,0.5044,2.0735,0.0351,0.0000,0.0016,0.0124,0.4507,0.0944,0.0068,0.9045,0.1067,0.0028,0.9996,0.2041,-0.0032,0.4564,2.1009,-0.0043,1.0027,0.0992,-0.0334,-0.3993,0.0000,0.0000,1.0000,0.0417,5730.1654,36.1339,375.8079,0.4262,0.2334,8.8543,0.6028,0.6713,-6.1548,16.2776
3.5869,DESCEND,ASCEND,-0.2041,0.0000,0.6491,0.1910,0.3505,0.3922,0.3407,0.0017,0.7720,5.7440,414.0000,0.0024,133.1528,75.8313,0.3407,0.3775,0.0515,0.0539,0.1103,0.1275,0.0637,0.0760,0.1397,288.2335,227.6170,0.0000,1.1490,0.6011,5.7980,-0.0000,-0.0000,0.0713,0.0273,0.4935,1.7446,0.0004,0.0000,0.0002,0.0016,0.4437,0.0966,0.0168,0.8350,0.1245,-0.0000,0.9997,0.1925,-0.0270,0.4374,2.0119,-0.0042,1.0023,0.0933,-0.0515,-0.3844,0.0000,0.0000,0.9975,0.0420,5726.5497,36.0288,373.6752,0.4255,0.2336,0.0000,0.5500,0.6933,-5.5147,13.7383
3.6286,DESCEND,ASCEND,-0.2061,0.0000,0.6380,0.1491,0.3415,0.4865,0.2995,0.0021,0.7170,4.8114,414.0000,0.0024,132.0421,74.3876,0.2995,0.3047,0.0590,0.0418,0.1106,0.1425,0.0639,0.0983,0.1794,283.6616,226.3504,0.0000,1.1040,0.5628,4.9815,-0.0000,-0.0000,0.0623,0.0241,0.4933,1.4872,0.0006,0.0000,0.0004,0.0077,0.4241,0.0769,0.0338,0.7434,0.0980,0.0023,0.9997,0.2002,-0.0070,0.4003,1.9428,-0.0042,1.0025,0.0909,-0.0815,-0.3447,0.0000,0.0000,1.0000,0.0414,5722.5241,35.9345,372.7729,0.4255,0.2335,0.0000,0.5500,0.6800,-5.0088,10.8261
3.6703,DESCEND,ASCEND,-0.2100,0.0000,0.6542,0.1566,0.2562,0.4581,0.2990,0.0014,0.7188,5.4269,413.0000,0.0024,133.9684,77.0980,0.2990,0.3867,0.0690,0.0271,0.0788,0.1576,0.0714,0.0567,0.1527,291.2821,227.5772,0.0000,1.0222,0.5559,5.3850,-0.0000,-0.0000,0.0622,0.0219,0.4965,1.3570,0.0006,0.0000,0.0004,0.0015,0.4022,0.0907,0.0389,0.7181,0.0975,0.0015,0.9997,0.1782,0.0063,0.3859,1.7518,-0.0045,1.0022,0.0789,-0.0476,-0.3006,0.0000,0.0000,0.9975,0.0415,5720.3079,35.9257,369.8861,0.4260,0.2344,-1.9092,0.5528,0.7004,-4.6116,8.7412
3.7120,DESCEND,ASCEND,-0.1819,-0.0000,0.5730,0.1576,0.4010,0.5159,0.2894,0.0090,0.6246,5.6022,419.0000,0.0024,129.5538,71.6430,0.2894,0.2641,0.0733,0.0489,0.0856,0.1907,0.0905,0.0905,0.1565,273.9894,226.6427,0.0000,1.0507,0.5645,10.7793,-0.0000,0.0000,0.0760,0.0248,0.5014,2.6525,0.0312,0.0000,0.0014,0.0062,0.3690,0.1243,0.0225,0.7447,0.1147,0.0072,0.9996,0.1584,0.0331,0.3677,1.5699,-0.0041,1.0013,0.0570,0.0364,-0.1597,0.0000,-0.0000,0.9976,0.0415,5710.7103,35.8826,372.4939,0.4250,0.2335,8.8543,0.6028,0.6713,-4.2796,6.5510
3.7537,DESCEND,ASCEND,-0.1826,0.0000,0.5779,0.1819,0.3213,0.4879,0.2810,0.0016,0.6358,4.9862,419.0000,0.0024,128.6139,70.5800,0.2810,0.3092,0.0531,0.0604,0.0700,0.1691,0.0749,0.1039,0.1594,271.3407,223.9491,0.0000,0.9570,0.4899,6.8769,-0.0000,-0.0000,0.0596,0.0148,0.4932,2.3446,0.0092,0.0000,0.0002,0.0018,0.3619,0.0834,0.0083,0.6342,0.0976,0.0090,0.9997,0.1293,0.0051,0.3635,1.5003,-0.0043,1.0018,0.0626,-0.0745,-0.1950,0.0000,0.0000,1.0000,0.0419,5706.4779,35.8946,387.4950,0.4249,0.2332,-1.0964,0.5611,0.6968,-4.0651,4.6835
3.7955,DESCEND,ASCEND,-0.1695,0.0000,0.5310,0.2032,0.4423,0.4591,0.2868,0.0265,0.5906,4.5346,422.0000,0.0024,126.9523,69.0798,0.2868,0.2260,0.0529,0.0529,0.0913,0.1971,0.1130,0.1034,0.1635,264.6688,223.6273,0.0000,0.9825,0.4059,5.2780,-0.0000,0.0000,0.0454,0.0179,0.5043,1.0461,0.0139,0.0000,0.0004,0.0119,0.3460,0.0953,0.0168,0.5483,0.0967,0.0090,0.9997,0.1306,0.0118,0.3605,1.4387,-0.0044,1.0019,0.0584,-0.0936,-0.2041,0.0000,0.0000,1.0000,0.0415,5702.8192,35.7213,366.9279,0.4252,0.2331,1.9462,0.5806,0.6871,-3.8889,4.8383
3.8372,DESCEND,ASCEND,-0.1448,0.0000,0.4640,0.2659,0.3532,0.4320,0.2770,0.0019,0.5030,2.5097,423.0000,0.0024,126.7842,68.4457,0.2770,0.3294,0.0310,0.0549,0.0859,0.1575,0.0955,0.1146,0.1313,263.3164,222.6670,0.0000,0.9499,0.3544,3.1934,-0.0000,-0.0000,0.0423,0.0236,0.4994,1.0691,0.0336,0.0000,0.0002,0.0034,0.3137,0.1033,0.0154,0.4749,0.1052,0.0021,0.9997,0.1426,-0.0308,0.3565,1.3611,-0.0041,1.0019,0.0576,-0.0862,-0.2573,0.0000,0.0000,1.0000,0.0417,5703.1526,35.5031,366.5125,0.4253,0.2323,-1.0964,0.5500,0.6968,-3.6615,6.4718
3.8789,DESCEND,ASCEND,-0.1393,0.0000,0.4164,0.2388,0.3050,0.4563,0.2568,0.0020,0.4633,2.6415,427.0000,0.0025,127.4748,69.7344,0.2568,0.3830,0.0307,0.0355,0.0827,0.1418,0.0780,0.1135,0.1348,269.1314,224.2021,0.0000,0.8563,0.3135,3.0192,-0.0000,-0.0000,0.0355,0.0205,0.4971,0.8634,0.0124,0.0000,0.0005,0.0050,0.3001,0.1031,0.0284,0.3844,0.1040,0.0063,0.9997,0.1212,0.0002,0.3277,1.2424,-0.0034,1.0013,0.0442,-0.0185,-0.1632,0.0000,0.0000,1.0000,0.0410,5698.9918,35.4175,362.4418,0.4249,0.2321,2.2240,0.5667,0.6872,-3.3491,4.8834
3.9206,DESCEND,ASCEND,-0.1291,0.0000,0.3820,0.2602,0.2934,0.4460,0.2459,0.0017,0.4258,2.3718,430.0000,0.0025,127.9721,70.5837,0.2459,0.3662,0.0399,0.0282,0.0915,0.1479,0.1033,0.0751,0.1479,272.6617,225.6434,0.0000,0.8622,0.3044,2.6073,-0.0000,-0.0000,0.0367,0.0214,0.4905,0.7157,0.0093,0.0000,0.0005,0.0021,0.3006,0.1114,0.0349,0.3537,0.1213,0.0061,0.9997,0.1158,0.0244,0.3059,1.2156,-0.0029,1.0012,0.0415,-0.0202,-0.1803,0.0000,0.0000,1.0000,0.0411,5701.3482,35.4028,360.6597,0.4248,0.2315,-1.1178,0.5611,0.6835,-3.2542,1.5422
3.9623,DESCEND,ASCEND,-0.1475,0.0000,0.4350,0.1975,0.3233,0.4814,0.2520,0.0021,0.4620,2.1484,433.0000,0.0025,127.2168,70.3192,0.2520,0.3209,0.0372,0.0442,0.0814,0.1651,0.1093,0.0837,0.1581,271.7949,225.7677,0.0000,0.7544,0.3170,2.7435,-0.0000,0.0000,0.0370,0.0235,0.5080,0.7690,0.0047,0.0000,0.0005,0.0077,0.2813,0.0969,0.0511,0.3720,0.1091,0.0033,0.9996,0.1523,0.0089,0.3238,1.4042,-0.0031,1.0015,0.0554,-0.0413,-0.2218,0.0000,0.0000,1.0000,0.0411,5702.0666,35.4561,361.3214,0.4244,0.2316,-1.0964,0.5667,0.6968,-3.2204,-0.6187
4.0040,DESCEND,ASCEND,-0.1268,0.0000,0.4495,0.2915,0.4388,0.4619,0.2778,0.0305,0.4757,1.9675,438.0000,0.0025,125.2515,68.1808,0.2778,0.2379,0.0231,0.0346,0.0924,0.1940,0.1363,0.1178,0.1640,262.7293,224.8222,0.0000,0.8194,0.3346,2.7276,-0.0000,-0.0000,0.0362,0.0200,0.4961,0.8746,0.0456,0.0000,0.0005,0.0115,0.2785,0.0875,0.0554,0.4369,0.1071,0.0061,0.9997,0.1285,-0.0490,0.3583,1.3549,-0.0027,1.0015,0.0522,-0.1397,-0.2868,0.0000,0.0000,1.0000,0.0410,5703.7079,35.5058,379.5966,0.4238,0.2316,8.8983,0.6028,0.6680,-3.3058,-2.2671
4.0457,DESCEND,ASCEND,-0.1163,0.0000,0.5278,0.2735,0.4805,0.4645,0.3758,0.1578,0.5621,3.5240,443.0000,0.0026,124.2607,67.4913,0.3758,0.1213,0.0183,0.0137,0.1533,0.3204,0.1304,0.1098,0.1327,259.6237,223.7271,0.0004,0.9246,0.3888,3.7836,-0.0000,0.0000,0.0447,0.0283,0.5050,0.8690,0.0213,0.0000,0.0005,0.0845,0.3479,0.0986,0.1027,0.5758,0.1143,0.0092,0.9998,0.0775,-0.1049,0.4393,1.5884,-0.0033,1.0009,0.0482,-0.1113,-0.1966,0.0000,-0.0000,1.0000,0.0406,5699.2925,35.3231,348.5236,0.4232,0.2311,7.0334,0.4694,0.5172,-3.4095,-3.4562
4.0874,DESCEND,ASCEND,-0.1289,-0.0000,0.5754,0.3706,0.4032,0.5011,0.3721,0.0112,0.6689,3.7522,443.0000,0.0026,124.3908,67.0841,0.3721,0.2164,0.0478,0.0547,0.0911,0.1868,0.1162,0.1367,0.1503,258.9045,223.4205,0.0000,0.9645,0.4548,5.8176,-0.0000,0.0000,0.0643,0.0289,0.5202,1.7698,0.0248,0.0000,0.0011,0.0169,0.3366,0.1241,0.0506,0.6025,0.1115,0.0000,0.9998,0.0971,-0.1247,0.4517,1.5843,-0.0029,1.0010,0.0568,-0.0748,-0.2733,0.0000,-0.0000,1.0000,0.0405,5700.3221,35.2122,354.7584,0.4233,0.2312,-1.1233,0.5611,0.6801,-3.5941,-3.8795
4.1291,DESCEND,ASCEND,-0.1519,-0.0000,0.5683,0.2701,0.3265,0.5000,0.3516,0.0095,0.6678,4.3771,448.0000,0.0026,124.4478,67.3243,0.3516,0.2717,0.0639,0.0434,0.0753,0.1667,0.1073,0.1256,0.1461,260.2269,220.3385,0.0000,0.9599,0.4413,4.1302,0.0000,0.0000,0.0607,0.0313,0.5008,1.5060,0.0363,0.0001,0.0015,0.0014,0.3037,0.1104,0.0353,0.6258,0.1047,0.0056,0.9997,0.1455,-0.0406,0.4317,1.4560,-0.0034,1.0017,0.0749,-0.1224,-0.3317,0.0000,0.0000,1.0000,0.0402,5696.5738,35.2102,350.8579,0.4238,0.2324,8.8543,0.6028,0.6713,-3.7332,-1.6392
4.1708,DESCEND,ASCEND,-0.2210,0.0000,0.9657,0.4850,0.4163,0.4737,0.5652,0.0336,1.2421,14.3259,432.0000,0.0025,125.5715,68.0875,0.5652,0.1914,0.0431,0.0550,0.1292,0.2297,0.0909,0.1053,0.1555,259.2485,222.1785,0.0000,1.9483,1.1424,14.2568,-0.0000,-0.0000,0.1583,0.0508,0.4995,3.3345,0.0388,0.0000,0.0005,0.0163,0.5224,0.2249,0.2125,1.6194,0.1861,0.0095,0.9997,0.1456,-0.0638,0.6695,2.3489,-0.0068,1.0026,0.0872,0.0527,-0.4790,0.0000,-0.0000,0.9880,0.0396,5696.3856,35.1761,350.5835,0.4228,0.2328,-1.0964,0.5611,0.6968,-3.7308,0.9810
4.2125,DESCEND,ASCEND,-0.1575,0.0000,0.6101,0.2054,0.4624,0.4742,0.3398,0.1089,0.6601,4.5701,440.0000,0.0025,125.1432,68.5655,0.3398,0.1573,0.0235,0.0423,0.1643,0.2347,0.1056,0.1009,0.1714,263.4418,218.9252,0.0013,0.9370,0.5268,5.7713,-0.0000,-0.0000,0.0779,0.0357,0.4917,1.8126,0.0526,0.0012,0.0021,0.0711,0.2766,0.1361,0.1341,0.7297,0.0962,0.0083,1.0000,0.0156,-0.0661,0.3783,1.3284,-0.0052,1.0027,0.0816,-0.3443,-0.3613,0.0000,0.0000,1.0000,0.0393,5699.7804,35.2408,346.2649,0.4215,0.2317,-4.1248,0.5472,0.6951,-3.6513,0.7262
4.2542,DESCEND,ASCEND,-0.1637,-0.0009,0.5726,0.1773,0.3356,0.5977,0.3314,0.1017,0.7218,7.8554,442.0000,0.0026,123.6431,67.5684,0.3314,0.1517,0.0460,0.0391,0.0759,0.2368,0.1701,0.1425,0.1379,258.9202,218.9691,0.0008,0.8186,0.4881,4.9691,-0.0000,0.0000,0.0710,0.0275,0.5117,2.0137,0.0232,0.0011,0.0013,0.0190,0.2814,0.1009,0.1252,0.6773,0.1069,0.0104,0.9998,0.0839,-0.0207,0.3793,1.1913,-0.0046,1.0025,0.0718,-0.2623,-0.3017,0.0000,0.0000,0.9977,0.0394,5697.8270,35.3181,359.9440,0.4216,0.2303,14.0362,0.6417,0.4535,-3.6702,0.2537
4.2960,DESCEND,ASCEND,-0.1525,-0.0002,0.5564,0.2123,0.4770,0.5184,0.3361,0.1079,0.6244,5.6428,442.0000,0.0026,122.6342,66.4438,0.3361,0.1106,0.0484,0.0668,0.1129,0.2396,0.1267,0.1221,0.1728,251.0402,219.0190,0.0030,0.8589,0.5036,6.3227,0.0001,0.0000,0.0728,0.0377,0.5075,1.6988,0.0752,0.0018,0.0063,0.0406,0.3266,0.1123,0.1497,0.6662,0.0990,0.0084,0.9998,0.1102,-0.0357,0.3892,1.1939,-0.0051,1.0022,0.0740,-0.1622,-0.3598,0.0000,0.0000,0.9977,0.0392,5695.1716,35.3112,348.3884,0.4209,0.2247,8.0491,0.6000,0.6666,-3.6302,2.0799
4.3377,DESCEND,ASCEND,-0.1385,0.0000,0.5404,0.2321,0.4237,0.4897,0.3023,0.0095,0.6286,5.5029,449.0000,0.0026,122.3327,66.4589,0.3023,0.2506,0.0273,0.0410,0.1048,0.1686,0.0752,0.1298,0.2027,251.4495,220.7978,0.0000,0.8671,0.4563,6.6499,-0.0000,0.0000,0.0633,0.0279,0.5054,1.4896,0.0376,0.0013,0.0005,0.0131,0.2793,0.1059,0.1004,0.5640,0.0821,0.0040,0.9999,0.1250,-0.0703,0.3773,1.3454,-0.0052,1.0029,0.0815,-0.1867,-0.4171,0.0000,0.0000,0.9977,0.0381,5697.0780,35.1892,340.0286,0.4212,0.2245,8.8107,0.6028,0.6746,-3.4967,2.0455
4.3794,DESCEND,ASCEND,-0.1092,0.0000,0.4703,0.1766,0.3982,0.4412,0.2773,0.0084,0.6039,5.0887,448.0000,0.0026,122.3954,66.8213,0.2773,0.3077,0.0656,0.0362,0.0701,0.1584,0.0747,0.0814,0.2059,253.7150,223.7482,0.0000,0.7171,0.3944,5.2422,-0.0000,-0.0000,0.0516,0.0233,0.4954,0.9727,0.0020,0.0000,0.0005,0.0050,0.2623,0.0983,0.0826,0.4789,0.0762,0.0046,0.9999,0.1326,-0.0379,0.3520,1.3258,-0.0039,1.0021,0.0670,-0.0395,-0.2945,0.0000,0.0000,1.0000,0.0384,5696.2994,35.1405,336.7401,0.4210,0.2235,2.9207,0.5667,0.6542,-3.4595,2.0546
4.4211,DESCEND,ASCEND,-0.1093,0.0000,0.5368,0.2027,0.4289,0.4470,0.2856,0.0228,0.6478,7.1407,447.0000,0.0026,122.8584,67.4790,0.2856,0.3025,0.0451,0.0519,0.1151,0.1309,0.0993,0.0858,0.1693,257.3696,224.4672,0.0000,0.6561,0.4293,5.9035,-0.0000,-0.0000,0.0514,0.0244,0.4962,1.0229,0.0006,0.0000,0.0005,0.0213,0.2623,0.1003,0.0694,0.5147,0.0908,0.0034,0.9999,0.1413,-0.0333,0.3563,1.3519,-0.0042,1.0023,0.0744,-0.1034,-0.2585,0.0000,0.0000,0.9955,0.0387,5698.6585,35.1367,333.6059,0.4205,0.2230,9.0330,0.6028,0.6582,-3.3254,1.1751
4.4628,DESCEND,ASCEND,-0.1386,-0.0001,0.5274,0.2259,0.3468,0.5158,0.2953,0.0165,0.6495,5.5742,449.0000,0.0026,123.5265,68.2868,0.2953,0.3086,0.0541,0.0676,0.0698,0.1441,0.0631,0.1036,0.1892,261.9919,225.1947,0.0000,0.6680,0.4420,5.9563,-0.0000,-0.0000,0.0549,0.0238,0.4905,1.2968,0.0172,0.0000,0.0002,0.0122,0.2739,0.0980,0.0749,0.5161,0.0864,0.0005,1.0000,0.1568,-0.0364,0.3662,1.5356,-0.0052,1.0026,0.0772,-0.0569,-0.2547,0.0000,0.0000,0.9977,0.0390,5695.7341,35.0519,329.3167,0.4203,0.2229,8.2099,0.5972,0.6769,-3.3615,-2.1737
4.5045,DESCEND,ASCEND,-0.1728,-0.0001,0.5652,0.1982,0.4045,0.5191,0.3241,0.0661,0.6763,5.8050,448.0000,0.0026,122.9715,67.5844,0.3241,0.2966,0.0562,0.0674,0.0494,0.0989,0.0899,0.1056,0.2360,258.0742,224.8767,0.0000,0.6730,0.4564,6.3107,-0.0001,-0.0000,0.0518,0.0219,0.4952,1.7755,0.0524,0.0000,0.0005,0.0357,0.2877,0.0942,0.1217,0.5313,0.0578,0.0085,0.9999,0.2056,0.0320,0.4015,1.5924,-0.0068,1.0029,0.0790,-0.1301,-0.2221,0.0000,0.0000,0.9933,0.0389,5696.3335,35.1343,348.9421,0.4209,0.2233,9.1805,0.6056,0.6686,-3.5067,0.5373
4.5462,DESCEND,ASCEND,-0.1173,-0.0003,0.4508,0.2206,0.4077,0.5225,0.3245,0.1180,0.6186,4.9270,449.0000,0.0026,121.8098,65.3399,0.3245,0.2883,0.0495,0.0225,0.0203,0.0698,0.1351,0.2342,0.1802,242.5889,221.3877,0.0001,0.6791,0.4036,5.5544,-0.0000,-0.0000,0.0500,0.0213,0.4977,2.1337,0.0593,0.0015,0.0005,0.0756,0.3067,0.0915,0.1063,0.4539,0.0767,-0.0030,0.9999,0.2350,-0.0404,0.3867,1.5805,-0.0066,1.0030,0.1017,-0.1730,-0.2821,0.0000,0.0000,1.0000,0.0383,5694.6653,34.8822,321.8741,0.4208,0.2229,7.8917,0.5944,0.6798,-3.3167,4.8522
4.5879,DESCEND,ASCEND,-0.1494,0.0000,0.4722,0.1264,0.3618,0.4876,0.2831,0.0028,0.5919,3.4320,454.0000,0.0026,121.7940,66.3211,0.2831,0.3685,0.0517,0.0652,0.0831,0.1034,0.0787,0.1191,0.1303,248.6670,221.6655,0.0000,0.7230,0.3947,4.3990,-0.0000,-0.0000,0.0541,0.0213,0.4903,1.1371,0.0036,0.0000,0.0005,0.0074,0.2911,0.0929,0.1018,0.4513,0.0601,-0.0006,0.9999,0.2097,-0.0000,0.3875,1.6710,-0.0094,1.0039,0.1027,-0.2594,-0.3677,0.0000,0.0000,1.0000,0.0382,5692.0867,34.7891,322.3288,0.4210,0.2225,1.1288,0.5778,0.6768,-3.1019,7.2146
4.6296,DESCEND,ASCEND,-0.1732,0.0000,0.5673,0.1850,0.3867,0.4467,0.3322,0.0067,0.6690,4.4748,451.0000,0.0026,121.8008,66.9416,0.3322,0.3844,0.0622,0.0467,0.0733,0.0911,0.0889,0.1156,0.1378,253.8572,223.5441,0.0000,0.9046,0.4391,5.0635,-0.0000,-0.0000,0.0561,0.0219,0.4926,1.2497,0.0003,0.0000,0.0005,0.0081,0.3272,0.0962,0.1599,0.4603,0.0773,-0.0008,1.0000,0.2410,-0.0094,0.4519,1.8044,-0.0105,1.0047,0.1242,-0.3471,-0.4625,0.0000,0.0000,1.0000,0.0377,5689.5372,34.7048,320.0297,0.4210,0.2220,-24.0343,0.7167,0.5402,-2.7149,8.1967
4.6713,DESCEND,ASCEND,-0.1022,-0.0000,0.5442,0.3836,0.4427,0.5034,0.3669,0.1012,0.6907,4.8046,448.0000,0.0026,121.3339,65.3771,0.3669,0.2719,0.0449,0.0562,0.0449,0.0742,0.1551,0.1573,0.1955,239.5813,224.2946,0.0001,0.9289,0.4551,5.7614,-0.0000,-0.0000,0.0551,0.0273,0.4943,0.9611,0.0546,0.0013,0.0002,0.0711,0.3435,0.0827,0.1619,0.5332,0.0808,-0.0030,0.9999,0.2427,-0.0126,0.4497,1.7327,-0.0062,1.0038,0.1205,-0.2654,-0.3652,0.0000,0.0000,1.0000,0.0384,5688.2143,34.6849,318.3975,0.4210,0.2225,9.2461,0.5889,0.5809,-2.4182,8.1770
4.7130,DESCEND,ASCEND,-0.1140,0.0000,0.5631,0.3906,0.3756,0.4231,0.3412,0.0019,0.7341,4.7505,446.0000,0.0026,122.0692,65.8629,0.3412,0.3348,0.0701,0.0656,0.0792,0.1380,0.0995,0.0566,0.1561,243.7997,227.2989,0.0000,0.9886,0.4744,4.9109,-0.0000,-0.0000,0.0613,0.0232,0.4909,1.0743,0.0005,0.0000,0.0002,0.0037,0.3270,0.0983,0.1601,0.5528,0.0700,0.0068,1.0001,0.1668,0.0017,0.4621,1.8976,-0.0095,1.0044,0.1120,-0.4278,-0.4464,0.0000,0.0000,1.0000,0.0386,5688.5755,34.7722,317.0692,0.4205,0.2236,-0.8263,0.5583,0.6934,-2.0328,10.0430
4.7547,STABLE,ASCEND,-0.0137,0.0000,0.4725,0.4986,0.4796,0.3891,0.3186,0.0022,0.7061,5.5554,446.0000,0.0026,121.9788,64.7786,0.3186,0.2964,0.0430,0.0543,0.0701,0.1154,0.0950,0.1199,0.2059,234.3739,226.9533,0.0000,0.7730,0.4409,5.1356,-0.0000,-0.0000,0.0460,0.0162,0.4849,1.0129,0.0103,0.0000,0.0005,0.0106,0.2907,0.0755,0.0963,0.5511,0.0537,0.0055,1.0000,0.1869,-0.0138,0.4418,1.6780,0.0000,1.0043,0.1481,-0.3705,-0.4471,0.0000,0.0000,0.9977,0.0387,5686.0265,34.8473,331.3536,0.4302,0.2227,9.0458,0.6000,0.6784,-1.5804,10.9251
4.7965,STABLE,ASCEND,0.0165,0.0000,0.5229,0.7661,0.4932,0.4750,0.3705,0.0953,0.7115,4.6400,447.0000,0.0026,122.7516,64.2278,0.3705,0.3273,0.0795,0.0386,0.0386,0.0795,0.0864,0.0500,0.3000,231.8522,228.5514,0.0001,0.8371,0.5211,5.2029,-0.0000,0.0000,0.0525,0.0254,0.5114,1.4515,0.0350,0.0000,0.0011,0.0434,0.2907,0.1102,0.1356,0.7334,0.0912,0.0168,1.0000,0.1728,0.0291,0.4480,1.7365,0.0051,1.0039,0.1122,-0.4621,-0.4333,0.0000,0.0000,1.0000,0.0390,5679.0127,34.6731,315.0831,0.4304,0.2217,3.0865,0.5750,0.6810,-1.1214,8.4145
4.8382,STABLE,ASCEND,-0.0234,0.0000,0.5433,0.4933,0.4172,0.4331,0.3141,0.0025,0.7136,4.2530,446.0000,0.0026,122.2333,65.4398,0.3141,0.3129,0.0658,0.0408,0.0816,0.1587,0.1066,0.0635,0.1701,240.9489,228.3069,0.0000,0.8309,0.5452,6.6058,0.0000,-0.0000,0.0650,0.0244,0.4968,1.6860,0.0273,0.0001,0.0018,0.0054,0.2819,0.0809,0.1029,0.7243,0.0636,0.0119,1.0000,0.1060,-0.0041,0.4022,1.6775,-0.0008,1.0029,0.0923,-0.3189,-0.3016,0.0000,0.0000,1.0000,0.0387,5677.4506,34.4971,304.5412,0.4299,0.2227,2.8064,0.5722,0.6808,-0.8785,9.4441
4.8799,STABLE,ASCEND,-0.0112,0.0000,0.5296,0.5275,0.4475,0.4543,0.3137,0.0246,0.7009,4.5904,442.0000,0.0026,122.4287,66.4155,0.3137,0.2740,0.0890,0.0548,0.1027,0.1005,0.0890,0.0708,0.2192,246.7838,225.3929,0.0000,0.8373,0.5510,5.5429,-0.0000,0.0000,0.0735,0.0259,0.5098,1.9674,0.0044,0.0001,0.0012,0.0249,0.2637,0.0967,0.1442,0.7238,0.0701,0.0048,1.0002,0.0642,-0.0588,0.3693,1.5372,0.0004,1.0028,0.0817,-0.2919,-0.3222,0.0000,0.0000,1.0000,0.0387,5678.1039,34.3504,304.6855,0.4301,0.2225,3.9452,0.5778,0.6783,-0.3336,11.1483
4.9216,STABLE,ASCEND,-0.0658,0.0000,0.6198,0.4875,0.4566,0.4658,0.3242,0.0408,0.7769,6.2399,446.0000,0.0026,123.3619,67.6119,0.3242,0.2511,0.0594,0.0685,0.0868,0.1233,0.0799,0.0685,0.2626,253.8597,230.7162,0.0000,0.7816,0.5485,6.4992,-0.0000,0.0000,0.0718,0.0263,0.5084,2.7226,0.0187,0.0000,0.0002,0.0212,0.2484,0.0831,0.1472,0.7275,0.0777,0.0095,1.0001,0.0522,-0.0398,0.3716,1.4973,-0.0033,1.0020,0.0672,-0.2095,-0.1984,0.0000,0.0000,0.9977,0.0386,5674.3059,34.3839,311.3575,0.4300,0.2217,8.9726,0.5917,0.5771,0.0514,6.9946
4.9633,STABLE,ASCEND,-0.0125,0.0000,0.5938,0.6236,0.5068,0.3914,0.2874,0.0069,0.7390,5.0887,444.0000,0.0026,122.7545,66.8615,0.2874,0.2602,0.0792,0.0679,0.0701,0.1425,0.0747,0.1018,0.2036,249.4827,234.9683,0.0000,0.7268,0.5015,4.7690,-0.0000,0.0000,0.0611,0.0218,0.5070,1.5004,0.0248,0.0000,0.0005,0.0029,0.2379,0.0674,0.0932,0.6586,0.0554,0.0040,1.0001,0.0553,-0.0543,0.3380,1.5104,0.0003,1.0021,0.0733,-0.1911,-0.2264,0.0000,0.0000,1.0000,0.0388,5671.8994,34.4686,316.2913,0.4299,0.2215,8.9726,0.5917,0.5771,0.2498,4.1233
5.0050,STABLE,ASCEND,0.0136,0.0000,0.4685,0.6859,0.4492,0.4492,0.2533,0.0028,0.6501,4.6341,447.0000,0.0026,122.2830,65.6469,0.2533,0.2596,0.0858,0.0655,0.0835,0.1061,0.1061,0.0971,0.1964,242.0696,234.3837,0.0000,0.5908,0.4510,4.6656,-0.0000,-0.0000,0.0538,0.0145,0.4930,1.2258,0.0168,0.0000,0.0005,0.0229,0.2376,0.0467,0.0832,0.5550,0.0233,0.0072,1.0000,0.0840,-0.0186,0.3184,1.2916,0.0000,1.0024,0.0742,-0.2335,-0.2716,0.0000,0.0000,1.0000,0.0388,5667.9591,34.4994,323.7913,0.4295,0.2209,1.9653,0.5750,0.6804,0.3954,1.5004
5.0467,STABLE,ASCEND,0.0323,0.0003,0.3362,0.7049,0.5286,0.4577,0.2485,0.0567,0.5456,3.9942,445.0000,0.0026,123.7860,64.6510,0.2485,0.1281,0.1098,0.1854,0.1259,0.1350,0.1053,0.0847,0.1259,240.8707,230.2080,0.0019,0.6023,0.4388,6.1796,-0.0000,0.0000,0.0569,0.0274,0.5163,1.3109,0.0206,0.0073,0.0033,0.0406,0.2542,0.0734,0.0717,0.5873,0.0502,0.0035,1.0001,0.0484,-0.0395,0.2902,1.2461,0.0051,1.0023,0.0699,-0.2433,-0.2519,0.0000,0.0000,1.0000,0.0385,5655.3198,34.3739,311.5560,0.4298,0.2218,3.0865,0.5750,0.6810,0.3750,2.2824
5.0884,STABLE,ASCEND,0.0292,0.0000,0.3617,0.7806,0.4580,0.4444,0.2455,0.0069,0.5961,5.1109,443.0000,0.0026,122.9512,64.9330,0.2455,0.2132,0.0884,0.0748,0.1361,0.1565,0.0998,0.0703,0.1610,241.8655,228.5084,0.0000,0.5550,0.4242,5.4252,-0.0000,0.0000,0.0541,0.0184,0.5058,1.5647,0.0002,0.0016,0.0009,0.0155,0.2440,0.0751,0.0676,0.5210,0.0443,0.0122,1.0000,0.0772,0.0039,0.3261,1.2051,0.0057,1.0025,0.0724,-0.2442,-0.2827,0.0000,0.0000,1.0000,0.0388,5649.5236,34.3079,309.7881,0.4296,0.2205,8.0091,0.6000,0.6699,0.5858,6.1020
5.1301,STABLE,ASCEND,0.0954,0.0000,0.8025,1.5380,0.4747,0.4286,0.4335,0.0556,1.0062,9.9390,439.0000,0.0025,123.9317,64.3498,0.4335,0.2005,0.0691,0.1290,0.1843,0.1382,0.0991,0.0599,0.1198,240.0393,226.6586,0.0000,0.9292,0.7622,10.1840,-0.0000,0.0000,0.0976,0.0293,0.5269,3.4116,0.0128,0.0016,0.0004,0.0391,0.4537,0.1524,0.1590,0.8718,0.0490,0.0049,1.0000,0.0948,-0.0208,0.5032,2.2834,0.0112,1.0039,0.1024,-0.2885,-0.4370,0.0000,0.0000,0.9908,0.0379,5636.9560,34.3533,310.6181,0.4288,0.2208,8.9428,0.6028,0.6647,0.8840,5.4288
5.1718,STABLE,ASCEND,0.0276,0.0000,0.2817,0.7120,0.4931,0.4447,0.1980,0.0329,0.3513,2.0090,440.0000,0.0025,124.0043,64.3063,0.1980,0.2005,0.0876,0.0760,0.1475,0.1544,0.1267,0.0991,0.1083,239.8776,226.9246,0.0009,0.4399,0.2476,2.9571,-0.0000,-0.0000,0.0367,0.0210,0.4945,1.7749,0.0237,0.0045,0.0017,0.0193,0.2371,0.0850,0.0985,0.2517,0.0339,0.0023,1.0000,0.0771,-0.0079,0.2434,1.0675,0.0042,1.0023,0.0596,-0.1653,-0.2717,0.0000,0.0000,1.0000,0.0384,5627.0539,34.4958,311.2083,0.4294,0.2212,8.8983,0.6028,0.6680,1.0386,3.1470
5.2135,STABLE,ASCEND,0.0307,0.0000,0.3347,0.7633,0.4749,0.4795,0.2130,0.0173,0.4506,4.4394,440.0000,0.0025,123.5231,64.4125,0.2130,0.2078,0.0502,0.0685,0.1233,0.1530,0.1301,0.1119,0.1553,240.8780,227.6855,0.0004,0.4363,0.2823,4.9111,-0.0000,0.0000,0.0380,0.0204,0.5007,1.4775,0.0087,0.0011,0.0051,0.0182,0.2373,0.0624,0.0890,0.2837,0.0333,0.0061,1.0000,0.0743,-0.0051,0.2682,1.1292,0.0042,1.0023,0.0651,-0.2344,-0.2523,0.0000,0.0000,1.0000,0.0384,5625.6290,34.5971,310.9581,0.4299,0.2212,-25.0772,0.6917,0.5741,1.1465,-0.2736
5.2552,STABLE,ASCEND,0.0148,-0.0001,0.3290,0.8092,0.3913,0.5309,0.2243,0.0324,0.4901,4.5978,439.0000,0.0025,123.8991,63.8908,0.2243,0.2517,0.0664,0.0686,0.1304,0.1442,0.0938,0.0938,0.1510,238.8014,227.2885,0.0004,0.4598,0.3346,4.7861,-0.0000,0.0000,0.0438,0.0179,0.5076,1.4021,0.0030,0.0003,0.0008,0.0093,0.2483,0.0779,0.1317,0.3357,0.0360,0.0033,0.9998,0.1421,0.0355,0.2844,1.1858,0.0037,1.0029,0.0846,-0.2815,-0.3177,0.0000,0.0000,1.0000,0.0386,5621.4461,34.7551,317.5682,0.4295,0.2207,1.7357,0.5722,0.6603,1.0158,-3.1946
5.2970,STABLE,ASCEND,0.0435,0.0000,0.3313,0.9075,0.4384,0.4429,0.2158,0.0120,0.4716,5.0739,439.0000,0.0025,124.0841,62.7439,0.2158,0.3151,0.0571,0.0616,0.0959,0.1187,0.0753,0.1027,0.1735,231.7219,223.7531,0.0000,0.4146,0.3159,5.0047,-0.0000,-0.0000,0.0419,0.0150,0.4896,1.7976,0.0343,0.0002,0.0004,0.0177,0.2273,0.0442,0.0863,0.3513,0.0232,0.0024,1.0000,0.1201,0.0047,0.2773,1.1281,0.0035,1.0023,0.0705,-0.2292,-0.2148,0.0000,0.0000,1.0000,0.0389,5621.0615,35.0059,335.7856,0.4296,0.2200,3.1798,0.5750,0.6610,0.8800,-3.5696
5.3387,STABLE,ASCEND,0.0540,-0.0037,0.3794,1.0145,0.4885,0.5115,0.3461,0.1714,0.4582,3.4090,445.0000,0.0026,122.6777,60.8534,0.3461,0.2396,0.1175,0.0783,0.0645,0.1083,0.1221,0.0899,0.1797,229.1901,221.3360,0.0491,0.8647,0.3466,3.5521,-0.0000,-0.0000,0.0559,0.0597,0.4927,1.1241,0.1205,0.0076,0.1233,0.1196,0.3462,0.1128,0.1763,0.4309,0.0895,0.0061,1.0000,0.1466,0.0374,0.3676,1.1921,0.0036,1.0031,0.0849,-0.2016,-0.3284,0.0000,0.0000,1.0000,0.0399,5625.2978,36.1217,395.7314,0.4282,0.2134,9.1936,0.5889,0.5842,0.7180,-3.5416
5.3804,STABLE,ASCEND,0.0267,-0.0001,0.3600,0.9517,0.4315,0.5483,0.2318,0.0304,0.4214,2.7836,448.0000,0.0026,121.3515,60.9611,0.2318,0.2494,0.0652,0.0697,0.0899,0.1753,0.1056,0.0742,0.1708,226.9505,221.7159,0.0001,0.5161,0.2700,2.4777,-0.0000,-0.0000,0.0343,0.0142,0.4792,0.8540,0.0504,0.0003,0.0022,0.0235,0.2756,0.0547,0.0731,0.2781,0.0355,0.0047,0.9998,0.1399,0.0575,0.2867,1.1572,0.0032,1.0026,0.0702,-0.1983,-0.2318,0.0000,0.0000,1.0000,0.0396,5620.8504,35.9080,370.3075,0.4282,0.2132,8.9428,0.6028,0.6647,0.5846,-3.4208
5.4221,STABLE,ASCEND,0.0121,0.0000,0.4441,1.0332,0.4676,0.4183,0.2625,0.0067,0.5549,3.5246,452.0000,0.0026,120.8584,61.7859,0.2625,0.2864,0.0604,0.0559,0.1007,0.1745,0.0984,0.0604,0.1633,237.0190,220.8891,0.0000,0.4692,0.3323,4.0708,-0.0000,-0.0000,0.0475,0.0161,0.4922,2.1341,0.0031,0.0000,0.0005,0.0168,0.2447,0.0808,0.0738,0.3524,0.0492,0.0075,0.9999,0.1052,0.0393,0.3240,1.3326,0.0040,1.0031,0.0785,-0.3295,-0.3554,0.0000,0.0000,1.0000,0.0395,5619.8515,35.7710,366.8826,0.4284,0.2137,8.9428,0.6028,0.6647,0.4327,-1.4121
5.4638,STABLE,ASCEND,0.0119,0.0000,0.3968,0.9514,0.4311,0.4644,0.2599,0.0511,0.4808,3.9495,452.0000,0.0026,120.4138,62.4122,0.2599,0.3067,0.0511,0.0400,0.0800,0.1533,0.0822,0.0600,0.2267,241.3816,222.6213,0.0000,0.5163,0.2990,3.4699,-0.0000,-0.0000,0.0413,0.0183,0.4940,1.4764,0.0272,0.0002,0.0025,0.0284,0.2504,0.0753,0.0817,0.3278,0.0472,0.0013,0.9998,0.1484,0.0362,0.3015,1.2758,0.0043,1.0026,0.0697,-0.1972,-0.2846,0.0000,0.0000,1.0000,0.0392,5616.5120,35.5325,357.2773,0.4282,0.2132,3.0128,0.5750,0.6976,0.4668,-0.3798
5.5055,STABLE,ASCEND,0.0137,0.0000,0.4185,0.9489,0.3933,0.4689,0.2550,0.0098,0.4655,3.0503,453.0000,0.0026,120.5326,62.4750,0.2550,0.3022,0.0467,0.0400,0.0889,0.1844,0.0933,0.0667,0.1778,242.8872,223.5701,0.0000,0.6014,0.2969,3.4194,-0.0000,0.0000,0.0364,0.0186,0.5100,1.0317,0.0116,0.0003,0.0033,0.0144,0.2785,0.0980,0.0532,0.3268,0.0452,0.0058,0.9999,0.1115,0.0214,0.3142,1.2906,0.0043,1.0025,0.0712,-0.2146,-0.2810,0.0000,0.0000,1.0000,0.0394,5613.5587,35.4014,351.6575,0.4285,0.2127,4.2054,0.5750,0.6818,0.4010,-1.5153
5.5472,STABLE,ASCEND,0.0080,0.0000,0.4619,1.1291,0.4004,0.4956,0.2677,0.0312,0.4795,2.9578,455.0000,0.0026,120.4091,61.9629,0.2677,0.2655,0.0420,0.0332,0.0841,0.1881,0.0885,0.0752,0.2235,240.8553,221.7955,0.0000,0.6425,0.3204,3.2210,-0.0000,0.0000,0.0380,0.0201,0.5064,0.9136,0.0157,0.0005,0.0027,0.0268,0.2784,0.0956,0.0522,0.3679,0.0619,0.0070,0.9998,0.1233,0.0116,0.3264,1.3091,0.0040,1.0025,0.0648,-0.2067,-0.3008,0.0000,0.0000,1.0000,0.0391,5611.7395,35.3414,349.8211,0.4285,0.2123,11.8738,0.6139,0.6642,0.3404,-1.7978
5.5889,STABLE,ASCEND,0.0086,0.0000,0.4682,1.1176,0.3925,0.4922,0.2848,0.0532,0.4863,3.3340,457.0000,0.0026,121.1006,61.0669,0.2848,0.2905,0.0532,0.0177,0.0665,0.1596,0.0931,0.0776,0.2417,236.9284,219.4743,0.0000,0.6331,0.3215,3.4809,-0.0000,0.0000,0.0431,0.0212,0.5028,0.9825,0.0427,0.0005,0.0003,0.0501,0.2819,0.1302,0.0309,0.3700,0.0574,0.0071,0.9998,0.1316,0.0100,0.3371,1.4008,0.0037,1.0020,0.0571,-0.0740,-0.2188,0.0000,0.0000,1.0000,0.0391,5611.0118,35.3440,348.0987,0.4284,0.2119,4.2054,0.5750,0.6818,0.2510,-1.7648
5.6306,STABLE,ASCEND,0.0174,0.0000,0.4554,1.0758,0.4757,0.4757,0.2689,0.0836,0.4688,2.3411,453.0000,0.0026,121.7119,60.6329,0.2689,0.2212,0.0531,0.0531,0.0575,0.1460,0.1018,0.1018,0.2655,226.2182,224.1135,0.0001,0.5834,0.3187,3.1353,-0.0000,-0.0000,0.0379,0.0187,0.4879,0.8994,0.0331,0.0000,0.0006,0.0370,0.2478,0.1021,0.0679,0.4106,0.0574,0.0135,0.9998,0.1209,0.0139,0.3252,1.3897,0.0027,1.0019,0.0666,-0.1452,-0.2151,0.0000,0.0000,1.0000,0.0390,5613.1409,35.4856,365.9547,0.4283,0.2107,2.8202,0.5722,0.6775,0.1932,-0.5931
5.6723,STABLE,ASCEND,0.0125,0.0000,0.4618,0.9835,0.4680,0.4879,0.2959,0.0895,0.5240,3.7233,456.0000,0.0026,122.7703,60.5140,0.2959,0.1943,0.0618,0.0375,0.0728,0.1921,0.1082,0.1479,0.1854,214.2743,223.8071,0.0001,0.5561,0.3365,3.6719,-0.0000,-0.0000,0.0448,0.0207,0.4969,1.0764,0.0341,0.0072,0.0007,0.0544,0.2552,0.1359,0.0446,0.4158,0.0619,0.0089,0.9998,0.1123,-0.0257,0.3557,1.3412,0.0018,1.0009,0.0764,-0.0927,-0.1632,0.0000,-0.0000,1.0000,0.0387,5608.9866,35.1977,334.8834,0.4288,0.2102,9.2461,0.5889,0.5809,0.2016,0.8114
5.7140,STABLE,ASCEND,0.0084,0.0000,0.4320,0.9459,0.4235,0.4723,0.2577,0.0143,0.4704,2.8163,457.0000,0.0026,122.6446,60.3120,0.2577,0.2417,0.0710,0.0288,0.0776,0.1818,0.1109,0.1175,0.1707,219.5689,225.8810,0.0000,0.7021,0.3529,4.2017,-0.0000,-0.0000,0.0448,0.0217,0.4923,1.1739,0.0114,0.0000,0.0003,0.0111,0.2281,0.1512,0.0247,0.4496,0.0770,0.0158,0.9998,0.0731,0.0290,0.3179,1.2818,0.0021,1.0009,0.0966,-0.1064,-0.1099,0.0000,-0.0000,1.0000,0.0384,5608.5968,34.9816,333.5681,0.4287,0.2107,8.9428,0.6028,0.6647,0.2609,1.3813
5.7557,STABLE,ASCEND,0.0150,0.0000,0.4480,1.0839,0.4361,0.4229,0.2699,0.0053,0.4801,2.8051,457.0000,0.0026,121.3739,60.6578,0.2699,0.2863,0.0639,0.0485,0.0815,0.1784,0.0639,0.0815,0.1960,228.7943,226.6154,0.0000,0.7289,0.3418,5.4500,-0.0000,-0.0000,0.0420,0.0201,0.4915,0.9990,0.0002,0.0000,0.0003,0.0031,0.2282,0.1608,0.0155,0.4235,0.0780,0.0113,0.9998,0.0592,0.0145,0.3209,1.2627,0.0022,1.0014,0.0461,-0.1204,-0.1862,0.0000,0.0000,1.0000,0.0384,5608.7944,34.8405,329.5152,0.4289,0.2098,9.0788,0.4806,0.6549,0.3168,1.0022
5.7975,STABLE,ASCEND,0.0081,0.0000,0.4260,0.9689,0.4566,0.4432,0.2761,0.0254,0.4735,3.1422,450.0000,0.0026,122.0506,60.5863,0.2761,0.2004,0.0535,0.0824,0.0891,0.2049,0.1024,0.1002,0.1670,227.9680,226.8772,0.0000,0.7606,0.3354,3.1795,-0.0000,0.0000,0.0415,0.0234,0.5072,0.9910,0.0507,0.0000,0.0007,0.0480,0.2183,0.1786,0.0047,0.4217,0.0745,0.0092,0.9998,0.0667,0.0168,0.3207,1.0707,0.0023,1.0008,0.0451,-0.0881,-0.1180,0.0000,-0.0000,1.0000,0.0385,5610.1897,34.7085,327.5113,0.4287,0.2093,6.8091,0.6056,0.6748,0.3445,-0.9846
5.8392,STABLE,ASCEND,0.0088,0.0000,0.4466,0.9897,0.4810,0.4922,0.3107,0.0888,0.5108,3.4343,450.0000,0.0026,122.5514,60.5102,0.3107,0.1745,0.0694,0.0559,0.0671,0.1633,0.1051,0.1409,0.2237,223.3354,228.7061,0.0025,0.8504,0.3645,3.4459,-0.0000,0.0000,0.0442,0.0266,0.5093,1.0145,0.0210,0.0080,0.0016,0.0407,0.2505,0.2032,0.0237,0.5061,0.0828,0.0103,0.9997,0.0890,0.0347,0.3457,1.1721,0.0022,1.0012,0.0623,-0.1536,-0.1604,0.0000,-0.0000,1.0000,0.0381,5614.8978,34.6949,322.2436,0.4290,0.2088,2.9985,0.5750,0.7010,0.2347,-1.2971
5.8809,STABLE,ASCEND,-0.0011,-0.0000,0.4921,0.8793,0.4777,0.5000,0.3440,0.1081,0.5617,3.8439,454.0000,0.0026,123.1466,60.5490,0.3440,0.1295,0.1183,0.1496,0.1161,0.1719,0.1004,0.0491,0.1652,215.6757,229.2423,0.0027,0.8888,0.3863,3.8986,-0.0000,-0.0000,0.0476,0.0296,0.4979,1.5449,0.0191,0.0073,0.0017,0.0670,0.2377,0.2348,0.0310,0.5455,0.0879,0.0180,0.9997,0.0252,0.1164,0.3678,1.1667,0.0019,1.0020,0.0475,-0.4136,-0.1972,0.0000,0.0000,1.0000,0.0384,5616.5747,34.7940,324.6981,0.4293,0.2086,2.9843,0.5750,0.7043,0.2363,-1.1651
5.9226,STABLE,ASCEND,0.0181,0.0000,0.4651,0.9803,0.4879,0.4702,0.2957,0.0688,0.5378,5.2981,458.0000,0.0027,123.6984,61.2429,0.2957,0.1634,0.0552,0.0508,0.0773,0.2163,0.0993,0.1258,0.2119,206.3064,228.5642,0.0001,0.7648,0.3767,5.4704,-0.0000,0.0000,0.0463,0.0212,0.5226,2.1780,0.0197,0.0061,0.0003,0.0401,0.2023,0.2008,0.0212,0.4773,0.0796,0.0080,0.9997,0.0764,0.0424,0.3267,0.9925,0.0015,1.0014,0.0573,-0.1633,-0.2055,0.0000,-0.0000,0.9978,0.0378,5619.8092,34.9056,346.6175,0.4295,0.2084,7.0334,0.4694,0.5172,0.1375,-1.8441
5.9643,STABLE,ASCEND,0.0301,0.0000,0.4714,0.9990,0.4561,0.4518,0.3212,0.0902,0.5478,4.2473,459.0000,0.0027,122.6349,60.6646,0.3212,0.2193,0.0417,0.0899,0.1338,0.2105,0.0877,0.0592,0.1579,211.2360,226.5338,0.0000,0.8109,0.3421,4.9816,-0.0000,0.0000,0.0438,0.0245,0.5107,0.9847,0.0438,0.0000,0.0002,0.0396,0.1939,0.2212,0.0311,0.4511,0.0812,0.0108,0.9999,0.0146,0.0270,0.3430,1.0275,0.0014,1.0009,0.0899,-0.2446,-0.1103,0.0000,-0.0000,1.0000,0.0379,5617.7595,34.6137,321.6181,0.4299,0.2084,6.7305,0.4694,0.5404,0.0824,-1.0992
6.0060,STABLE,ASCEND,0.0020,0.0000,0.4692,0.8827,0.3653,0.4053,0.3261,0.0103,0.5722,4.2709,455.0000,0.0026,121.3960,61.0524,0.3261,0.3630,0.0512,0.0490,0.0557,0.1759,0.0913,0.0713,0.1425,229.5516,228.6749,0.0000,0.9067,0.3678,7.0084,-0.0000,0.0000,0.0529,0.0281,0.5079,1.5633,0.0001,0.0000,0.0003,0.0026,0.2248,0.2447,0.0003,0.4483,0.1421,0.0102,0.9997,0.0612,0.0693,0.3593,1.2739,0.0024,1.0014,0.0600,-0.2254,-0.1659,0.0000,-0.0000,1.0000,0.0381,5619.0130,34.4384,306.1562,0.4299,0.2096,7.0334,0.4694,0.5172,0.0458,-0.8876
6.0477,STABLE,ASCEND,-0.0193,0.0000,0.4425,0.7620,0.3007,0.3831,0.3264,0.0030,0.5654,4.0598,454.0000,0.0026,121.4595,63.2472,0.3264,0.4610,0.0468,0.0401,0.0445,0.1849,0.0646,0.0356,0.1225,247.0175,230.9444,0.0000,0.9197,0.3987,4.8049,-0.0000,0.0000,0.0542,0.0366,0.5082,1.0617,0.0004,0.0000,0.0003,0.0000,0.2197,0.2709,0.0001,0.4983,0.1524,0.0127,0.9997,0.0628,0.0837,0.3646,1.4165,0.0026,1.0012,0.0610,-0.2277,-0.0999,0.0000,-0.0000,1.0000,0.0377,5621.0607,34.4421,301.3465,0.4290,0.2093,7.0334,0.4694,0.5172,0.0084,-0.4813
6.0894,STABLE,ASCEND,-0.0281,0.0000,0.8514,1.6075,0.4527,0.4459,0.6046,0.1148,1.0182,7.7134,452.0000,0.0026,121.8694,61.5217,0.6046,0.2342,0.0631,0.0856,0.1284,0.2635,0.0743,0.0428,0.1081,236.8699,228.2226,0.0000,1.7094,0.7316,9.1292,-0.0000,0.0000,0.0845,0.0453,0.5152,2.3077,0.0439,0.0000,0.0002,0.0399,0.3861,0.5259,0.0299,0.8821,0.2365,0.0134,0.9995,0.0864,0.1095,0.6420,2.6069,0.0032,1.0045,0.1367,-0.4792,-0.5338,0.0000,0.0000,0.9955,0.0384,5625.8814,34.9195,335.3997,0.4290,0.2102,-24.9156,0.6889,0.5697,0.0056,-0.7066
6.1311,STABLE,ASCEND,0.0279,0.0014,0.4589,0.8224,0.5553,0.4314,0.3657,0.1663,0.4926,3.4069,456.0000,0.0026,121.6690,60.4107,0.3657,0.1394,0.0332,0.0686,0.2611,0.2743,0.0885,0.0619,0.0730,228.9945,224.6445,0.0015,0.7856,0.3456,3.4154,0.0000,0.0000,0.0452,0.0326,0.5116,1.0181,0.0566,0.0032,0.0029,0.1145,0.2623,0.2663,0.0359,0.4051,0.1482,0.0020,0.9999,0.0218,0.0129,0.3740,1.3898,0.0018,1.0031,0.0750,-0.4278,-0.3678,0.0000,0.0000,1.0000,0.0378,5621.4837,34.6551,300.6813,0.4295,0.2098,8.8543,0.6028,0.6713,-0.0505,-1.2136
6.1728,STABLE,ASCEND,-0.0240,0.0000,0.4348,0.8561,0.3877,0.4670,0.3320,0.0422,0.5390,2.9403,461.0000,0.0027,120.8506,61.7769,0.3320,0.3062,0.0595,0.0639,0.1189,0.2070,0.0617,0.0441,0.1388,240.3695,226.8793,0.0000,0.8317,0.3585,3.1052,-0.0000,-0.0000,0.0466,0.0290,0.4906,1.3072,0.0008,0.0000,0.0006,0.0079,0.1869,0.3097,0.0107,0.3725,0.1688,0.0081,0.9996,0.0992,0.0815,0.3741,1.4475,0.0016,1.0029,0.1038,-0.3480,-0.3548,0.0000,0.0000,1.0000,0.0378,5618.5824,34.5850,302.6190,0.4290,0.2096,7.6961,0.4722,0.4978,-0.0956,-1.6014
6.2145,STABLE,ASCEND,0.0102,0.0000,0.4322,0.8767,0.4662,0.4967,0.3509,0.1163,0.5392,2.8483,466.0000,0.0027,120.8742,61.5754,0.3509,0.2004,0.0610,0.0959,0.1612,0.2309,0.0719,0.0632,0.1155,236.6024,225.5170,0.0016,0.8571,0.3650,3.1455,-0.0000,0.0000,0.0503,0.0336,0.5009,1.2732,0.0434,0.0061,0.0062,0.0416,0.2417,0.2845,0.0082,0.3795,0.1904,0.0017,0.9998,0.0981,0.0446,0.3862,1.4976,0.0019,1.0021,0.1106,-0.2914,-0.2208,0.0000,-0.0000,1.0000,0.0376,5618.0886,34.7209,306.3040,0.4289,0.2097,3.8506,0.5778,0.6949,-0.1841,-1.0043
6.2562,STABLE,ASCEND,0.0087,0.0049,0.4706,0.8536,0.6156,0.3585,0.3876,0.1447,0.5717,3.1995,468.0000,0.0027,121.2725,61.7785,0.3876,0.1771,0.0583,0.0821,0.1857,0.2376,0.0821,0.0907,0.0864,235.3585,225.8030,0.0026,0.9243,0.3739,3.6452,-0.0000,0.0000,0.0532,0.0333,0.5008,1.1725,0.0351,0.0057,0.0019,0.0747,0.2256,0.2938,0.0250,0.4299,0.2188,-0.0017,0.9999,0.0679,0.0004,0.4108,1.5635,0.0016,1.0028,0.0843,-0.3858,-0.3418,0.0000,0.0000,1.0000,0.0379,5616.6316,34.7385,311.3600,0.4281,0.2096,6.8144,0.4694,0.5338,-0.1794,1.5264
6.2980,STABLE,ASCEND,0.0035,0.0000,0.4358,0.8068,0.4602,0.4538,0.3055,0.0308,0.5074,2.7053,469.0000,0.0027,121.6059,61.6927,0.3055,0.2495,0.0452,0.0495,0.1226,0.2237,0.0860,0.0753,0.1484,233.6619,228.1781,0.0000,0.7763,0.3270,3.5965,0.0000,-0.0000,0.0438,0.0221,0.4960,1.0382,0.0131,0.0001,0.0003,0.0134,0.1964,0.2423,0.0172,0.3226,0.1643,0.0008,0.9998,0.1124,0.0325,0.3490,1.4568,0.0013,1.0059,0.1284,-0.8261,-0.8324,0.0000,0.0000,1.0000,0.0378,5617.3687,34.7416,333.5539,0.4280,0.2091,3.8506,0.5778,0.6949,-0.0568,4.5860
6.3397,STABLE,ASCEND,0.0024,0.0000,0.4577,0.8703,0.4710,0.4301,0.3241,0.0707,0.5330,3.1230,465.0000,0.0027,121.5980,63.0236,0.3241,0.2452,0.0323,0.0516,0.1462,0.2323,0.0903,0.0667,0.1355,243.2346,230.4700,0.0000,0.7679,0.3384,3.5679,-0.0000,0.0000,0.0458,0.0271,0.5063,1.1718,0.0266,0.0026,0.0009,0.0160,0.2351,0.2402,0.0071,0.3095,0.1928,-0.0050,0.9999,0.1181,-0.0034,0.3636,1.5161,0.0015,1.0029,0.0839,-0.3087,-0.3468,0.0000,0.0000,1.0000,0.0371,5608.3807,34.1892,301.1761,0.4284,0.2091,3.9259,0.5778,0.6816,0.2032,7.7064
6.3814,STABLE,ASCEND,-0.0027,0.0000,0.4795,0.9141,0.3853,0.3571,0.3264,0.0043,0.5768,3.2742,465.0000,0.0027,122.6764,66.4033,0.3264,0.4069,0.0476,0.0498,0.0974,0.1688,0.0779,0.0281,0.1234,258.3862,234.4796,0.0000,0.7416,0.3363,3.5588,-0.0000,-0.0000,0.0470,0.0270,0.4900,1.2558,0.0003,0.0000,0.0006,0.0023,0.2465,0.2173,0.0002,0.3069,0.1867,0.0011,0.9999,0.1060,0.0107,0.3829,1.5358,0.0019,1.0028,0.1230,-0.3449,-0.2852,0.0000,0.0000,1.0000,0.0374,5601.3830,33.9224,295.4709,0.4281,0.2090,3.9843,0.5722,0.6716,0.5860,9.1573
6.4231,STABLE,ASCEND,0.0215,0.0000,0.5079,1.1460,0.3723,0.4264,0.3389,0.0078,0.6037,3.7473,464.0000,0.0027,122.4556,65.4787,0.3389,0.3506,0.0519,0.0519,0.0801,0.1797,0.0823,0.0801,0.1234,255.3873,232.4074,0.0000,0.7433,0.3388,3.6464,-0.0000,0.0000,0.0476,0.0277,0.5157,1.6350,0.0320,0.0000,0.0003,0.0057,0.2469,0.2073,0.0002,0.3201,0.1710,-0.0042,1.0000,0.0900,-0.0339,0.3835,1.5847,0.0025,1.0030,0.0821,-0.2874,-0.3823,0.0000,0.0000,1.0000,0.0369,5604.1096,33.8794,297.5445,0.4280,0.2093,8.8107,0.6028,0.6746,0.9670,10.5816
6.4648,STABLE,ASCEND,0.0373,0.0000,0.5443,1.3815,0.4143,0.3102,0.3521,0.0033,0.6555,4.1414,463.0000,0.0027,123.6891,67.3102,0.3521,0.4143,0.0282,0.0347,0.1258,0.1453,0.0629,0.0521,0.1367,263.5207,233.0711,0.0000,0.7789,0.3588,3.8314,-0.0000,0.0000,0.0459,0.0285,0.5150,1.4386,0.0285,0.0000,0.0003,0.0015,0.2645,0.1966,0.0002,0.3620,0.1550,0.0050,1.0002,0.0583,-0.0457,0.4217,1.8174,0.0029,1.0034,0.0959,-0.4195,-0.3998,0.0000,0.0000,1.0000,0.0368,5602.0776,33.8109,293.4548,0.4275,0.2090,6.9885,0.4694,0.5205,1.4687,10.9246
6.5065,STABLE,ASCEND,0.0767,0.0000,0.5938,1.4894,0.3905,0.3796,0.3633,0.0093,0.6632,3.2143,470.0000,0.0027,123.6045,67.3528,0.3633,0.3861,0.0499,0.0434,0.0781,0.1323,0.0803,0.0651,0.1649,263.5099,232.7850,0.0000,0.7966,0.3712,4.2258,-0.0000,0.0000,0.0442,0.0296,0.5001,1.1914,0.0157,0.0000,0.0006,0.0006,0.2773,0.2165,0.0002,0.3753,0.1609,0.0123,1.0004,0.0427,-0.0693,0.4495,1.8394,0.0038,1.0022,0.0790,-0.2991,-0.1900,0.0000,-0.0000,1.0000,0.0372,5600.6964,33.7618,294.9503,0.4276,0.2090,6.9530,0.4722,0.5507,1.8783,9.8783
6.5482,ASCEND,ASCEND,0.1108,0.0000,0.6602,1.6840,0.3772,0.3513,0.3787,0.0031,0.7304,3.5132,467.0000,0.0027,123.3667,65.8143,0.3787,0.4203,0.0539,0.0496,0.0474,0.1595,0.0323,0.0582,0.1789,259.0220,232.9966,0.0000,0.8480,0.3975,4.1732,-0.0000,-0.0000,0.0488,0.0229,0.4900,1.2272,0.0151,0.0000,0.0003,0.0063,0.2706,0.1857,0.0002,0.4113,0.1636,0.0160,1.0005,0.0150,-0.0834,0.4738,1.9700,0.0039,1.0023,0.0950,-0.3324,-0.1144,0.0000,-0.0000,1.0000,0.0366,5599.8354,33.7822,288.2586,0.4188,0.2111,8.1301,0.4444,0.5657,2.2927,8.2108
6.5899,ASCEND,ASCEND,0.1559,0.0002,0.6232,1.4805,0.5328,0.3559,0.3564,0.0170,0.7153,3.5248,459.0000,0.0027,123.6176,63.3961,0.3564,0.3188,0.0633,0.0721,0.0852,0.1638,0.0524,0.0524,0.1921,246.6174,233.6021,0.0000,0.8008,0.4043,4.9805,-0.0000,-0.0000,0.0472,0.0194,0.4934,1.7695,0.0222,0.0022,0.0009,0.0070,0.2736,0.1567,0.0068,0.4746,0.1438,0.0160,1.0005,-0.0291,-0.0907,0.4109,1.9609,0.0040,1.0016,0.0747,-0.3072,-0.0678,0.0000,-0.0000,1.0000,0.0368,5600.9319,33.8284,308.5685,0.4190,0.2103,5.0425,0.5944,0.6826,2.5632,6.3104
6.6316,ASCEND,ASCEND,0.1493,0.0000,0.5840,1.4006,0.4680,0.4172,0.3482,0.0428,0.7080,4.5814,461.0000,0.0027,124.1195,62.8829,0.3482,0.3157,0.0618,0.0486,0.0530,0.0949,0.0530,0.0839,0.2892,240.9351,234.6500,0.0000,0.8223,0.4008,4.0009,-0.0000,0.0000,0.0516,0.0201,0.5025,1.3211,0.0013,0.0000,0.0003,0.0196,0.2566,0.1489,0.0197,0.4945,0.1559,0.0260,1.0007,-0.0164,-0.0938,0.4338,1.7811,0.0030,1.0014,0.0669,-0.2880,-0.0833,0.0000,-0.0000,1.0000,0.0366,5597.2256,33.6855,293.5044,0.4193,0.2105,6.8091,0.5889,0.6748,2.8191,4.2331
6.6733,ASCEND,ASCEND,0.1125,0.0002,0.5806,1.2225,0.5317,0.3829,0.3810,0.0349,0.7336,5.0252,457.0000,0.0026,123.8876,62.9668,0.3810,0.2560,0.0547,0.0394,0.0788,0.1400,0.0810,0.0613,0.2888,242.8084,234.1306,0.0000,0.9443,0.4192,4.9032,-0.0000,0.0000,0.0540,0.0276,0.5028,1.3453,0.0776,0.0014,0.0028,0.0171,0.2716,0.2064,0.0102,0.4758,0.1689,0.0292,1.0005,-0.0450,-0.0301,0.4392,1.6154,0.0022,0.9987,0.0580,-0.1495,0.3603,0.0000,-0.0000,1.0000,0.0368,5595.7308,33.5687,288.9228,0.4199,0.2096,6.9885,0.4694,0.5205,2.9164,0.9890
6.7150,ASCEND,ASCEND,0.1011,0.0000,0.5093,1.0689,0.4757,0.4204,0.3493,0.0389,0.6488,4.2111,457.0000,0.0026,124.7375,63.0190,0.3493,0.2898,0.0398,0.0642,0.0752,0.1150,0.0841,0.0774,0.2544,243.7885,234.4184,0.0000,0.9489,0.4052,4.4343,-0.0000,-0.0000,0.0578,0.0266,0.4945,1.8474,0.0076,0.0000,0.0003,0.0474,0.2307,0.1951,0.0097,0.4780,0.2162,0.0275,1.0005,-0.0569,-0.0696,0.4080,1.5365,0.0015,0.9993,0.0223,-0.1152,0.1800,0.0000,-0.0000,1.0000,0.0365,5590.8876,33.4365,286.2109,0.4197,0.2095,6.9885,0.4694,0.5205,2.9016,-2.3163
6.7567,ASCEND,ASCEND,0.1084,0.0000,0.4973,0.9017,0.4626,0.3767,0.3213,0.0068,0.6592,6.3051,462.0000,0.0027,125.0815,63.7550,0.3213,0.2996,0.0639,0.0330,0.0529,0.1366,0.0793,0.0573,0.2775,247.8651,237.8573,0.0000,0.7766,0.4028,6.5700,-0.0000,-0.0000,0.0556,0.0220,0.4988,1.4192,0.0072,0.0000,0.0003,0.0069,0.1869,0.2034,0.0087,0.4616,0.1776,0.0324,1.0006,-0.0962,-0.0722,0.3841,1.4641,0.0015,0.9992,0.0127,-0.1487,0.1607,0.0000,-0.0000,0.9978,0.0363,5583.9230,33.3027,284.0037,0.4203,0.2085,3.9843,0.5778,0.6716,2.7231,-6.0992
6.7985,ASCEND,ASCEND,0.0803,0.0000,0.4557,0.8412,0.4803,0.4629,0.3201,0.1050,0.5512,4.5284,461.0000,0.0027,124.7580,63.8354,0.3201,0.2904,0.0415,0.0502,0.0568,0.1092,0.0546,0.1004,0.2969,247.7471,235.0100,0.0001,0.8523,0.3625,4.1332,-0.0000,0.0000,0.0505,0.0271,0.5230,1.1296,0.0251,0.0008,0.0030,0.0512,0.1775,0.2280,0.0216,0.4265,0.2280,0.0360,1.0007,-0.0966,-0.0700,0.3698,1.3344,0.0007,0.9992,0.0222,-0.1466,0.2064,0.0000,-0.0000,1.0000,0.0362,5575.8100,33.2163,286.6734,0.4286,0.2069,1.9557,0.5639,0.6837,2.3929,-8.2357
6.8402,STABLE,ASCEND,0.0736,0.0000,0.4192,0.8122,0.4956,0.4471,0.2719,0.0309,0.4773,3.0991,460.0000,0.0027,125.3621,63.2137,0.2719,0.2555,0.0507,0.0595,0.0749,0.1211,0.0595,0.1013,0.2775,236.2245,237.3390,0.0000,0.8205,0.3662,5.8311,-0.0000,-0.0000,0.0521,0.0258,0.4916,1.3588,0.0690,0.0001,0.0002,0.0261,0.1457,0.2266,0.0166,0.3952,0.2147,0.0306,1.0004,-0.0690,-0.0274,0.3225,1.1737,0.0002,0.9983,-0.0129,-0.0241,0.3843,0.0000,-0.0000,1.0000,0.0358,5568.1307,32.9910,288.4420,0.4280,0.2065,13.9633,0.6056,0.6354,2.0361,-8.3577
6.8819,STABLE,ASCEND,0.1031,0.0000,0.3678,0.8540,0.4836,0.2670,0.2195,0.0016,0.4326,3.1578,462.0000,0.0027,125.3524,63.2801,0.2195,0.4048,0.0569,0.0460,0.0525,0.1050,0.0525,0.0963,0.1860,230.2880,240.4944,0.0000,0.7095,0.3138,3.9665,-0.0000,-0.0000,0.0396,0.0154,0.4977,1.0257,0.0005,0.0000,0.0003,0.0115,0.1051,0.1756,0.0103,0.3325,0.1962,0.0246,1.0006,-0.0905,-0.0836,0.2807,0.9764,0.0003,0.9992,0.0090,-0.1346,0.1629,0.0000,-0.0000,1.0000,0.0351,5560.9223,32.7844,291.2631,0.4189,0.2079,5.0957,0.5833,0.5254,1.6957,-7.0276
6.9236,STABLE,ASCEND,0.0637,-0.0011,0.3812,0.8238,0.4143,0.5575,0.2755,0.1148,0.4154,2.5552,462.0000,0.0027,124.7131,63.1548,0.2755,0.3015,0.0998,0.0390,0.0434,0.1063,0.0369,0.0499,0.3232,234.5760,238.0273,0.0003,0.7574,0.3014,4.3433,-0.0000,-0.0000,0.0389,0.0221,0.4970,0.9563,0.0581,0.0001,0.0021,0.0526,0.1491,0.2181,0.0305,0.3207,0.1917,0.0215,1.0004,-0.0057,-0.0254,0.2978,0.9606,-0.0002,0.9990,0.0061,-0.0364,0.2743,0.0000,-0.0000,1.0000,0.0349,5550.3260,32.5185,268.0868,0.4276,0.2059,5.0672,0.5944,0.6793,1.4499,-4.4546
6.9653,STABLE,ASCEND,0.0668,0.0000,0.3562,0.8207,0.3922,0.3595,0.2488,0.0023,0.4529,2.4658,462.0000,0.0027,125.3309,64.0547,0.2488,0.4466,0.0763,0.0414,0.0697,0.1133,0.0414,0.0675,0.1438,247.8277,235.0262,0.0000,0.7890,0.3138,4.3940,-0.0000,0.0000,0.0452,0.0239,0.5021,1.1818,0.0162,0.0000,0.0005,0.0067,0.1439,0.2119,0.0000,0.3064,0.1977,0.0124,1.0005,-0.0322,-0.0804,0.3087,1.1967,-0.0002,0.9996,0.0150,-0.1142,0.1199,0.0000,-0.0000,1.0000,0.0345,5539.9179,32.3210,259.4449,0.4277,0.2056,5.0672,0.5944,0.6793,1.3241,-3.5912
7.0070,STABLE,ASCEND,0.0280,-0.0001,0.3871,0.8108,0.3783,0.5196,0.2815,0.0661,0.5280,5.9601,463.0000,0.0027,126.0166,64.9433,0.2815,0.3304,0.0870,0.0435,0.0696,0.1283,0.0478,0.0783,0.2152,255.2362,232.6069,0.0000,0.8024,0.3179,3.2837,-0.0000,0.0000,0.0453,0.0275,0.5026,0.9001,0.0219,0.0001,0.0017,0.0342,0.1681,0.2279,0.0078,0.3201,0.2199,0.0141,1.0004,-0.0094,-0.0490,0.3209,1.2216,-0.0008,0.9995,0.0097,-0.0703,0.1158,0.0000,-0.0000,0.9978,0.0344,5530.9158,32.0660,251.8589,0.4277,0.2043,1.9462,0.5694,0.6871,1.1504,-3.9171
7.0487,STABLE,ASCEND,0.0313,-0.0000,0.3618,0.8103,0.4078,0.5011,0.2596,0.0371,0.4355,2.8998,465.0000,0.0027,125.6464,64.4628,0.2596,0.3623,0.0672,0.0781,0.0564,0.1215,0.0542,0.0607,0.1996,251.0754,234.3504,0.0000,0.7519,0.2996,2.9193,-0.0000,-0.0000,0.0428,0.0245,0.4907,0.8622,0.0453,0.0000,0.0002,0.0182,0.1549,0.2067,0.0189,0.2731,0.2100,0.0220,1.0004,-0.0502,-0.0067,0.3003,1.1591,-0.0007,0.9985,-0.0131,-0.0450,0.3013,-0.0000,-0.0000,1.0000,0.0342,5526.1975,32.0148,254.8057,0.4275,0.2040,5.0672,0.5944,0.6793,0.9973,-2.7768
7.0904,STABLE,ASCEND,0.0363,0.0000,0.3562,0.7803,0.4129,0.4301,0.2529,0.0047,0.4722,3.7548,469.0000,0.0027,124.9486,63.9263,0.2529,0.3333,0.0430,0.0796,0.0645,0.1634,0.0645,0.0731,0.1785,246.9536,233.6246,0.0000,0.7381,0.2965,4.1234,-0.0000,-0.0000,0.0449,0.0197,0.4909,0.8585,0.0209,0.0000,0.0007,0.0087,0.1658,0.1858,0.0055,0.2534,0.1810,0.0284,1.0004,-0.0942,-0.0146,0.3068,1.1387,-0.0007,0.9978,-0.0258,-0.0692,0.4139,-0.0000,-0.0000,1.0000,0.0339,5524.0695,32.0162,254.7138,0.4277,0.2035,5.0672,0.5944,0.6793,0.9187,-1.2678
7.1321,STABLE,ASCEND,0.0335,0.0000,0.3860,0.7133,0.3897,0.3084,0.2581,0.0015,0.4989,4.9108,475.0000,0.0027,125.7326,65.7147,0.2581,0.4411,0.0321,0.0300,0.0749,0.1435,0.0642,0.0578,0.1563,257.5047,235.9885,0.0000,0.7084,0.3008,4.9407,-0.0000,-0.0000,0.0413,0.0174,0.4841,0.7088,0.0001,0.0000,0.0007,0.0002,0.1639,0.1454,0.0003,0.2613,0.2254,0.0237,1.0004,-0.0858,-0.0415,0.3125,1.1685,-0.0016,0.9988,-0.0072,-0.1068,0.2145,0.0000,-0.0000,1.0000,0.0339,5525.6921,32.0420,256.9050,0.4278,0.2027,6.7305,0.4694,0.5404,0.8916,-0.5929
7.1738,STABLE,ASCEND,0.0360,0.0000,0.3275,0.6470,0.3937,0.3116,0.2171,0.0016,0.3968,3.6589,476.0000,0.0028,124.7981,64.2732,0.2171,0.4547,0.0316,0.0442,0.0611,0.1242,0.0589,0.0547,0.1705,248.1632,239.3721,0.0000,0.5827,0.2414,3.3709,-0.0000,-0.0000,0.0306,0.0110,0.4936,0.7263,0.0015,0.0000,0.0007,0.0020,0.1281,0.1590,0.0052,0.1857,0.1897,0.0222,1.0004,-0.0864,-0.0303,0.2573,1.0082,-0.0011,0.9989,-0.0109,-0.0910,0.2283,-0.0000,-0.0000,1.0000,0.0338,5528.3780,32.0759,269.3614,0.4279,0.2026,5.0672,0.5944,0.6793,0.8693,2.3787
7.2155,STABLE,ASCEND,0.0583,0.0017,0.3336,0.6636,0.5853,0.3705,0.2376,0.0704,0.3510,1.6343,479.0000,0.0028,124.8160,63.6310,0.2376,0.2063,0.0442,0.0442,0.1453,0.2589,0.0758,0.0568,0.1684,243.9147,238.6282,0.0000,0.5940,0.2238,2.2786,0.0000,0.0000,0.0308,0.0192,0.5077,1.0936,0.0585,0.0000,0.0001,0.0281,0.1555,0.1551,0.0226,0.1717,0.1749,0.0200,1.0005,-0.1362,-0.0853,0.2672,1.0359,-0.0007,0.9991,-0.0163,-0.1059,0.1227,-0.0000,-0.0000,1.0000,0.0348,5527.3233,31.9927,254.9561,0.4279,0.2024,1.9653,0.5972,0.6804,1.0900,5.2417
7.2572,STABLE,ASCEND,0.0418,0.0000,0.3713,0.7299,0.4885,0.3438,0.2500,0.0072,0.4270,2.1797,479.0000,0.0028,124.7654,64.5243,0.2500,0.2914,0.0545,0.0356,0.0922,0.2264,0.0776,0.0671,0.1551,250.7641,237.9857,0.0000,0.6885,0.2700,3.7940,-0.0000,-0.0000,0.0396,0.0188,0.4909,1.1966,0.0001,0.0000,0.0002,0.0162,0.1852,0.1542,0.0124,0.1864,0.2174,0.0247,1.0004,-0.1362,-0.0507,0.2873,1.2405,-0.0016,0.9977,-0.0366,-0.0007,0.3888,-0.0000,-0.0000,1.0000,0.0342,5528.4554,32.0201,259.1716,0.4276,0.2022,8.0224,0.4750,0.5016,1.3065,5.2911
7.2990,STABLE,ASCEND,0.0567,0.0000,0.3740,0.8062,0.4135,0.2911,0.2609,0.0025,0.4597,2.8976,478.0000,0.0028,125.5099,65.9420,0.2609,0.3966,0.0380,0.0316,0.1013,0.1350,0.0549,0.0654,0.1772,260.0363,236.0126,0.0000,0.7185,0.2870,3.4034,-0.0000,-0.0000,0.0410,0.0190,0.4725,0.8515,0.0048,0.0000,0.0003,0.0106,0.1998,0.1691,0.0002,0.1745,0.2392,0.0360,1.0005,-0.1668,-0.0290,0.3126,1.2438,0.0002,0.9975,-0.0385,-0.0317,0.3892,-0.0000,-0.0000,1.0000,0.0344,5530.8733,32.1168,259.8093,0.4276,0.2020,3.8879,0.5778,0.6883,1.5314,3.9251
7.3407,STABLE,ASCEND,0.0669,0.0000,0.3917,0.8931,0.3663,0.2821,0.2631,0.0014,0.4882,2.7936,479.0000,0.0028,127.8916,69.6750,0.2631,0.4526,0.0421,0.0379,0.0653,0.1305,0.0484,0.0611,0.1621,276.0895,236.4993,0.0000,0.7354,0.3082,3.6134,-0.0000,-0.0000,0.0455,0.0211,0.4810,1.6187,0.0006,0.0000,0.0003,0.0022,0.2009,0.1572,0.0001,0.1743,0.2783,0.0342,1.0005,-0.1606,-0.0340,0.3173,1.2610,0.0010,0.9965,-0.0517,0.0779,0.5598,-0.0000,-0.0000,1.0000,0.0345,5534.2361,32.1810,258.7518,0.4270,0.2014,3.8879,0.5778,0.6883,1.6339,1.7790
7.3824,STABLE,ASCEND,0.0855,0.0000,0.4366,1.0468,0.3214,0.2833,0.2790,0.0011,0.5214,3.1345,475.0000,0.0027,129.3671,72.4452,0.2790,0.4799,0.0169,0.0063,0.0634,0.1480,0.0444,0.0825,0.1586,284.4428,236.6080,0.0000,0.7580,0.3372,4.2560,-0.0000,-0.0000,0.0482,0.0204,0.4926,1.2896,0.0006,0.0000,0.0003,0.0000,0.2115,0.1527,0.0006,0.1743,0.3222,0.0416,1.0006,-0.1962,-0.0382,0.3429,1.3702,0.0024,0.9967,-0.0491,0.0375,0.4815,-0.0000,-0.0000,1.0000,0.0347,5537.3838,32.3126,258.5548,0.4274,0.2007,3.8879,0.5778,0.6883,1.6798,0.8446
7.4241,STABLE,ASCEND,0.0758,0.0000,0.4306,0.7680,0.3949,0.3121,0.2714,0.0022,0.5349,4.2451,476.0000,0.0028,129.5734,72.5766,0.2714,0.3949,0.0297,0.0297,0.0637,0.1529,0.0573,0.0573,0.2144,283.9156,238.8489,0.0000,0.6729,0.3548,6.0164,-0.0000,-0.0000,0.0506,0.0207,0.4996,1.5564,0.0006,0.0000,0.0001,0.0089,0.1771,0.1582,0.0032,0.1884,0.3154,0.0273,1.0003,-0.1297,-0.0226,0.3059,1.2199,0.0025,0.9970,-0.0430,-0.0096,0.4662,-0.0000,-0.0000,1.0000,0.0342,5542.8381,32.3447,256.8643,0.4277,0.2004,1.9462,0.5694,0.6871,1.7044,0.3288
7.4658,STABLE,ASCEND,0.1002,0.0052,0.4056,0.7402,0.6224,0.3333,0.2877,0.0857,0.5265,4.5194,477.0000,0.0028,126.8184,69.1084,0.2877,0.1498,0.0401,0.0443,0.1793,0.2637,0.0696,0.0675,0.1857,271.9766,236.6113,0.0000,0.5974,0.3497,7.8481,0.0000,0.0000,0.0524,0.0206,0.5158,2.4282,0.0549,0.0000,0.0005,0.0453,0.1579,0.1511,0.0303,0.2088,0.2878,0.0314,1.0006,-0.2018,-0.0751,0.3211,1.1502,0.0010,0.9975,-0.0386,-0.1112,0.3537,-0.0000,-0.0000,1.0000,0.0351,5549.4012,32.3867,277.3221,0.4189,0.2018,1.9462,0.5694,0.6871,1.7072,-0.3745
7.5075,STABLE,ASCEND,0.0682,0.0003,0.3262,0.7217,0.5535,0.3543,0.2554,0.0376,0.4233,2.6335,479.0000,0.0028,125.2602,66.4848,0.2554,0.1782,0.0419,0.0482,0.1027,0.2474,0.0839,0.0671,0.2306,260.8099,237.1883,0.0000,0.5918,0.2572,2.6703,-0.0000,-0.0000,0.0350,0.0202,0.4929,0.5817,0.0231,0.0001,0.0012,0.0138,0.1673,0.1848,0.0104,0.1898,0.1913,0.0281,1.0004,-0.1570,-0.0479,0.2867,1.0254,0.0009,0.9980,-0.0355,-0.0333,0.3288,-0.0000,-0.0000,1.0000,0.0343,5548.1709,32.2070,255.6242,0.4278,0.1998,3.8879,0.5778,0.6883,1.6732,-0.3869
7.5492,STABLE,ASCEND,0.0492,0.0000,0.3698,0.6872,0.4382,0.3375,0.2853,0.0041,0.5583,5.3390,477.0000,0.0028,125.4813,66.3973,0.2853,0.3585,0.0377,0.0377,0.0776,0.1635,0.0797,0.1006,0.1447,262.8609,232.1770,0.0000,0.6755,0.3182,5.3324,-0.0000,0.0000,0.0471,0.0257,0.5159,0.7771,0.0453,0.0001,0.0013,0.0150,0.2109,0.1677,0.0004,0.1784,0.2211,0.0322,1.0003,-0.1488,-0.0243,0.3271,1.1974,0.0008,0.9986,-0.0323,-0.1199,0.2588,-0.0000,-0.0000,1.0000,0.0342,5549.0062,32.0428,255.7766,0.4283,0.1999,7.0899,0.5917,0.6752,1.6749,-0.4285
7.5909,STABLE,ASCEND,0.0519,0.0000,0.3484,0.7598,0.3742,0.3446,0.2619,0.0016,0.4673,3.0724,478.0000,0.0028,126.3229,67.9292,0.2619,0.3763,0.0317,0.0550,0.0719,0.1416,0.0782,0.0613,0.1839,268.9595,231.5319,0.0000,0.6272,0.2893,4.4973,-0.0000,-0.0000,0.0416,0.0164,0.4990,0.7461,0.0002,0.0000,0.0007,0.0063,0.2023,0.1657,0.0002,0.1510,0.2258,0.0241,1.0004,-0.1267,-0.0393,0.3026,1.2146,0.0002,0.9978,-0.0377,-0.0096,0.3384,-0.0000,-0.0000,1.0000,0.0343,5548.2521,32.0852,253.0171,0.4284,0.1995,3.8879,0.5778,0.6883,1.6374,-1.1275
7.6326,STABLE,ASCEND,0.0572,0.0000,0.3700,0.7673,0.3784,0.3383,0.2631,0.0021,0.4656,2.9893,477.0000,0.0028,127.3118,68.7600,0.2631,0.4017,0.0254,0.0254,0.0825,0.1416,0.0803,0.0592,0.1839,273.7379,228.7485,0.0000,0.7130,0.3424,6.3493,-0.0000,0.0000,0.0463,0.0231,0.5122,0.9059,0.0000,0.0000,0.0006,0.0033,0.1949,0.1894,0.0002,0.1405,0.3094,0.0277,1.0005,-0.1468,-0.0523,0.3095,1.1196,-0.0004,0.9977,-0.0431,0.0120,0.3504,-0.0000,-0.0000,1.0000,0.0342,5548.7168,32.2743,258.9233,0.4284,0.1985,1.9462,0.5694,0.6871,1.5809,-0.6969
7.6743,STABLE,ASCEND,0.0703,0.0000,0.3638,0.8041,0.3795,0.3124,0.2733,0.0018,0.4734,3.0951,478.0000,0.0028,127.6627,69.1709,0.2733,0.4025,0.0419,0.0335,0.0608,0.1321,0.0608,0.0881,0.1803,276.2978,227.7910,0.0000,0.7324,0.2866,3.2718,-0.0000,0.0000,0.0420,0.0221,0.5259,0.7651,0.0402,0.0000,0.0005,0.0001,0.2021,0.1739,0.0002,0.1539,0.2528,0.0272,1.0006,-0.1570,-0.0856,0.3199,1.1299,-0.0023,0.9976,-0.0289,-0.0079,0.2832,-0.0000,-0.0000,1.0000,0.0350,5546.2011,32.2883,256.9756,0.4288,0.1977,1.9462,0.5694,0.6871,1.5793,0.4829
7.7160,STABLE,ASCEND,0.0765,0.0000,0.3823,0.7031,0.4465,0.3019,0.2755,0.0034,0.5421,4.3130,481.0000,0.0028,128.2941,70.1289,0.2755,0.3857,0.0273,0.0273,0.0671,0.1740,0.0692,0.0881,0.1614,279.4340,229.2672,0.0000,0.7147,0.3085,3.7902,-0.0000,0.0000,0.0407,0.0186,0.5049,1.1655,0.0086,0.0000,0.0007,0.0086,0.1780,0.1759,0.0030,0.1388,0.3144,0.0306,1.0005,-0.1645,-0.0443,0.3179,1.2852,0.0016,0.9968,-0.0268,-0.0260,0.4931,-0.0000,-0.0000,1.0000,0.0345,5544.9567,32.3729,258.7242,0.4289,0.1972,1.9462,0.5694,0.6871,1.6212,0.5938
7.7577,STABLE,ASCEND,0.0734,0.0001,0.3515,0.7500,0.5156,0.3763,0.2496,0.0246,0.4317,2.9371,484.0000,0.0028,125.7853,67.0446,0.2496,0.2807,0.0437,0.0499,0.1102,0.2370,0.0707,0.0499,0.1580,267.3440,228.0619,0.0000,0.5856,0.2421,2.8548,-0.0000,0.0000,0.0308,0.0162,0.5159,0.6173,0.0105,0.0000,0.0007,0.0133,0.1560,0.1804,0.0084,0.1153,0.2433,0.0159,1.0007,-0.1087,-0.1044,0.2965,0.9772,-0.0004,0.9978,-0.0106,-0.0224,0.3264,-0.0000,-0.0000,1.0000,0.0343,5545.6496,32.4162,273.4956,0.4287,0.1972,3.8879,0.5778,0.6883,1.6288,2.6787
7.7995,STABLE,ASCEND,0.0788,0.0000,0.3436,0.7523,0.4617,0.4555,0.2518,0.0311,0.4131,2.9421,486.0000,0.0028,124.6102,65.1405,0.2518,0.3064,0.0497,0.0352,0.0621,0.1511,0.0580,0.0787,0.2588,257.9631,228.2035,0.0000,0.6296,0.2372,2.8678,-0.0000,-0.0000,0.0274,0.0155,0.4771,0.5957,0.0076,0.0000,0.0002,0.0097,0.1730,0.1819,0.0122,0.1370,0.2338,0.0198,1.0007,-0.1069,-0.1059,0.2848,0.8823,-0.0001,0.9978,-0.0215,0.0027,0.3133,-0.0000,-0.0000,1.0000,0.0338,5536.5513,32.2820,255.9972,0.4290,0.1964,2.2132,0.5667,0.6905,1.8446,3.7033
7.8412,STABLE,ASCEND,0.0822,0.0000,0.3769,0.7523,0.4280,0.4198,0.2932,0.0225,0.4873,3.5999,489.0000,0.0028,124.0578,64.5221,0.2932,0.3889,0.0494,0.0432,0.0576,0.1420,0.0453,0.0535,0.2202,255.0334,225.8080,0.0000,0.6992,0.2910,3.3759,-0.0000,0.0000,0.0359,0.0205,0.5013,1.0110,0.0687,0.0000,0.0006,0.0222,0.1611,0.1978,0.0056,0.1129,0.3193,0.0227,1.0006,-0.0929,-0.0599,0.3383,1.0112,0.0008,0.9964,-0.0126,0.0514,0.6415,-0.0000,-0.0000,1.0000,0.0339,5531.0803,32.1629,251.1351,0.4293,0.1954,3.9647,0.5778,0.6749,1.9377,1.8350
7.8829,STABLE,ASCEND,0.0754,0.0000,0.3747,0.8329,0.3783,0.3885,0.2980,0.0035,0.4983,3.0039,494.0000,0.0029,124.8258,66.4460,0.2980,0.4663,0.0409,0.0307,0.0552,0.1554,0.0266,0.0552,0.1697,265.4559,225.5655,0.0000,0.7007,0.2849,2.8492,-0.0000,0.0000,0.0421,0.0185,0.5058,0.8380,0.0224,0.0000,0.0003,0.0059,0.1908,0.2005,0.0153,0.1439,0.2582,0.0178,1.0007,-0.0809,-0.0960,0.3573,1.0232,-0.0008,0.9981,-0.0071,-0.0948,0.3696,-0.0000,-0.0000,1.0000,0.0340,5526.9677,32.0743,251.5469,0.4292,0.1952,1.9183,0.5417,0.6971,1.9977,1.9211
7.9246,STABLE,ASCEND,0.0916,0.0000,0.3601,0.8751,0.4037,0.3469,0.3172,0.0031,0.5385,3.5984,497.0000,0.0029,125.5301,67.0162,0.3172,0.4706,0.0507,0.0304,0.0629,0.1420,0.0365,0.0426,0.1643,269.1283,223.7604,0.0000,0.6981,0.3102,3.4890,-0.0000,-0.0000,0.0398,0.0182,0.4955,0.8323,0.0004,0.0000,0.0003,0.0058,0.1657,0.2105,0.0031,0.1725,0.2888,0.0176,1.0009,-0.0805,-0.1312,0.3842,1.3215,-0.0001,0.9983,-0.0156,-0.1180,0.3558,-0.0000,-0.0000,1.0000,0.0339,5521.9810,32.1094,255.0756,0.4285,0.1947,3.9647,0.5778,0.6749,2.0980,2.2713
7.9663,STABLE,ASCEND,0.0804,0.0000,0.3526,0.8305,0.4032,0.3468,0.2948,0.0032,0.4800,2.2442,499.0000,0.0029,125.5736,67.0967,0.2948,0.4718,0.0242,0.0242,0.0766,0.1431,0.0363,0.0403,0.1835,270.2732,222.3359,0.0000,0.6907,0.2785,2.5530,-0.0000,-0.0000,0.0383,0.0161,0.4946,0.7007,0.0005,0.0000,0.0003,0.0125,0.1684,0.1949,0.0023,0.1599,0.2609,0.0111,1.0008,-0.0561,-0.1406,0.3542,1.0547,-0.0004,0.9990,0.0053,-0.1069,0.2569,0.0000,-0.0000,1.0000,0.0341,5517.6209,32.1049,254.3979,0.4284,0.1948,3.8879,0.5778,0.6883,2.1871,1.5281
8.0080,STABLE,ASCEND,0.0896,-0.0002,0.3793,0.9233,0.4153,0.5242,0.3331,0.0881,0.4950,2.5961,500.0000,0.0029,125.0559,65.6999,0.3331,0.3649,0.0464,0.0383,0.0484,0.1270,0.0484,0.0665,0.2601,264.3800,224.0067,0.0000,0.7070,0.2980,3.2923,-0.0000,0.0000,0.0427,0.0239,0.5007,0.8386,0.0713,0.0000,0.0007,0.0203,0.1763,0.2331,0.0309,0.1908,0.2691,0.0149,1.0009,-0.0521,-0.1384,0.3808,1.0742,-0.0010,0.9981,-0.0086,-0.0315,0.4861,-0.0000,-0.0000,1.0000,0.0337,5511.9116,32.1464,252.8826,0.4286,0.1946,1.9368,0.5694,0.6904,2.2254,0.7257
8.0497,STABLE,ASCEND,0.1155,0.0000,0.3232,0.8698,0.4240,0.3660,0.2563,0.0027,0.4325,1.7781,500.0000,0.0029,124.7780,64.6104,0.2563,0.4720,0.0520,0.0500,0.0860,0.1220,0.0260,0.0560,0.1360,259.5764,226.3060,0.0000,0.5766,0.2456,1.9529,-0.0000,-0.0000,0.0243,0.0109,0.4944,0.7006,0.0128,0.0000,0.0007,0.0053,0.1015,0.1942,0.0044,0.1372,0.2374,0.0096,1.0009,-0.0631,-0.1532,0.3197,0.9653,-0.0001,0.9994,0.0097,-0.1557,0.2113,0.0000,-0.0000,1.0000,0.0343,5512.6972,32.2055,270.2053,0.4205,0.1960,1.9368,0.5694,0.6904,2.2477,-2.1040
8.0914,ASCEND,ASCEND,0.0755,-0.0005,0.3685,0.9589,0.4088,0.5271,0.3233,0.1533,0.4197,2.0843,500.0000,0.0029,125.7174,66.9131,0.3233,0.4188,0.0802,0.0281,0.0721,0.0822,0.0160,0.0321,0.2705,269.9128,227.6762,0.0000,0.7704,0.2645,2.6916,-0.0000,-0.0000,0.0298,0.0189,0.4801,0.6223,0.0890,0.0000,0.0002,0.0878,0.1440,0.2375,0.0286,0.1767,0.2694,0.0275,1.0007,-0.0336,-0.0500,0.3399,0.9282,-0.0001,0.9981,-0.0146,0.0650,0.5180,-0.0000,-0.0000,1.0000,0.0329,5507.9846,31.8882,246.8571,0.4294,0.1936,1.9368,0.5694,0.6904,2.0499,-0.6644
8.1331,ASCEND,ASCEND,0.1086,0.0000,0.3646,1.0073,0.4214,0.3226,0.2729,0.0022,0.4762,3.3108,499.0000,0.0029,127.1268,69.2053,0.2729,0.4274,0.0504,0.0343,0.0746,0.0948,0.0222,0.0524,0.2440,278.0158,229.5374,0.0000,0.7429,0.2847,3.6156,-0.0000,-0.0000,0.0346,0.0171,0.4895,0.6745,0.0000,0.0000,0.0003,0.0010,0.1250,0.2125,0.0078,0.1494,0.2899,0.0300,1.0010,-0.1567,-0.1416,0.3451,0.9825,0.0002,0.9989,-0.0202,-0.1037,0.3249,0.0000,-0.0000,1.0000,0.0334,5502.1797,31.6661,242.5389,0.4203,0.1952,1.1124,0.5722,0.6868,2.1922,4.0652
8.1748,STABLE,ASCEND,0.1101,0.0000,0.3892,1.0197,0.3879,0.3051,0.2989,0.0022,0.5109,2.4815,496.0000,0.0029,129.2015,72.3334,0.2989,0.4667,0.0343,0.0343,0.0768,0.1192,0.0242,0.0485,0.1960,288.6252,230.3748,0.0000,0.7564,0.3087,3.5748,-0.0000,-0.0000,0.0381,0.0159,0.4965,0.9244,0.0035,0.0000,0.0003,0.0151,0.1477,0.2211,0.0003,0.1526,0.2982,0.0392,1.0010,-0.2052,-0.1174,0.3831,1.2141,0.0009,0.9981,-0.0416,-0.0536,0.4407,-0.0000,-0.0000,1.0000,0.0326,5494.4114,31.3467,238.4191,0.4198,0.1945,6.8144,0.4694,0.5338,2.3890,4.3217
8.2165,STABLE,ASCEND,0.0862,0.0000,0.3459,0.8786,0.3960,0.3172,0.2717,0.0024,0.4934,3.1363,496.0000,0.0029,130.6783,74.3488,0.2717,0.4566,0.0323,0.0364,0.0606,0.0929,0.0343,0.0586,0.2283,295.2976,229.7089,0.0000,0.6309,0.2765,2.9548,-0.0000,0.0000,0.0349,0.0150,0.5046,0.5798,0.0004,0.0000,0.0003,0.0165,0.1438,0.2029,0.0002,0.1450,0.2365,0.0362,1.0009,-0.1740,-0.1117,0.3504,1.0775,0.0008,0.9987,-0.0265,-0.0684,0.3578,-0.0000,-0.0000,1.0000,0.0325,5491.7109,31.2416,235.4639,0.4279,0.1925,6.7305,0.4694,0.5404,2.5528,2.8848
8.2582,STABLE,ASCEND,0.0730,0.0000,0.3450,0.8238,0.3927,0.2874,0.2547,0.0020,0.4710,3.0591,495.0000,0.0029,133.8446,77.9350,0.2547,0.4555,0.0405,0.0364,0.1073,0.0891,0.0263,0.0385,0.2065,306.4510,228.3171,0.0000,0.5912,0.2938,3.0722,-0.0000,-0.0000,0.0375,0.0142,0.4841,0.7810,0.0005,0.0000,0.0003,0.0113,0.1293,0.2118,0.0007,0.1350,0.2558,0.0268,1.0008,-0.1347,-0.1065,0.3182,1.0539,0.0016,0.9988,-0.0218,-0.0756,0.3344,0.0000,-0.0000,1.0000,0.0322,5491.0737,31.2544,237.1054,0.4282,0.1920,2.2132,0.5667,0.6905,2.6297,0.2902
8.3000,STABLE,ASCEND,0.0890,0.0000,0.3761,0.9044,0.4667,0.3960,0.2799,0.0445,0.5123,3.4770,495.0000,0.0029,131.1451,74.6490,0.2799,0.3556,0.0465,0.0525,0.0707,0.1010,0.0303,0.0667,0.2768,296.3229,231.6114,0.0000,0.6483,0.3136,3.7171,-0.0000,0.0000,0.0349,0.0188,0.5036,1.1197,0.0604,0.0000,0.0007,0.0196,0.0896,0.2184,0.0163,0.1489,0.3018,0.0394,1.0008,-0.1456,-0.0498,0.3379,1.1930,0.0021,0.9979,-0.0381,-0.0300,0.5736,-0.0000,-0.0000,1.0000,0.0318,5489.4571,31.3152,233.6258,0.4282,0.1909,1.9368,0.5694,0.6904,2.5770,-0.6765
8.3417,STABLE,ASCEND,0.0963,-0.0001,0.3119,0.7890,0.4263,0.5091,0.2429,0.0570,0.4136,2.5319,496.0000,0.0029,128.0951,69.8760,0.2429,0.3192,0.0687,0.0465,0.0626,0.1030,0.0525,0.0404,0.3071,280.2836,232.5028,0.0000,0.5154,0.2575,2.6233,-0.0000,-0.0000,0.0268,0.0149,0.4904,0.5234,0.0241,0.0000,0.0007,0.0385,0.0934,0.2085,0.0218,0.1255,0.2500,0.0298,1.0008,-0.1233,-0.0980,0.2856,0.8335,0.0007,0.9979,-0.0307,0.0151,0.5069,-0.0000,-0.0000,1.0000,0.0318,5491.3794,31.3495,243.0903,0.4280,0.1908,1.9368,0.5694,0.6904,2.5733,0.0914
8.3834,STABLE,ASCEND,0.2164,0.0002,0.6116,1.7056,0.5346,0.3476,0.4385,0.0951,0.8431,5.4714,497.0000,0.0029,127.8044,67.9825,0.4385,0.2175,0.0203,0.0467,0.1585,0.2175,0.0467,0.0793,0.2134,271.6581,237.2574,0.0000,0.7667,0.5061,6.3285,0.0000,0.0000,0.0575,0.0230,0.5109,1.5774,0.0092,0.0000,0.0002,0.0110,0.1785,0.3584,0.0185,0.2656,0.4685,0.0374,1.0012,-0.2787,-0.2023,0.5089,1.9334,0.0016,0.9979,-0.0457,-0.0919,0.5117,-0.0000,-0.0000,1.0000,0.0318,5486.6934,31.1080,227.2956,0.4199,0.1925,0.8343,0.5750,0.6867,2.5846,-0.0332
8.4251,STABLE,ASCEND,0.1165,0.0004,0.2811,0.7540,0.5596,0.3010,0.2084,0.0238,0.3604,2.5333,498.0000,0.0029,126.9309,66.3100,0.2084,0.2525,0.0424,0.0303,0.1333,0.1778,0.0606,0.0808,0.2222,262.6745,239.7530,0.0000,0.4041,0.2286,2.5467,-0.0000,0.0000,0.0276,0.0174,0.5127,0.6885,0.0187,0.0000,0.0003,0.0080,0.0950,0.1665,0.0390,0.0987,0.2071,0.0213,1.0007,-0.1567,-0.1253,0.2571,0.8176,0.0008,0.9994,-0.0171,-0.0975,0.1939,0.0000,-0.0000,1.0000,0.0315,5485.7252,30.8237,222.5324,0.4205,0.1923,-3.1798,0.5694,0.5408,2.5705,0.3670
8.4668,STABLE,ASCEND,0.0856,0.0011,0.2779,0.6652,0.5815,0.2676,0.2302,0.0910,0.3497,2.3355,499.0000,0.0029,126.7265,66.3296,0.2302,0.2173,0.0382,0.0382,0.1932,0.2153,0.0443,0.0704,0.1831,265.5548,233.1048,0.0000,0.4995,0.2488,4.2437,0.0000,0.0000,0.0425,0.0213,0.5190,1.0672,0.1010,0.0000,0.0001,0.0963,0.1394,0.1780,0.0148,0.0794,0.2004,0.0170,1.0006,-0.1859,-0.1144,0.2522,0.9244,-0.0002,1.0007,-0.0100,-0.2875,-0.0537,0.0000,0.0000,1.0000,0.0314,5488.3537,30.7813,217.9017,0.4291,0.1901,1.9368,0.5694,0.6904,2.6152,1.0742
8.5085,STABLE,ASCEND,0.0597,0.0000,0.2524,0.6103,0.4052,0.3609,0.1950,0.0036,0.3653,2.5364,500.0000,0.0029,127.6595,68.3569,0.1950,0.4073,0.0403,0.0343,0.0907,0.1089,0.0464,0.0867,0.1855,275.1762,232.9754,0.0000,0.4046,0.2387,3.9813,-0.0000,0.0000,0.0350,0.0138,0.5145,1.1295,0.0006,0.0000,0.0003,0.0067,0.1363,0.1447,0.0021,0.0879,0.2182,0.0225,1.0004,-0.0910,-0.0355,0.2393,0.8724,0.0003,0.9997,-0.0021,-0.1389,0.1721,0.0000,-0.0000,1.0000,0.0317,5485.0207,30.9352,224.4129,0.4296,0.1896,1.9368,0.5694,0.6904,2.6601,-0.8413
8.5502,STABLE,ASCEND,0.0810,0.0000,0.2435,0.6500,0.5060,0.2760,0.1866,0.0034,0.3663,2.0471,500.0000,0.0029,128.1514,68.9691,0.1866,0.3680,0.0440,0.0440,0.1220,0.1540,0.0440,0.0420,0.1820,277.7324,233.7966,0.0000,0.3222,0.2097,2.2554,-0.0000,-0.0000,0.0314,0.0121,0.4864,0.8011,0.0008,0.0000,0.0003,0.0040,0.0808,0.1227,0.0209,0.0570,0.2130,0.0171,1.0006,-0.1062,-0.0808,0.2374,0.9307,0.0005,0.9988,-0.0004,-0.0592,0.3224,0.0000,-0.0000,1.0000,0.0319,5482.0463,30.9659,223.1862,0.4297,0.1892,5.1173,0.5833,0.6727,2.5450,-5.2814
8.5919,STABLE,ASCEND,0.1115,0.0031,0.2640,0.6531,0.6232,0.2525,0.2402,0.0800,0.4028,3.2166,500.0000,0.0029,127.7491,68.2948,0.2402,0.2565,0.0361,0.0361,0.1944,0.2665,0.0481,0.0321,0.1303,275.6594,233.3016,0.0000,0.4121,0.2236,3.1792,-0.0000,0.0000,0.0330,0.0163,0.5098,1.1307,0.0589,0.0000,0.0003,0.0622,0.1179,0.1156,0.0238,0.0872,0.2289,0.0134,1.0008,-0.1695,-0.1467,0.2867,0.9895,0.0007,0.9989,-0.0136,-0.2576,0.3076,-0.0000,-0.0000,1.0000,0.0321,5482.9058,31.2329,238.6073,0.4210,0.1908,6.8144,0.4694,0.5338,2.2195,-7.4174
8.6336,STABLE,ASCEND,0.0908,0.0022,0.2176,0.5215,0.6460,0.3140,0.1990,0.0899,0.3268,2.1618,500.0000,0.0029,127.5387,67.9212,0.1990,0.1480,0.0380,0.0600,0.1880,0.2560,0.1040,0.0580,0.1480,273.7809,234.7025,0.0000,0.2644,0.1869,2.4180,0.0000,-0.0000,0.0236,0.0136,0.4986,1.0295,0.0299,0.0000,0.0001,0.0424,0.0672,0.1308,0.0254,0.1248,0.2073,0.0155,1.0006,-0.1315,-0.0900,0.2408,0.8638,0.0010,0.9997,-0.0007,-0.1630,0.1471,0.0000,-0.0000,1.0000,0.0330,5483.2967,31.3704,252.4175,0.4292,0.1893,5.1173,0.5833,0.6727,1.9263,-7.6437
8.6753,STABLE,ASCEND,0.1120,0.0032,0.2400,0.5683,0.6593,0.2966,0.1969,0.0761,0.3240,1.9535,500.0000,0.0029,127.1782,66.7047,0.1969,0.1824,0.0601,0.0541,0.1984,0.2325,0.0762,0.0561,0.1403,268.2286,234.9401,0.0001,0.3007,0.1758,2.2234,-0.0000,0.0000,0.0221,0.0152,0.5100,0.6955,0.0282,0.0001,0.0030,0.0678,0.0731,0.1047,0.0407,0.1059,0.1673,0.0121,1.0007,-0.1364,-0.1152,0.2418,0.8830,0.0013,0.9997,0.0016,-0.1700,0.1581,0.0000,-0.0000,1.0000,0.0326,5483.1179,31.2956,237.4819,0.4210,0.1905,6.8091,0.5889,0.6748,1.5819,-3.1664
8.7170,STABLE,ASCEND,0.0734,0.0005,0.2110,0.4304,0.5726,0.2964,0.2004,0.0466,0.3456,2.0287,500.0000,0.0029,128.2815,69.1962,0.2004,0.2823,0.0323,0.0282,0.1593,0.2198,0.1089,0.0685,0.1008,280.3957,229.5465,0.0000,0.3805,0.3004,5.8126,0.0000,-0.0000,0.0474,0.0162,0.4957,1.7149,0.1951,0.0001,0.0026,0.0833,0.0716,0.1184,0.0184,0.0622,0.2124,0.0190,1.0005,-0.1480,-0.0592,0.2382,1.0135,0.0004,1.0001,0.0107,-0.2837,0.1108,0.0000,-0.0000,1.0000,0.0326,5482.3768,31.1009,221.1821,0.4293,0.1890,0.8384,0.5750,0.6834,1.6622,0.2267
8.7587,STABLE,ASCEND,0.0531,0.0000,0.2206,0.5491,0.3888,0.3307,0.1751,0.0018,0.3538,2.9828,500.0000,0.0029,129.7907,72.1780,0.1751,0.4389,0.0361,0.0401,0.0721,0.1423,0.0701,0.0802,0.1202,291.4821,226.2128,0.0000,0.2972,0.1933,2.7230,-0.0000,-0.0000,0.0268,0.0115,0.4804,0.7111,0.0005,0.0000,0.0003,0.0133,0.0814,0.1234,0.0019,0.0535,0.1827,0.0196,1.0004,-0.0963,-0.0396,0.2209,0.8333,0.0007,0.9999,0.0053,-0.1563,0.1407,0.0000,-0.0000,1.0000,0.0326,5487.3848,31.1196,218.1319,0.4290,0.1893,-2.8271,0.5667,0.5407,1.6008,-2.1679
8.8005,STABLE,ASCEND,0.0250,0.0000,0.2058,0.3929,0.3707,0.2465,0.1653,0.0014,0.3192,1.9921,500.0000,0.0029,134.9298,79.3734,0.1653,0.5371,0.0120,0.0240,0.0621,0.1343,0.0621,0.0621,0.1062,312.6609,225.5169,0.0000,0.3404,0.1777,2.2753,-0.0000,-0.0000,0.0264,0.0087,0.4617,0.4089,0.0009,0.0000,0.0003,0.0000,0.0765,0.1219,0.0000,0.0513,0.1777,0.0239,1.0003,-0.0984,-0.0166,0.2129,0.6811,0.0003,1.0001,0.0020,-0.1368,0.1225,0.0000,-0.0000,1.0000,0.0323,5485.5504,31.0437,215.2867,0.4291,0.1898,1.9368,0.5694,0.6904,1.4813,-4.6238
8.8422,STABLE,ASCEND,0.0268,0.0000,0.2556,0.4807,0.3715,0.2550,0.2011,0.0014,0.3848,3.6971,500.0000,0.0029,138.5490,83.7325,0.2011,0.4799,0.0341,0.0341,0.0823,0.1245,0.0522,0.0863,0.1064,323.8564,226.5797,0.0000,0.3594,0.1727,2.5566,-0.0000,0.0000,0.0260,0.0098,0.5024,0.4759,0.0005,0.0000,0.0003,0.0000,0.0668,0.1333,0.0000,0.0647,0.1740,0.0245,1.0003,-0.1086,-0.0117,0.2452,0.9435,0.0008,0.9999,-0.0048,-0.1242,0.1340,0.0000,-0.0000,1.0000,0.0329,5489.3566,31.2437,219.8745,0.4289,0.1904,1.1178,0.5722,0.6835,1.2151,-6.0011
8.8839,STABLE,ASCEND,0.0660,0.0511,0.2786,0.4441,0.6727,0.2771,0.2680,0.1515,0.3923,3.6728,500.0000,0.0029,138.7075,84.0324,0.2680,0.1104,0.0361,0.0201,0.2289,0.2811,0.0884,0.1124,0.1225,325.3912,226.0431,0.0001,0.4366,0.2215,4.1964,0.0000,0.0000,0.0345,0.0185,0.5214,1.2246,0.1249,0.0000,0.0005,0.1419,0.0763,0.1921,0.0527,0.1237,0.1732,0.0404,1.0006,-0.2914,-0.0324,0.2798,1.0356,0.0010,0.9990,-0.0362,-0.2474,0.4131,0.0000,-0.0000,1.0000,0.0334,5490.4633,31.5687,231.7708,0.4285,0.1900,1.1178,0.5722,0.6835,0.9807,-3.6707
8.9256,STABLE,ASCEND,0.0449,0.0000,0.2433,0.5847,0.3060,0.2720,0.1425,0.0004,0.3248,2.1522,500.0000,0.0029,136.2887,80.9626,0.1425,0.5080,0.0460,0.0540,0.0620,0.0460,0.0520,0.1180,0.1140,318.1766,224.8067,0.0000,0.2376,0.1627,2.2728,-0.0000,0.0000,0.0201,0.0040,0.5057,0.4972,0.0011,0.0000,0.0003,0.0184,0.0133,0.1332,0.0046,0.0234,0.1434,0.0088,1.0004,-0.0554,-0.0706,0.1911,0.6781,0.0014,1.0017,0.0114,-0.2741,-0.1098,0.0000,0.0000,1.0000,0.0334,5493.2156,31.7646,241.8205,0.4282,0.1902,1.1178,0.5722,0.6835,0.9089,-3.7751
8.9673,STABLE,ASCEND,0.0567,0.0000,0.2379,0.6753,0.4540,0.4600,0.1983,0.0319,0.3449,2.1817,500.0000,0.0029,130.8961,74.0321,0.1983,0.2840,0.0860,0.0480,0.0540,0.1120,0.0420,0.1220,0.2520,298.0536,229.9671,0.0000,0.3196,0.2003,3.7226,-0.0000,0.0000,0.0265,0.0138,0.5107,0.8863,0.0050,0.0000,0.0007,0.0140,0.0447,0.1568,0.0372,0.1029,0.1667,0.0241,1.0006,-0.1032,-0.0583,0.2276,0.6628,0.0006,1.0002,-0.0044,-0.0948,0.0617,0.0000,-0.0000,1.0000,0.0328,5492.5775,31.6741,226.6364,0.4285,0.1906,1.1178,0.5722,0.6835,0.6658,-2.6565
9.0090,STABLE,ASCEND,0.0323,0.0000,0.2173,0.4571,0.3367,0.2485,0.1660,0.0006,0.3426,2.8667,500.0000,0.0029,136.2377,80.8810,0.1660,0.5752,0.0441,0.0401,0.0561,0.0942,0.0321,0.0701,0.0882,317.3746,230.2732,0.0000,0.2655,0.1961,3.6109,-0.0000,0.0000,0.0280,0.0054,0.5237,1.4888,0.0002,0.0000,0.0007,0.0002,0.0509,0.1478,0.0002,0.0507,0.1481,0.0108,1.0005,-0.0562,-0.0668,0.2143,0.7865,0.0003,1.0008,0.0118,-0.1206,-0.0162,0.0000,-0.0000,1.0000,0.0328,5496.4128,31.6040,228.3004,0.4286,0.1913,8.9149,0.5833,0.6883,0.6873,0.7853
9.0507,STABLE,ASCEND,0.0264,0.0000,0.2570,0.5308,0.3660,0.3060,0.1961,0.0014,0.3602,2.3868,500.0000,0.0029,138.1287,83.5693,0.1961,0.4880,0.0460,0.0220,0.0580,0.1000,0.0240,0.1020,0.1600,323.4880,235.1620,0.0000,0.3516,0.2019,2.4336,-0.0000,0.0000,0.0279,0.0085,0.5036,0.6735,0.0002,0.0000,0.0002,0.0002,0.0748,0.1228,0.0089,0.0576,0.1896,0.0285,1.0006,-0.1255,-0.0661,0.2521,0.7720,0.0000,1.0002,-0.0049,-0.1038,0.1364,0.0000,-0.0000,1.0000,0.0328,5494.9153,31.6081,230.5359,0.4287,0.1916,3.8879,0.5778,0.6883,0.7313,4.2314
9.0924,STABLE,ASCEND,0.0165,0.0000,0.2742,0.5634,0.3795,0.4819,0.2340,0.0709,0.3743,2.7132,500.0000,0.0029,137.0165,81.8829,0.2340,0.3554,0.0783,0.0341,0.0703,0.0562,0.0341,0.1064,0.2651,320.7991,229.8771,0.0000,0.4008,0.2200,2.6986,-0.0000,-0.0000,0.0314,0.0171,0.4893,0.7699,0.0504,0.0001,0.0024,0.0903,0.0881,0.1552,0.0265,0.0531,0.2080,0.0203,1.0006,-0.0388,-0.0835,0.2729,0.8008,0.0004,0.9997,-0.0024,0.0701,0.1987,0.0000,-0.0000,1.0000,0.0331,5494.8830,31.6013,225.2518,0.4286,0.1916,7.0899,0.5917,0.6752,1.0403,7.3025
9.1341,STABLE,ASCEND,0.0381,0.0000,0.2625,0.6178,0.3868,0.2685,0.1944,0.0012,0.3571,2.6811,500.0000,0.0029,137.7981,82.9650,0.1944,0.5210,0.0441,0.0281,0.0541,0.0842,0.0401,0.0762,0.1523,323.8235,226.7107,0.0000,0.3912,0.1914,2.3512,-0.0000,-0.0000,0.0257,0.0096,0.4855,0.4390,0.0084,0.0001,0.0021,0.0044,0.0923,0.1393,0.0002,0.0562,0.1640,0.0155,1.0007,-0.0831,-0.1202,0.2493,0.7654,0.0007,1.0008,0.0106,-0.1004,0.0154,0.0000,-0.0000,1.0000,0.0336,5497.0473,31.6893,232.5763,0.4284,0.1920,1.1178,0.5722,0.6835,1.3405,6.0804
9.1758,STABLE,ASCEND,0.0458,0.0000,0.3002,0.5350,0.3820,0.3400,0.1931,0.0017,0.3708,2.2502,500.0000,0.0029,137.1010,82.2028,0.1931,0.4600,0.0520,0.0380,0.0800,0.0740,0.0280,0.0600,0.2080,322.0223,226.7889,0.0000,0.3233,0.1809,2.1215,-0.0000,0.0000,0.0271,0.0080,0.5191,0.6322,0.0007,0.0000,0.0006,0.0191,0.0881,0.1178,0.0028,0.0483,0.1581,0.0015,1.0007,-0.0255,-0.1542,0.2501,0.8314,0.0006,1.0007,0.0190,-0.0799,-0.0085,0.0000,-0.0000,1.0000,0.0334,5498.3264,31.8093,238.5618,0.4284,0.1918,1.9368,0.5694,0.6904,1.5475,3.6852
9.2175,STABLE,ASCEND,0.0263,-0.0003,0.3240,0.5382,0.3940,0.5480,0.2240,0.1128,0.3722,2.8201,500.0000,0.0029,132.4811,76.0629,0.2240,0.4220,0.0760,0.0360,0.0400,0.0400,0.0440,0.0620,0.2800,305.6559,228.0130,0.0000,0.3247,0.1938,2.7273,-0.0000,-0.0000,0.0268,0.0136,0.4985,0.5385,0.0549,0.0000,0.0006,0.0874,0.1033,0.1202,0.0470,0.1094,0.1532,0.0046,1.0005,0.0490,-0.1017,0.2382,0.7332,-0.0002,1.0007,0.0379,-0.0686,-0.0408,0.0000,-0.0000,1.0000,0.0333,5501.6626,31.9828,253.5222,0.4282,0.1923,3.9647,0.5778,0.6749,1.6479,1.0952
9.2592,ASCEND,ASCEND,0.1253,0.0000,0.3927,0.7783,0.5040,0.3896,0.2421,0.0684,0.4324,3.2083,498.0000,0.0029,128.0067,67.3924,0.2421,0.4699,0.0622,0.0663,0.0502,0.0663,0.0341,0.0502,0.2008,277.8377,231.5225,0.0000,0.4181,0.2164,3.4672,-0.0000,-0.0000,0.0284,0.0144,0.4974,0.7188,0.0118,0.0000,0.0007,0.0146,0.1254,0.1104,0.0244,0.1624,0.2103,0.0084,1.0009,-0.0342,-0.1474,0.2645,0.7181,0.0020,1.0007,0.0481,-0.1402,0.0003,0.0000,-0.0000,1.0000,0.0333,5497.8435,32.0913,245.7071,0.4196,0.1939,1.1178,0.5722,0.6835,1.6389,1.1199
9.3010,ASCEND,ASCEND,0.1197,0.0000,0.3997,0.8455,0.4699,0.4056,0.2452,0.0164,0.4582,3.0475,500.0000,0.0029,128.0509,66.8537,0.2452,0.4157,0.1024,0.0462,0.0803,0.0643,0.0522,0.0542,0.1847,277.2510,226.7344,0.0000,0.4424,0.2300,3.8943,-0.0000,-0.0000,0.0325,0.0178,0.4902,0.7684,0.0505,0.0001,0.0016,0.0623,0.1196,0.1281,0.0026,0.0610,0.2251,-0.0003,1.0008,0.0147,-0.1599,0.3074,0.8790,0.0025,1.0006,0.0530,-0.0304,0.0905,0.0000,-0.0000,1.0000,0.0329,5496.9170,32.0300,244.3797,0.4194,0.1938,0.8343,0.5750,0.6867,1.7413,2.6419
9.3427,ASCEND,ASCEND,0.1540,-0.0000,0.7280,1.5714,0.3636,0.5152,0.4790,0.1218,0.8930,6.2722,499.0000,0.0029,131.4737,72.2837,0.4790,0.4848,0.1091,0.0626,0.0303,0.0465,0.0263,0.0222,0.2182,296.0427,226.5187,0.0000,0.9205,0.4161,6.0508,-0.0000,0.0000,0.0561,0.0220,0.5017,1.1925,0.1155,0.0001,0.0015,0.0930,0.2437,0.2781,0.0406,0.0969,0.3157,-0.0113,1.0011,0.1344,-0.2442,0.5478,1.6706,0.0024,1.0019,0.0842,-0.1874,0.0063,0.0000,-0.0000,0.9980,0.0326,5494.4063,31.8100,226.2043,0.4195,0.1935,3.0566,0.5750,0.6876,1.8593,2.3238
9.3844,STABLE,ASCEND,0.0664,0.0000,0.3477,0.7676,0.3448,0.2722,0.2552,0.0009,0.4771,2.5807,500.0000,0.0029,135.9874,79.3294,0.2552,0.6008,0.0927,0.0585,0.0464,0.0504,0.0302,0.0363,0.0847,315.3686,227.8466,0.0000,0.4902,0.2206,2.4729,-0.0000,0.0000,0.0304,0.0114,0.5130,0.5026,0.0040,0.0000,0.0002,0.0042,0.1265,0.1752,0.0000,0.0637,0.1795,-0.0183,1.0010,0.0400,-0.2418,0.3358,1.1127,-0.0000,1.0018,0.0611,-0.2146,-0.0865,0.0000,0.0000,1.0000,0.0326,5493.9218,31.7285,219.5376,0.4284,0.1914,3.8879,0.5778,0.6883,1.9351,2.5051
9.4261,STABLE,ASCEND,0.0198,0.0000,0.3061,0.5681,0.3635,0.3554,0.2546,0.0036,0.4318,1.7358,500.0000,0.0029,139.5606,84.2750,0.2546,0.5723,0.0743,0.0502,0.0361,0.0622,0.0321,0.0261,0.1466,328.0100,226.6119,0.0000,0.5142,0.2371,2.7357,-0.0000,0.0000,0.0327,0.0152,0.5032,1.0843,0.0442,0.0000,0.0002,0.0304,0.1539,0.1676,0.0089,0.0653,0.1955,-0.0098,1.0008,0.0436,-0.1945,0.3177,0.9113,0.0001,1.0008,0.0469,-0.1274,0.0248,0.0000,-0.0000,1.0000,0.0325,5492.4728,31.8130,224.8843,0.4280,0.1913,1.1124,0.5722,0.6868,2.0682,2.6927
9.4678,STABLE,ASCEND,0.0106,-0.0038,0.3330,0.7904,0.3928,0.5731,0.3043,0.1366,0.4248,2.0800,500.0000,0.0029,136.9444,81.1681,0.3043,0.4309,0.1062,0.0641,0.0321,0.0541,0.0220,0.0501,0.2405,320.3304,226.9262,0.0035,0.4905,0.2252,2.5283,-0.0000,-0.0000,0.0299,0.0183,0.4943,0.6310,0.0531,0.0036,0.0031,0.1083,0.1587,0.1847,0.0468,0.1462,0.1829,-0.0086,1.0008,0.1071,-0.1741,0.3148,0.9590,-0.0001,1.0013,0.0543,-0.0773,-0.0483,0.0000,-0.0000,1.0000,0.0328,5493.8782,31.9519,231.1224,0.4279,0.1909,7.0334,0.4694,0.5172,2.1597,1.3439
9.5095,STABLE,ASCEND,0.0777,0.0000,0.2816,0.8647,0.4780,0.4040,0.2280,0.0131,0.3794,1.7428,500.0000,0.0029,131.8313,73.1807,0.2280,0.4860,0.0420,0.0520,0.0700,0.0880,0.0460,0.0660,0.1500,299.6964,223.5786,0.0009,0.4113,0.1926,1.7566,-0.0000,-0.0000,0.0209,0.0116,0.4913,0.5820,0.0372,0.0035,0.0037,0.0311,0.1192,0.1672,0.0094,0.1050,0.1310,-0.0062,1.0008,0.0220,-0.1816,0.2655,0.8721,-0.0002,1.0013,0.0414,-0.1356,-0.0308,0.0000,-0.0000,1.0000,0.0331,5492.5586,31.9360,241.0265,0.4276,0.1907,-1.9275,0.5639,0.6937,2.1803,0.0414
9.5512,ASCEND,ASCEND,0.1287,0.0026,0.2979,0.9896,0.6373,0.2725,0.2252,0.0608,0.3711,1.4921,500.0000,0.0029,129.9616,69.1254,0.2252,0.3307,0.0581,0.0541,0.1303,0.1723,0.0762,0.0681,0.1102,287.2401,226.5987,0.0000,0.3476,0.1911,1.4909,0.0000,0.0000,0.0232,0.0143,0.5107,0.4285,0.0038,0.0000,0.0008,0.0014,0.1130,0.1856,0.0137,0.1228,0.1586,-0.0058,1.0009,-0.0437,-0.2188,0.2705,0.9551,0.0012,1.0009,0.0147,-0.1059,0.0058,0.0000,0.0000,1.0000,0.0323,5491.9976,31.8468,231.5315,0.4189,0.1920,6.7305,0.4694,0.5404,2.1632,1.2852
9.5929,ASCEND,ASCEND,0.1319,0.0000,0.3362,1.0523,0.5010,0.2585,0.2246,0.0029,0.3991,1.6422,500.0000,0.0029,130.4687,70.2367,0.2246,0.4810,0.0361,0.0441,0.0882,0.1182,0.0361,0.0541,0.1423,290.2950,229.7124,0.0000,0.4556,0.2140,2.5994,-0.0000,0.0000,0.0251,0.0075,0.5016,0.4251,0.0003,0.0000,0.0003,0.0006,0.1173,0.1870,0.0150,0.0417,0.1652,0.0007,1.0010,-0.0660,-0.2304,0.2840,0.9821,0.0009,1.0008,0.0122,-0.1132,0.0402,0.0000,-0.0000,1.0000,0.0323,5491.1587,31.7750,234.1660,0.4186,0.1916,5.1173,0.5833,0.6727,2.2875,4.5284
9.6346,ASCEND,ASCEND,0.1255,0.0000,0.3305,1.0082,0.3968,0.2104,0.2208,0.0009,0.4075,2.7923,500.0000,0.0029,132.2114,73.2862,0.2208,0.5631,0.0341,0.0261,0.0541,0.0641,0.0381,0.0481,0.1723,299.1825,232.7592,0.0000,0.4362,0.2097,2.5799,-0.0000,0.0000,0.0264,0.0064,0.5058,0.4657,0.0024,0.0000,0.0003,0.0029,0.0899,0.1847,0.0053,0.0359,0.1699,0.0103,1.0010,-0.1079,-0.2030,0.2781,0.9167,0.0016,1.0004,-0.0037,-0.0837,0.0966,0.0000,-0.0000,1.0000,0.0323,5489.5547,31.7624,232.7177,0.4185,0.1918,18.9704,0.5778,0.6768,2.5410,8.9833
9.6763,ASCEND,ASCEND,0.1479,0.0029,0.3148,0.9427,0.6020,0.2660,0.2634,0.0892,0.3911,1.8252,500.0000,0.0029,132.6388,74.0086,0.2634,0.3020,0.0260,0.0320,0.1420,0.2020,0.0340,0.0900,0.1720,301.7350,230.0180,0.0000,0.4816,0.2202,2.3439,-0.0000,0.0000,0.0351,0.0162,0.5161,0.6880,0.0543,0.0000,0.0002,0.1028,0.1182,0.1952,0.0195,0.0480,0.1913,0.0231,1.0012,-0.2566,-0.2206,0.3020,0.9193,0.0008,1.0007,-0.0119,-0.2562,0.0469,0.0000,-0.0000,1.0000,0.0322,5489.5149,31.7073,232.9556,0.4188,0.1916,3.0566,0.5750,0.6876,3.0369,9.0415
9.7180,ASCEND,ASCEND,0.1040,0.0000,0.3076,0.7764,0.4420,0.2520,0.2169,0.0015,0.3966,2.1960,500.0000,0.0029,133.7327,75.7018,0.2169,0.4280,0.0500,0.0480,0.1080,0.1020,0.0360,0.0660,0.1620,306.2551,231.8893,0.0000,0.3597,0.2230,2.7528,-0.0000,0.0000,0.0298,0.0076,0.5011,0.7125,0.0003,0.0000,0.0006,0.0027,0.0820,0.2075,0.0071,0.0401,0.1738,0.0182,1.0009,-0.1401,-0.1560,0.2748,0.9677,0.0007,1.0000,-0.0192,-0.0791,0.1642,0.0000,-0.0000,1.0000,0.0320,5490.8756,31.6904,233.1953,0.4187,0.1917,7.0334,0.4694,0.5172,3.2952,3.9111
9.7597,ASCEND,ASCEND,0.1175,0.0000,0.3462,1.0021,0.4560,0.2980,0.2468,0.0029,0.4198,1.9749,500.0000,0.0029,134.9815,77.4649,0.2468,0.4240,0.0360,0.0300,0.0820,0.1200,0.0460,0.0760,0.1860,310.8527,233.8921,0.0000,0.3922,0.2172,2.0846,-0.0000,-0.0000,0.0286,0.0113,0.4999,0.6826,0.0067,0.0000,0.0003,0.0135,0.0872,0.2017,0.0153,0.0449,0.2012,0.0232,1.0011,-0.1728,-0.1835,0.3031,0.8943,0.0011,1.0009,-0.0361,-0.1338,0.0877,-0.0000,0.0000,1.0000,0.0322,5492.2852,31.7511,237.9215,0.4186,0.1917,1.9368,0.5694,0.6904,3.3631,0.0154
9.8015,ASCEND,ASCEND,0.1443,0.0487,0.3110,0.7268,0.7440,0.2220,0.2537,0.1380,0.3571,2.2922,500.0000,0.0029,133.7802,75.2388,0.2537,0.1320,0.0380,0.0400,0.1860,0.2460,0.0760,0.1140,0.1680,304.5834,235.9096,0.0003,0.3923,0.2146,2.2903,0.0000,0.0000,0.0270,0.0166,0.5162,0.6365,0.0606,0.0000,0.0005,0.1011,0.0955,0.1899,0.0339,0.1153,0.1918,0.0156,1.0011,-0.2238,-0.2217,0.2788,0.7808,0.0007,1.0005,-0.0141,-0.2156,0.0612,0.0000,-0.0000,1.0000,0.0329,5492.8861,31.9545,254.2721,0.4182,0.1916,0.0000,0.5722,0.6800,3.2964,-1.8363
9.8432,ASCEND,ASCEND,0.1188,0.0017,0.3315,0.7469,0.6132,0.2866,0.2322,0.0934,0.3707,2.3737,500.0000,0.0029,132.0335,71.4050,0.2322,0.2124,0.0501,0.0581,0.1283,0.1784,0.0982,0.1263,0.1483,292.9710,238.6708,0.0000,0.3294,0.2059,2.3787,0.0000,0.0000,0.0281,0.0196,0.5020,0.6591,0.0266,0.0000,0.0001,0.0105,0.0934,0.1810,0.0342,0.1092,0.2083,0.0192,1.0008,-0.1609,-0.1573,0.2701,0.7541,0.0003,0.9998,-0.0299,-0.0251,0.1740,-0.0000,-0.0000,1.0000,0.0332,5489.2510,31.8599,240.6061,0.4180,0.1916,3.0566,0.5750,0.6876,3.2100,-0.9619
9.8849,ASCEND,ASCEND,0.1649,0.0010,0.3908,0.9644,0.5972,0.2926,0.2441,0.0261,0.4418,3.2668,500.0000,0.0029,131.6848,69.9934,0.2441,0.2285,0.0381,0.0461,0.0942,0.1844,0.0701,0.1082,0.2305,288.0779,241.3057,0.0000,0.3341,0.2252,2.7730,-0.0000,0.0000,0.0313,0.0143,0.5202,1.0077,0.0397,0.0000,0.0007,0.0153,0.0829,0.1955,0.0203,0.0331,0.2046,0.0256,1.0011,-0.2019,-0.1949,0.2977,0.9330,0.0013,0.9990,-0.0378,-0.0139,0.3410,-0.0000,-0.0000,1.0000,0.0331,5488.1828,31.7938,242.8526,0.4173,0.1912,0.0000,0.5722,0.6800,3.2162,0.4933
9.9266,ASCEND,ASCEND,0.1474,0.0156,0.3318,0.7982,0.6499,0.2475,0.2292,0.0921,0.3635,2.5087,500.0000,0.0029,131.8344,70.3894,0.2292,0.1972,0.0362,0.0604,0.1831,0.1911,0.0664,0.0604,0.2052,290.3503,235.2456,0.0000,0.2964,0.2551,5.4969,0.0000,0.0000,0.0391,0.0155,0.5103,1.5402,0.1068,0.0034,0.0006,0.1131,0.1046,0.1665,0.0092,0.0299,0.1550,0.0224,1.0011,-0.2446,-0.1794,0.2665,0.8478,0.0001,0.9999,-0.0261,-0.2476,0.1543,-0.0000,-0.0000,1.0000,0.0325,5484.3066,31.6391,232.4656,0.4173,0.1906,0.8384,0.5750,0.6834,3.2511,0.0215
9.9683,ASCEND,ASCEND,0.1155,0.0002,0.3113,0.8030,0.5440,0.3420,0.2065,0.0455,0.3602,2.3442,500.0000,0.0029,132.3340,72.0203,0.2065,0.2500,0.0560,0.0420,0.0880,0.1320,0.0580,0.1360,0.2380,296.0173,232.3308,0.0003,0.2746,0.1965,2.7345,0.0000,0.0000,0.0297,0.0163,0.5101,0.9828,0.0595,0.0044,0.0005,0.0331,0.0928,0.1638,0.0024,0.0283,0.1691,0.0218,1.0009,-0.1565,-0.1525,0.2443,0.7876,0.0006,0.9996,-0.0298,-0.0614,0.2338,-0.0000,-0.0000,1.0000,0.0329,5482.9386,31.7191,235.3055,0.4172,0.1905,1.1178,0.5722,0.6835,3.2180,0.4256
10.0100,ASCEND,ASCEND,0.1354,0.0336,0.2933,0.7306,0.6754,0.2906,0.2253,0.1143,0.3297,2.5404,500.0000,0.0029,130.6900,68.5540,0.2253,0.1944,0.0381,0.0501,0.2004,0.2104,0.0601,0.0741,0.1723,285.8773,231.6609,0.0007,0.3382,0.2028,2.5163,0.0000,-0.0000,0.0298,0.0195,0.4978,0.8912,0.0867,0.0077,0.0013,0.0557,0.1512,0.1479,0.0189,0.0719,0.1896,0.0125,1.0008,-0.1714,-0.1573,0.2599,0.8513,0.0010,0.9992,-0.0306,-0.1342,0.2387,-0.0000,-0.0000,1.0000,0.0331,5477.5783,31.7883,241.7538,0.4171,0.1904,7.0208,0.5861,0.6818,3.2866,-2.1267
10.0517,ASCEND,ASCEND,0.1338,0.0081,0.2561,0.8026,0.6900,0.2760,0.2073,0.0679,0.3160,1.4513,500.0000,0.0029,130.6162,68.0625,0.2073,0.2040,0.0420,0.0360,0.1880,0.2220,0.0780,0.1020,0.1280,283.8216,234.5580,0.0001,0.3299,0.1624,1.5666,-0.0000,0.0000,0.0231,0.0164,0.5200,0.6766,0.0601,0.0002,0.0005,0.0969,0.0426,0.1271,0.0447,0.0764,0.1488,0.0119,1.0009,-0.1836,-0.1800,0.2482,0.7557,0.0008,1.0001,-0.0116,-0.1954,0.1337,0.0000,-0.0000,1.0000,0.0334,5479.9744,31.9143,252.5076,0.4169,0.1903,0.8384,0.5750,0.6834,3.0406,-3.9698
10.0934,ASCEND,ASCEND,0.1119,0.0000,0.3084,0.7577,0.4740,0.2280,0.1397,0.0007,0.3499,2.3466,500.0000,0.0029,131.0347,68.7944,0.1397,0.4640,0.0560,0.0440,0.0760,0.1300,0.0480,0.0680,0.1140,286.8291,233.3174,0.0000,0.1405,0.1401,2.2302,-0.0000,0.0000,0.0160,0.0028,0.5117,0.5642,0.0141,0.0000,0.0007,0.0124,0.0130,0.0833,0.0017,0.0075,0.1355,0.0117,1.0007,-0.1052,-0.1290,0.2104,0.6632,0.0011,0.9994,-0.0089,-0.0578,0.1654,-0.0000,-0.0000,1.0000,0.0335,5481.5720,31.9180,255.8954,0.4168,0.1903,0.8384,0.5750,0.6834,2.9555,-1.5753
10.1351,ASCEND,ASCEND,0.1287,0.0000,0.3558,0.7843,0.4580,0.2940,0.1688,0.0015,0.4150,2.4919,500.0000,0.0029,130.2009,65.7401,0.1688,0.5280,0.0520,0.0520,0.0720,0.0480,0.0480,0.0560,0.1440,273.9573,238.6292,0.0000,0.1467,0.1588,2.8080,-0.0000,0.0000,0.0195,0.0069,0.5166,0.6698,0.0188,0.0000,0.0007,0.0029,0.0040,0.0843,0.0161,0.0417,0.1589,0.0149,1.0008,-0.1160,-0.1430,0.2423,0.6668,0.0007,0.9994,-0.0064,-0.0913,0.1959,0.0000,-0.0000,1.0000,0.0334,5481.5938,31.8753,251.7175,0.4169,0.1902,6.9885,0.4694,0.5205,2.9092,-2.5939
10.1768,ASCEND,ASCEND,0.1215,0.0000,0.3176,0.8201,0.4140,0.2360,0.1768,0.0008,0.4225,3.5555,500.0000,0.0029,132.0887,69.9782,0.1768,0.5280,0.0460,0.0440,0.0660,0.0860,0.0240,0.0640,0.1420,289.7773,240.3177,0.0000,0.1412,0.1705,2.7228,-0.0000,-0.0000,0.0218,0.0030,0.4871,0.7428,0.0008,0.0000,0.0003,0.0000,0.0155,0.1032,0.0055,0.0188,0.1722,0.0159,1.0008,-0.1164,-0.1396,0.2535,0.8327,0.0012,0.9993,-0.0113,-0.0715,0.2556,0.0000,-0.0000,1.0000,0.0333,5480.0830,31.8734,251.1836,0.4170,0.1902,5.8263,0.5889,0.6567,2.7391,-3.2478
10.2185,ASCEND,ASCEND,0.1017,0.0000,0.2753,0.7287,0.4680,0.3600,0.1862,0.0046,0.3553,1.4658,500.0000,0.0029,132.0701,69.9127,0.1862,0.4000,0.0640,0.0720,0.0780,0.1120,0.0600,0.0360,0.1780,290.2185,238.0159,0.0000,0.2205,0.1565,2.3284,-0.0000,-0.0000,0.0207,0.0089,0.5000,0.5406,0.0242,0.0000,0.0020,0.0052,0.0409,0.1223,0.0122,0.0107,0.1493,-0.0004,1.0007,-0.0352,-0.1634,0.2436,0.8527,0.0011,0.9998,0.0122,-0.1017,0.1326,0.0000,-0.0000,1.0000,0.0334,5478.2335,31.8570,246.2973,0.4170,0.1898,3.9647,0.5722,0.6749,2.6383,-1.5396
10.2602,ASCEND,ASCEND,0.1079,0.0001,0.2489,0.6500,0.5120,0.2680,0.1525,0.0023,0.3280,1.6763,500.0000,0.0029,132.6893,71.1712,0.1525,0.4380,0.0560,0.0560,0.0760,0.0900,0.0600,0.0600,0.1640,295.0350,234.5298,0.0000,0.1903,0.1420,1.6484,-0.0000,-0.0000,0.0176,0.0058,0.4916,0.3425,0.0207,0.0000,0.0018,0.0050,0.0257,0.1181,0.0005,0.0126,0.1258,0.0032,1.0007,-0.0690,-0.1490,0.2098,0.6625,0.0011,0.9993,-0.0015,-0.0669,0.1755,-0.0000,-0.0000,1.0000,0.0333,5476.0030,31.8271,242.4121,0.4170,0.1899,0.8384,0.5750,0.6834,2.6107,-2.4099
10.3020,ASCEND,ASCEND,0.0725,0.0000,0.2495,0.6993,0.3560,0.4520,0.1702,0.0272,0.3332,1.9624,500.0000,0.0029,133.2222,71.9064,0.1702,0.4940,0.0580,0.0560,0.0440,0.0520,0.0260,0.0520,0.2180,298.5806,227.8188,0.0000,0.2186,0.1642,2.6096,-0.0000,-0.0000,0.0216,0.0095,0.4994,0.3801,0.0530,0.0001,0.0027,0.0499,0.0509,0.1394,0.0086,0.0033,0.1271,-0.0047,1.0006,0.0207,-0.1342,0.2093,0.7391,0.0010,1.0001,0.0170,-0.0347,0.0858,0.0000,-0.0000,1.0000,0.0332,5475.5734,31.7696,239.7964,0.4253,0.1883,0.8384,0.5750,0.6834,2.4372,-3.4525
10.3437,STABLE,ASCEND,0.1501,0.0000,0.4625,1.4628,0.3680,0.4600,0.3043,0.0498,0.5753,2.5887,500.0000,0.0029,135.6895,75.7270,0.3043,0.5220,0.0600,0.0300,0.0480,0.0540,0.0500,0.0540,0.1820,309.9659,226.5410,0.0000,0.3054,0.2626,2.6356,-0.0000,0.0000,0.0326,0.0125,0.5103,0.9714,0.0311,0.0001,0.0030,0.0548,0.0656,0.2530,0.0059,0.0177,0.2198,0.0087,1.0012,-0.0770,-0.2338,0.3785,1.2976,0.0025,0.9997,-0.0002,-0.0333,0.2163,0.0000,-0.0000,1.0000,0.0332,5475.0765,31.7554,238.4785,0.4170,0.1899,1.1178,0.5722,0.6835,2.3227,-2.1380
10.3854,STABLE,ASCEND,0.0858,0.0000,0.2421,0.7376,0.4640,0.4180,0.1463,0.0174,0.2760,1.3353,500.0000,0.0029,134.3963,73.5542,0.1463,0.3720,0.0700,0.0400,0.0500,0.0760,0.0300,0.1060,0.2560,303.3539,231.7577,0.0000,0.2099,0.1408,1.6036,-0.0000,0.0000,0.0170,0.0098,0.5086,0.3141,0.0499,0.0000,0.0005,0.0246,0.0102,0.1279,0.0247,0.0381,0.1168,0.0062,1.0006,-0.0495,-0.1160,0.1818,0.6563,0.0014,0.9995,-0.0119,0.0056,0.1443,-0.0000,-0.0000,1.0000,0.0333,5476.3439,31.8091,245.2000,0.4253,0.1883,1.1178,0.5722,0.6835,2.2589,-2.4650
10.4271,STABLE,ASCEND,0.0750,-0.0000,0.2816,0.7119,0.4580,0.5020,0.1843,0.0922,0.2803,2.0959,500.0000,0.0029,133.5018,71.6900,0.1843,0.3420,0.0800,0.0580,0.0260,0.0600,0.0500,0.0840,0.3000,297.6841,233.9052,0.0000,0.2396,0.1498,2.2894,-0.0000,0.0000,0.0188,0.0121,0.5117,0.7259,0.0171,0.0000,0.0006,0.0320,0.0534,0.1377,0.0261,0.0958,0.1400,0.0150,1.0006,-0.0644,-0.0914,0.1900,0.5579,0.0013,0.9998,-0.0084,-0.0150,0.0888,0.0000,-0.0000,1.0000,0.0326,5474.8330,31.6432,231.9656,0.4255,0.1879,3.8879,0.5778,0.6883,2.1170,-1.9008
10.4688,STABLE,ASCEND,0.0819,0.0000,0.2672,0.7416,0.4060,0.3820,0.1761,0.0147,0.3073,2.1741,500.0000,0.0029,135.4147,74.7495,0.1761,0.4880,0.0840,0.0520,0.0340,0.0680,0.0280,0.0800,0.1660,307.7263,227.6652,0.0000,0.2610,0.1679,2.0957,-0.0000,-0.0000,0.0224,0.0102,0.4905,0.6044,0.0669,0.0001,0.0010,0.0451,0.0430,0.1660,0.0006,0.0085,0.1198,0.0122,1.0006,-0.0715,-0.1075,0.2166,0.6352,0.0013,0.9993,-0.0186,0.0563,0.2177,-0.0000,-0.0000,1.0000,0.0325,5475.3533,31.5133,227.2650,0.4252,0.1880,3.9647,0.5778,0.6749,2.1003,-0.3626
10.5105,STABLE,ASCEND,0.1020,0.0000,0.2798,0.7886,0.4440,0.3300,0.1600,0.0016,0.3229,2.0209,500.0000,0.0029,135.8844,75.4058,0.1600,0.4500,0.0640,0.0380,0.0500,0.0840,0.0420,0.1040,0.1680,309.4059,229.8742,0.0000,0.1852,0.1599,2.0327,-0.0000,0.0000,0.0217,0.0073,0.5031,0.5532,0.0242,0.0001,0.0011,0.0159,0.0185,0.1484,0.0074,0.0078,0.1168,0.0079,1.0007,-0.0831,-0.1469,0.2093,0.6548,0.0014,0.9992,-0.0197,0.0274,0.1761,-0.0000,-0.0000,1.0000,0.0323,5474.6696,31.3858,221.5991,0.4167,0.1897,0.8343,0.5750,0.6867,2.0868,0.1376
10.5522,STABLE,ASCEND,0.0669,-0.0011,0.2837,0.7837,0.3980,0.5520,0.1979,0.1054,0.2820,1.9806,500.0000,0.0029,135.8989,75.2371,0.1979,0.4080,0.0740,0.0600,0.0520,0.0340,0.0400,0.0760,0.2560,309.1731,229.7816,0.0001,0.2358,0.1508,2.0169,-0.0000,0.0000,0.0207,0.0142,0.5091,0.7922,0.0161,0.0000,0.0002,0.0781,0.0673,0.1585,0.0283,0.0672,0.1286,0.0033,1.0006,-0.0016,-0.1243,0.2012,0.6443,0.0012,0.9999,-0.0072,0.0697,0.0673,-0.0000,-0.0000,1.0000,0.0326,5473.8929,31.4567,225.7490,0.4253,0.1881,3.8879,0.5778,0.6883,2.1118,1.1482
10.5939,STABLE,ASCEND,0.0926,0.0001,0.2685,0.6809,0.5190,0.3808,0.1758,0.0079,0.3125,2.1374,500.0000,0.0029,134.8566,73.0838,0.1758,0.3307,0.0661,0.0421,0.0962,0.1122,0.0341,0.1142,0.2044,302.9973,231.1963,0.0000,0.2835,0.1701,2.3281,-0.0000,0.0000,0.0233,0.0124,0.5164,0.9333,0.0757,0.0000,0.0007,0.0154,0.0274,0.1602,0.0087,0.0274,0.1579,0.0139,1.0007,-0.0964,-0.1147,0.2117,0.7563,0.0011,0.9991,-0.0292,0.0434,0.2523,-0.0000,-0.0000,1.0000,0.0326,5476.2617,31.5536,230.2457,0.4252,0.1881,0.8343,0.5750,0.6867,2.1826,1.3372
10.6356,STABLE,ASCEND,0.0960,0.0000,0.2279,0.6415,0.5180,0.2700,0.1262,0.0011,0.2647,2.4789,500.0000,0.0029,133.3852,70.0998,0.1262,0.4180,0.0720,0.0520,0.0560,0.0820,0.0480,0.0860,0.1860,293.6175,234.6088,0.0000,0.2326,0.1114,1.5731,-0.0000,-0.0000,0.0121,0.0039,0.4949,0.4851,0.0044,0.0000,0.0003,0.0014,0.0057,0.0978,0.0074,0.0135,0.1326,0.0032,1.0007,-0.0728,-0.1295,0.1641,0.5142,0.0007,0.9990,-0.0156,0.0007,0.1609,-0.0000,-0.0000,1.0000,0.0326,5477.7582,31.5935,238.4632,0.4249,0.1879,1.9368,0.5694,0.6904,2.2234,3.1779
10.6773,STABLE,ASCEND,0.0895,-0.0135,0.3613,0.8417,0.4789,0.5211,0.3037,0.1864,0.3407,2.1270,500.0000,0.0029,131.1467,65.3890,0.3037,0.3944,0.1429,0.0262,0.0362,0.0342,0.0423,0.1207,0.2032,277.9760,233.9872,0.0591,0.4598,0.1884,2.1148,0.0001,0.0000,0.0393,0.0487,0.5026,0.6147,0.1037,0.0089,0.0698,0.1212,0.1693,0.1944,0.1122,0.1704,0.1764,0.0039,1.0008,0.0066,-0.1521,0.2720,0.7627,-0.0001,1.0003,0.0077,0.0287,-0.0213,0.0000,-0.0000,1.0000,0.0350,5483.0882,33.1324,321.8928,0.4226,0.1915,1.1070,0.5722,0.6901,2.4477,3.7548
10.7190,ASCEND,ASCEND,0.1170,0.0001,0.3132,0.6516,0.5380,0.2780,0.1324,0.0017,0.3303,2.2410,500.0000,0.0029,130.6428,64.4412,0.1324,0.4120,0.0440,0.0660,0.1020,0.1200,0.0340,0.0740,0.1480,273.7954,234.3341,0.0000,0.1253,0.1257,2.4888,-0.0000,0.0000,0.0156,0.0036,0.5150,0.6726,0.0291,0.0001,0.0004,0.0118,0.0077,0.0831,0.0013,0.0081,0.0934,0.0067,1.0008,-0.1083,-0.1520,0.1946,0.5026,0.0004,0.9987,-0.0241,0.0051,0.2439,-0.0000,-0.0000,1.0000,0.0348,5482.3159,33.1061,318.3309,0.4142,0.1938,6.9530,0.4722,0.5507,2.5366,1.6030
10.7607,ASCEND,ASCEND,0.1052,0.0000,0.3077,0.6255,0.4520,0.3240,0.1388,0.0011,0.3394,2.1338,500.0000,0.0029,131.4994,66.3881,0.1388,0.3900,0.0420,0.0640,0.0820,0.1240,0.0620,0.0840,0.1520,281.7260,237.0960,0.0000,0.1247,0.1403,3.8205,-0.0000,0.0000,0.0192,0.0025,0.5035,0.7262,0.0350,0.0000,0.0004,0.0017,0.0080,0.0807,0.0004,0.0141,0.1090,0.0059,1.0007,-0.0921,-0.1477,0.2006,0.5897,0.0004,0.9989,-0.0196,-0.0001,0.2284,-0.0000,-0.0000,1.0000,0.0348,5480.4547,33.1284,315.9799,0.4142,0.1937,1.1070,0.5722,0.6901,2.5814,0.8141
10.8025,ASCEND,ASCEND,0.1264,0.0001,0.3407,0.6388,0.5200,0.2600,0.1511,0.0020,0.3722,2.2766,500.0000,0.0029,132.1357,67.3875,0.1511,0.4080,0.0700,0.0500,0.0980,0.1300,0.0320,0.0660,0.1460,285.2916,239.2182,0.0000,0.0809,0.1312,2.1553,-0.0000,-0.0000,0.0159,0.0025,0.4979,0.3585,0.0026,0.0000,0.0005,0.0014,0.0092,0.0823,0.0012,0.0126,0.1127,0.0086,1.0009,-0.1175,-0.1694,0.2210,0.5715,0.0007,0.9984,-0.0267,0.0078,0.3043,-0.0000,-0.0000,1.0000,0.0347,5479.8972,33.1306,314.5636,0.4142,0.1934,0.0000,0.5833,0.6833,2.6045,0.6580
10.8442,ASCEND,ASCEND,0.1144,0.0000,0.3243,0.7194,0.4180,0.2640,0.1499,0.0010,0.3612,2.0674,500.0000,0.0029,134.8610,72.2758,0.1499,0.4900,0.0280,0.0340,0.0900,0.0880,0.0520,0.0660,0.1520,300.9827,243.2051,0.0000,0.0890,0.1257,2.0555,-0.0000,-0.0000,0.0159,0.0018,0.4794,0.3417,0.0010,0.0000,0.0005,0.0035,0.0039,0.0860,0.0047,0.0114,0.1031,0.0059,1.0008,-0.1005,-0.1666,0.2200,0.7432,0.0013,0.9989,-0.0196,-0.0164,0.2446,-0.0000,-0.0000,1.0000,0.0347,5477.2002,33.0685,309.3235,0.4144,0.1932,0.0000,0.5722,0.6833,2.6363,-0.0525
10.8859,ASCEND,ASCEND,0.1173,0.0019,0.2750,0.6509,0.6340,0.2260,0.1587,0.0179,0.3193,1.8362,500.0000,0.0029,135.2430,73.0115,0.1587,0.3040,0.0340,0.0640,0.1680,0.1980,0.0380,0.0740,0.1200,303.6648,240.8937,0.0000,0.1513,0.1242,1.9185,-0.0000,0.0000,0.0187,0.0071,0.5051,0.5872,0.0492,0.0000,0.0005,0.0401,0.0111,0.0720,0.0187,0.0356,0.1027,0.0061,1.0008,-0.1299,-0.1664,0.2106,0.6046,0.0013,0.9996,-0.0268,-0.0798,0.1620,-0.0000,-0.0000,1.0000,0.0344,5476.5956,33.0122,304.3344,0.4141,0.1934,0.8303,0.5750,0.6901,2.6001,-0.9530
10.9276,ASCEND,ASCEND,0.0907,0.0068,0.1920,0.5420,0.6500,0.2040,0.1369,0.0320,0.2459,1.1670,500.0000,0.0029,136.3410,74.9848,0.1369,0.2780,0.0200,0.0560,0.2500,0.2060,0.0460,0.0440,0.1000,309.7067,238.3014,0.0000,0.1347,0.1011,1.3385,-0.0000,-0.0000,0.0133,0.0069,0.4861,0.4592,0.0208,0.0001,0.0005,0.0480,0.0222,0.0699,0.0197,0.0366,0.0792,0.0039,1.0006,-0.1072,-0.1292,0.1741,0.5880,0.0011,0.9996,-0.0076,-0.0939,0.1531,-0.0000,-0.0000,1.0000,0.0343,5475.7018,33.0427,308.5652,0.4224,0.1915,-0.8467,0.5806,0.6767,2.5568,-0.6723
10.9693,ASCEND,ASCEND,0.0979,0.0358,0.1968,0.5894,0.7260,0.2520,0.1671,0.1013,0.2294,1.1964,500.0000,0.0029,135.0372,72.6232,0.1671,0.1340,0.0300,0.0340,0.2580,0.3140,0.0680,0.0920,0.0700,303.2852,236.6822,0.0007,0.1854,0.1049,1.2473,0.0000,0.0000,0.0161,0.0122,0.5158,0.4098,0.0325,0.0012,0.0006,0.0489,0.0671,0.1151,0.0363,0.0751,0.0868,0.0021,1.0006,-0.1222,-0.1380,0.1878,0.6504,0.0010,0.9996,-0.0197,-0.0714,0.1330,-0.0000,-0.0000,1.0000,0.0340,5473.7788,32.8306,285.6628,0.4225,0.1913,6.8571,0.4694,0.5305,2.5440,-2.8235
11.0110,ASCEND,ASCEND,0.1031,0.0000,0.2433,0.7277,0.5240,0.2660,0.1467,0.0018,0.2928,1.3681,500.0000,0.0029,134.3195,71.2133,0.1467,0.4040,0.0700,0.0360,0.0840,0.1640,0.0800,0.0720,0.0900,300.1069,229.8643,0.0000,0.1793,0.1310,1.4930,0.0000,-0.0000,0.0194,0.0075,0.4973,0.4164,0.0567,0.0004,0.0020,0.0275,0.0084,0.1123,0.0109,0.0010,0.1015,-0.0035,1.0008,-0.0791,-0.1851,0.1964,0.7022,0.0008,1.0005,-0.0160,-0.1545,0.0234,-0.0000,0.0000,1.0000,0.0347,5471.8914,32.7476,280.3316,0.4139,0.1928,6.8571,0.4694,0.5305,2.3213,-0.1271
11.0527,ASCEND,ASCEND,0.1004,0.0013,0.2245,0.7171,0.6040,0.2840,0.1517,0.0388,0.2703,1.4112,500.0000,0.0029,136.1827,74.3148,0.1517,0.2660,0.0480,0.0540,0.1640,0.2520,0.0340,0.0540,0.1280,309.1814,230.3698,0.0000,0.1604,0.1220,1.3805,0.0000,0.0000,0.0198,0.0083,0.5016,0.5027,0.0350,0.0000,0.0003,0.0282,0.0308,0.1060,0.0201,0.0375,0.0869,0.0005,1.0007,-0.0997,-0.1533,0.1932,0.6885,0.0014,0.9995,-0.0176,-0.0524,0.1461,-0.0000,-0.0000,1.0000,0.0337,5470.1963,32.6771,276.4502,0.4140,0.1927,6.9530,0.4722,0.5507,2.5334,4.2049
11.0944,ASCEND,ASCEND,0.1030,0.0009,0.2417,0.7490,0.6120,0.2820,0.1452,0.0125,0.2665,1.0537,500.0000,0.0029,134.9044,71.8574,0.1452,0.2760,0.0700,0.0620,0.1540,0.1700,0.0740,0.0720,0.1220,302.1585,230.9343,0.0000,0.1707,0.1247,1.6747,-0.0000,0.0000,0.0183,0.0082,0.5074,0.7757,0.0393,0.0000,0.0003,0.0317,0.0210,0.1182,0.0074,0.0241,0.0902,0.0036,1.0007,-0.1049,-0.1541,0.1862,0.6685,0.0009,0.9995,-0.0235,-0.0553,0.1511,-0.0000,-0.0000,1.0000,0.0334,5469.0737,32.6683,278.7492,0.4138,0.1923,6.8144,0.4694,0.5338,2.6720,3.6436
11.1361,ASCEND,ASCEND,0.1199,0.0002,0.2823,0.9763,0.5660,0.3160,0.1531,0.0047,0.2983,1.1715,500.0000,0.0029,132.7502,67.0344,0.1531,0.2580,0.0460,0.0460,0.0960,0.1560,0.0860,0.1160,0.1960,285.6131,234.7987,0.0000,0.1349,0.1238,1.4028,-0.0000,0.0000,0.0154,0.0066,0.5120,0.4193,0.0174,0.0000,0.0004,0.0090,0.0120,0.1250,0.0161,0.0168,0.0854,0.0033,1.0008,-0.1087,-0.1945,0.2005,0.7840,0.0004,0.9992,-0.0337,0.0109,0.1897,-0.0000,-0.0000,1.0000,0.0338,5469.6060,32.6979,279.5326,0.4136,0.1921,6.9530,0.4722,0.5507,2.8374,3.6655
11.1778,ASCEND,ASCEND,0.1070,0.0001,0.2431,0.7188,0.5380,0.3000,0.1327,0.0024,0.2566,1.1819,500.0000,0.0029,132.0767,65.1603,0.1327,0.3240,0.0380,0.0580,0.1020,0.1320,0.0740,0.0800,0.1920,278.7170,230.9444,0.0000,0.1672,0.1230,1.2092,-0.0000,0.0000,0.0123,0.0069,0.5037,0.3170,0.0254,0.0009,0.0021,0.0116,0.0144,0.1337,0.0046,0.0032,0.0946,0.0074,1.0008,-0.1176,-0.1523,0.1719,0.5905,0.0002,0.9989,-0.0352,-0.0006,0.2326,-0.0000,-0.0000,1.0000,0.0340,5468.6226,32.7235,283.6918,0.4136,0.1920,6.8144,0.4694,0.5338,2.9778,3.3127
11.2195,ASCEND,ASCEND,0.1262,0.0150,0.2420,0.7139,0.6980,0.2440,0.1666,0.0647,0.2523,1.3515,500.0000,0.0029,131.6517,63.3925,0.1666,0.1780,0.0560,0.0600,0.1760,0.2200,0.0480,0.0820,0.1800,270.1669,228.7957,0.0000,0.2442,0.1360,1.5683,0.0000,0.0000,0.0175,0.0117,0.5056,0.4109,0.0438,0.0054,0.0003,0.0807,0.0495,0.1343,0.0353,0.0300,0.0715,0.0124,1.0009,-0.1974,-0.1660,0.1921,0.5421,0.0001,0.9990,-0.0617,-0.1390,0.3135,-0.0000,-0.0000,1.0000,0.0337,5469.4306,32.6356,279.3512,0.4134,0.1918,6.8571,0.4694,0.5305,3.1137,1.7042
11.2612,ASCEND,ASCEND,0.1183,0.0000,0.2796,0.7726,0.4280,0.2540,0.1616,0.0012,0.3038,1.5820,500.0000,0.0029,133.1490,66.7014,0.1616,0.4860,0.0400,0.0260,0.0380,0.0720,0.0640,0.0740,0.2000,286.6664,223.8100,0.0000,0.1334,0.1399,1.8726,-0.0000,0.0000,0.0171,0.0046,0.5058,0.4865,0.0085,0.0023,0.0019,0.0293,0.0210,0.1317,0.0002,0.0000,0.0942,0.0155,1.0009,-0.1487,-0.1669,0.2093,0.6241,0.0003,0.9987,-0.0507,0.0629,0.3007,-0.0000,-0.0000,1.0000,0.0337,5470.2121,32.6367,278.5357,0.4135,0.1918,6.7305,0.4694,0.5404,3.1199,-0.4946
11.3030,ASCEND,ASCEND,0.2259,0.0058,0.5056,1.4159,0.6600,0.2720,0.2918,0.0348,0.5648,3.5487,500.0000,0.0029,132.3813,64.5020,0.2918,0.1560,0.0340,0.0760,0.2000,0.2060,0.0600,0.0920,0.1760,276.6567,227.1417,0.0000,0.1815,0.2437,3.3739,-0.0000,0.0000,0.0305,0.0099,0.5000,1.0695,0.0292,0.0023,0.0021,0.0702,0.0304,0.2109,0.0133,0.0211,0.1630,0.0408,1.0015,-0.3545,-0.2274,0.3677,1.0699,0.0006,0.9981,-0.1276,-0.0489,0.4674,-0.0000,-0.0000,1.0000,0.0339,5468.0414,32.6444,282.6068,0.4132,0.1919,6.8571,0.4694,0.5305,3.0724,-1.8340
11.3447,ASCEND,ASCEND,0.0989,0.0000,0.2380,0.5904,0.4560,0.2480,0.1224,0.0008,0.2653,1.8304,500.0000,0.0029,134.5751,69.2554,0.1224,0.3940,0.0440,0.0540,0.0840,0.1060,0.0380,0.0980,0.1820,293.8252,236.6398,0.0000,0.0894,0.1171,2.0957,-0.0000,0.0000,0.0162,0.0024,0.5110,0.5133,0.0003,0.0000,0.0004,0.0067,0.0033,0.0887,0.0057,0.0144,0.0764,0.0177,1.0007,-0.1535,-0.1160,0.1690,0.4757,0.0003,0.9987,-0.0479,0.0514,0.2739,-0.0000,-0.0000,1.0000,0.0341,5467.9383,32.7588,286.6255,0.4218,0.1899,6.8571,0.4694,0.5305,2.9669,-3.1639
11.3864,ASCEND,ASCEND,0.1018,0.0000,0.2521,0.6159,0.4100,0.1880,0.1302,0.0004,0.2744,1.9078,500.0000,0.0029,136.9843,71.8359,0.1302,0.5080,0.0300,0.0220,0.0440,0.0660,0.0500,0.1220,0.1580,300.6906,248.2238,0.0000,0.0737,0.1229,3.2979,-0.0000,0.0000,0.0193,0.0012,0.5133,0.8548,0.0019,0.0000,0.0005,0.0032,0.0054,0.0871,0.0052,0.0060,0.0868,0.0245,1.0007,-0.1679,-0.0969,0.1748,0.5340,0.0008,0.9993,-0.0835,0.0148,0.2155,-0.0000,0.0000,1.0000,0.0339,5467.6406,32.6963,285.2714,0.4132,0.1917,7.0899,0.5917,0.6752,2.8085,-3.9238
11.4281,STABLE,ASCEND,0.1021,0.0000,0.2453,0.5962,0.4320,0.1720,0.1153,0.0005,0.2644,1.8487,500.0000,0.0029,135.0264,66.1542,0.1153,0.4960,0.0360,0.0300,0.0320,0.0680,0.0580,0.0940,0.1860,277.0872,253.6903,0.0000,0.0969,0.1130,1.9919,0.0000,0.0000,0.0140,0.0023,0.5155,0.4468,0.0171,0.0000,0.0005,0.0073,0.0001,0.0732,0.0129,0.0014,0.0853,0.0114,1.0007,-0.1234,-0.1378,0.1619,0.4671,0.0001,0.9987,-0.0390,0.0407,0.2553,-0.0000,-0.0000,1.0000,0.0340,5466.0669,32.6639,287.5026,0.4132,0.1915,3.8692,0.5889,0.6916,2.6396,-4.2110
11.4698,STABLE,ASCEND,0.0917,0.0002,0.2484,0.6896,0.5560,0.3820,0.1381,0.0223,0.2494,1.7060,500.0000,0.0029,134.1246,64.3956,0.1381,0.3420,0.0740,0.0540,0.0520,0.0880,0.0240,0.0600,0.3060,267.4013,250.8848,0.0000,0.1472,0.1063,1.7117,-0.0000,0.0000,0.0126,0.0081,0.5002,0.4968,0.0287,0.0000,0.0005,0.0138,0.0315,0.0802,0.0361,0.0328,0.0805,0.0108,1.0007,-0.0884,-0.1157,0.1632,0.5277,-0.0001,0.9992,-0.0286,0.0194,0.1958,-0.0000,-0.0000,1.0000,0.0334,5462.9341,32.5906,280.0380,0.4217,0.1895,6.8571,0.4694,0.5305,2.4573,-5.4257
11.5115,STABLE,ASCEND,0.0796,0.0000,0.2474,0.5977,0.4269,0.4850,0.1608,0.0698,0.2425,1.5866,500.0000,0.0029,133.3235,64.8566,0.1608,0.4168,0.0521,0.0341,0.0361,0.0441,0.0321,0.0561,0.3287,274.0167,241.4005,0.0000,0.2028,0.1323,1.7154,-0.0000,-0.0000,0.0189,0.0091,0.4952,0.4315,0.0745,0.0000,0.0011,0.0896,0.0505,0.0894,0.0171,0.0103,0.0888,0.0084,1.0006,-0.0356,-0.1137,0.1754,0.4692,-0.0001,0.9986,-0.0283,0.1648,0.2766,-0.0000,-0.0000,1.0000,0.0328,5459.8156,32.4795,272.5760,0.4219,0.1892,4.1446,0.5861,0.6918,2.1870,-5.8216
11.5532,STABLE,ASCEND,0.0798,0.0000,0.1936,0.5498,0.5060,0.4160,0.1239,0.0203,0.2044,0.9599,500.0000,0.0029,133.0296,64.5074,0.1239,0.3500,0.0780,0.0580,0.0520,0.0840,0.0280,0.0740,0.2760,273.6261,237.7160,0.0000,0.1489,0.0910,0.9117,-0.0000,0.0000,0.0135,0.0079,0.5064,0.3688,0.0350,0.0000,0.0004,0.0307,0.0276,0.0933,0.0074,0.0183,0.0568,0.0043,1.0006,-0.0559,-0.1179,0.1442,0.4404,0.0001,0.9998,-0.0267,-0.0057,0.1233,-0.0000,0.0000,1.0000,0.0329,5458.1143,32.4461,271.0162,0.4219,0.1890,7.7478,0.4722,0.4945,1.9716,-6.4005
11.5949,STABLE,ASCEND,0.0773,0.0000,0.2166,0.5499,0.4840,0.3900,0.1354,0.0314,0.2269,1.4939,500.0000,0.0029,132.8884,64.3100,0.1354,0.4440,0.0620,0.0280,0.0340,0.0840,0.0440,0.0640,0.2400,274.2426,232.6058,0.0000,0.1635,0.1020,1.3086,-0.0000,-0.0000,0.0145,0.0078,0.4951,0.3835,0.0532,0.0000,0.0005,0.0380,0.0356,0.0721,0.0150,0.0127,0.0655,0.0046,1.0006,-0.0427,-0.1131,0.1588,0.4472,0.0001,0.9973,-0.0368,0.2973,0.5233,-0.0000,-0.0000,1.0000,0.0326,5459.2414,32.5038,275.6035,0.4216,0.1891,8.9581,0.5833,0.6850,1.6531,-3.5371
11.6366,STABLE,ASCEND,0.0807,0.0001,0.2488,0.5605,0.5240,0.4420,0.1467,0.0111,0.2706,1.5068,500.0000,0.0029,133.1044,64.7149,0.1467,0.3100,0.1060,0.0900,0.0840,0.0820,0.0560,0.0580,0.2140,277.0561,230.6557,0.0000,0.1767,0.1057,1.5278,-0.0000,-0.0000,0.0155,0.0077,0.4991,0.3865,0.0433,0.0000,0.0008,0.0391,0.0402,0.0815,0.0051,0.0044,0.0758,0.0022,1.0006,-0.0384,-0.1253,0.1804,0.5177,-0.0001,0.9965,-0.0333,0.3846,0.6887,-0.0000,-0.0000,1.0000,0.0329,5459.7851,32.5220,278.6015,0.4217,0.1890,6.8571,0.4694,0.5305,1.6766,-1.6645
11.6783,STABLE,ASCEND,0.0767,0.0000,0.1887,0.4951,0.4620,0.3620,0.1118,0.0019,0.2265,1.1917,500.0000,0.0029,133.7357,66.0198,0.1118,0.3580,0.1120,0.0660,0.0680,0.0720,0.0560,0.0640,0.2040,282.6412,233.6468,0.0000,0.1344,0.0894,1.3455,-0.0001,-0.0000,0.0096,0.0046,0.4908,0.2868,0.0198,0.0000,0.0010,0.0095,0.0106,0.0814,0.0132,0.0049,0.0737,0.0054,1.0005,-0.0695,-0.1002,0.1508,0.4794,0.0004,0.9988,-0.0219,0.0347,0.2409,-0.0000,-0.0000,1.0000,0.0327,5459.0220,32.5610,280.6903,0.4215,0.1890,6.8144,0.4694,0.5338,1.5143,-3.6248
11.7200,STABLE,ASCEND,0.0545,-0.0000,0.2023,0.4634,0.4780,0.5040,0.1619,0.1129,0.1893,0.9892,500.0000,0.0029,133.7072,65.8707,0.1619,0.4740,0.0760,0.0580,0.0240,0.0340,0.0240,0.0300,0.2800,282.5190,231.5180,0.0003,0.2101,0.1137,1.4329,-0.0000,0.0000,0.0153,0.0115,0.5057,0.3086,0.0591,0.0019,0.0010,0.0390,0.0769,0.1087,0.0460,0.0859,0.0902,0.0025,1.0005,0.0109,-0.0863,0.1375,0.3962,-0.0002,0.9995,0.0068,0.0063,0.1289,0.0000,-0.0000,1.0000,0.0334,5458.8199,32.4108,270.0141,0.4217,0.1889,0.8303,0.5750,0.6901,1.3742,-2.6418
11.7617,STABLE,ASCEND,0.0496,0.0000,0.1924,0.4416,0.4320,0.4700,0.1213,0.0294,0.1962,1.1069,500.0000,0.0029,134.4240,67.3126,0.1213,0.3620,0.0400,0.0540,0.0560,0.0520,0.0360,0.0820,0.3180,289.1378,228.7172,0.0000,0.1512,0.0999,1.3554,-0.0000,-0.0000,0.0160,0.0074,0.4998,0.4422,0.0474,0.0000,0.0004,0.0441,0.0420,0.0675,0.0085,0.0321,0.0557,-0.0019,1.0004,0.0105,-0.0947,0.1366,0.3907,0.0002,0.9996,0.0010,0.0411,0.1018,-0.0000,-0.0000,1.0000,0.0333,5458.4218,32.3452,268.3184,0.4215,0.1891,0.8303,0.5750,0.6901,1.2939,-1.2357
11.8035,STABLE,ASCEND,0.0507,0.0000,0.1617,0.4210,0.4020,0.4080,0.0911,0.0031,0.1694,0.8159,500.0000,0.0029,134.6080,67.5253,0.0911,0.4100,0.0480,0.0360,0.0780,0.1120,0.0340,0.0540,0.2280,290.2254,227.5820,0.0000,0.1001,0.0723,0.8963,-0.0000,0.0000,0.0091,0.0041,0.5058,0.3545,0.0008,0.0000,0.0004,0.0169,0.0246,0.0593,0.0063,0.0089,0.0435,0.0026,1.0004,-0.0332,-0.0793,0.1172,0.3652,0.0003,0.9994,-0.0097,0.0311,0.1228,-0.0000,-0.0000,1.0000,0.0331,5458.3552,32.3390,268.2821,0.4218,0.1890,0.8303,0.5750,0.6901,1.2711,-0.7005
11.8452,STABLE,ASCEND,0.0264,-0.0006,0.1679,0.4188,0.4220,0.5360,0.1324,0.1032,0.1484,0.8889,500.0000,0.0029,134.3552,66.9816,0.1324,0.3540,0.0500,0.0380,0.0300,0.0640,0.0260,0.0600,0.3780,287.8644,229.3478,0.0001,0.1564,0.0946,1.2054,-0.0000,0.0000,0.0138,0.0098,0.5159,0.3667,0.0494,0.0000,0.0003,0.0631,0.0571,0.0659,0.0369,0.0876,0.0578,0.0087,1.0003,0.0068,-0.0284,0.1146,0.3242,-0.0000,0.9997,-0.0021,0.0120,0.0959,0.0000,-0.0000,1.0000,0.0335,5457.8471,32.3713,273.1646,0.4217,0.1890,1.9092,0.5694,0.7004,1.2355,-0.2742
11.8869,STABLE,ASCEND,0.0501,0.0000,0.1684,0.4855,0.4940,0.4320,0.1085,0.0119,0.1744,1.0066,500.0000,0.0029,134.7387,67.5600,0.1085,0.2880,0.0600,0.0400,0.0580,0.0900,0.0780,0.1200,0.2660,290.6324,226.9147,0.0000,0.1624,0.0883,1.1259,-0.0000,-0.0000,0.0135,0.0079,0.4939,0.4185,0.0329,0.0016,0.0004,0.0296,0.0431,0.0795,0.0145,0.0066,0.0581,0.0079,1.0004,-0.0465,-0.0721,0.1283,0.3752,0.0002,0.9995,-0.0188,0.0839,0.1382,-0.0000,-0.0000,1.0000,0.0333,5457.8146,32.3721,271.4905,0.4215,0.1886,0.8343,0.5750,0.6867,1.2483,0.3903
11.9286,STABLE,ASCEND,0.0613,0.0000,0.1714,0.4318,0.4320,0.3440,0.0935,0.0013,0.1874,1.3802,500.0000,0.0029,136.2052,70.3234,0.0935,0.4080,0.0620,0.0580,0.0400,0.0820,0.0760,0.0900,0.1840,300.1614,228.3127,0.0000,0.0840,0.0852,1.4716,-0.0000,0.0000,0.0112,0.0029,0.5117,0.3424,0.0125,0.0002,0.0008,0.0026,0.0126,0.0661,0.0013,0.0055,0.0608,0.0115,1.0005,-0.0899,-0.0703,0.1209,0.3416,0.0003,0.9990,-0.0258,0.0394,0.1878,-0.0000,-0.0000,1.0000,0.0335,5458.4645,32.3758,274.7442,0.4215,0.1888,1.9092,0.5694,0.7004,1.2680,-1.3140
11.9703,STABLE,ASCEND,0.0595,0.0000,0.1732,0.3973,0.4800,0.3580,0.1001,0.0032,0.1868,1.2947,500.0000,0.0029,134.8902,67.6607,0.1001,0.3100,0.0600,0.0400,0.1100,0.1360,0.0820,0.1020,0.1600,290.8993,228.0796,0.0000,0.1137,0.0915,1.4155,-0.0000,0.0000,0.0128,0.0047,0.5180,0.3392,0.0173,0.0042,0.0004,0.0070,0.0240,0.0734,0.0055,0.0047,0.0614,0.0128,1.0004,-0.1000,-0.0684,0.1281,0.3537,0.0001,0.9992,-0.0372,0.0407,0.1609,-0.0000,-0.0000,1.0000,0.0336,5458.3920,32.3155,270.9313,0.4216,0.1889,1.9092,0.5694,0.7004,1.1387,1.7508
12.0120,STABLE,ASCEND,0.0708,0.0000,0.1877,0.4377,0.4540,0.2160,0.0999,0.0010,0.2061,1.2706,500.0000,0.0029,135.6424,68.9722,0.0999,0.4340,0.0320,0.0480,0.0780,0.1060,0.0480,0.0900,0.1640,295.8316,227.2563,0.0000,0.0736,0.0999,1.7510,-0.0000,-0.0000,0.0130,0.0018,0.4929,0.3631,0.0154,0.0001,0.0004,0.0035,0.0093,0.0783,0.0021,0.0002,0.0588,0.0147,1.0005,-0.1185,-0.0836,0.1344,0.3599,0.0001,0.9988,-0.0368,0.0588,0.2227,-0.0000,-0.0000,1.0000,0.0335,5458.3217,32.2741,271.0036,0.4214,0.1888,1.9092,0.5694,0.7004,1.4141,5.1262
12.0537,STABLE,ASCEND,0.0723,0.0000,0.1807,0.5273,0.4320,0.2240,0.1000,0.0006,0.2031,1.0255,500.0000,0.0029,137.2206,71.6483,0.1000,0.4280,0.0280,0.0680,0.0720,0.0820,0.0540,0.1080,0.1600,304.6823,228.1700,0.0000,0.0613,0.0950,1.5324,-0.0000,-0.0000,0.0118,0.0012,0.4992,0.3704,0.0136,0.0000,0.0004,0.0021,0.0061,0.0773,0.0041,0.0000,0.0549,0.0170,1.0005,-0.1297,-0.0762,0.1375,0.4234,0.0005,0.9994,-0.0557,0.0246,0.1580,-0.0000,-0.0000,1.0000,0.0335,5458.1899,32.2443,267.2398,0.4213,0.1886,2.1816,0.5667,0.7005,1.5663,4.7500
12.0954,STABLE,ASCEND,0.0597,0.0000,0.1504,0.3421,0.5180,0.2200,0.0935,0.0014,0.1760,1.0612,500.0000,0.0029,138.7243,74.0073,0.0935,0.3520,0.0320,0.0560,0.0980,0.1280,0.0520,0.1200,0.1620,311.7458,229.0052,0.0000,0.1127,0.0982,1.3151,-0.0000,-0.0000,0.0145,0.0047,0.4988,0.4823,0.0463,0.0001,0.0011,0.0199,0.0116,0.0764,0.0030,0.0003,0.0522,0.0152,1.0005,-0.1247,-0.0683,0.1176,0.3493,0.0004,0.9993,-0.0337,0.0137,0.1367,-0.0000,-0.0000,1.0000,0.0330,5457.4765,32.1682,264.6672,0.4213,0.1883,1.9092,0.5694,0.7004,1.8103,5.2971
12.1371,STABLE,ASCEND,0.0676,0.0000,0.1630,0.4484,0.4940,0.2980,0.1029,0.0022,0.1823,1.2531,500.0000,0.0029,138.2578,73.1419,0.1029,0.3380,0.0480,0.0440,0.0960,0.1440,0.0640,0.1020,0.1640,309.1963,229.6650,0.0000,0.1107,0.0888,1.3429,-0.0000,0.0000,0.0122,0.0050,0.5034,0.4150,0.0204,0.0001,0.0004,0.0175,0.0184,0.0848,0.0042,0.0033,0.0463,0.0147,1.0005,-0.1203,-0.0756,0.1294,0.3890,0.0006,0.9990,-0.0363,0.0443,0.2036,-0.0000,-0.0000,1.0000,0.0329,5457.3548,32.1910,264.6146,0.4213,0.1881,1.9092,0.5694,0.7004,2.0081,3.6403
12.1788,STABLE,ASCEND,0.0608,0.0000,0.1501,0.4014,0.5180,0.3160,0.0860,0.0023,0.1679,1.1194,500.0000,0.0029,138.0924,72.7497,0.0860,0.3140,0.0460,0.0680,0.1100,0.1380,0.0720,0.1120,0.1400,308.1283,229.1740,0.0000,0.1051,0.0758,1.0139,-0.0000,0.0000,0.0113,0.0041,0.5046,0.3367,0.0409,0.0002,0.0009,0.0097,0.0070,0.0569,0.0068,0.0075,0.0398,0.0089,1.0004,-0.0983,-0.0797,0.1111,0.3284,0.0004,0.9992,-0.0313,0.0207,0.1443,-0.0000,-0.0000,1.0000,0.0329,5458.1547,32.2196,267.0922,0.4213,0.1880,2.1816,0.5667,0.7005,2.1140,1.9764
12.2205,STABLE,ASCEND,0.0693,0.0022,0.1660,0.4178,0.6500,0.3180,0.1148,0.0333,0.1788,1.3342,500.0000,0.0029,136.7220,70.3492,0.1148,0.1360,0.0620,0.0380,0.1420,0.2580,0.0940,0.1160,0.1540,300.0043,232.4451,0.0001,0.1811,0.0756,1.1805,-0.0000,-0.0000,0.0121,0.0106,0.4994,0.2315,0.0337,0.0032,0.0011,0.0261,0.0375,0.0819,0.0240,0.0273,0.0522,0.0094,1.0005,-0.1243,-0.0922,0.1322,0.3685,0.0003,0.9988,-0.0384,0.0380,0.1815,-0.0000,-0.0000,1.0000,0.0327,5458.3804,32.1635,259.6789,0.4214,0.1877,1.9092,0.5694,0.7004,2.1730,0.7847
12.2622,STABLE,ASCEND,0.1884,0.0720,0.3856,0.8587,0.7189,0.2570,0.2670,0.1517,0.4081,2.9145,500.0000,0.0029,136.2504,69.2466,0.2670,0.1104,0.0221,0.0301,0.3233,0.3052,0.0502,0.0602,0.0984,295.9286,230.9103,0.0004,0.2685,0.1626,3.0987,0.0000,0.0000,0.0254,0.0150,0.5149,0.7176,0.0879,0.0009,0.0008,0.1240,0.0916,0.1191,0.0654,0.1181,0.1030,0.0168,1.0012,-0.3403,-0.2365,0.2961,0.7264,0.0005,0.9973,-0.0857,-0.0317,0.4740,-0.0000,-0.0000,1.0000,0.0324,5457.5158,32.0392,248.3433,0.4130,0.1891,6.7305,0.4694,0.5404,2.1794,-0.4439
12.3040,STABLE,ASCEND,0.0696,0.0001,0.1811,0.4840,0.5360,0.3520,0.1011,0.0054,0.1968,1.1595,500.0000,0.0029,135.6572,67.6816,0.1011,0.2860,0.0500,0.0540,0.1560,0.1840,0.0500,0.0820,0.1380,289.8831,231.6499,0.0000,0.1165,0.0733,1.2459,-0.0000,0.0000,0.0125,0.0067,0.5080,0.4518,0.0267,0.0000,0.0005,0.0206,0.0125,0.0479,0.0069,0.0263,0.0493,0.0044,1.0005,-0.0910,-0.1078,0.1334,0.4069,0.0000,0.9989,-0.0306,0.0360,0.1874,-0.0000,-0.0000,1.0000,0.0326,5456.9037,32.0264,249.0227,0.4210,0.1868,8.9581,0.5833,0.6850,2.1360,-1.4260
12.3457,STABLE,ASCEND,0.1100,0.0497,0.2007,0.5008,0.6600,0.3200,0.1923,0.1504,0.1911,1.1610,500.0000,0.0029,134.9236,65.9695,0.1923,0.1140,0.0180,0.0440,0.3280,0.2760,0.0520,0.0600,0.1080,282.8031,229.7044,0.0011,0.2665,0.2594,4.5733,0.0001,-0.0000,0.0379,0.0166,0.4945,1.2291,0.2222,0.0065,0.0010,0.1213,0.1063,0.1038,0.0535,0.1064,0.0690,0.0096,1.0007,-0.2345,-0.1288,0.1916,0.4993,0.0001,0.9983,-0.0583,-0.0780,0.3235,-0.0000,-0.0000,1.0000,0.0322,5455.9987,32.1467,258.7262,0.4124,0.1895,9.2333,0.5806,0.6855,2.0605,0.3177
12.3874,STABLE,ASCEND,0.0676,0.0002,0.1789,0.4780,0.5600,0.3920,0.1198,0.0084,0.2105,1.0371,500.0000,0.0029,135.2170,66.4572,0.1198,0.2340,0.0540,0.0940,0.1600,0.1960,0.0560,0.1000,0.1060,284.8736,230.4612,0.0000,0.1825,0.1060,3.1419,-0.0000,0.0000,0.0203,0.0102,0.5125,1.1610,0.0448,0.0020,0.0003,0.0257,0.0381,0.0621,0.0206,0.0199,0.0581,0.0082,1.0005,-0.1064,-0.0859,0.1514,0.4672,0.0000,0.9990,-0.0313,0.0073,0.2162,-0.0000,-0.0000,1.0000,0.0325,5454.9587,32.1353,258.2448,0.4209,0.1877,9.0771,0.5972,0.5705,2.1625,0.2880
12.4291,STABLE,ASCEND,0.0708,0.0000,0.1760,0.5294,0.4380,0.2740,0.1142,0.0009,0.2335,1.0132,500.0000,0.0029,137.2631,70.0279,0.1142,0.4720,0.0560,0.0660,0.0640,0.0600,0.0580,0.1020,0.1220,299.3557,226.6887,0.0000,0.1168,0.0766,1.1290,-0.0000,0.0000,0.0108,0.0036,0.5267,0.2824,0.0106,0.0027,0.0014,0.0126,0.0220,0.0677,0.0006,0.0015,0.0489,0.0050,1.0006,-0.0770,-0.1187,0.1525,0.5469,0.0003,0.9992,-0.0243,0.0200,0.1873,-0.0000,-0.0000,1.0000,0.0326,5454.3779,32.1194,261.0020,0.4209,0.1873,9.0771,0.5972,0.5705,2.0845,-3.4455
12.4708,STABLE,ASCEND,0.0529,0.0004,0.1541,0.4064,0.5540,0.4240,0.1208,0.0413,0.1785,0.9500,500.0000,0.0029,135.7041,67.0936,0.1208,0.1960,0.0720,0.0720,0.1320,0.1860,0.1080,0.1200,0.1140,288.2797,227.1681,0.0001,0.2107,0.0894,1.0441,-0.0000,0.0000,0.0153,0.0129,0.5057,0.3217,0.0394,0.0048,0.0012,0.0301,0.0490,0.1004,0.0170,0.0235,0.0658,0.0033,1.0004,-0.0665,-0.0854,0.1395,0.4748,0.0001,0.9996,-0.0278,-0.0445,0.1321,-0.0000,0.0000,1.0000,0.0321,5453.9106,32.0888,260.4246,0.4207,0.1877,8.9581,0.5778,0.6850,1.8751,-4.8888
12.5125,STABLE,ASCEND,0.0583,0.0000,0.1696,0.5477,0.4640,0.2260,0.0892,0.0015,0.1865,0.9164,500.0000,0.0029,137.2473,69.3499,0.0892,0.4960,0.0720,0.0280,0.0760,0.1140,0.0380,0.0820,0.0940,297.8226,221.6606,0.0000,0.0891,0.0828,1.2165,-0.0000,-0.0000,0.0123,0.0033,0.4945,0.3405,0.0350,0.0000,0.0004,0.0034,0.0201,0.0653,0.0001,0.0078,0.0346,-0.0099,1.0004,-0.0125,-0.1274,0.1221,0.4738,0.0001,0.9999,-0.0113,-0.0183,0.0288,-0.0000,0.0000,1.0000,0.0321,5453.0756,32.0545,259.2778,0.4209,0.1875,6.7305,0.4694,0.5404,1.6767,-4.9077
12.5542,STABLE,ASCEND,0.0695,0.0000,0.1837,0.5972,0.4660,0.2280,0.1070,0.0013,0.2068,0.8148,500.0000,0.0029,139.1396,71.9707,0.1070,0.4860,0.0440,0.0620,0.0560,0.0780,0.0580,0.0820,0.1340,306.9850,218.9878,0.0000,0.0770,0.0794,0.9357,-0.0000,-0.0000,0.0105,0.0026,0.4898,0.3654,0.0005,0.0000,0.0004,0.0052,0.0245,0.0710,0.0008,0.0065,0.0418,-0.0050,1.0006,-0.0413,-0.1472,0.1422,0.4941,0.0003,1.0001,-0.0247,-0.0247,0.0309,-0.0000,0.0000,1.0000,0.0320,5452.6377,32.0582,260.9199,0.4208,0.1877,8.9581,0.5833,0.6850,1.4657,-4.5126
12.5959,STABLE,ASCEND,0.0741,0.0000,0.1907,0.5200,0.4220,0.2740,0.1046,0.0011,0.2090,0.9258,500.0000,0.0029,138.5440,71.5032,0.1046,0.4420,0.0540,0.0440,0.0680,0.1000,0.0420,0.0700,0.1800,304.8075,224.5740,0.0000,0.0734,0.0833,1.0271,-0.0000,0.0000,0.0106,0.0018,0.5061,0.3102,0.0003,0.0000,0.0004,0.0003,0.0233,0.0714,0.0007,0.0085,0.0437,0.0114,1.0006,-0.1136,-0.1068,0.1426,0.4965,0.0004,0.9989,-0.0414,0.0531,0.2153,-0.0000,-0.0000,1.0000,0.0323,5453.4085,32.0381,262.5268,0.4206,0.1875,8.9581,0.5833,0.6850,1.3003,-6.3409
12.6376,STABLE,ASCEND,0.0948,0.0000,0.2060,0.6457,0.4080,0.1480,0.1123,0.0004,0.2229,0.9258,500.0000,0.0029,137.0466,69.0991,0.1123,0.5760,0.0280,0.0380,0.0280,0.0560,0.0320,0.0720,0.1700,295.6542,230.5713,0.0000,0.0596,0.0825,0.9285,-0.0000,0.0000,0.0081,0.0013,0.5073,0.2861,0.0008,0.0005,0.0012,0.0005,0.0066,0.0750,0.0053,0.0072,0.0469,0.0072,1.0007,-0.1151,-0.1524,0.1459,0.4828,0.0001,0.9988,-0.0467,0.0574,0.2390,-0.0000,-0.0000,1.0000,0.0321,5454.0983,32.0180,265.9844,0.4206,0.1871,8.8807,0.6028,0.5398,0.9367,-7.9941
12.6793,STABLE,ASCEND,nan,nan,nan,nan,nan,nan,nan,nan,nan,nan,22.0000,0.0001,nan,nan,nan,nan,nan,nan,nan,nan,nan,nan,nan,nan,nan,0.9221,27.5536,13.5029,153.4029,0.0088,0.0000,1.5764,1.1478,0.5050,36.0822,4.8243,0.2048,9.3110,9.2157,9.0131,11.1128,9.0130,10.9446,5.0581,nan,nan,nan,nan,nan,nan,nan,nan,nan,nan,nan,nan,nan,nan,0.0051,273.9423,8.7473,360.0999,0.0253,0.0009,nan,nan,0.0000,0.6334,-7.7558
12.7210,STABLE,ASCEND,0.0085,-0.0000,0.0527,0.0344,0.4762,0.5238,0.2171,0.0292,0.8498,4.0169,25.0000,0.0001,83.5193,26.8691,0.2171,0.0000,0.3333,0.0952,0.0476,0.0000,0.2381,0.2381,0.0476,277.3458,248.1127,0.0000,0.0094,0.2056,7.1980,0.0000,0.0000,0.0491,0.0001,0.5059,2.6361,0.0000,0.0000,0.0001,0.0000,0.0000,0.0002,0.0047,0.1338,0.0115,0.0034,1.0001,-0.0407,-0.0215,0.2177,0.0491,0.0002,1.4348,2.6285,-58.6057,-95.8901,0.0002,0.0008,1.0000,0.0048,261.4343,9.1439,338.2706,0.0236,0.0035,nan,nan,0.0000,0.2898,-6.8615
12.7627,STABLE,ASCEND,0.0310,0.0019,0.1034,0.1760,0.5600,0.4400,0.2087,0.0139,0.7797,3.9110,26.0000,0.0002,62.6077,25.2620,0.2087,0.0400,0.3200,0.2000,0.0000,0.0400,0.2400,0.1600,0.0000,265.4921,269.4001,0.0001,0.0172,0.1430,3.7313,0.0000,0.0000,0.0295,0.0009,0.5022,1.4599,0.0005,0.0000,0.0012,0.0008,0.0004,0.0034,0.0079,0.1123,0.0033,-0.0708,0.9992,0.5310,-0.0139,0.2558,0.7078,-0.0003,1.3949,-1.8910,-53.0294,-88.2471,-0.0001,0.0009,1.0000,0.0050,284.8129,10.0594,348.9147,0.0239,0.0040,nan,nan,0.0000,0.0611,-5.0739
12.8045,STABLE,ASCEND,-0.0256,0.0001,0.1152,0.0188,0.5385,0.4615,0.0432,0.0135,0.1212,0.6277,26.0000,0.0002,56.1908,24.2145,0.0432,0.0385,0.2308,0.1923,0.0000,0.0769,0.4231,0.0385,0.0000,257.3170,277.0722,0.0002,0.0490,0.0963,5.1278,0.0000,-0.0000,0.0330,0.0026,0.4989,2.3046,0.0034,0.0001,0.0030,0.0082,0.0031,0.0160,0.0166,0.0712,0.0094,0.0170,0.9992,0.0750,0.3122,0.0664,0.1396,0.0000,0.9482,0.4067,6.7959,10.2773,0.0000,-0.0001,1.0000,0.0050,315.0794,10.7068,341.8102,0.0242,0.0054,nan,nan,0.0000,-0.1335,-3.7554
12.8462,STABLE,ASCEND,-0.0881,-0.0003,0.4461,0.0272,0.4400,0.5600,0.1650,0.0127,0.7285,3.7336,27.0000,0.0002,55.6773,22.1223,0.1650,0.1200,0.1600,0.2400,0.0000,0.0000,0.2000,0.2800,0.0000,251.6373,275.0378,0.0004,0.2081,0.2240,3.9862,-0.0000,0.0000,0.0402,0.0110,0.5002,1.6789,0.0191,0.0001,0.0104,0.0629,0.0161,0.0494,0.0552,0.1727,0.0085,-0.0067,1.0000,0.0345,-0.0253,0.1657,0.0410,-0.0031,1.0170,0.1497,-3.7126,1.3692,0.0000,0.0000,1.0000,0.0049,367.0621,11.3521,335.3176,0.0243,0.0387,nan,nan,0.0000,-0.2522,-2.4452
12.8879,STABLE,ASCEND,0.0003,0.0005,0.0033,0.0041,0.7083,0.2917,0.0047,0.0011,0.0068,0.0276,26.0000,0.0002,47.4277,22.7589,0.0047,0.0000,0.3333,0.2917,0.0000,0.0000,0.0833,0.2083,0.0833,246.1995,285.6464,0.0008,0.2710,0.1606,3.0714,-0.0000,0.0000,0.0316,0.0195,0.5002,1.1153,0.0255,0.0002,0.0217,0.0801,0.0304,0.0780,0.0582,0.1209,0.0120,-0.0018,1.0000,0.0030,-0.0190,0.0059,0.0147,0.0000,1.0022,-0.0066,-0.2775,-0.5567,-0.0000,0.0000,1.0000,0.0050,430.6310,12.0187,337.1211,0.0246,0.2492,nan,nan,0.0000,-0.3374,1.3752
12.9296,STABLE,ASCEND,-0.0103,-0.0004,0.0510,0.0085,0.4231,0.5769,0.0238,0.0073,0.0758,0.4002,46.0000,0.0003,44.5807,22.1419,0.0238,0.2308,0.1538,0.1154,0.0769,0.0000,0.2308,0.0769,0.1154,241.0176,292.0477,0.0012,0.3411,0.2335,4.6411,-0.0000,0.0000,0.0424,0.0282,0.5063,1.3323,0.0344,0.0003,0.0337,0.0910,0.0404,0.0741,0.0636,0.2333,0.0177,-0.0189,0.9996,0.1829,0.0533,0.0385,0.0632,-0.0002,0.9844,0.2367,1.8355,3.2360,0.0000,-0.0000,1.0000,0.0076,516.9047,13.4591,339.5312,0.0244,0.3802,nan,nan,0.0000,-0.1375,7.5132
12.9713,STABLE,ASCEND,0.0246,-0.0001,0.2123,0.4286,0.5000,0.5000,0.1318,0.0129,0.2181,0.8415,47.0000,0.0003,58.0331,52.8366,0.1318,0.0455,0.2273,0.2727,0.1364,0.0682,0.1591,0.0682,0.0227,240.4869,285.9329,0.0012,0.3349,0.1771,4.1719,-0.0000,-0.0000,0.0451,0.0321,0.4932,1.8761,0.0406,0.0005,0.0446,0.1218,0.0404,0.0943,0.0846,0.0925,0.0331,-0.0358,1.0010,-0.0842,-0.3512,0.1687,0.5612,-0.0037,1.0050,0.1670,-0.5484,-0.4453,0.0000,0.0000,1.0000,0.0074,611.7535,13.8185,325.1721,0.0247,0.4326,7.8831,0.4778,0.4375,0.2893,6.3308
13.0130,STABLE,ASCEND,0.0398,0.0001,0.4568,0.8030,0.5652,0.4348,0.2600,0.0392,0.4491,2.1113,46.0000,0.0003,58.4727,51.7076,0.2600,0.1087,0.0870,0.2609,0.0652,0.0870,0.2174,0.1522,0.0217,238.9249,282.3313,0.0028,0.4951,0.2348,3.2171,-0.0000,-0.0000,0.0510,0.0473,0.4959,1.7255,0.0921,0.0007,0.0700,0.1241,0.0999,0.1661,0.1391,0.0985,0.0525,-0.0797,1.0016,-0.0118,-0.7666,0.3081,0.9860,-0.0085,0.9981,0.0575,-0.3786,0.8180,-0.0000,-0.0000,1.0000,0.0078,743.6822,15.3406,337.4424,0.0253,0.4558,7.6840,0.4750,0.4238,0.3906,2.1734
13.0547,STABLE,ASCEND,0.0302,-0.0003,0.2256,0.3778,0.4348,0.5652,0.1309,0.0205,0.2289,1.0598,51.0000,0.0003,59.3903,51.2763,0.1309,0.0870,0.2391,0.1304,0.0870,0.1087,0.1304,0.1739,0.0435,239.1800,279.0594,0.0033,0.4890,0.2756,5.5179,-0.0000,0.0000,0.0534,0.0501,0.5042,1.2458,0.1630,0.0010,0.0875,0.1486,0.0834,0.1471,0.1370,0.0979,0.0703,-0.0379,1.0009,-0.0442,-0.3692,0.1676,0.4683,-0.0058,1.0006,0.1023,-0.1269,0.1377,0.0000,-0.0000,1.0000,0.0088,881.4139,16.3450,337.8725,0.0253,0.4179,7.9072,0.4722,0.4846,0.4706,-2.1141
13.0964,STABLE,ASCEND,0.0257,0.0008,0.2965,0.5831,0.5510,0.4490,0.2532,0.0757,0.6591,4.4705,51.0000,0.0003,66.8005,57.8654,0.2532,0.1224,0.0816,0.2245,0.1429,0.1020,0.1429,0.1020,0.0816,232.4148,281.4125,0.0060,0.6050,0.2727,3.7751,0.0000,-0.0000,0.0524,0.0624,0.4901,1.1957,0.1356,0.0014,0.0989,0.1866,0.1212,0.1591,0.1626,0.1776,0.0895,-0.0489,1.0014,-0.0566,-0.5475,0.2827,0.6791,-0.0041,1.0040,0.0329,-0.1205,-0.7070,-0.0000,0.0000,1.0000,0.0087,1020.8398,16.9052,315.4523,0.0253,0.4319,7.1250,0.4500,0.3225,0.2143,-3.1537
13.1381,STABLE,ASCEND,0.0243,0.0002,0.2080,0.4419,0.5625,0.4375,0.1428,0.0373,0.1980,0.9454,55.0000,0.0003,66.7912,57.7369,0.1428,0.0417,0.0833,0.1667,0.0833,0.2083,0.2083,0.1042,0.1042,230.5513,279.7271,0.0079,0.6399,0.3079,4.4372,0.0000,-0.0000,0.0662,0.0691,0.4908,1.5545,0.1194,0.0015,0.1338,0.1924,0.1210,0.2718,0.1425,0.1978,0.1060,-0.0054,1.0007,-0.1660,-0.2236,0.1546,0.5349,-0.0029,1.0003,0.0688,0.0723,0.2303,0.0000,-0.0000,1.0000,0.0106,1188.6293,17.6919,302.8162,0.0251,0.4382,6.7329,0.4639,0.4833,0.2075,2.9436
13.1798,STABLE,ASCEND,0.0677,0.0000,0.2873,0.6064,0.5098,0.4902,0.1633,0.0791,0.2854,1.6079,56.0000,0.0003,73.4654,62.4310,0.1633,0.0392,0.1961,0.2745,0.1373,0.0588,0.0784,0.1569,0.0588,230.9538,276.8432,0.0098,0.6222,0.2539,3.0928,0.0000,0.0000,0.0577,0.0655,0.5028,1.2973,0.1292,0.0017,0.0981,0.1622,0.1565,0.1984,0.1489,0.1702,0.1182,-0.0093,1.0011,-0.2460,-0.2981,0.1961,0.6498,-0.0021,0.9979,-0.0021,0.0390,0.7055,-0.0000,-0.0000,1.0000,0.0118,1380.9207,19.0819,320.0273,0.0254,0.4276,7.2243,0.4667,0.4771,0.4598,7.5780
13.2215,STABLE,ASCEND,0.0021,-0.0000,0.1532,0.2484,0.4815,0.5185,0.1216,0.0652,0.1433,0.6310,67.0000,0.0004,74.8887,62.4994,0.1216,0.0741,0.2963,0.1111,0.0926,0.1296,0.0926,0.0926,0.1111,228.4743,280.5755,0.0134,0.7043,0.3320,3.7103,-0.0001,-0.0000,0.0645,0.0749,0.4971,1.5159,0.1609,0.0088,0.2143,0.1815,0.1810,0.2396,0.1539,0.1363,0.1500,-0.0132,1.0003,-0.0153,-0.1285,0.1275,0.3919,-0.0013,1.0001,-0.0192,0.0240,0.2007,-0.0000,0.0000,1.0000,0.0130,1602.9526,20.2453,320.7684,0.0268,0.4552,7.0094,0.4583,0.4097,0.8397,10.0295
13.2632,STABLE,ASCEND,-0.0470,0.0004,0.4933,0.4883,0.5312,0.4688,0.3575,0.0997,0.6997,4.4233,82.0000,0.0005,90.1056,72.2415,0.3575,0.0469,0.1562,0.1875,0.0938,0.1406,0.2188,0.1250,0.0312,226.7184,288.2595,0.0173,0.7070,0.3277,4.0618,0.0000,-0.0000,0.0671,0.0789,0.4931,1.3023,0.0864,0.0072,0.1002,0.2194,0.1761,0.2148,0.1920,0.2902,0.1416,-0.0223,1.0000,0.0292,-0.1026,0.3822,1.4208,-0.0010,1.0043,0.1114,-0.1088,-0.6375,0.0000,0.0000,1.0000,0.0137,1825.4179,21.1366,319.7224,0.0953,0.4924,7.1250,0.4722,0.4837,1.2964,4.2316
13.3050,STABLE,ASCEND,-0.0053,-0.0009,0.2244,0.3672,0.4000,0.6000,0.2061,0.0733,0.3118,1.9105,77.0000,0.0004,107.2486,75.2913,0.2061,0.0933,0.1467,0.1333,0.0933,0.0533,0.1867,0.2133,0.0800,225.5454,279.7481,0.0118,0.6427,0.2797,3.3244,-0.0000,0.0000,0.0588,0.0720,0.5026,0.8439,0.1132,0.0051,0.1052,0.1804,0.1552,0.1778,0.1591,0.2526,0.1047,0.0010,1.0000,-0.0068,-0.0029,0.2076,0.8383,-0.0006,1.0005,-0.0122,0.1083,0.0465,0.0000,0.0000,1.0000,0.0150,2081.1051,22.1688,324.5934,0.1290,0.4964,6.8883,0.4667,0.5003,1.1926,6.7288
13.3467,STABLE,ASCEND,0.0088,0.0018,0.2595,0.4975,0.5195,0.4805,0.2852,0.1464,0.3789,2.1237,130.0000,0.0008,106.6409,75.5077,0.2852,0.1688,0.1688,0.1948,0.0909,0.0779,0.1039,0.1039,0.0909,223.2613,283.6178,0.0256,0.8324,0.3745,4.3812,-0.0002,0.0000,0.0699,0.0792,0.5012,1.3706,0.2044,0.0032,0.1964,0.1782,0.1739,0.2695,0.2112,0.1872,0.1954,-0.0091,1.0002,-0.0368,-0.0536,0.2966,1.0508,-0.0003,0.9974,-0.0288,-0.0140,0.4653,-0.0000,-0.0000,1.0000,0.0159,2327.8816,23.3301,329.8107,0.1626,0.4670,7.2670,0.4694,0.5007,1.8577,15.8623
13.3884,STABLE,ASCEND,0.2583,0.0011,1.7275,0.8340,0.5913,0.4087,0.5759,0.1551,2.2440,23.8843,120.0000,0.0007,128.7446,75.0568,0.5759,0.0783,0.1565,0.2174,0.0870,0.1043,0.0870,0.2087,0.0609,217.1518,274.4689,0.0221,0.6967,0.3512,5.6514,0.0001,-0.0000,0.0719,0.0827,0.4862,1.2170,0.1719,0.0066,0.0885,0.2204,0.2175,0.3076,0.1422,0.2445,0.1372,0.0058,1.0007,-0.2130,-0.1216,0.5984,1.4594,0.0011,0.9994,-0.0316,-0.3380,0.1823,-0.0000,-0.0000,0.9913,0.0171,2596.9405,24.3480,322.1633,0.1855,0.4533,6.9530,0.4583,0.4130,2.5158,14.4465
13.4301,ASCEND,ASCEND,0.2389,0.0006,1.6510,0.7909,0.5263,0.4737,0.6758,0.2078,2.1884,22.5655,117.0000,0.0007,130.1520,73.9902,0.6758,0.0439,0.1842,0.2105,0.1053,0.1228,0.1228,0.1754,0.0351,215.4433,271.3316,0.0302,0.7535,0.4583,5.6653,-0.0000,-0.0000,0.0753,0.0779,0.4930,1.6341,0.1580,0.0089,0.3700,0.1960,0.1759,0.1949,0.1757,0.2470,0.1332,-0.0105,1.0006,-0.1801,-0.1685,0.6997,1.9084,0.0010,1.0005,0.0409,-0.0468,0.1204,-0.0000,0.0000,0.9912,0.0194,2929.9080,25.7389,340.3094,0.2165,0.4440,-77.9777,0.3111,0.3681,3.0628,10.4321
13.4718,ASCEND,ASCEND,0.0952,0.0053,0.2904,0.6509,0.5575,0.4425,0.3096,0.1862,0.3755,2.2019,121.0000,0.0007,124.1431,68.0049,0.3096,0.0442,0.1681,0.1770,0.1150,0.1416,0.1593,0.1504,0.0442,210.7466,269.2404,0.0371,0.7947,0.4805,6.0060,-0.0002,-0.0000,0.0819,0.0866,0.4997,1.2706,0.2575,0.0069,0.3831,0.2254,0.2026,0.2010,0.1970,0.2213,0.1726,-0.0118,1.0008,-0.1524,-0.2217,0.3239,0.9641,-0.0002,0.9974,-0.0174,-0.0361,0.2033,-0.0000,-0.0000,1.0000,0.0210,3239.9450,26.9111,331.6826,0.2546,0.3880,7.1250,0.4611,0.4300,3.3860,7.0921
13.5135,ASCEND,ASCEND,0.1036,0.0015,0.4316,0.5541,0.6017,0.3983,0.3802,0.1979,0.5738,4.0428,121.0000,0.0007,125.4559,65.0965,0.3802,0.0932,0.1949,0.2288,0.0678,0.1186,0.1525,0.1186,0.0254,206.3463,263.4758,0.0372,0.7281,0.3748,4.4485,0.0001,-0.0000,0.0761,0.0821,0.4986,1.4404,0.2319,0.0058,0.1202,0.1672,0.2403,0.2594,0.1879,0.2714,0.1511,0.0042,1.0006,-0.1853,-0.0948,0.3883,0.9657,0.0003,0.9959,-0.0462,-0.0194,0.8243,-0.0000,-0.0000,1.0000,0.0216,3574.4306,28.6518,355.3379,0.2870,0.3451,6.7305,0.4694,0.5404,3.6544,2.3017
13.5552,STABLE,ASCEND,0.0274,0.0008,0.3000,0.5241,0.5333,0.4667,0.2726,0.1423,0.4812,4.3294,185.0000,0.0011,124.5402,63.9350,0.2726,0.1250,0.1917,0.1500,0.1167,0.1167,0.1500,0.0833,0.0667,206.9265,258.9621,0.0390,0.8733,0.4861,5.5166,-0.0002,-0.0000,0.0774,0.0825,0.4967,1.4506,0.4271,0.0073,0.2766,0.1822,0.2036,0.2097,0.1597,0.2423,0.1381,-0.0050,1.0003,-0.0448,-0.0927,0.2766,0.7397,-0.0001,0.9978,-0.0129,-0.0200,0.2046,-0.0000,-0.0000,1.0000,0.0237,3921.5636,29.6539,352.2789,0.3474,0.3455,6.7890,0.4583,0.4230,3.5780,-19.3990
13.5969,STABLE,ASCEND,0.3288,0.0312,1.7539,1.3977,0.5915,0.4085,0.8473,0.4130,2.3007,23.6510,230.0000,0.0013,133.1221,64.2811,0.8473,0.1098,0.1098,0.1768,0.1037,0.1524,0.0976,0.1646,0.0854,205.2878,252.5271,0.0511,0.6631,0.3716,7.3906,-0.0003,0.0000,0.0724,0.0828,0.5062,1.1957,0.1887,0.0065,0.1485,0.1664,0.2071,0.3177,0.1449,0.2243,0.1233,0.0033,1.0013,-0.3636,-0.3110,0.8430,1.9833,0.0013,1.0000,-0.0643,-0.3931,-0.1872,-0.0000,0.0000,0.9878,0.0259,4275.1963,31.9935,375.6969,0.3753,0.3065,6.7305,0.4694,0.5404,2.0362,17.7054
13.6386,STABLE,ASCEND,0.0905,0.0004,0.9473,0.4827,0.5450,0.4550,0.3551,0.1142,1.2364,13.2175,224.0000,0.0013,130.1767,60.1582,0.3551,0.1171,0.0631,0.1396,0.1216,0.1667,0.1441,0.1081,0.1396,208.1454,246.6360,0.0171,0.3936,0.2239,3.2848,-0.0000,-0.0000,0.0456,0.0472,0.4973,1.1656,0.1284,0.0060,0.1166,0.1018,0.1120,0.1526,0.0543,0.1172,0.0952,-0.0009,1.0000,-0.0188,-0.0248,0.3605,0.8687,0.0009,0.9982,-0.0110,0.1169,0.1825,-0.0000,-0.0000,0.9910,0.0261,4684.4697,32.5513,377.6142,0.4055,0.2769,6.9441,0.4694,0.5238,5.0550,15.6689
13.6803,STABLE,ASCEND,0.0408,0.0243,1.4974,0.9159,0.6000,0.4000,0.7472,0.3712,1.7785,21.0280,225.0000,0.0013,132.0182,58.9263,0.7472,0.0976,0.1220,0.1610,0.1122,0.1902,0.1220,0.1171,0.0780,206.6745,238.9427,0.0458,0.6419,0.4062,5.5292,-0.0002,0.0000,0.0684,0.0736,0.5011,1.0233,0.1747,0.0057,0.2793,0.1547,0.1639,0.2809,0.1237,0.2374,0.0950,0.0098,1.0008,-0.2847,-0.2118,0.7485,2.0804,-0.0015,0.9971,-0.1161,-0.2429,-0.0304,-0.0000,-0.0000,0.9854,0.0316,5124.2446,35.4821,424.9480,0.4178,0.2206,6.8144,0.4694,0.5338,3.3433,-47.7370
13.7220,STABLE,ASCEND,0.0043,0.0000,0.5031,0.3754,0.5022,0.4978,0.2689,0.0839,0.7001,8.4919,228.0000,0.0013,128.7962,57.1563,0.2689,0.1076,0.1076,0.1390,0.1076,0.1973,0.1076,0.1166,0.1166,211.1506,236.4021,0.0074,0.5456,0.3368,3.9954,-0.0001,0.0000,0.0549,0.0465,0.5068,1.5610,0.1000,0.0043,0.2860,0.1269,0.1144,0.1596,0.0423,0.2225,0.0585,-0.0100,0.9999,0.0273,-0.0193,0.2848,0.9822,0.0002,1.0012,0.0312,-0.0538,-0.1189,0.0000,0.0000,0.9955,0.0337,5435.6055,34.3908,391.0852,0.4194,0.2094,6.7305,0.4694,0.5404,1.0729,-73.0068
13.7637,STABLE,ASCEND,0.0039,0.0000,0.1312,0.0010,0.1140,0.1754,0.0312,0.0000,0.1735,2.3130,229.0000,0.0013,127.3162,59.8432,0.0312,0.7544,0.0263,0.0263,0.0351,0.0526,0.0307,0.0482,0.0263,224.5064,253.7263,0.0000,0.0022,0.1009,3.1979,-0.0000,-0.0000,0.0177,0.0000,0.4969,0.9428,0.0001,0.0000,0.0002,0.0000,0.0000,0.0002,0.0002,0.0907,0.0007,0.0026,1.0000,-0.0067,0.0006,0.0427,0.1501,-0.0001,0.9999,0.0027,-0.0223,0.0237,0.0000,-0.0000,1.0000,0.0339,5430.9149,34.0110,387.1787,0.4193,0.2084,-18.2288,0.6972,0.5861,-2.7467,-30.5125
13.8055,STABLE,ASCEND,-0.0077,0.0000,0.0671,0.0004,0.0961,0.1834,0.0160,0.0000,0.0740,0.8994,241.0000,0.0014,128.5815,63.7734,0.0160,0.7424,0.0393,0.0262,0.0393,0.0611,0.0262,0.0393,0.0262,238.3588,265.7667,0.0000,0.0009,0.0533,2.1906,-0.0000,0.0000,0.0122,0.0000,0.5249,1.0592,0.0001,0.0000,0.0002,0.0000,0.0000,0.0002,0.0002,0.0484,0.0013,-0.0005,1.0000,0.0053,0.0060,0.0211,0.1003,0.0000,1.0002,0.0006,-0.0050,-0.0243,0.0000,0.0000,1.0000,0.0340,5430.5509,33.7985,386.4344,0.4194,0.2073,6.9003,0.4694,0.5272,-1.4724,6.2084
13.8472,STABLE,ASCEND,-0.0214,0.0000,0.2252,0.0271,0.3792,0.3375,0.0445,0.0008,0.2841,4.0786,241.0000,0.0014,127.0824,59.1901,0.0445,0.3958,0.0792,0.0750,0.0583,0.1042,0.1042,0.0958,0.0875,224.4850,252.5181,0.0000,0.0874,0.1722,3.7282,-0.0000,0.0000,0.0272,0.0041,0.5097,1.0011,0.0001,0.0000,0.0005,0.0276,0.0193,0.0531,0.0007,0.1169,0.0010,0.0016,1.0000,0.0077,0.0034,0.0545,0.1534,-0.0005,1.0008,0.0089,-0.0785,-0.0428,0.0000,0.0000,1.0000,0.0314,5429.7698,33.2473,377.1269,0.4206,0.2073,6.7722,0.4694,0.5371,-2.2288,-0.7251
13.8889,STABLE,ASCEND,0.5863,0.0000,2.5481,6.4840,0.4864,0.4864,1.2850,0.4863,3.0501,19.4005,234.0000,0.0014,125.0228,56.9689,1.2850,0.2864,0.0455,0.0364,0.0091,0.0500,0.0409,0.3273,0.2045,230.8807,239.9450,0.0039,4.8308,2.5907,20.6409,-0.0017,0.0000,0.1765,0.0981,0.5163,3.7187,0.0001,0.0000,0.0005,0.2314,0.2169,0.5202,4.5291,0.7714,1.2178,-0.0008,0.9997,0.3264,-0.1489,1.2516,7.1068,0.0058,0.9977,-0.0618,0.2980,0.4778,-0.0000,0.0000,0.9273,0.0308,5373.6999,32.9460,359.1819,0.4127,0.2127,7.9435,0.6278,0.4342,-1.5328,-2.5311
13.9306,DESCEND,ASCEND,-1.7327,-0.0453,5.9310,6.5323,0.4390,0.5610,6.3743,6.5419,3.9206,19.3927,204.0000,0.0012,119.1179,50.8570,6.3743,0.0427,0.0244,0.1341,0.4207,0.2561,0.0427,0.0488,0.0305,227.0008,224.9086,0.5410,11.6613,4.3462,24.1703,0.0029,-0.0000,0.4281,0.4934,0.4806,6.9948,1.5097,0.1129,0.7963,4.1475,4.8104,4.4425,5.4841,2.9279,5.7639,0.4646,0.9967,-6.5941,2.9142,4.0810,11.2333,-0.0084,1.0200,-1.4005,-17.1296,0.1610,-0.0001,0.0001,0.7744,0.0262,5770.9133,30.1792,330.3383,0.4058,0.2133,7.0789,0.4694,0.5139,-2.4400,-53.7087
13.9723,DESCEND,ASCEND,-0.5843,-0.0011,3.4663,4.2613,0.4667,0.5333,5.0573,4.7380,4.4760,25.7893,186.0000,0.0011,128.6544,54.0605,5.0573,0.0424,0.0545,0.2848,0.2061,0.2303,0.1212,0.0485,0.0121,222.2635,225.7654,0.0558,10.0142,3.4856,16.6828,0.0011,-0.0000,0.2721,0.3221,0.4965,3.2132,1.5531,0.0993,0.6251,3.5454,4.7513,3.2070,1.5207,2.0646,3.2050,0.6242,1.0029,-4.6955,1.0483,5.0342,14.6347,-0.0100,1.1484,-1.6145,-8.9897,-35.9200,-0.0000,0.0003,0.6121,0.0244,5797.9023,29.2451,309.9754,0.3982,0.2182,6.9885,0.4639,0.5205,-6.0130,-108.4199
14.0140,DESCEND,ASCEND,-0.2454,0.0003,6.3484,10.3041,0.5180,0.4820,7.3601,9.3057,5.5592,24.3600,167.0000,0.0010,125.1728,50.3372,7.3601,0.0072,0.0504,0.1942,0.2950,0.2878,0.0576,0.1007,0.0072,218.4485,229.3779,0.1531,14.1916,5.7732,42.9720,0.0002,0.0000,0.5222,0.5321,0.5140,11.6890,3.5505,0.3044,2.6036,6.6003,8.0477,5.0696,1.5857,2.5476,4.8212,-0.0775,1.0028,-0.4160,-1.3359,7.4193,15.4962,-0.0134,0.9830,-0.1853,-12.4001,-3.0315,-0.0000,-0.0001,0.6187,0.0231,5837.4896,28.6647,306.7719,0.3833,0.2272,0.0000,0.8056,0.4233,-11.4840,-207.7175
14.0557,DESCEND,ASCEND,0.7818,0.0015,3.9984,7.3608,0.5902,0.4098,5.9014,4.3156,5.4657,23.1746,171.0000,0.0010,128.5419,54.4793,5.9014,0.0164,0.0902,0.2869,0.1721,0.1557,0.1803,0.0574,0.0410,223.5025,233.9356,0.1604,12.0951,4.3880,31.9052,-0.0001,0.0000,0.4051,0.4770,0.5053,8.0534,3.3480,0.3835,0.9194,5.0763,5.4965,4.3089,2.5387,2.1328,2.6725,0.0335,1.0158,-3.8611,-4.5662,5.9601,18.4982,-0.0198,0.9972,-1.2619,-7.8557,-4.6785,-0.0001,0.0000,0.5902,0.0213,5797.1293,28.1753,294.1190,0.3761,0.2393,0.0000,0.8056,0.4267,-23.3401,-368.3294
14.0974,DESCEND,ASCEND,-1.4606,-0.0480,3.8891,4.1453,0.3223,0.6777,5.8384,3.9791,5.8576,21.1939,140.0000,0.0008,138.1738,61.4731,5.8384,0.0413,0.1405,0.2810,0.1074,0.0661,0.0992,0.2149,0.0496,222.2242,251.5460,0.2008,12.6105,4.2601,21.0993,-0.0005,-0.0000,0.3355,0.4591,0.4908,4.2652,0.5142,0.3565,1.5180,5.0475,5.3791,4.2866,2.6427,1.7834,3.7093,0.2618,0.9917,0.4899,3.7289,5.8606,15.6713,-0.0157,1.0236,0.6106,-0.0868,-7.9221,0.0000,0.0000,0.6198,0.0211,5870.8787,27.7716,283.2549,0.3640,0.2409,8.6308,0.4306,0.3776,-42.2088,-374.4611
14.1391,DESCEND,ASCEND,-1.2899,-0.4470,5.2539,5.0612,0.3299,0.6701,5.1912,2.9428,6.9885,42.1685,143.0000,0.0008,139.3761,64.5120,5.1912,0.1031,0.0515,0.3093,0.0619,0.1340,0.1546,0.0825,0.1031,229.1275,252.4521,0.2732,13.8927,4.8946,28.3473,-0.0002,-0.0000,0.3408,0.4855,0.4913,3.9837,0.4439,0.2258,0.4130,3.6104,6.9098,5.6405,2.3913,2.4293,5.1178,0.3820,0.9939,-0.6879,2.7356,5.3121,17.7535,-0.0141,0.9759,-1.1264,-4.8113,6.8154,-0.0001,0.0000,0.6598,0.0219,6012.4106,27.7657,269.3893,0.3586,0.2366,17.2551,0.5028,0.4607,-54.5764,-266.4548
14.1808,DESCEND,ASCEND,-2.9924,-0.4128,5.6821,4.6157,0.2952,0.7048,5.8199,3.0795,6.7013,25.5738,176.0000,0.0010,141.1671,69.0144,5.8199,0.0762,0.1524,0.2571,0.1524,0.1238,0.0952,0.0857,0.0571,226.9441,260.9451,0.1969,17.6130,5.7516,25.6616,-0.0004,0.0000,0.3607,0.4953,0.5055,4.7195,0.5419,0.2977,0.5874,4.0755,10.5595,7.9454,1.7355,3.1267,4.1594,0.0839,0.9950,0.7046,1.9710,5.6248,18.3001,-0.0405,0.9839,-0.2805,-1.8908,0.7700,-0.0000,-0.0000,0.6571,0.0231,6019.9911,28.2988,283.4413,0.3577,0.2505,-1.0322,0.8389,0.3701,-64.4356,-270.6818
14.2225,DESCEND,ASCEND,-3.4717,-0.0434,6.9892,5.9153,0.4057,0.5943,7.2299,3.8891,7.4238,24.3809,180.0000,0.0010,139.6152,71.9679,7.2299,0.0755,0.1604,0.1698,0.3491,0.0660,0.0660,0.0566,0.0566,230.2813,252.8958,0.4120,19.4732,6.5983,27.9316,-0.0003,-0.0000,0.4211,0.5564,0.4895,5.4548,0.8181,0.4018,0.2664,6.2981,13.1316,9.1952,1.2326,2.2976,5.3568,0.0423,0.9997,-0.0032,0.2610,7.2820,20.2430,-0.0767,0.9866,2.0883,-17.8558,2.2977,0.0001,-0.0000,0.5472,0.0257,6155.7767,29.2976,287.7958,0.3649,0.2534,14.9120,0.4528,0.6347,-77.1558,-71.9655
14.2642,DESCEND,ASCEND,-4.0657,-0.2730,9.5253,10.1305,0.2750,0.7083,10.5913,8.8462,9.8400,28.5647,195.0000,0.0011,138.4625,70.6469,10.5913,0.0417,0.1250,0.1500,0.4417,0.0250,0.0917,0.0833,0.0417,224.9319,247.3097,0.1581,21.0711,7.3938,28.2319,0.0000,0.0000,0.5327,0.6166,0.5023,5.2115,0.8557,0.5332,0.0036,8.2430,16.0563,9.6278,1.2316,2.5640,4.9368,0.0355,0.9986,0.2632,0.4400,10.6186,25.9916,-0.0498,0.9386,-1.2892,-20.8004,11.6904,-0.0001,-0.0001,0.4750,0.0268,6224.5942,29.0097,288.3184,0.3756,0.2761,17.9873,0.5056,0.5397,-70.4387,235.5719
14.3060,DESCEND,ASCEND,-5.0110,-0.1098,10.4729,9.3133,0.3061,0.6939,10.8892,6.7398,10.8943,29.9546,159.0000,0.0009,136.4895,74.0930,10.8892,0.0306,0.1327,0.0816,0.4184,0.0204,0.0918,0.1939,0.0306,231.6861,243.3077,0.4218,24.2916,8.3103,30.5386,0.0003,0.0000,0.6490,0.6837,0.5174,8.7408,0.7749,0.3659,0.1906,9.1803,19.5323,9.7041,2.4470,2.9609,4.7655,0.0045,1.0011,-0.3333,-0.3026,10.9507,27.5595,-0.0977,1.0032,0.1523,-0.6518,-0.2864,-0.0000,0.0000,0.4898,0.0277,6300.1309,29.5027,288.6585,0.4007,0.2991,14.7083,0.5611,0.5514,-57.5052,264.9805
14.3477,DESCEND,ASCEND,-3.5879,-0.0260,10.3272,4.4584,0.3721,0.6163,9.9574,1.6520,12.1534,34.2619,206.0000,0.0012,126.6213,75.6359,9.9574,0.0465,0.0930,0.1744,0.3837,0.0465,0.1395,0.0465,0.0698,246.5596,238.5322,0.3584,28.4989,9.2958,31.5764,0.0005,0.0000,0.7634,0.7613,0.5204,8.9212,0.7162,0.0247,0.2333,11.1867,20.6313,7.9284,2.3000,4.7080,6.5528,-0.1097,0.9996,0.5261,-0.1389,10.0081,30.2845,-0.1166,0.9942,-0.1421,0.2268,-0.0824,-0.0000,0.0000,0.6047,0.0305,6402.3738,29.9505,294.7016,0.4424,0.3119,13.0188,0.5944,0.5919,-48.3349,247.1023
14.3894,DESCEND,ASCEND,0.0703,-0.0006,10.6901,24.1992,0.4253,0.5747,8.9129,0.5490,12.5583,35.7745,194.0000,0.0011,141.7457,80.1247,8.9129,0.1034,0.1609,0.1149,0.2644,0.0920,0.1264,0.1034,0.0345,241.4433,234.1619,0.1788,24.2876,7.6900,35.2753,0.0002,0.0000,0.7597,0.7850,0.5033,8.1768,0.4473,0.0082,0.0549,7.5869,16.9818,4.6830,2.9779,3.4593,4.3413,0.0425,0.9987,0.3779,0.6386,9.0627,33.2531,-0.0673,1.0062,0.0626,0.2099,-0.6261,0.0000,0.0000,0.6322,0.0291,6457.1707,28.6655,268.7029,0.4730,0.3441,0.0000,0.8333,0.5667,-36.8927,224.9770
14.4311,STABLE,ASCEND,-0.7694,0.0056,14.6475,27.5400,0.6029,0.3971,12.1983,7.9669,13.6038,36.5301,126.0000,0.0007,116.1028,73.7798,12.1983,0.0588,0.1324,0.1324,0.3529,0.0294,0.0735,0.1618,0.0588,225.6809,238.0581,0.3721,23.3214,7.7952,40.1535,-0.0032,0.0000,0.8577,0.7833,0.5063,9.5905,0.4079,0.0029,3.2587,6.1933,15.5923,3.0857,5.4060,3.6774,4.0554,0.1360,1.0022,-1.0519,-0.1946,12.2618,33.6908,-0.1346,0.9169,-2.7381,7.1707,24.0745,-0.0001,-0.0001,0.5294,0.0295,6286.2178,28.1351,288.4580,0.4818,0.3840,14.0362,0.6389,0.6047,-29.5681,209.4146
14.4728,STABLE,ASCEND,0.0249,0.0260,14.8074,31.4520,0.6324,0.3676,9.6796,1.5978,13.6614,35.5315,181.0000,0.0010,111.4418,72.4386,9.6796,0.0294,0.1912,0.1618,0.2941,0.0882,0.0735,0.1471,0.0147,221.8901,240.0659,0.2035,20.3485,6.9711,37.0008,0.0039,0.0000,0.7814,0.6993,0.5021,11.3156,0.2841,0.0006,2.0344,6.9079,11.4973,2.4168,3.8401,4.1264,2.5693,-0.3937,1.0029,1.3494,-2.5520,9.9978,33.8448,-0.0038,0.9760,-1.1313,3.0622,-1.8831,-0.0001,-0.0000,0.6324,0.0289,6405.5886,27.4920,286.5806,0.4932,0.4235,7.2532,0.7028,0.5544,-19.4241,271.8934
14.5145,DESCEND,ASCEND,5.9553,0.0454,16.2235,33.4612,0.6491,0.3509,11.8628,2.9737,15.4185,41.6392,106.0000,0.0006,104.9371,65.3767,11.8628,0.1228,0.1404,0.1579,0.3509,0.0702,0.0526,0.0877,0.0175,219.1929,243.2346,0.2454,16.3286,6.6679,40.7257,-0.0012,0.0000,0.7257,0.6197,0.5014,8.8090,0.3724,0.0006,1.1243,6.8419,9.9025,2.2064,2.5262,4.5186,3.1465,0.0844,0.9964,0.4020,1.4593,11.8587,34.8310,0.2529,0.8304,6.8534,27.4609,37.9707,0.0004,-0.0006,0.5614,0.0267,6768.5300,27.7599,316.3519,0.4357,0.4548,0.9602,0.6639,0.5968,-6.8876,253.0187
14.5562,DESCEND,ASCEND,-1.4321,-0.0252,15.1991,26.2952,0.3947,0.6053,11.2915,0.8653,17.1747,57.6351,115.0000,0.0007,101.4551,69.0655,11.2915,0.1053,0.0263,0.0789,0.2368,0.1316,0.1579,0.2105,0.0526,214.7923,249.7464,0.1816,18.3489,7.2571,41.5736,0.0050,-0.0000,0.8823,0.6582,0.4992,10.9975,0.2682,0.0001,0.1939,7.8522,9.3569,3.0525,2.9585,4.9489,3.2536,-0.2224,1.0047,0.2468,-2.3371,11.5108,38.6214,-0.1543,1.0397,0.3202,-0.4560,-4.1153,0.0000,0.0001,0.6579,0.0284,7051.4830,28.6193,323.3167,0.4369,0.4836,0.0000,0.7333,0.6133,1.6819,173.2878
14.5979,DESCEND,ASCEND,-3.5780,-0.0003,14.8735,11.4593,0.4286,0.5714,9.4555,0.0915,15.3578,42.1512,115.0000,0.0007,92.8727,68.3144,9.4555,0.0952,0.1190,0.1429,0.1667,0.0476,0.0000,0.2619,0.1667,215.8353,257.8184,0.1497,16.0561,6.9038,41.6773,0.0047,-0.0000,0.8498,0.6098,0.4939,10.3378,0.2984,0.0000,0.3617,7.2915,7.0714,2.4879,3.1012,4.3497,3.8129,0.4614,0.9969,-1.7707,2.7825,9.2680,41.0991,-0.6763,0.9698,-0.0121,0.7042,9.1291,0.0000,-0.0001,0.6667,0.0249,7256.1115,27.0022,325.0271,0.4414,0.4823,0.0000,0.8944,0.4900,7.5675,13.3093
14.6396,DESCEND,ASCEND,-1.9902,-0.0005,11.0958,10.2616,0.4375,0.5625,6.0100,0.1115,12.5031,47.1225,86.0000,0.0005,101.7154,75.0409,6.0100,0.0000,0.1875,0.1562,0.1250,0.1250,0.1250,0.1562,0.1250,208.5289,268.0378,0.1197,17.7544,8.3264,48.3676,0.0034,0.0000,1.2621,0.5316,0.5058,21.7200,0.4428,0.0002,0.2532,4.7582,8.1274,7.3030,1.0253,2.7076,3.8266,-0.2969,0.9881,4.0899,2.6103,6.3215,38.3554,-0.0681,1.0098,-0.9137,-3.3383,3.8820,-0.0000,0.0001,0.7500,0.0221,7108.8607,25.4212,316.1918,0.4276,0.4711,1.8965,0.8639,0.5036,2.7921,-151.2582
14.6813,DESCEND,ASCEND,-0.5421,-0.0276,6.5351,1.4329,0.4000,0.6000,3.6120,0.0723,10.8092,49.7288,70.0000,0.0004,70.3688,61.2945,3.6120,0.0000,0.1600,0.0800,0.1200,0.0800,0.2800,0.2000,0.0800,213.3073,279.8348,0.0800,16.7747,8.6471,55.9202,0.0037,0.0000,1.3018,0.4971,0.5031,20.2765,0.2893,0.0012,0.2662,4.1229,9.3998,5.9244,0.4329,2.7676,4.2743,-0.0330,0.9977,0.6101,0.5074,3.6426,22.8601,-0.0122,1.0770,2.2760,2.9280,-17.1542,0.0001,0.0001,0.8800,0.0199,6794.6377,24.1642,312.8986,0.4260,0.4440,2.9170,0.8556,0.5240,-5.0500,-163.4269
14.7230,DESCEND,ASCEND,0.8175,-0.0005,7.7695,1.1728,0.4706,0.5294,4.0068,0.0583,12.6966,54.6003,77.0000,0.0004,68.7645,62.3321,4.0068,0.0294,0.1765,0.1176,0.1765,0.1176,0.1176,0.1176,0.1471,219.4901,286.4327,0.0424,34.5346,11.1515,62.1950,-0.0012,-0.0000,1.2605,0.4935,0.4872,22.7016,0.4474,0.0019,0.1666,2.8073,10.7635,3.0656,0.2791,1.8279,17.9666,0.0469,0.9991,-0.0665,0.4618,4.0063,26.7756,-0.1321,0.9795,0.0017,2.0194,6.9249,0.0000,-0.0000,0.9118,0.0197,6685.0315,23.6714,300.5140,0.4338,0.4022,0.0000,0.8944,0.4500,-10.8404,-94.5382
14.7647,STABLE,ASCEND,1.6711,-0.0000,6.5972,10.9223,0.4706,0.5294,2.9494,0.0517,10.3709,56.4133,101.0000,0.0006,64.6462,53.5379,2.9494,0.1765,0.2059,0.0882,0.0294,0.1176,0.0882,0.1765,0.1176,223.5511,291.0878,0.0259,26.2809,10.0644,61.5834,0.0035,-0.0000,1.2568,0.4271,0.4936,23.5572,0.5477,0.0022,0.1415,2.9755,11.0897,3.0773,0.2323,1.7376,12.8503,0.1538,0.9947,0.3899,2.2791,3.0808,13.3868,0.0312,0.9445,-0.9711,8.6759,11.3362,-0.0000,-0.0001,0.9118,0.0185,6145.2332,23.8336,314.2704,0.4127,0.4137,1.7624,0.4778,0.4335,-12.9361,-79.6875
14.8065,STABLE,ASCEND,-0.2922,-0.0005,5.1514,3.1676,0.5000,0.5000,2.6733,0.0608,9.7854,58.9215,83.0000,0.0005,97.1228,93.0819,2.6733,0.0455,0.0909,0.1136,0.2045,0.1818,0.0909,0.1818,0.0909,220.8441,283.5188,0.0164,7.3203,4.4638,47.2186,-0.0000,-0.0000,0.6045,0.3457,0.4861,13.0878,0.1614,0.0027,0.0944,2.4448,5.0346,1.6052,0.9327,0.7018,2.6572,0.0162,0.9998,-0.1029,0.1423,2.7009,11.1227,-0.0103,0.9931,0.3375,0.6069,-0.5404,0.0000,-0.0000,0.9091,0.0190,5446.4821,23.9721,310.5812,0.3781,0.4284,0.0000,0.8056,0.4367,-17.4877,15.0859
14.8482,DESCEND,ASCEND,0.0303,0.0000,0.6127,0.9128,0.5116,0.4884,0.5135,0.0732,1.0811,4.9211,80.0000,0.0005,76.3951,77.4913,0.5135,0.0930,0.1163,0.3023,0.0930,0.0465,0.1163,0.1163,0.1163,222.2404,278.7545,0.0240,12.0734,5.4861,47.3147,0.0031,0.0000,0.6804,0.5113,0.5080,13.4208,0.1903,0.0020,0.1423,3.1494,4.5808,3.0215,0.5929,0.8139,7.1649,-0.0855,0.9997,0.5683,-0.1692,0.5431,3.2720,-0.0018,1.0050,0.2442,0.0981,0.0887,0.0000,-0.0000,1.0000,0.0157,5459.7391,23.3049,308.2047,0.3950,0.3824,0.0000,0.8056,0.3400,-11.6776,229.0237
14.8899,DESCEND,ASCEND,-1.2300,-0.0029,7.6927,0.3028,0.4545,0.5455,1.8810,0.0775,10.4262,70.1762,78.0000,0.0005,83.9118,79.3487,1.8810,0.1364,0.2045,0.1136,0.0682,0.1364,0.1364,0.1136,0.0909,213.1208,265.6279,0.0098,9.2796,4.0910,41.0858,0.0001,-0.0000,0.5082,0.4208,0.4952,11.0845,0.2736,0.0015,0.1022,3.6689,5.2695,2.8086,0.1999,0.7362,1.5272,-0.0443,0.9990,0.4992,0.1705,1.9059,1.5088,-0.0369,1.0008,-0.1645,0.7279,0.1362,-0.0000,0.0000,0.9773,0.0203,5300.2281,25.2226,307.2042,0.4360,0.3000,0.0000,0.8056,0.4400,1.6167,249.1891
14.9316,DESCEND,ASCEND,-0.6124,0.0024,6.9872,0.1807,0.5625,0.4375,3.8318,0.0985,15.0200,75.1613,144.0000,0.0008,65.6448,57.1912,3.8318,0.0417,0.2083,0.2500,0.1458,0.0833,0.1458,0.0625,0.0625,217.6667,275.5110,0.0088,9.7060,3.7704,26.1218,-0.0002,0.0000,0.3787,0.4423,0.5014,4.9118,0.4198,0.0017,0.1731,2.5915,6.9702,3.4626,0.3265,0.9771,1.7745,0.0121,0.9982,0.3420,0.6231,3.8213,11.3382,-0.0000,0.8980,2.6058,13.4747,21.7311,0.0001,-0.0003,0.9167,0.0273,5149.5737,28.1535,324.6693,0.4670,0.2140,0.0000,0.8056,0.4400,9.1089,134.5777
14.9733,DESCEND,ASCEND,-0.7155,0.0001,6.7519,4.3581,0.5000,0.5000,6.5556,0.1812,20.0805,79.9978,125.0000,0.0007,74.2066,61.3946,6.5556,0.0536,0.1786,0.0714,0.1429,0.1786,0.1429,0.1786,0.0536,225.9501,275.5393,0.0227,11.7904,4.1897,28.6576,0.0000,0.0000,0.3887,0.4939,0.5081,4.6070,0.2957,0.0019,0.1162,6.1511,5.5150,4.8405,0.8989,1.3774,0.6278,-0.0119,0.9991,0.2974,0.2487,6.5818,77.3538,-0.0168,0.9819,-1.6761,2.0521,1.3603,-0.0001,-0.0000,0.8571,0.0301,5256.7138,29.8200,326.6661,0.4537,0.1422,-19.2077,0.5667,0.5471,12.8427,124.2841
15.0150,DESCEND,ASCEND,1.4423,0.0001,10.2381,4.6061,0.5000,0.5000,4.7600,0.1658,15.6147,82.9333,157.0000,0.0009,69.6963,62.2086,4.7600,0.0893,0.1429,0.1429,0.0536,0.1250,0.1786,0.1607,0.1071,231.8088,281.3759,0.0293,9.2903,3.8841,32.6648,-0.0002,0.0000,0.3669,0.4938,0.5029,4.3233,0.3847,0.0034,0.0232,5.2334,5.9913,4.7471,0.9732,1.1961,0.9803,-0.0379,0.9999,0.2395,-0.0750,4.7714,18.6858,0.0115,1.2501,3.4930,-40.5836,-52.4974,0.0002,0.0004,0.8214,0.0328,5182.4541,31.1295,364.3555,0.4250,0.1227,-22.7750,0.5750,0.4736,19.4762,109.5662
15.0567,ASCEND,ASCEND,-0.7769,-0.0109,12.1040,2.9351,0.3750,0.6250,6.7933,0.1182,20.2540,84.8902,165.0000,0.0010,79.8578,73.5141,6.7933,0.0625,0.0938,0.2031,0.0938,0.1094,0.1562,0.1719,0.1094,236.1620,282.9055,0.0345,15.9875,5.7356,36.9465,0.0000,0.0000,0.5021,0.5725,0.5188,10.6697,0.2078,0.0033,0.0444,4.8933,7.6230,10.7780,1.3168,0.8947,1.2131,-0.0837,0.9998,0.5200,-0.2875,6.8114,73.7296,-0.0108,0.9903,1.6114,3.8895,2.0961,0.0001,-0.0001,0.8594,0.0342,5172.3522,31.8754,373.7772,0.4027,0.1267,-1.2189,0.4194,0.4701,21.9824,113.1820
15.0984,ASCEND,ASCEND,0.9029,0.0016,7.8244,17.5792,0.5588,0.4412,9.6941,0.1432,25.7966,86.2648,154.0000,0.0009,85.0980,79.6465,9.6941,0.0588,0.0882,0.1765,0.1029,0.1618,0.1618,0.1618,0.0882,239.0141,276.7278,0.0393,17.7502,8.8893,70.3949,0.0000,0.0000,0.5830,0.5304,0.5186,6.5730,0.0683,0.0026,0.2808,2.6257,16.3906,8.9630,0.8585,0.8774,0.3924,-0.0820,0.9974,0.9159,0.5301,9.7387,85.7643,0.0207,0.9925,0.5869,1.4891,3.9113,0.0000,-0.0000,0.8088,0.0325,5058.8171,31.0185,357.7241,0.3903,0.1569,-1.8648,0.4250,0.7170,28.9175,90.8411
15.1401,ASCEND,ASCEND,7.3502,0.0029,20.0411,64.4988,0.5507,0.4493,12.4152,0.1257,29.1208,87.8139,190.0000,0.0011,85.6333,73.4007,12.4152,0.0290,0.1304,0.1449,0.2319,0.0725,0.1159,0.2029,0.0725,246.9439,269.8388,0.0419,14.6968,5.3875,33.1294,0.0001,0.0000,0.4025,0.5182,0.5098,5.7075,0.1432,0.0031,0.1394,4.2496,11.7946,7.6759,0.9592,0.6390,1.0808,-0.0723,0.9999,0.3446,-0.2780,12.4571,87.6639,0.1169,1.0006,0.1623,-0.5984,-0.5114,-0.0000,0.0000,0.8261,0.0324,4968.4242,31.0752,355.9543,0.3919,0.1999,14.8020,0.5750,0.6654,29.5600,-53.1959
15.1818,ASCEND,ASCEND,1.0970,-0.0002,9.3968,5.4799,0.4615,0.5385,3.4656,0.0122,11.4979,86.5931,150.0000,0.0009,86.7837,75.3708,3.4656,0.0923,0.2154,0.0923,0.1077,0.1077,0.0923,0.2308,0.0615,253.1077,271.9742,0.0244,21.4784,7.2172,41.3166,-0.0000,-0.0000,0.4596,0.5159,0.4962,6.6204,0.4378,0.0033,0.2649,11.1825,15.7362,4.0970,0.9519,0.5325,1.1480,-0.0169,1.0013,-0.1888,-0.4829,3.4982,13.1218,0.0266,0.9981,-1.6024,0.7711,0.4200,-0.0001,0.0000,0.8308,0.0357,5425.8106,32.5244,366.6185,0.4106,0.2265,1.0912,0.5111,0.7001,24.4801,-138.5871
15.2235,ASCEND,ASCEND,-0.4642,-0.0009,3.9804,0.9831,0.3448,0.6552,1.6897,0.0318,5.6265,37.9731,173.0000,0.0010,69.8083,57.3725,1.6897,0.0862,0.1379,0.1379,0.0517,0.0862,0.2069,0.1552,0.1379,254.6883,274.8882,0.0510,11.6641,4.0720,27.3603,-0.0003,-0.0000,0.3650,0.4960,0.4880,6.0645,0.2354,0.0059,0.3880,6.0079,7.2082,6.3914,0.3874,0.8048,1.2774,0.0196,1.0014,-0.4406,-0.3025,1.7293,9.4707,0.0052,1.1515,0.3732,-27.5935,-33.6622,0.0000,0.0003,0.8966,0.0384,6105.2693,33.5316,379.6165,0.4408,0.2428,6.8637,0.4944,0.7252,17.9996,-55.6564
15.2652,ASCEND,ASCEND,0.1269,0.0026,3.2521,3.9134,0.6140,0.3860,2.1653,0.0529,4.4312,19.9977,176.0000,0.0010,86.4077,78.4990,2.1653,0.0526,0.1053,0.2105,0.1404,0.0702,0.1404,0.2281,0.0526,249.9612,270.7852,0.0799,11.0703,3.8903,25.6852,-0.0001,-0.0000,0.3496,0.4900,0.4901,4.9664,0.4206,0.0077,0.4391,5.0803,7.7221,5.2438,1.5451,1.3019,0.5624,-0.0669,0.9995,0.4521,0.0259,2.2321,11.8381,-0.0195,1.0389,-0.0812,-0.6046,-3.9455,-0.0000,0.0001,0.8596,0.0335,6662.9343,31.9208,354.7927,0.4832,0.2688,7.9372,0.5083,0.7000,19.8374,-18.7590
15.3070,DESCEND,ASCEND,-1.6665,-0.0002,7.2748,1.6646,0.4844,0.5156,4.3892,0.0454,13.1978,93.0422,139.0000,0.0008,81.7415,68.9065,4.3892,0.0781,0.1562,0.1562,0.1094,0.1094,0.1250,0.1719,0.0938,245.9874,265.7611,0.2205,13.0448,4.4805,22.6181,0.0000,-0.0000,0.4068,0.5872,0.4911,5.5628,0.2505,0.0050,0.6761,5.3949,7.6042,6.5794,3.5978,0.8581,1.6600,-0.1205,1.0028,0.0232,-1.3220,4.4337,19.2644,-0.0377,1.1646,-0.2797,-29.8715,-30.2943,-0.0000,0.0004,0.7812,0.0305,6383.1657,30.4240,339.2945,0.5508,0.2705,-27.9795,0.7167,0.4831,16.4348,-41.2484
15.3487,STABLE,ASCEND,0.3310,0.0006,4.9280,6.6653,0.5400,0.4600,2.9301,0.1107,6.4385,31.0765,97.0000,0.0006,86.3776,81.7569,2.9301,0.1600,0.1400,0.1400,0.0800,0.0600,0.1200,0.1800,0.1200,238.5755,264.5404,0.2654,14.1160,5.0115,33.1228,-0.0031,0.0000,0.4685,0.6646,0.5042,7.7403,0.5149,0.0016,0.8759,4.9049,8.4487,3.9157,6.4918,1.2666,2.7231,-0.0987,1.0043,-0.3938,-1.6517,2.9332,15.7522,-0.0013,1.0079,0.6165,1.2834,-4.1541,0.0000,-0.0000,0.8200,0.0261,6112.2771,28.8737,334.3387,0.6213,0.2884,8.0047,0.4389,0.4309,16.3966,-91.3701
15.3904,STABLE,ASCEND,-0.4296,-0.0003,1.7930,0.3437,0.5000,0.5000,1.3654,0.0910,3.3715,15.7818,93.0000,0.0005,69.0407,65.8387,1.3654,0.1000,0.2000,0.1250,0.1000,0.0500,0.2750,0.1250,0.0250,241.7730,274.4883,0.3316,12.4766,4.4512,27.4227,-0.0010,-0.0000,0.5493,0.7210,0.4964,8.2426,0.3894,0.0001,1.7279,5.8268,6.1014,3.6025,4.4138,1.7981,2.2082,-0.0966,0.9978,0.9731,0.2701,1.3817,9.4883,-0.0005,1.0135,0.4071,-3.0550,-2.0839,0.0000,0.0000,0.8750,0.0228,5470.2420,26.6362,317.3232,0.6790,0.2786,0.0000,0.8944,0.4533,8.8130,-165.6248
15.4321,ASCEND,ASCEND,-0.0219,0.0002,0.3396,0.1767,0.5161,0.4839,0.3021,0.0616,0.7427,3.9489,76.0000,0.0004,49.6177,49.3197,0.3021,0.0323,0.2581,0.1290,0.0323,0.0968,0.1935,0.1935,0.0645,243.2006,269.1800,0.1995,17.5614,5.9922,41.3339,0.0109,0.0000,0.6171,0.8161,0.5140,7.5974,0.3270,0.0000,1.3743,6.7474,7.1288,3.2168,4.7844,3.2668,5.5835,0.2172,0.9971,-0.4269,1.6676,0.3218,0.4826,0.0054,0.9791,-0.5431,3.9366,2.8929,-0.0000,-0.0000,1.0000,0.0228,6191.0010,25.4152,319.7005,0.6379,0.3513,0.0000,0.8944,0.4767,2.5807,57.2335
15.4738,STABLE,ASCEND,3.0022,0.0009,9.8873,22.6871,0.6061,0.3939,4.0928,0.0702,12.2028,53.5967,86.0000,0.0005,54.8036,49.6020,4.0928,0.1212,0.1515,0.1515,0.0303,0.1212,0.1818,0.1212,0.1212,243.3259,282.9048,0.1151,12.9506,4.7030,36.8464,0.0052,-0.0000,0.5626,0.6669,0.4905,7.0521,0.4243,0.0000,0.5917,4.7450,6.2195,2.8552,0.6725,1.9090,6.4657,-0.0888,1.0008,0.2756,-0.6146,4.1220,35.6461,0.0618,1.0429,0.4901,-6.1306,-10.0541,0.0000,0.0001,0.8788,0.0206,6808.4362,26.2617,317.9975,0.5951,0.3510,2.8310,0.4917,0.6074,13.5872,208.6202
15.5155,ASCEND,ASCEND,3.2049,0.0058,14.3869,9.8538,0.5333,0.4667,4.5371,0.0664,19.1949,104.1532,81.0000,0.0005,44.1914,41.1017,4.5371,0.0333,0.1333,0.1333,0.1667,0.0667,0.2333,0.1333,0.1000,238.5628,290.1649,0.0777,19.7577,6.6217,45.9177,0.0035,-0.0000,0.5463,0.6459,0.4835,14.4065,0.3929,0.0005,0.6927,3.3465,4.7469,3.2342,0.8472,1.0957,15.4488,0.0042,0.9995,0.0681,0.1101,4.5458,16.0036,0.0424,1.0301,0.4989,-4.0325,-6.2253,0.0000,0.0000,0.9333,0.0211,6597.3341,26.2553,322.0874,0.4749,0.3566,0.0000,0.4833,0.4400,19.9831,91.0089
15.5572,ASCEND,ASCEND,-0.2371,-0.0004,0.6782,0.0658,0.4419,0.5581,0.3860,0.0357,0.8302,3.2501,68.0000,0.0004,60.2647,72.0135,0.3860,0.1860,0.2558,0.0930,0.0233,0.0233,0.1628,0.1395,0.1163,235.3702,293.5460,0.0396,12.1647,6.5775,55.5324,0.0107,0.0000,0.6143,0.5033,0.5003,20.9304,0.4509,0.0016,0.1937,3.4864,2.6172,2.3561,0.5651,0.7747,11.7364,-0.0116,0.9948,1.2544,1.5209,0.4020,1.1366,0.0071,0.9970,-0.5310,1.2727,2.3401,-0.0000,0.0000,1.0000,0.0129,5792.5565,22.7373,295.0692,0.4302,0.3240,0.0000,0.8056,0.4367,21.1789,75.7565
15.5989,STABLE,ASCEND,0.1549,0.0031,0.5293,0.4870,0.6429,0.3571,0.4482,0.0628,1.0108,4.5564,73.0000,0.0004,47.1377,40.4837,0.4482,0.0714,0.0714,0.2143,0.1190,0.1429,0.0952,0.2143,0.0714,233.7639,294.9803,0.0149,5.4173,1.8797,12.4376,0.0002,-0.0000,0.2448,0.3288,0.4935,3.4770,0.3900,0.0022,0.2000,1.7210,1.8813,2.1488,0.6749,0.7072,1.0194,-0.1758,1.0008,0.7122,-0.7652,0.5519,2.4856,0.0025,1.0066,0.2240,-0.7110,-3.2455,0.0000,0.0000,1.0000,0.0157,4903.4125,24.2688,311.9969,0.4541,0.3113,-2.7481,0.6000,0.4171,26.3025,-36.4143
15.6406,STABLE,ASCEND,0.0637,-0.0009,0.4770,0.0522,0.4103,0.5897,0.2165,0.0428,0.6293,3.3483,91.0000,0.0005,38.8245,23.6243,0.2165,0.0513,0.1795,0.2051,0.1282,0.0513,0.1026,0.1538,0.1282,234.0140,293.4547,0.0180,5.8174,2.0538,23.9470,-0.0000,0.0000,0.2712,0.3421,0.5040,3.8939,0.2701,0.0025,0.2071,1.7581,2.3659,2.5238,0.6185,0.7540,0.9925,-0.1981,0.9996,1.0988,-0.5580,0.2911,0.5421,0.0002,0.8645,0.2501,18.6587,25.0737,0.0000,-0.0003,1.0000,0.0221,4920.8276,26.5733,324.0938,0.4924,0.1837,-7.8831,0.5278,0.4375,18.1413,-130.3291
15.6823,STABLE,ASCEND,-0.0032,-0.0001,2.6343,3.4875,0.4889,0.5111,1.3614,0.2017,3.3009,16.0128,101.0000,0.0006,55.3503,52.1539,1.3614,0.0889,0.1556,0.1778,0.1556,0.0667,0.1111,0.2000,0.0444,234.2882,298.3979,0.0351,11.1039,3.8271,25.8244,-0.0000,0.0000,0.3334,0.4460,0.5160,5.1613,0.1836,0.0035,0.3953,2.8727,4.4729,6.5799,0.7286,0.8803,1.8812,0.0636,1.0000,-0.3565,0.3136,1.3657,9.4102,-0.0014,0.9265,-0.2577,11.7867,15.0353,-0.0000,-0.0002,0.8889,0.0247,5066.4767,27.9957,322.6008,0.4583,0.1305,5.1944,0.6833,0.5891,15.4309,-131.0286
15.7240,STABLE,ASCEND,0.0237,-0.0008,3.5353,3.0974,0.4821,0.5179,3.6919,0.1122,14.9291,108.8627,136.0000,0.0008,71.4294,73.0861,3.6919,0.0714,0.1964,0.0714,0.1071,0.0893,0.1250,0.2143,0.1250,232.1512,299.9633,0.0280,13.3070,5.1198,36.2063,0.0000,0.0000,0.4292,0.4895,0.5183,7.5286,0.1718,0.0036,0.0094,2.4872,9.1865,7.0977,0.6421,1.0575,1.5556,-0.0557,1.0000,0.3370,-0.2931,3.7322,11.2177,-0.0026,0.9284,-0.2199,15.5205,14.1075,-0.0000,-0.0002,0.8393,0.0269,5054.0746,29.4849,330.3984,0.4314,0.1850,-0.8146,0.5028,0.7034,7.2113,-187.5487
15.7657,ASCEND,ASCEND,1.7689,0.0130,14.1604,4.7659,0.5849,0.4151,5.9407,0.1043,21.7439,114.1004,140.0000,0.0008,81.9382,79.2510,5.9407,0.0943,0.1509,0.0566,0.1509,0.1698,0.1321,0.1698,0.0755,230.3230,295.7780,0.0425,14.0801,5.4823,37.8333,0.0000,0.0000,0.4234,0.5230,0.5125,6.2699,0.1530,0.0023,0.0708,5.2329,11.7927,4.5133,0.9339,1.2464,1.1513,0.0449,1.0000,-0.2354,0.1086,5.9664,21.9477,0.0246,1.0246,0.7467,-1.4794,-1.3206,0.0000,0.0000,0.8679,0.0297,4905.0007,30.8576,345.8833,0.4060,0.2445,-7.2025,0.4750,0.6115,-0.2138,-64.3775
15.8075,ASCEND,ASCEND,0.1046,-0.0150,2.4150,2.6734,0.3958,0.6042,1.7445,0.0685,5.1026,30.8350,178.0000,0.0010,71.1213,76.0910,1.7445,0.0208,0.0833,0.0833,0.1042,0.1458,0.1458,0.2708,0.1458,225.7126,298.6624,0.0651,11.0058,4.0315,23.0857,0.0000,-0.0000,0.3711,0.5366,0.4963,5.5197,0.2008,0.0039,0.2245,6.0934,5.6169,5.5808,1.6842,1.2886,1.8446,0.0089,1.0028,-0.6006,-0.9488,1.7825,9.5657,-0.0030,1.0072,0.7498,0.6148,-6.5984,0.0000,-0.0000,0.9375,0.0323,5309.9078,32.1146,364.5890,0.4200,0.2787,14.9135,0.5194,0.6865,1.8412,82.2486
15.8492,ASCEND,ASCEND,0.5064,0.0025,3.7619,3.0065,0.5962,0.4038,2.0205,0.0792,6.6940,42.2562,179.0000,0.0010,71.7593,75.2983,2.0205,0.0385,0.1154,0.2692,0.1154,0.0962,0.1538,0.1538,0.0577,227.3990,286.7421,0.1019,17.0930,5.7391,28.4287,-0.0000,-0.0000,0.4078,0.5919,0.4852,5.4168,0.1377,0.0035,0.3650,4.0840,11.0185,8.8126,1.4960,1.6989,2.6564,0.0628,1.0019,-0.7308,-0.3523,2.0439,11.1249,0.0051,1.0010,0.3197,-0.7399,-0.5542,0.0000,-0.0000,0.9231,0.0306,6223.6327,31.2313,341.9362,0.4749,0.2949,14.1751,0.5694,0.6670,6.6471,24.6786
15.8909,ASCEND,ASCEND,-1.5028,-0.0070,7.8067,0.4657,0.3455,0.6545,3.4407,0.0937,10.7769,70.1101,122.0000,0.0007,82.9342,84.1877,3.4407,0.0909,0.1818,0.1273,0.0909,0.1273,0.0545,0.2182,0.1091,224.4339,282.5162,0.2145,13.2191,4.7644,28.0696,-0.0005,-0.0000,0.4317,0.6193,0.4829,7.4391,0.2687,0.0041,0.5031,7.0769,8.0158,5.6047,2.9745,1.7430,2.4085,0.0329,1.0006,-0.3076,-0.0344,3.4588,21.0505,-0.0259,1.0076,-1.6663,-0.3420,1.3340,-0.0001,0.0001,0.8727,0.0274,6383.1084,30.5918,328.1321,0.5673,0.3118,-7.8533,0.7222,0.3903,3.8998,-89.6774
15.9326,ASCEND,ASCEND,0.8267,0.0004,4.7918,1.5650,0.5417,0.4583,1.7868,0.0439,7.6955,53.0590,96.0000,0.0006,82.0596,86.3321,1.7868,0.0625,0.1458,0.1250,0.1667,0.0625,0.2083,0.1667,0.0625,220.3568,275.2504,0.2555,13.1923,4.5236,20.8727,0.0006,-0.0000,0.4038,0.6069,0.4944,4.3121,0.3808,0.0039,0.7110,5.2247,6.0824,4.2849,7.2791,1.6183,1.7460,-0.1491,1.0019,0.4067,-1.1901,1.8080,5.8232,0.0066,1.0128,-0.2769,0.3048,-0.8969,-0.0000,0.0000,0.9375,0.0265,6257.5775,29.4230,326.4712,0.6228,0.3102,-6.9301,0.6222,0.6078,-0.8335,-44.7418
15.9743,STABLE,ASCEND,-0.2824,-0.0001,1.5536,0.1115,0.5000,0.5000,0.5852,0.0481,2.6126,15.1041,98.0000,0.0006,48.1150,40.8126,0.5852,0.1562,0.1250,0.0625,0.0312,0.0312,0.3438,0.1562,0.0938,223.8870,276.9737,0.3082,13.6351,5.1962,39.3195,-0.0040,-0.0000,0.5497,0.6848,0.4990,7.9473,0.3553,0.0004,3.4662,6.2483,5.0730,2.5289,5.5341,2.3317,3.0076,0.0357,1.0005,-0.2809,-0.0857,0.6082,0.4107,-0.0037,0.9966,-0.0177,0.8456,-0.2114,0.0000,-0.0000,0.9688,0.0217,5773.4493,26.7213,314.7536,0.6911,0.3140,3.8373,0.6417,0.5479,0.1676,20.3512
16.0160,STABLE,ASCEND,0.6071,0.0167,3.3685,0.4986,0.6000,0.4000,1.5755,0.1028,5.1575,22.9788,95.0000,0.0005,41.0777,23.4947,1.5755,0.1000,0.2333,0.2667,0.1333,0.0333,0.1000,0.0333,0.1000,228.9301,279.1853,0.1980,16.9271,6.1327,43.6051,0.0137,0.0000,0.5465,0.7067,0.5051,9.3122,0.3917,0.0000,1.5123,8.3256,5.0465,1.5298,3.5600,3.9175,6.2784,-0.2315,1.0001,1.1586,-0.8958,1.5889,10.6041,0.0222,0.9942,0.6480,0.1367,0.4235,0.0000,-0.0000,0.9333,0.0260,6238.9900,28.2497,353.5442,0.6467,0.3196,5.0319,0.8667,0.5321,0.8641,-26.4319
16.0577,DESCEND,ASCEND,0.0549,0.0073,0.1583,0.3833,0.6111,0.3889,0.1801,0.0614,0.3086,1.2248,86.0000,0.0005,27.2096,17.0148,0.1801,0.0000,0.2778,0.1111,0.0556,0.0556,0.3333,0.1111,0.0556,225.7673,284.8597,0.0901,12.7501,4.5989,40.7030,-0.0008,-0.0000,0.4531,0.5629,0.4953,10.7985,0.2449,0.0005,0.4727,2.5273,2.3098,4.8730,1.7388,2.4026,7.6071,-0.1870,1.0029,0.3008,-1.6704,0.2195,0.4904,-0.0023,1.0539,1.4776,-7.7843,-13.8736,0.0001,0.0001,1.0000,0.0238,6246.5412,27.9021,345.9842,0.4879,0.3434,-4.9697,0.7333,0.4617,-2.0373,36.1139
16.0994,STABLE,ASCEND,-0.6460,0.0013,2.3899,0.3251,0.5581,0.4419,1.0569,0.0745,2.9371,14.6283,107.0000,0.0006,59.0580,52.1862,1.0569,0.0698,0.2791,0.1860,0.0465,0.0930,0.1163,0.1395,0.0698,226.8917,294.7314,0.0559,9.6387,3.4375,22.7527,0.0040,-0.0000,0.3502,0.4222,0.4806,6.8185,0.3538,0.0038,0.1664,1.9840,1.3488,3.0762,0.9736,1.0968,6.6348,-0.1901,1.0011,0.7750,-1.1188,1.1221,5.6970,-0.0097,1.0133,0.4371,0.1400,-6.0084,0.0000,0.0000,0.9302,0.0191,5247.0223,25.2733,317.3695,0.4460,0.3494,-4.6804,0.7167,0.5719,3.8766,88.3330
16.1411,STABLE,ASCEND,-0.2038,-0.0004,3.1308,1.6087,0.4878,0.5122,1.1340,0.0753,4.0244,25.0407,102.0000,0.0006,51.2845,37.9951,1.1340,0.0244,0.0976,0.3171,0.0976,0.1463,0.1951,0.0976,0.0244,226.4776,298.8481,0.0223,6.7274,2.4025,15.7043,0.0001,0.0000,0.2431,0.3289,0.5045,3.4465,0.3495,0.0038,0.1830,1.8357,2.5300,2.3614,1.0034,0.8981,1.6340,0.0503,0.9998,-0.1794,0.3840,1.2014,5.5076,0.0040,1.0351,-1.1399,-4.8340,-6.6218,-0.0001,0.0001,0.9268,0.0214,4743.7071,25.6822,311.2641,0.4628,0.2665,-9.0534,0.6694,0.6143,5.3312,64.8830
16.1828,STABLE,ASCEND,0.2348,-0.0001,1.0604,2.6663,0.4783,0.5217,0.6592,0.0708,1.4484,7.1206,110.0000,0.0006,61.4796,58.0419,0.6592,0.0652,0.1739,0.2609,0.0652,0.0217,0.1087,0.1739,0.1304,229.4773,296.8224,0.0199,7.7216,2.9349,27.8899,0.0001,0.0000,0.2941,0.3506,0.5072,4.7250,0.2240,0.0037,0.3073,1.9381,3.4993,4.3250,0.6799,0.7027,0.7950,0.5716,1.0038,-3.7776,1.1863,0.8173,2.6866,-0.0081,1.0625,-0.8545,-10.1490,-12.4852,-0.0000,0.0001,1.0000,0.0240,4865.9240,27.2412,324.5846,0.4930,0.1710,-15.0252,0.5861,0.6558,9.2890,8.1203
16.2245,STABLE,ASCEND,1.9561,0.0129,11.6480,5.2888,0.5957,0.4043,4.7778,0.0898,18.3977,116.5561,91.0000,0.0005,61.8554,63.1460,4.7778,0.1277,0.1702,0.2553,0.0213,0.1277,0.1064,0.0638,0.1277,230.3715,296.3849,0.0242,12.2618,4.2747,32.9130,-0.0001,0.0000,0.3662,0.4897,0.5051,6.0154,0.6106,0.0047,0.0177,3.4836,5.6093,5.5901,1.3787,0.7333,2.3434,0.0310,0.9991,0.0450,0.4581,4.7891,13.0708,0.0415,0.9490,1.3256,7.4857,12.3830,0.0001,-0.0001,0.8511,0.0222,4749.5611,27.1638,311.7437,0.4600,0.2088,-3.1170,0.5806,0.6743,6.0085,-77.7729
16.2662,ASCEND,ASCEND,-0.0311,-0.0103,3.5186,0.8430,0.3182,0.6818,1.2389,0.1498,3.6485,17.8589,99.0000,0.0006,61.4720,60.2276,1.2389,0.1136,0.1136,0.1591,0.1136,0.1364,0.1818,0.1136,0.0682,226.7244,296.6027,0.0263,11.9052,4.1885,26.1956,0.0000,0.0000,0.3555,0.4704,0.5252,6.0793,0.0972,0.0038,0.0253,4.5696,6.8144,4.1126,0.7226,1.2467,3.0134,0.0687,1.0002,-0.4635,0.1551,1.2485,3.8164,-0.0054,1.0049,1.5325,-1.2550,-0.9550,0.0001,-0.0001,0.9545,0.0217,4706.9372,27.7155,321.2374,0.4487,0.2792,-5.9881,0.5583,0.4793,2.8014,-75.7844
16.3080,STABLE,ASCEND,-0.3889,-0.0030,3.7636,0.6471,0.4375,0.5625,1.9260,0.0666,6.6156,41.0844,101.0000,0.0006,60.0233,61.1535,1.9260,0.0625,0.0833,0.0625,0.1458,0.1458,0.1667,0.1042,0.2292,225.4447,291.7981,0.0481,11.3008,3.9579,22.0248,-0.0000,0.0000,0.3512,0.5147,0.5045,3.6964,0.0969,0.0027,0.2457,5.1168,5.3731,4.7001,1.0153,1.2915,3.1330,-0.0621,1.0003,0.2761,-0.4384,1.9383,9.8496,-0.0069,0.9943,-0.2427,0.2661,1.0753,-0.0000,-0.0000,0.8958,0.0222,5027.0202,28.3653,328.6021,0.4419,0.2993,8.9726,0.6278,0.6412,-0.3132,68.5407
16.3497,STABLE,ASCEND,1.0247,0.0018,5.5008,15.3259,0.5000,0.5000,3.2248,0.1868,6.4370,26.9888,139.0000,0.0008,59.1329,48.4961,3.2248,0.1591,0.1818,0.1591,0.0455,0.0455,0.0000,0.1818,0.2273,227.7267,295.4968,0.0869,10.3629,3.7401,25.4777,-0.0001,0.0000,0.3482,0.5160,0.5023,4.3958,0.4946,0.0023,0.5974,4.8442,5.4646,3.6483,2.8824,1.6643,1.4914,-0.1597,0.9971,1.5633,0.4217,3.2758,17.8854,0.0373,0.8377,0.8829,13.0716,40.2904,0.0001,-0.0003,0.8409,0.0260,5915.6072,28.3962,308.8058,0.4873,0.3075,16.7296,0.6389,0.6022,8.5188,180.9738
16.3914,DESCEND,ASCEND,-0.2692,0.0077,4.2470,3.4960,0.6136,0.3864,2.6797,0.1769,5.5118,26.1415,109.0000,0.0006,75.6859,71.1379,2.6797,0.0455,0.2727,0.2045,0.0682,0.1136,0.1136,0.1136,0.0682,231.5108,290.0994,0.1911,12.9863,4.7193,28.1765,-0.0028,-0.0000,0.4193,0.5824,0.4927,5.6618,0.2428,0.0043,0.4668,6.7663,6.1179,5.2738,4.4499,2.0775,1.9651,-0.1845,1.0051,-0.1152,-2.2337,2.7399,13.7822,-0.0135,1.1377,0.3078,-20.8835,-32.4774,-0.0000,0.0003,0.8182,0.0230,6278.3710,27.2620,279.7220,0.5440,0.3590,-2.1324,0.6917,0.6271,14.7831,102.6209
16.4331,STABLE,ASCEND,0.2878,0.0016,1.5249,3.8264,0.5526,0.4474,1.0897,0.0507,2.2427,9.8081,95.0000,0.0005,76.2906,82.1056,1.0897,0.0000,0.1316,0.2368,0.0263,0.1053,0.2895,0.1316,0.0789,243.5166,284.4531,0.1776,12.8076,4.4574,23.4600,-0.0002,-0.0000,0.3682,0.5254,0.4882,5.6808,0.1848,0.0032,0.7368,3.7404,4.4258,3.5411,6.2069,1.7857,4.0651,0.3671,1.0073,-3.6529,-0.8241,1.3449,7.0234,-0.0013,1.0944,1.1826,-24.2703,-17.9991,0.0001,0.0002,0.9474,0.0243,6349.7602,27.4456,296.9228,0.6020,0.3339,-16.8584,0.7667,0.6896,17.0791,-11.0030
16.4748,STABLE,ASCEND,-0.3047,-0.0016,7.3191,6.7802,0.4545,0.5455,3.0967,0.0455,8.6113,38.4759,72.0000,0.0004,69.6686,69.3120,3.0967,0.1364,0.1364,0.1364,0.1364,0.1818,0.1364,0.0909,0.0455,247.2196,287.4962,0.1845,15.4272,6.0401,49.4079,-0.0049,-0.0000,0.5556,0.6587,0.4944,7.1947,0.3740,0.0004,4.4371,6.7061,3.6656,2.2000,7.3314,2.9834,2.7573,-0.0924,0.9985,0.8274,0.1829,3.1731,16.6538,0.0070,0.9743,-0.3033,1.1864,7.8549,-0.0000,-0.0000,0.8636,0.0189,5788.7032,24.4519,289.6907,0.6800,0.2940,8.8706,0.6861,0.5836,13.8652,-31.8806
16.5165,ASCEND,ASCEND,0.0503,0.0059,2.3842,2.2079,0.7333,0.2667,1.9583,0.0469,4.8431,17.8147,64.0000,0.0004,79.0245,77.9049,1.9583,0.0667,0.1333,0.1333,0.1333,0.2667,0.0667,0.2000,0.0000,250.8294,284.0321,0.1510,18.4762,6.6227,42.5411,0.0134,0.0000,0.5797,0.7140,0.5145,6.9517,0.2484,0.0000,3.3957,6.1800,3.9552,1.8833,5.3005,7.8839,7.2060,-0.2131,0.9995,1.2401,-0.6736,2.0773,12.8321,0.0005,1.0170,0.5616,0.2614,-2.9554,0.0000,0.0000,0.8667,0.0188,6154.9350,24.0419,285.2957,0.6827,0.2919,0.0000,0.8944,0.5033,14.4198,204.6237
16.5582,STABLE,ASCEND,2.8058,0.0019,7.3853,19.1994,0.5385,0.4615,4.9747,0.0309,10.7401,33.8987,59.0000,0.0003,73.7591,59.4714,4.9747,0.1538,0.1538,0.0769,0.1538,0.0769,0.2308,0.0769,0.0769,253.5844,302.0041,0.0907,18.8934,6.5495,37.8512,0.0102,0.0000,0.4479,0.6161,0.5184,6.8585,0.3808,0.0003,0.5967,4.4972,2.7784,1.6853,2.4742,10.1214,10.0103,-0.0657,1.0003,0.2689,-0.3500,4.9914,29.0208,0.0223,2.3531,-177.2212,431.3828,750.4911,-0.0002,-0.0079,0.8462,0.0172,6981.9246,23.8982,290.4128,0.5478,0.3580,0.0000,0.8056,0.6300,30.9343,208.3391
16.5999,STABLE,ASCEND,3.4408,-0.0004,12.1598,32.6020,0.3913,0.6087,4.4742,0.0360,13.6108,56.8503,68.0000,0.0004,65.2787,52.8320,4.4742,0.0870,0.1304,0.1739,0.0435,0.0435,0.1739,0.0870,0.2609,249.3901,313.8854,0.0348,17.6567,6.4214,41.3936,0.0088,-0.0000,0.4129,0.4583,0.4914,10.6080,0.4355,0.0012,0.1663,1.6114,1.7908,1.1671,1.0304,1.9369,14.8436,0.2720,0.9883,1.3159,4.6154,4.7956,35.9411,0.0610,0.8757,-0.4638,17.2455,26.4358,-0.0000,-0.0003,0.9130,0.0175,6175.7223,24.2466,288.3863,0.5008,0.3423,0.0000,0.8222,0.4367,31.7987,-30.9570
16.6416,ASCEND,ASCEND,0.0588,-0.0001,1.4753,0.1932,0.4615,0.5385,0.7153,0.0109,2.0224,9.8955,53.0000,0.0003,74.9839,81.1741,0.7153,0.1154,0.0769,0.1154,0.1154,0.0769,0.2692,0.2308,0.0000,239.8951,293.7980,0.0247,11.4738,5.4234,38.8243,0.0082,-0.0000,0.4271,0.4006,0.4846,10.5689,0.4987,0.0017,0.1976,1.7966,0.4511,1.7367,1.4244,1.1749,10.5804,-0.3277,0.9964,2.6024,-0.2465,0.8246,2.2582,0.0067,0.9508,3.7719,5.6215,-5.0288,0.0002,-0.0003,0.9615,0.0126,5023.2616,20.8587,270.5288,0.4127,0.3900,0.0000,0.8056,0.4500,28.3519,-49.1925
16.6833,ASCEND,ASCEND,0.0985,-0.0000,1.2258,1.0124,0.4828,0.5172,0.8031,0.0173,1.6758,8.3633,44.0000,0.0003,66.4839,60.3214,0.8031,0.1034,0.2069,0.2069,0.0345,0.0690,0.1724,0.1034,0.1034,227.2890,288.6539,0.0110,4.1347,1.7352,16.8523,0.0002,-0.0000,0.2019,0.2484,0.4985,2.9753,0.3498,0.0018,0.1083,0.7808,1.0429,1.3085,0.5494,1.1072,1.2333,0.0686,1.0004,-0.3571,0.2581,0.8941,3.5134,-0.0066,0.9437,2.5076,5.1707,-0.4065,0.0001,-0.0003,1.0000,0.0131,4393.6278,21.6692,266.9497,0.4047,0.3746,0.0000,0.8056,0.4567,27.6953,-65.8828
16.7250,ASCEND,ASCEND,0.1755,0.0011,1.5977,0.6033,0.5714,0.4286,0.8441,0.0465,2.1697,10.8095,96.0000,0.0006,57.7944,44.4028,0.8441,0.0714,0.2143,0.2500,0.1071,0.1429,0.1071,0.0714,0.0357,226.5531,296.6516,0.0196,9.8527,3.7726,31.9972,0.0002,0.0000,0.2964,0.3610,0.5094,3.8451,0.3429,0.0027,0.3361,1.5006,2.1166,4.1918,0.6461,1.6288,3.3732,-0.1919,0.9999,1.0029,-0.4185,0.9592,3.4139,-0.0088,1.1469,0.6741,-15.1932,-38.0969,0.0000,0.0003,1.0000,0.0158,4652.9117,23.6387,255.9145,0.5058,0.2676,-15.0916,0.6667,0.6145,22.8562,-167.7985
16.7667,ASCEND,ASCEND,2.7006,0.0101,8.8453,17.4935,0.6279,0.3721,10.4522,0.0927,27.8438,112.5930,93.0000,0.0005,102.1844,95.4454,10.4522,0.1395,0.1860,0.2093,0.0698,0.1163,0.0930,0.1163,0.0698,220.0074,293.7521,0.0269,13.9220,4.8051,31.7012,0.0004,0.0000,0.3672,0.4568,0.5108,4.5556,0.1952,0.0047,1.2149,3.2511,5.6878,4.4685,1.3244,1.9282,3.2035,0.0756,1.0001,-0.3392,0.3164,10.4902,98.6666,0.0717,1.0028,-0.0220,-0.0368,0.2912,0.0000,-0.0000,0.7674,0.0166,4926.4929,24.3127,258.6097,0.5285,0.2037,0.0000,0.8056,0.4667,13.6981,-168.1731
16.8085,ASCEND,ASCEND,2.2172,-0.0112,14.3192,1.6511,0.4103,0.5897,3.7984,0.1155,17.6632,112.0160,129.0000,0.0007,95.0520,86.1528,3.7984,0.1538,0.1282,0.1538,0.0513,0.0513,0.1538,0.2308,0.0769,205.7867,288.4228,0.0316,14.1374,4.7840,27.6306,0.0001,0.0000,0.3840,0.5026,0.5028,4.3877,0.5738,0.0036,0.0626,3.5409,9.0397,3.9851,0.8061,1.8300,1.9733,0.1037,0.9982,-0.0609,0.9563,3.8054,7.1285,0.0363,1.0236,-0.7950,-0.4036,-0.1229,-0.0000,0.0001,0.9231,0.0170,4811.2212,25.1792,267.4872,0.4890,0.2582,0.0000,0.8056,0.4667,8.8278,-124.2983
16.8502,ASCEND,ASCEND,-3.2511,-0.0072,14.6139,10.2696,0.4444,0.5556,12.2529,0.1466,29.6602,111.6335,116.0000,0.0007,115.5481,86.6050,12.2529,0.0222,0.0222,0.1111,0.1111,0.1778,0.2222,0.1778,0.1556,204.6730,274.0358,0.0479,10.7334,3.8559,21.8570,0.0000,0.0000,0.3517,0.4792,0.5094,5.4790,0.3126,0.0045,0.1750,4.6387,6.3038,3.5524,1.0049,2.2001,1.8371,-0.0820,1.0009,0.2154,-0.7579,12.3407,103.6381,-0.0739,0.9987,0.1159,0.2397,-0.6074,0.0000,-0.0000,0.8000,0.0170,4735.5615,24.9702,268.0357,0.4467,0.2942,0.0000,0.8056,0.4600,3.3295,-77.2901
16.8919,STABLE,ASCEND,-0.2516,0.0087,5.1375,7.9155,0.5714,0.4286,3.6571,0.0747,7.7795,28.4769,84.0000,0.0005,86.1320,68.0507,3.6571,0.0571,0.2000,0.2286,0.0857,0.0571,0.1714,0.1429,0.0571,208.1823,275.7634,0.0599,10.5955,3.8109,25.1169,0.0000,0.0000,0.3637,0.4863,0.5014,6.5724,0.4236,0.0045,0.4393,4.0568,6.9182,2.9572,1.4803,2.7204,1.1021,-0.1065,1.0000,0.5661,-0.2987,3.6621,21.7215,-0.0092,0.6714,1.1259,35.0335,71.1865,0.0000,-0.0007,0.8286,0.0231,5404.6828,26.6832,287.1363,0.4734,0.2823,10.0493,0.7333,0.5349,2.3805,36.1289
16.9336,STABLE,ASCEND,0.2459,0.0015,3.9133,2.8731,0.6176,0.3824,1.8996,0.0566,5.7925,29.0126,118.0000,0.0007,73.8827,59.5433,1.8996,0.0588,0.2353,0.1176,0.1176,0.0588,0.0882,0.2353,0.0882,216.2661,285.1751,0.0776,12.9299,4.5201,28.1265,0.0001,-0.0000,0.3710,0.5126,0.4909,6.7559,0.5755,0.0040,0.4539,6.9613,5.2634,4.2376,1.3144,2.7182,3.4580,-0.3619,1.0062,0.4696,-3.1499,2.0511,8.2419,-0.0061,0.9293,0.5241,10.7155,14.5911,0.0000,-0.0002,0.9118,0.0187,6375.2232,25.3677,279.9628,0.5383,0.3001,1.8841,0.7750,0.5069,6.3433,-14.8373
16.9753,STABLE,ASCEND,0.0749,0.0008,2.2298,4.2021,0.5946,0.4054,2.2200,0.0717,4.3377,16.4098,120.0000,0.0007,94.3114,90.7293,2.2200,0.0270,0.2432,0.2162,0.0811,0.0811,0.1081,0.2162,0.0270,218.6057,282.5387,0.1287,14.1263,5.2639,36.6000,-0.0003,-0.0000,0.4106,0.5630,0.4890,6.4161,0.3124,0.0031,0.6330,4.1281,4.3784,2.9857,8.5581,2.6226,2.5499,-0.0210,1.0002,0.0178,-0.1382,2.2217,12.0055,-0.0035,1.3166,1.7395,-32.6050,-78.2305,0.0001,0.0006,0.8108,0.0224,6408.2294,26.5832,282.5164,0.6127,0.3192,0.0000,0.8056,0.4267,1.1428,-74.8531
17.0170,STABLE,ASCEND,0.0296,-0.0001,0.3640,0.5174,0.2727,0.7273,0.1653,0.0049,0.3338,1.0450,81.0000,0.0005,41.4689,23.7228,0.1653,0.2727,0.1818,0.0000,0.0000,0.0909,0.2727,0.1818,0.0000,214.1158,289.8181,0.2744,22.5212,8.1297,39.3558,-0.0008,-0.0000,0.6506,0.8068,0.4988,11.0664,0.3755,0.0012,3.8737,8.1938,5.9646,3.1242,9.7055,10.1391,6.9068,-0.0609,1.0025,-0.0350,-0.9502,0.2400,0.6497,-0.0031,0.8925,-2.1055,14.9098,23.0034,-0.0001,-0.0002,1.0000,0.0218,5975.9712,25.1492,301.3347,0.7131,0.3041,0.0000,0.8944,0.4233,0.0993,-43.2242
17.0587,STABLE,ASCEND,2.3697,0.0002,7.3916,16.1588,0.5000,0.5000,3.3558,0.0252,11.1121,49.5099,67.0000,0.0004,61.7916,37.4000,3.3558,0.1500,0.1000,0.1000,0.1000,0.1000,0.1000,0.2500,0.1000,225.0771,295.4394,0.0616,13.9840,5.2865,36.5000,0.0044,0.0000,0.5069,0.6093,0.5139,10.3587,0.2832,0.0000,1.7823,5.0237,1.9195,1.4209,2.9044,4.7364,7.3686,-0.0772,1.0011,0.1708,-0.5981,3.3962,17.1787,0.0351,1.0884,-0.2247,-13.4709,-17.2657,-0.0000,0.0002,0.9000,0.0189,6470.5603,24.4035,288.1666,0.6655,0.3006,0.0000,0.8944,0.5000,-2.4628,91.4297
17.1004,STABLE,ASCEND,-0.1119,0.0002,0.6476,0.3823,0.5385,0.4615,0.4854,0.0477,1.1618,4.3859,57.0000,0.0003,39.0642,20.7658,0.4854,0.1538,0.0000,0.3077,0.2308,0.1538,0.0769,0.0769,0.0000,223.5717,295.4936,0.0389,18.9528,8.8413,57.7022,0.0029,-0.0000,0.4811,0.5421,0.4953,12.6191,0.4164,0.0007,0.6999,2.1264,1.5171,1.0305,1.8757,3.8498,19.9801,-0.9102,0.9881,7.0239,0.6275,0.8093,2.1803,-0.0019,0.8842,3.8200,10.6122,19.7000,0.0002,-0.0004,1.0000,0.0170,6831.3713,23.8219,273.9728,0.5345,0.3329,5.8473,0.8694,0.5562,7.7260,224.8374
17.1421,STABLE,ASCEND,-0.8109,-0.0003,2.5399,0.0168,0.4000,0.6000,1.1301,0.0061,3.4193,14.2665,65.0000,0.0004,51.8809,44.3449,1.1301,0.1200,0.1200,0.2000,0.0400,0.1200,0.1200,0.2400,0.0400,235.7784,300.7116,0.0183,10.6075,4.4622,29.8427,0.0055,-0.0000,0.3369,0.3707,0.4864,9.3464,0.2529,0.0023,0.1818,1.2275,0.7933,0.4134,1.5398,2.1473,8.8319,0.1450,0.9977,-0.2817,1.2153,1.1926,8.6621,-0.0120,0.9501,0.8695,4.4449,13.7816,0.0001,-0.0001,0.9200,0.0131,5152.9627,21.5224,251.3185,0.4366,0.4209,0.0000,0.8056,0.3567,16.2924,11.6232
17.1838,STABLE,ASCEND,-0.0805,0.0007,1.3787,0.7181,0.5556,0.4444,0.7258,0.0354,1.7459,7.7162,49.0000,0.0003,65.3551,77.6001,0.7258,0.2222,0.1111,0.1481,0.0000,0.0370,0.1481,0.1852,0.1481,229.1681,299.7166,0.0149,7.9714,3.6244,31.7655,0.0016,-0.0000,0.3277,0.3116,0.4928,7.3368,0.3812,0.0016,0.1932,1.3417,0.1922,0.9298,1.6643,1.0531,6.4551,0.0457,0.9963,0.6996,1.2319,0.7834,4.2042,0.0108,1.1309,-1.7989,-16.7040,-28.5757,-0.0001,0.0003,0.9259,0.0110,4201.4410,19.0779,248.7135,0.3476,0.4481,0.0000,0.8056,0.3567,8.6956,-104.0256
17.2255,STABLE,ASCEND,-0.0020,-0.0001,0.2017,0.2585,0.4643,0.5357,0.2599,0.0413,0.7806,4.2110,57.0000,0.0003,46.5549,26.4358,0.2599,0.0714,0.2143,0.2857,0.0357,0.1429,0.1071,0.1429,0.0000,229.7971,300.2364,0.0106,4.0580,1.6531,19.6745,0.0001,0.0000,0.2002,0.2396,0.5011,4.5032,0.3796,0.0019,0.1759,0.6688,1.1939,0.7163,0.4636,1.5368,0.9950,0.0464,0.9993,-0.1328,0.3913,0.2747,0.5578,0.0013,0.9675,-0.0616,2.3259,7.8687,0.0000,-0.0001,1.0000,0.0119,4124.7041,20.5377,242.0397,0.4243,0.4057,0.0000,0.8056,0.3533,7.6149,-18.5394
17.2672,ASCEND,ASCEND,1.6409,0.0046,7.1353,7.4134,0.6667,0.3333,3.8247,0.0463,16.4050,99.7179,87.0000,0.0005,89.1282,92.5956,3.8247,0.1111,0.1389,0.3333,0.0278,0.0556,0.1111,0.1389,0.0833,224.1169,295.3095,0.0178,9.0520,3.9509,35.9075,0.0002,0.0000,0.3111,0.3598,0.5115,5.4856,0.0984,0.0031,0.3036,1.4016,1.5362,3.3479,1.2202,1.8665,4.2942,0.0052,1.0006,-0.0597,-0.0367,3.8961,8.5660,0.0609,1.0003,-0.1968,-0.2405,0.8345,-0.0000,0.0000,0.9167,0.0131,4583.8530,22.3956,239.8171,0.5300,0.3083,0.0000,0.8056,0.4633,7.1491,25.2612
17.3090,ASCEND,ASCEND,0.2502,-0.0001,9.6443,3.6916,0.4600,0.5400,4.6040,0.1358,15.5511,105.2933,89.0000,0.0005,116.1600,105.3509,4.6040,0.1000,0.2200,0.1400,0.1000,0.0800,0.2000,0.0600,0.1000,219.4077,288.2805,0.0240,13.7291,4.7659,30.1057,0.0001,0.0000,0.3936,0.4530,0.5066,5.5686,0.1345,0.0041,0.1219,2.1773,5.7381,3.0581,2.0962,3.5539,2.4412,-0.0161,1.0005,-0.1684,-0.1839,4.6794,23.0278,0.0246,0.9872,0.1909,0.7517,0.2028,0.0000,-0.0000,0.7800,0.0142,4892.9339,23.5156,241.2688,0.5384,0.2322,0.0000,0.8056,0.3700,9.7221,-75.6443
17.3507,ASCEND,ASCEND,0.9676,0.0093,3.6404,4.0304,0.6522,0.3261,2.0882,0.2137,5.0970,25.4003,123.0000,0.0007,122.9422,101.4010,2.0882,0.1522,0.1304,0.1522,0.1087,0.0870,0.1522,0.1304,0.0870,226.5593,277.1263,0.0417,11.3950,3.9826,23.2656,-0.0001,0.0000,0.3457,0.4661,0.5138,4.9590,0.2374,0.0044,0.3061,2.6500,5.9997,3.1794,2.5836,2.4804,1.5626,-0.0421,0.9996,0.3189,-0.0759,2.1206,6.8281,0.0113,0.9914,-0.6299,0.9418,0.0931,-0.0000,-0.0000,0.9348,0.0158,4769.4565,24.3327,257.1127,0.4889,0.2914,0.0000,0.8056,0.4600,0.8391,-101.6642
17.3924,ASCEND,ASCEND,-1.2820,-0.0010,5.5404,3.4140,0.4043,0.5957,6.8478,0.1928,21.9344,108.1261,128.0000,0.0007,116.2228,90.0023,6.8478,0.0638,0.0638,0.0851,0.2340,0.1489,0.2553,0.1277,0.0213,217.7838,268.8866,0.0391,10.9321,3.7608,22.1549,-0.0001,0.0000,0.3452,0.4441,0.5126,4.1735,0.4079,0.0053,0.2668,2.8184,5.8822,4.1342,1.0323,2.0917,2.0005,-0.0113,0.9999,-0.0058,0.0453,6.8664,25.5653,-0.0258,1.0605,3.2440,-5.1001,-3.9135,0.0002,0.0000,0.8723,0.0155,4901.6549,23.7129,245.8427,0.4672,0.2973,0.0000,0.8056,0.4633,1.2416,-113.3841
17.4341,DESCEND,ASCEND,-0.1647,-0.0001,7.3370,7.0991,0.4750,0.5250,4.5140,0.0736,9.0190,33.3205,95.0000,0.0005,88.4445,66.3123,4.5140,0.1000,0.1750,0.1250,0.0750,0.1000,0.1250,0.2000,0.1000,207.0656,273.0835,0.0448,12.0988,4.2719,31.5469,0.0002,0.0000,0.3942,0.4759,0.5037,7.1861,0.4397,0.0043,0.4287,4.5282,8.1357,2.4745,0.9351,2.4337,0.8609,0.0486,1.0007,-0.3570,-0.0994,4.5583,27.6983,0.0127,1.0683,-0.8675,-0.5542,-7.9998,-0.0000,0.0002,0.7750,0.0170,5488.3239,24.6826,262.6848,0.4858,0.2828,18.0272,0.6639,0.5924,-8.6190,-120.9056
17.4758,DESCEND,ASCEND,0.6811,0.0121,1.7256,5.7674,0.6944,0.3056,0.9586,0.0493,2.1199,7.1254,95.0000,0.0005,63.2274,47.8451,0.9586,0.1667,0.1111,0.1111,0.1111,0.1389,0.1389,0.1667,0.0556,212.8951,282.2086,0.0604,11.9405,4.2731,32.5105,0.0003,-0.0000,0.3741,0.5096,0.4938,4.7345,0.5025,0.0045,0.4057,7.1548,4.6262,2.7984,1.7347,1.9403,2.3384,-0.0725,1.0019,-0.0063,-0.7317,1.0077,6.6920,0.0398,1.1865,-1.1511,-62.0939,-32.8500,-0.0001,0.0005,0.9167,0.0153,6360.4731,23.4489,257.1522,0.5346,0.2958,0.0000,0.8056,0.4467,-8.8439,-2.2889
17.5175,DESCEND,ASCEND,-0.2126,0.0017,6.8002,6.4180,0.5250,0.4750,3.5993,0.0745,8.7780,52.8988,96.0000,0.0006,76.7960,67.5046,3.5993,0.0250,0.0750,0.2000,0.0750,0.2000,0.1000,0.1000,0.2250,220.8035,282.8549,0.0876,9.6936,3.8231,25.9457,0.0003,-0.0000,0.3852,0.4845,0.4904,6.2198,0.3055,0.0035,0.5098,2.9712,3.5180,2.8111,4.6068,2.1859,0.9906,0.1270,1.0011,-0.9851,0.0984,3.6656,10.8733,0.0311,1.0054,1.2910,-2.2377,-1.9484,0.0001,-0.0000,0.7750,0.0194,6416.7974,25.4807,271.0758,0.5935,0.2916,0.0000,0.8056,0.4633,-8.8099,10.4669
17.5592,DESCEND,ASCEND,-0.5074,0.0091,3.2379,3.1860,0.5714,0.4286,2.2909,0.0519,5.6167,23.6878,76.0000,0.0004,108.8729,93.2445,2.2909,0.1786,0.0714,0.2143,0.0357,0.1071,0.1786,0.1429,0.0714,212.0624,271.1461,0.0629,11.3836,4.3683,31.8950,0.0048,-0.0000,0.4015,0.5158,0.4910,6.9027,0.2257,0.0022,0.0688,2.5616,2.2302,0.9805,8.5446,2.1266,2.6804,-0.0214,1.0003,0.0291,-0.1649,2.3013,14.7184,-0.0033,1.0022,0.1525,-0.1065,-0.3928,0.0000,-0.0000,0.8571,0.0199,6333.8988,25.1090,269.7150,0.6263,0.3069,0.0000,0.8944,0.4800,-7.9708,133.4671
17.6009,DESCEND,ASCEND,-3.2541,-0.0010,9.5721,1.4365,0.3200,0.6800,7.1261,0.0357,19.3428,97.3508,78.0000,0.0005,75.2407,56.2526,7.1261,0.0800,0.1200,0.0800,0.2000,0.1200,0.0400,0.2800,0.0800,209.7051,285.4408,0.0933,14.4021,6.4128,51.2430,-0.0015,0.0000,0.5956,0.6669,0.5031,9.1118,0.2593,0.0005,5.6526,4.0819,2.0266,1.4531,7.4707,3.2926,3.3673,-0.0098,1.0004,-0.0195,-0.1381,7.1362,20.3567,-0.0694,1.0953,-0.7821,5.3046,-22.9275,-0.0000,0.0002,0.8000,0.0198,6026.7591,24.2863,288.9850,0.6925,0.3093,0.0000,0.8944,0.4067,2.3234,98.6936
17.6426,STABLE,ASCEND,0.4316,0.0000,3.3591,0.0523,0.5238,0.4762,1.1808,0.0344,3.9991,18.5628,73.0000,0.0004,61.1461,37.2973,1.1808,0.1905,0.0476,0.2857,0.1905,0.0476,0.0952,0.0952,0.0476,214.1592,286.3913,0.0449,13.1247,5.0448,38.9444,0.0115,0.0000,0.4942,0.6175,0.5137,7.9452,0.3222,0.0000,1.2124,4.8915,1.6427,1.5498,3.5237,4.7960,5.4896,0.0079,0.9981,0.3377,0.6179,1.2002,4.0481,0.0164,0.8210,1.1340,27.6933,37.2685,0.0001,-0.0004,0.9524,0.0179,6476.8416,23.4097,275.2006,0.6839,0.2876,15.9047,0.8028,0.6447,0.2619,10.7210
17.6843,STABLE,ASCEND,-0.0104,0.0043,0.2425,0.2573,0.7273,0.2727,0.1320,0.0321,0.2103,0.6889,61.0000,0.0004,33.8292,16.2925,0.1320,0.1818,0.0909,0.2727,0.0909,0.0909,0.0909,0.0000,0.1818,214.5766,290.8076,0.0333,10.6379,5.1807,44.8154,0.0042,0.0000,0.3962,0.4911,0.5084,5.6083,0.2677,0.0008,0.4594,1.7188,0.6300,1.0608,1.6942,3.5086,10.5733,-0.0909,1.0000,0.5608,-0.3383,0.1738,0.4428,-0.0003,1.0699,-2.1139,0.2072,-16.5761,-0.0001,0.0002,1.0000,0.0166,6768.0330,23.6092,282.4945,0.5691,0.3236,0.9821,0.8417,0.5834,3.2177,10.2418
17.7260,ASCEND,ASCEND,3.7706,-0.0002,12.0416,36.3567,0.4138,0.5862,4.9116,0.0209,13.9921,55.4195,64.0000,0.0004,60.1642,52.1217,4.9116,0.1379,0.0345,0.1724,0.1034,0.0345,0.1724,0.1724,0.1724,218.5873,302.3379,0.0157,12.0014,5.2367,39.5828,0.0121,-0.0000,0.3327,0.3602,0.4882,8.0070,0.5400,0.0022,0.2007,0.7564,0.3331,0.4714,2.0834,2.1486,10.7865,0.1493,1.0000,-0.7706,0.5216,4.9700,40.5412,0.0372,1.4545,1.8492,-58.4192,-99.1551,0.0001,0.0009,0.8966,0.0153,5242.1641,22.2900,268.8476,0.4614,0.4087,0.0000,0.8056,0.6267,1.1162,-20.5830
17.7677,STABLE,ASCEND,0.0423,0.0016,0.4426,0.0703,0.5517,0.4483,0.4009,0.0404,1.0089,3.7401,97.0000,0.0006,58.0676,54.1825,0.4009,0.1034,0.2759,0.2414,0.0690,0.0000,0.1379,0.1034,0.0690,223.8799,289.1777,0.0160,14.6574,6.4228,47.5169,0.0068,-0.0000,0.4390,0.3618,0.4853,11.2284,0.3600,0.0014,0.3366,1.0791,0.0572,1.3613,2.9731,0.8655,12.1757,-0.2341,0.9989,1.4825,-0.4571,0.4611,2.1516,0.0002,1.0108,-0.2134,3.0632,-0.7461,-0.0000,0.0000,1.0000,0.0105,4437.1216,19.2018,257.1053,0.3798,0.4409,0.0000,0.8056,0.2967,1.5008,24.2146
17.8095,STABLE,ASCEND,0.2919,0.0015,1.5093,2.2994,0.6531,0.3469,0.9001,0.0580,2.2708,10.1636,68.0000,0.0004,92.6462,77.3499,0.9001,0.0816,0.1429,0.2041,0.1837,0.1020,0.2041,0.0408,0.0408,213.8244,287.4550,0.0078,2.8258,1.3338,15.7395,0.0000,0.0000,0.1644,0.1661,0.5014,3.3938,0.5072,0.0013,0.0959,0.4859,0.2385,0.4298,0.2650,1.4362,0.8833,-0.0226,1.0004,0.0132,-0.1522,0.9159,7.0162,0.0106,1.0351,-0.1936,-1.5050,-9.2596,0.0000,0.0001,0.8980,0.0108,4135.8927,20.1011,254.5886,0.4119,0.4149,0.0000,0.8056,0.4433,3.1361,10.2228
17.8512,STABLE,ASCEND,-0.1655,0.0001,1.4923,1.4333,0.5128,0.4872,0.9335,0.0306,2.0223,8.7337,92.0000,0.0005,65.0454,52.4633,0.9335,0.0256,0.1795,0.2564,0.1026,0.1026,0.1538,0.1282,0.0513,214.3382,292.6253,0.0147,5.9273,2.6152,22.0637,0.0001,-0.0000,0.2368,0.2633,0.4937,3.9681,0.0936,0.0027,0.1842,0.6670,0.9707,1.2720,0.8350,1.5754,3.3214,-0.0709,1.0014,-0.0890,-0.5566,1.0458,4.7499,-0.0039,0.9918,1.5439,5.1156,0.8227,0.0001,-0.0001,0.9487,0.0117,4414.0179,22.0104,251.2467,0.5306,0.3225,0.0000,0.8056,0.4667,2.3535,-13.7475
17.8929,STABLE,ASCEND,-3.0085,0.0001,10.0505,2.5277,0.5385,0.4615,8.0794,0.0916,22.8168,101.8410,66.0000,0.0004,86.5323,78.1139,8.0794,0.0769,0.0769,0.2308,0.1538,0.2115,0.1154,0.0769,0.0577,199.1431,294.6762,0.0185,9.6513,3.5239,22.2726,-0.0000,-0.0000,0.3311,0.3903,0.4990,4.9579,0.0511,0.0050,0.3831,1.5220,2.9997,1.8323,0.9739,3.0471,3.4791,0.0163,0.9999,-0.1070,0.0437,8.0948,59.0991,-0.1149,1.0146,0.1047,-0.5682,-0.5456,0.0000,0.0000,0.7308,0.0118,4828.6990,22.5161,253.6075,0.5444,0.2237,0.0000,0.8056,0.3667,1.9894,-183.7249
17.9346,DESCEND,ASCEND,0.5275,0.0004,3.5464,5.6025,0.5435,0.4565,1.5065,0.0423,3.8816,23.1275,90.0000,0.0005,94.2988,84.7884,1.5065,0.0870,0.1522,0.1304,0.1522,0.1739,0.1522,0.0435,0.1087,188.9985,296.2610,0.0349,10.5974,3.6708,22.3856,0.0001,0.0000,0.3011,0.3888,0.5220,4.8604,0.1158,0.0036,0.2622,1.2768,4.0285,3.4334,1.3513,3.9177,1.2330,0.0639,0.9987,-0.0907,0.7474,1.5931,8.1480,0.0092,1.0114,-0.2154,-0.6109,0.4413,-0.0000,0.0000,0.8913,0.0150,4997.3595,25.0079,263.8703,0.5444,0.2191,0.0000,0.8056,0.3733,-12.9722,-303.7320
17.9763,DESCEND,ASCEND,-0.0395,0.0000,2.1133,2.1848,0.5238,0.4762,1.0393,0.0259,2.7804,15.4552,79.0000,0.0005,98.5155,92.1711,1.0393,0.0714,0.0952,0.0952,0.0476,0.0714,0.1667,0.3095,0.1429,191.6164,289.8527,0.0369,12.5510,4.2774,22.4749,0.0000,0.0000,0.3340,0.4716,0.5109,3.9007,0.1983,0.0059,0.0576,2.4390,6.6152,3.7013,1.7447,2.7677,3.2301,0.0706,1.0003,-0.2985,0.0627,1.1177,3.5757,-0.0043,1.0184,0.1455,4.4553,-9.5288,0.0000,-0.0000,0.8810,0.0137,4925.8055,24.3493,259.8001,0.5252,0.2698,0.0000,0.8056,0.4733,-23.3470,-83.5239
18.0180,DESCEND,ASCEND,-0.1998,-0.0003,1.6785,0.5588,0.4211,0.5789,0.6838,0.0253,1.7852,8.2447,100.0000,0.0006,56.9279,37.6558,0.6838,0.0526,0.1053,0.2632,0.0263,0.1316,0.1579,0.1842,0.0789,199.9400,292.4388,0.0573,10.4134,3.5007,22.1176,-0.0003,0.0000,0.3402,0.4667,0.5004,4.9799,0.5517,0.0147,0.7462,2.8520,6.6100,3.0361,1.1627,2.0766,1.0572,-0.1382,1.0004,0.6691,-0.5299,0.7564,4.9137,-0.0137,1.0945,0.1678,-10.5254,-23.6442,-0.0000,0.0002,0.9474,0.0151,5959.3950,24.3441,265.7057,0.5399,0.2927,0.0000,0.8056,0.3600,-19.9395,301.4263
18.0597,DESCEND,ASCEND,-0.6689,0.0004,3.8939,1.6483,0.5208,0.4792,1.7022,0.0386,4.5110,21.0571,118.0000,0.0007,90.4409,86.3348,1.7022,0.0625,0.1458,0.2292,0.1875,0.1042,0.1042,0.1042,0.0625,204.7837,288.2491,0.0571,9.0844,3.2700,23.3343,-0.0012,-0.0000,0.3345,0.4179,0.4903,4.4486,0.2700,0.0087,0.3901,2.6115,3.9848,2.2721,2.0033,1.2637,1.9671,-0.0542,1.0008,0.1117,-0.3449,1.7560,13.5429,-0.0207,1.0060,0.0118,-0.3647,-0.1450,0.0000,0.0000,0.8958,0.0145,6272.2585,23.3474,260.7754,0.5475,0.3243,0.0000,0.8056,0.4400,1.7970,415.3715
18.1014,DESCEND,ASCEND,-0.2529,0.0012,2.6221,4.2937,0.5682,0.4318,2.2498,0.3358,3.5956,11.9015,150.0000,0.0009,101.5643,89.6878,2.2498,0.0455,0.2045,0.2273,0.1364,0.1136,0.0909,0.0455,0.1364,227.8993,280.8829,0.0579,10.9600,6.8441,55.5194,-0.0047,-0.0000,0.4088,0.4547,0.4894,8.8069,0.3330,0.0027,0.5734,2.4271,3.6980,1.3283,11.2929,1.5530,1.5798,-0.1847,1.0030,0.2131,-1.4932,2.2099,10.3656,-0.0062,1.0674,2.7640,1.6969,-13.3834,0.0001,0.0000,0.8636,0.0201,6476.3850,25.3417,271.0241,0.6232,0.2926,0.0000,0.8222,0.5933,14.7094,302.3241
18.1431,DESCEND,ASCEND,0.2519,0.0227,5.8405,4.1139,0.7143,0.2857,3.9320,0.5511,6.9247,30.7891,88.0000,0.0005,150.6401,104.9941,3.9320,0.0238,0.1429,0.2143,0.0952,0.0476,0.2381,0.1667,0.0714,224.2323,267.4479,0.0570,10.6567,4.0270,27.1411,-0.0011,-0.0000,0.3459,0.4430,0.4903,5.6040,0.3558,0.0013,0.3858,2.4708,2.0997,0.8600,7.4225,2.1336,2.3395,0.0351,1.0009,-0.4248,-0.1829,3.9398,15.9477,-0.0012,0.9917,-0.0363,1.0058,-1.3421,-0.0000,-0.0000,0.7619,0.0190,6147.7249,23.9730,256.0056,0.6709,0.2973,-0.7030,0.8778,0.5434,27.0159,284.5917
18.1848,ASCEND,ASCEND,-0.1779,0.0008,3.9910,3.5720,0.5882,0.4118,3.2579,0.0476,6.9726,28.3865,79.0000,0.0005,89.0974,88.2711,3.2579,0.0588,0.0588,0.1176,0.1176,0.1176,0.1176,0.2353,0.1765,223.7866,264.2879,0.0577,15.9095,6.5972,46.6206,-0.0110,-0.0000,0.5198,0.5172,0.4937,9.7882,0.3417,0.0005,2.0827,2.2999,1.7107,1.3774,11.6792,3.7064,4.0997,0.4409,1.0059,-3.7880,-0.0710,3.1928,16.3880,-0.3609,1.0329,1.6360,4.3341,-15.4407,0.0001,-0.0000,0.7647,0.0198,6114.8883,24.0251,270.8196,0.7027,0.2863,0.0000,0.8056,0.4667,38.4491,78.5595
18.2265,ASCEND,ASCEND,2.7163,0.0001,7.7380,22.2888,0.5294,0.4706,5.2894,0.1064,13.4398,44.7916,67.0000,0.0004,98.1099,77.7085,5.2894,0.0588,0.0588,0.0588,0.1765,0.1176,0.1765,0.1765,0.1765,230.8711,270.2891,0.0450,10.9350,4.1192,32.2263,0.0052,-0.0000,0.4231,0.4915,0.4957,12.5153,0.6115,0.0002,1.1563,2.9451,0.6511,1.3563,3.0672,4.5796,4.8000,0.1816,0.9996,-0.8706,0.6049,5.2030,39.7379,0.0313,0.9564,-1.2563,3.0141,1.7852,-0.0001,-0.0001,0.8824,0.0160,6717.5398,23.3848,267.1293,0.6246,0.3526,0.0000,0.8944,0.4933,33.5691,49.9998
18.2682,ASCEND,ASCEND,6.2688,-0.0002,19.5127,61.3971,0.4762,0.5238,7.0734,0.0369,21.5268,77.4461,67.0000,0.0004,60.0078,49.5802,7.0734,0.0952,0.1429,0.0000,0.0952,0.0952,0.2381,0.0952,0.2381,224.8458,289.6547,0.0230,14.0841,6.7492,52.3407,0.0023,0.0000,0.3976,0.4577,0.5081,8.3020,0.7463,0.0016,0.4073,2.6259,0.6018,0.4235,1.7297,2.5491,14.6322,-0.0103,0.9996,0.1918,0.0681,7.0973,69.1905,0.0739,1.0447,-0.0591,-4.0674,-12.0032,-0.0000,0.0001,0.9048,0.0169,6760.6647,23.3152,267.2961,0.5902,0.2899,0.0000,0.8944,0.4767,42.6199,194.5122
18.3100,ASCEND,ASCEND,2.5027,-0.0001,10.5554,5.3989,0.4211,0.5789,2.8590,0.0036,11.7105,52.5350,47.0000,0.0003,60.5129,38.1082,2.8590,0.1053,0.0526,0.1053,0.0526,0.0526,0.3158,0.2632,0.0526,229.1097,294.3185,0.0174,10.2932,4.4739,36.2105,0.0097,-0.0000,0.3046,0.3654,0.4923,6.7051,0.4319,0.0023,0.1472,0.9981,0.4960,0.4305,1.5643,1.7232,9.1136,0.0210,1.0006,-0.1695,-0.0899,2.8888,5.8236,0.0252,1.1444,-0.4056,-22.9808,-28.9800,-0.0000,0.0003,0.9474,0.0148,5112.7447,22.1174,253.4011,0.4529,0.4150,3.0305,0.8639,0.5675,49.7946,44.3057
18.3517,ASCEND,ASCEND,-0.0347,0.0003,0.1442,0.0973,0.6400,0.3600,0.0917,0.0066,0.1837,0.6721,45.0000,0.0003,52.3252,23.6411,0.0917,0.0800,0.2000,0.2800,0.1600,0.0400,0.0800,0.1200,0.0400,237.0243,289.2001,0.0140,13.6187,6.6212,50.9319,0.0085,-0.0000,0.4380,0.3515,0.4986,10.3974,0.4986,0.0014,0.2904,1.1739,0.1009,1.0639,2.5595,0.8954,13.0352,0.0327,0.9990,0.0268,0.4678,0.1265,0.4282,0.0005,0.9381,0.4179,8.4207,13.0950,0.0000,-0.0001,1.0000,0.0109,4378.1059,18.6829,243.2989,0.3694,0.4375,0.0000,0.8056,0.3567,46.3158,-137.1529
18.3934,ASCEND,ASCEND,0.4257,0.0001,1.4101,3.5472,0.5385,0.4615,0.7236,0.0308,1.9399,8.3823,46.0000,0.0003,56.2713,47.8277,0.7236,0.1154,0.0769,0.2308,0.0000,0.0769,0.1923,0.1923,0.1154,227.9123,295.4602,0.0087,2.7261,1.2133,11.5417,0.0001,0.0000,0.1670,0.1829,0.5032,3.8465,0.2763,0.0017,0.1842,0.7619,0.2075,0.4700,0.2749,1.3103,0.6953,0.0726,1.0000,-0.3945,0.3096,0.7516,4.9624,0.0086,1.1951,1.2477,-6.2636,-43.9259,0.0001,0.0003,0.9615,0.0101,4151.5545,19.2897,227.3268,0.4073,0.4089,0.0000,0.8056,0.3567,38.3538,-229.6745
18.4351,ASCEND,ASCEND,0.6417,0.0001,1.9462,4.9381,0.5667,0.4333,0.9333,0.0405,2.5814,11.3672,53.0000,0.0003,52.8389,46.7295,0.9333,0.0667,0.1667,0.2667,0.1000,0.0667,0.1333,0.1000,0.1000,224.9839,302.2531,0.0133,4.6339,2.1544,16.8788,-0.0000,0.0000,0.1997,0.2312,0.5088,2.6412,0.1609,0.0022,0.1823,0.4845,0.5931,0.9238,0.6270,1.6173,2.6186,-0.1059,1.0018,0.1161,-0.8893,0.9869,5.8828,0.0189,0.9340,1.4753,9.0780,13.3204,0.0001,-0.0002,0.9333,0.0121,4382.4418,20.7097,238.8491,0.5126,0.3491,0.0000,0.8056,0.4700,27.1571,-279.2728
18.4768,ASCEND,ASCEND,0.0316,0.0002,3.5255,1.9698,0.5294,0.4706,1.4302,0.0280,4.1227,18.5096,51.0000,0.0003,77.2127,73.8932,1.4302,0.0882,0.1471,0.2353,0.0588,0.0882,0.1765,0.1176,0.0882,220.4020,292.0202,0.0218,7.1557,2.4971,17.9981,0.0000,0.0000,0.2572,0.3546,0.5097,4.3693,0.2121,0.0040,0.8660,0.8122,2.3369,1.1936,1.1525,1.9613,2.0712,0.1132,0.9984,-0.2476,0.9251,1.4866,10.7809,-0.0020,1.0139,-0.6227,-0.9126,1.3007,-0.0000,0.0001,0.9118,0.0115,4706.3459,21.9251,240.4146,0.5437,0.2752,0.9022,0.8389,0.4234,15.0578,-245.0368
18.5185,STABLE,ASCEND,2.8134,-0.0001,12.8299,10.0742,0.4737,0.5263,3.9222,0.0947,14.7351,89.7410,96.0000,0.0006,80.5888,82.8282,3.9222,0.0000,0.1316,0.1579,0.0789,0.2632,0.1842,0.1053,0.0789,216.1703,300.3026,0.0252,6.7929,2.3331,14.0597,-0.0000,-0.0000,0.2511,0.3484,0.4976,3.6019,0.0518,0.0031,0.0102,1.4377,2.2426,2.1344,0.5807,2.2312,1.7688,-0.0195,1.0046,-1.2015,-1.5499,4.1421,11.5462,0.0745,1.0361,-0.9159,-1.2779,-0.8924,-0.0000,0.0001,0.9211,0.0120,4744.8443,23.5002,257.2028,0.5150,0.2753,0.0000,0.8056,0.4700,6.7169,-267.1484
18.5602,DESCEND,ASCEND,-0.5678,-0.0009,1.4534,0.1751,0.2973,0.7027,0.9636,0.0666,1.9987,7.2887,108.0000,0.0006,81.9303,71.7581,0.9636,0.1081,0.1622,0.1351,0.0541,0.0541,0.1622,0.2162,0.1081,212.0082,296.3159,0.0386,6.8776,2.4760,17.6673,0.0000,0.0000,0.2695,0.3810,0.5268,3.3855,0.1468,0.0028,0.2406,1.8735,3.2056,2.1231,0.9839,2.4040,1.3399,0.0264,1.0004,-0.1745,-0.0024,0.9878,5.4531,-0.0091,1.0710,-1.9709,-3.4329,-1.7457,-0.0001,0.0003,0.9459,0.0123,4990.1562,23.7554,254.2587,0.5058,0.2633,0.0000,0.8056,0.4667,-7.2268,-211.2238
18.6019,DESCEND,ASCEND,-2.3680,-0.0007,12.9619,5.0650,0.3636,0.6364,13.6895,0.1683,32.0837,98.1446,78.0000,0.0005,98.5243,84.6016,13.6895,0.0682,0.1136,0.0455,0.1136,0.2273,0.1591,0.2045,0.0682,211.0601,279.8823,0.0330,6.7397,2.4580,18.7998,0.0001,0.0000,0.2806,0.3896,0.5157,5.1250,0.4697,0.0031,0.3135,1.7124,3.5386,2.5246,0.9747,1.6257,1.1473,-0.0619,0.9971,0.9660,0.6481,13.7447,96.4894,-0.1960,1.0381,1.0949,1.5287,-7.1717,0.0001,0.0000,0.8182,0.0123,4926.5633,23.6725,259.9445,0.4810,0.2937,0.0000,0.8056,0.4467,-10.9026,-88.3454
18.6436,DESCEND,ASCEND,-0.1618,-0.0000,2.3819,2.0572,0.5000,0.5000,2.0293,0.0292,5.5212,27.2006,76.0000,0.0004,75.1044,56.2206,2.0293,0.1389,0.0833,0.2500,0.1389,0.0556,0.1944,0.1111,0.0278,208.8070,280.8655,0.0420,7.8634,2.8266,20.4222,0.0001,-0.0000,0.2973,0.4078,0.4953,4.4807,0.4008,0.0099,0.3036,3.3761,4.2307,2.0286,1.4646,1.5947,0.5763,-0.0226,0.9995,0.2461,0.0674,2.0407,13.8858,-0.0034,1.0318,0.8933,0.2496,-7.6315,0.0001,0.0000,0.8889,0.0145,5497.5652,23.9241,261.9629,0.5042,0.2764,0.0000,0.8056,0.4667,-14.5963,-103.5333
18.6853,DESCEND,ASCEND,-0.2449,0.0052,3.9150,1.3902,0.6579,0.3421,1.7011,0.1483,5.5974,33.4109,57.0000,0.0003,83.1725,75.0075,1.7011,0.1579,0.2632,0.2105,0.0789,0.0263,0.1053,0.1316,0.0263,205.0171,284.3603,0.0388,8.6469,3.2569,23.4582,-0.0000,-0.0000,0.3157,0.4053,0.4876,5.1481,0.1602,0.0155,0.3306,3.1705,4.8553,2.6662,1.2030,0.8399,0.9158,0.0695,0.9992,-0.1209,0.6539,1.7799,8.9918,0.0071,0.9650,1.6297,2.2606,9.6043,0.0001,-0.0001,0.8684,0.0132,6204.4922,22.7246,246.3920,0.5369,0.3002,0.0000,0.8056,0.4667,-19.5391,-92.2076
18.7270,DESCEND,ASCEND,0.0853,-0.0000,1.6717,2.0424,0.4571,0.5429,1.1270,0.0231,2.9844,15.4778,79.0000,0.0005,76.4621,58.7318,1.1270,0.1143,0.1429,0.1143,0.0571,0.1429,0.1714,0.2000,0.0571,199.2682,280.0810,0.0580,9.2643,3.3995,23.3154,-0.0005,-0.0000,0.3409,0.4114,0.4924,4.3557,0.4266,0.0053,0.3359,2.5462,3.3064,1.4579,3.8031,1.2046,1.6875,0.0129,0.9973,0.5870,0.9484,1.2204,5.6801,-0.0014,0.9941,-1.9337,1.5532,2.5265,-0.0001,0.0001,0.9429,0.0164,6282.8987,24.0618,252.2592,0.5786,0.3112,0.0000,0.8056,0.3433,-22.2880,-40.8275
18.7687,DESCEND,ASCEND,-0.1141,0.0005,0.9363,0.5657,0.5556,0.4444,0.6054,0.0628,1.4597,6.2396,121.0000,0.0007,107.1241,92.8022,0.6054,0.0000,0.2500,0.1111,0.0833,0.0556,0.0556,0.3889,0.0556,217.2069,270.1581,0.0551,7.7918,2.9279,21.7471,0.0031,-0.0000,0.2899,0.3946,0.4962,3.8443,0.2922,0.0019,0.3420,2.1097,1.2361,0.4951,4.9321,1.6109,2.1863,-0.0074,1.0008,-0.1257,-0.2778,0.6183,4.2247,-0.0030,1.0052,0.0069,-0.3647,-0.1889,0.0000,0.0000,0.9444,0.0188,6400.6299,24.9084,270.0096,0.5938,0.3234,0.0000,0.8944,0.4833,-22.9447,-23.5950
18.8105,DESCEND,ASCEND,-4.5603,0.0015,10.5293,1.7251,0.5926,0.4074,9.4140,0.0399,20.9578,77.4094,64.0000,0.0004,62.1886,51.2405,9.4140,0.2222,0.2222,0.1481,0.0370,0.0000,0.0370,0.2593,0.0741,224.4144,293.8082,0.0563,11.1451,4.7070,42.7514,-0.0009,-0.0000,0.4820,0.4973,0.4877,9.5681,0.4054,0.0011,4.2093,3.3695,1.1723,1.0143,5.0295,3.2334,1.9638,0.4943,1.0135,-5.7628,-1.9915,9.8745,59.7224,-0.1123,1.1680,0.6805,-20.2457,-40.3432,0.0001,0.0003,0.7778,0.0177,6145.2914,23.9383,274.8976,0.6471,0.3229,0.0000,0.8944,0.4633,-24.2562,63.1693
18.8522,DESCEND,ASCEND,-1.0816,-0.0001,6.7079,4.4661,0.5000,0.5000,3.1010,0.0527,7.0623,24.8273,72.0000,0.0004,61.9801,61.8825,3.1010,0.2500,0.2500,0.0833,0.0000,0.0000,0.0833,0.1667,0.1667,228.2574,301.8706,0.0421,11.7661,4.8260,31.9178,-0.0019,-0.0000,0.4222,0.5238,0.4989,7.9187,0.4285,0.0003,1.8869,2.5031,1.0157,1.4770,7.8647,3.2671,3.4844,-0.1590,1.0083,-0.8720,-3.0561,3.2525,16.5841,-0.0351,0.9571,-2.6043,2.3341,-8.7546,-0.0002,-0.0001,0.9167,0.0182,6446.0905,23.9318,273.6793,0.6741,0.3092,0.0000,0.8056,0.3733,-17.6754,179.4296
18.8939,STABLE,ASCEND,0.9253,0.0002,3.3117,4.7152,0.5000,0.5000,1.5871,0.0454,5.2026,20.3220,56.0000,0.0003,65.8912,54.1232,1.5871,0.0000,0.2143,0.0714,0.0714,0.0000,0.2143,0.1429,0.2857,228.0538,300.4819,0.0328,10.0405,3.5046,33.6039,0.0034,0.0000,0.3979,0.4500,0.5020,8.4638,0.3085,0.0028,0.5885,1.7220,0.5472,1.4502,2.3661,4.5911,4.1100,0.0800,1.0007,-0.5422,0.1468,1.6092,7.5721,0.0075,0.9490,0.2653,2.4196,8.8965,0.0000,-0.0001,0.9286,0.0156,6562.3742,23.2876,269.2213,0.5724,0.3396,0.0000,0.8944,0.5000,-9.2888,155.6831
18.9356,STABLE,ASCEND,0.6849,0.0009,3.3825,0.6375,0.5926,0.4074,1.0872,0.0582,4.8173,25.6045,77.0000,0.0004,63.7396,62.5328,1.0872,0.0370,0.1481,0.1852,0.1481,0.1111,0.1111,0.1852,0.0741,222.9258,293.8782,0.0198,13.6245,8.3224,58.4570,0.0058,0.0000,0.4051,0.3749,0.5015,9.8233,0.3532,0.0044,0.2030,1.4992,0.2252,0.2814,0.8428,1.9589,18.4022,-0.0354,1.0004,0.1267,-0.3149,1.1100,1.1413,0.0091,0.9883,-0.7508,1.7619,0.6000,-0.0000,-0.0000,0.9630,0.0158,6289.0988,23.5604,272.6704,0.5289,0.3210,0.0000,0.8056,0.3600,-4.6888,78.9099
18.9773,STABLE,ASCEND,-0.0372,0.0000,0.2065,0.1265,0.5385,0.4615,0.1319,0.0148,0.3197,1.3188,51.0000,0.0003,45.4394,24.0466,0.1319,0.1923,0.1538,0.1538,0.0385,0.1538,0.0000,0.1923,0.1154,221.8163,294.0200,0.0182,25.8891,12.2220,82.5986,-0.0009,-0.0000,0.7468,0.4316,0.4921,15.5418,0.3910,0.0022,0.2235,0.9318,0.0805,1.4499,1.5915,1.1293,27.8489,-0.1480,0.9989,1.0894,-0.2034,0.1984,0.7785,-0.0006,0.8705,0.2895,21.9152,26.3718,0.0000,-0.0003,1.0000,0.0100,4285.9008,18.9131,242.1960,0.3627,0.4409,0.0000,0.8056,0.4533,-2.7064,84.3302
19.0190,STABLE,ASCEND,-0.0471,0.0010,1.2618,0.5065,0.5455,0.4545,0.6989,0.0443,2.2003,12.0324,44.0000,0.0003,70.0808,67.3856,0.6989,0.0606,0.1818,0.2121,0.0909,0.0909,0.1212,0.1515,0.0909,224.8016,286.4436,0.0068,2.1899,1.0536,10.3813,-0.0001,-0.0000,0.1330,0.1460,0.4977,1.9372,0.2503,0.0015,0.1581,0.2991,0.2211,0.6937,0.2009,1.0354,0.5990,-0.0253,0.9997,0.2253,0.0085,0.7118,3.1808,0.0065,0.9915,-0.1763,1.0717,0.6098,-0.0000,-0.0000,0.9697,0.0103,4167.4655,19.6463,251.0809,0.4133,0.4192,0.0000,0.8056,0.3500,2.3457,159.8534
19.0607,STABLE,ASCEND,0.0172,0.0002,0.2660,0.3251,0.5667,0.4333,0.1604,0.0257,0.2726,1.0977,58.0000,0.0003,59.7438,56.2726,0.1604,0.0667,0.1667,0.2000,0.2000,0.0667,0.2333,0.0000,0.0667,227.6167,285.6984,0.0135,4.3199,2.1049,18.6770,0.0000,0.0000,0.1907,0.2304,0.5128,2.8528,0.2171,0.0025,0.1950,0.3900,0.5198,1.0193,0.5954,1.5993,2.3759,-0.0404,0.9998,0.2191,-0.0548,0.1795,0.7263,-0.0051,0.9430,0.4403,11.5386,11.3247,0.0000,-0.0001,0.9667,0.0114,4466.8520,21.1199,252.7376,0.5234,0.3584,0.0000,0.8056,0.4633,10.6281,203.5078
19.1024,STABLE,ASCEND,0.4339,0.0006,2.4726,4.2970,0.6000,0.4000,2.0616,0.1610,3.3633,13.6753,68.0000,0.0004,104.1390,94.0038,2.0616,0.1429,0.0286,0.2857,0.0857,0.0857,0.2000,0.0571,0.1143,230.2486,284.5708,0.0207,5.3695,2.1792,19.4878,0.0001,0.0000,0.2468,0.2988,0.5011,6.0617,0.1298,0.0039,0.6860,0.9442,1.6577,0.9225,0.8022,1.5143,1.8918,-0.0569,0.9984,0.6083,0.2559,2.1192,9.6820,0.0060,0.9930,0.9198,-2.5365,5.9178,0.0000,-0.0000,0.8571,0.0120,4715.8185,21.7069,234.9598,0.5529,0.2916,0.0000,0.8056,0.4500,19.3217,34.0882
19.1441,STABLE,ASCEND,2.2161,-0.0001,13.3274,2.2995,0.4324,0.5676,2.8305,0.0379,13.3187,82.3951,73.0000,0.0004,105.9633,92.7882,2.8305,0.1081,0.0541,0.0541,0.0811,0.2162,0.1892,0.1622,0.1351,228.0821,274.6243,0.0206,6.1648,2.1383,14.2602,0.0000,0.0000,0.2371,0.3321,0.5022,2.1836,0.0919,0.0040,0.0109,1.7572,1.8654,2.1745,0.8046,1.5629,1.5024,0.0120,1.0008,-0.2000,-0.3057,2.9148,3.8807,0.0800,1.0007,0.2032,2.1718,-1.3211,0.0000,-0.0000,0.9459,0.0130,4704.0763,22.5607,227.4520,0.5631,0.2703,0.0000,0.8056,0.4700,13.4716,-106.2636
19.1858,ASCEND,ASCEND,-0.0292,0.0001,1.0097,1.0162,0.5385,0.4615,0.6838,0.0580,1.3564,4.9615,106.0000,0.0006,101.4655,83.4922,0.6838,0.0513,0.1282,0.1538,0.2051,0.2051,0.1026,0.0256,0.1282,224.9431,269.5288,0.0287,7.4840,2.5733,15.9455,-0.0000,0.0000,0.2668,0.3823,0.5038,5.4414,0.1307,0.0038,0.1258,2.2688,2.8070,2.6898,1.3898,1.8213,1.0552,0.0128,0.9998,-0.1129,0.1103,0.7169,3.8733,-0.0022,0.9702,-0.2337,1.6654,0.9053,-0.0000,-0.0001,0.9231,0.0128,4927.0220,23.9316,245.9996,0.5712,0.2499,0.0000,0.8056,0.4533,10.4575,-68.0485
19.2275,ASCEND,ASCEND,-1.3481,0.0001,7.0077,2.2437,0.5238,0.4762,5.7658,0.1361,19.0819,91.0574,105.0000,0.0006,98.8168,74.5792,5.7658,0.0714,0.1667,0.0952,0.0952,0.2143,0.0476,0.2143,0.0952,214.9159,266.6904,0.0334,6.9464,2.4465,15.6453,-0.0003,0.0000,0.2627,0.3475,0.5098,3.8900,0.4797,0.0032,0.1837,1.4498,3.9230,1.9580,1.1739,1.8217,0.5712,-0.0080,1.0001,-0.0872,-0.1061,5.8078,13.6376,-0.0395,1.1074,0.8235,-20.8307,-20.1095,0.0001,0.0002,0.8095,0.0130,5135.1646,23.4342,248.3525,0.5415,0.2493,0.0000,0.8056,0.3433,7.7952,-261.1226
19.2692,ASCEND,ASCEND,1.3709,-0.0011,13.6905,4.8237,0.3953,0.6047,7.0760,0.0450,19.3779,90.7175,139.0000,0.0008,89.7360,53.6039,7.0760,0.0698,0.1163,0.0698,0.0698,0.1163,0.2791,0.2093,0.0698,211.2512,260.7153,0.0302,7.5428,2.7836,17.9866,-0.0000,-0.0000,0.2874,0.3617,0.4950,5.4763,0.2170,0.0103,0.3520,2.6798,4.1773,2.5538,0.8197,1.2171,0.4555,0.1818,0.9983,-0.6647,1.0919,7.1594,34.7290,0.0771,1.0601,0.9069,3.2742,-13.2201,0.0001,0.0001,0.8605,0.0147,5404.1886,23.8412,250.8039,0.5285,0.2632,0.0000,0.8056,0.3600,-11.3245,-187.0142
19.3110,ASCEND,ASCEND,0.7784,0.0049,3.3333,4.0632,0.6809,0.3191,2.1381,0.0985,4.4367,24.7238,67.0000,0.0004,112.8851,79.9858,2.1381,0.0213,0.2128,0.1277,0.0638,0.0851,0.1277,0.2340,0.1277,198.1606,263.6799,0.0404,9.2091,3.1608,20.1188,-0.0001,0.0000,0.2914,0.3653,0.5004,3.6729,0.5473,0.0238,0.3457,4.8100,3.8802,1.9857,0.6932,1.0311,0.6895,-0.4470,1.0045,1.4571,-3.1224,1.8287,9.3104,0.0057,0.9764,0.2205,2.9317,-2.1588,-0.0000,-0.0001,0.9362,0.0126,5734.7052,22.8020,242.4082,0.5256,0.2882,0.0000,0.8056,0.3867,-7.8049,264.7527
19.3527,ASCEND,ASCEND,0.1210,0.0003,1.6731,1.4278,0.5854,0.4146,1.0712,0.0074,3.7141,19.7583,65.0000,0.0004,100.6534,71.1462,1.0712,0.0488,0.0976,0.2195,0.1951,0.1220,0.0976,0.1220,0.0976,205.5440,257.7291,0.0348,7.3478,2.7176,21.9679,-0.0000,-0.0000,0.2960,0.3646,0.4790,5.9361,0.1468,0.0986,0.2333,2.1629,4.3054,1.5053,0.9202,1.1604,1.1570,0.0123,1.0004,-0.2250,0.0460,1.1559,2.1785,0.0008,1.0006,0.0395,-0.1387,0.0943,0.0000,-0.0000,0.9512,0.0130,6178.9071,22.3175,242.5850,0.5334,0.3284,0.0000,0.8056,0.3700,10.7603,397.6120
19.3944,DESCEND,ASCEND,-0.2290,-0.0005,1.1806,0.1425,0.3750,0.6250,0.5575,0.0027,1.9383,10.9507,79.0000,0.0005,62.5647,36.4737,0.5575,0.0938,0.0625,0.1562,0.0312,0.0938,0.1875,0.3125,0.0625,219.5865,271.0251,0.0469,8.8480,6.4259,56.2188,-0.0065,-0.0000,0.3601,0.3976,0.4784,8.2499,0.3051,0.0019,0.4770,2.6857,2.4010,0.5717,9.8194,1.3742,1.0760,-0.0842,0.9990,0.5633,-0.0170,0.6269,1.7655,-0.0012,1.1901,-0.1624,-31.0246,-42.3714,-0.0000,0.0004,0.9688,0.0178,6346.0815,24.2855,250.1351,0.5933,0.3192,0.0000,0.8056,0.3933,25.3626,319.8732
19.4361,DESCEND,ASCEND,-0.5862,-0.0001,4.2096,0.8816,0.4667,0.5333,3.2553,0.0107,8.6982,35.8325,76.0000,0.0004,97.7708,86.7079,3.2553,0.1000,0.1000,0.2000,0.0333,0.0333,0.2000,0.2333,0.1000,221.0929,275.3539,0.0367,7.0575,3.2774,23.8558,-0.0004,-0.0000,0.2792,0.3311,0.4937,6.3140,0.1886,0.0014,0.2237,1.7018,0.9297,0.2075,6.0449,1.9765,1.4509,-0.0732,1.0011,0.1308,-0.6369,3.3109,24.9944,-0.0067,1.0123,0.2837,-0.5863,-2.2218,0.0000,0.0000,0.8667,0.0195,6363.3838,25.1168,268.6818,0.6341,0.3179,0.0000,0.8944,0.4933,37.4431,288.8858
19.4778,DESCEND,ASCEND,-0.7958,-0.0001,4.6067,4.2583,0.4839,0.5161,4.4196,0.0204,11.6423,62.8746,71.0000,0.0004,84.2006,69.1430,4.4196,0.0645,0.2258,0.2258,0.0645,0.0968,0.1290,0.1935,0.0000,223.3462,277.5077,0.0459,10.3388,4.7076,44.8476,-0.0046,-0.0000,0.4599,0.4579,0.4886,6.9901,0.3223,0.0010,4.7379,2.5762,0.6248,1.1614,4.8824,2.5281,2.2650,-0.0396,0.9989,0.3969,0.2274,4.4414,15.7587,-0.0175,1.0966,2.7908,4.3754,-18.6046,0.0002,0.0001,0.8387,0.0170,6028.1524,23.3041,265.7897,0.6839,0.3135,0.0000,0.8944,0.4233,49.4605,228.9439
19.5195,ASCEND,ASCEND,0.6823,-0.0003,2.7288,4.4082,0.4286,0.5714,1.2452,0.0528,2.6800,10.2791,63.0000,0.0004,51.2796,45.9154,1.2452,0.1429,0.1429,0.0000,0.0000,0.0714,0.1429,0.3571,0.1429,226.8827,284.0343,0.0334,16.2587,5.6304,41.7390,0.0113,0.0000,0.4941,0.5782,0.5116,12.8233,0.1031,0.0011,2.3297,1.5642,0.5386,1.3126,8.7269,6.0582,5.0504,0.0259,0.9946,1.1651,1.6745,1.2661,5.9407,0.1111,0.9094,0.9904,13.4785,16.9610,0.0001,-0.0003,0.9286,0.0164,6540.2026,23.4226,269.5039,0.6134,0.3595,5.9181,0.8694,0.5496,56.5408,78.2612
19.5612,ASCEND,ASCEND,11.0663,0.0032,27.6389,81.8495,0.5789,0.4211,12.5404,0.0501,29.5204,99.4518,61.0000,0.0004,62.6357,48.4789,12.5404,0.1579,0.0526,0.1053,0.0526,0.1579,0.1053,0.1579,0.2105,217.5744,295.7969,0.0250,8.7902,3.9506,35.2340,0.0083,-0.0000,0.3441,0.3951,0.4931,8.8497,0.7274,0.0027,0.3662,1.9299,0.3072,0.9265,0.9588,3.9781,5.5912,-0.1745,1.0004,0.8766,-0.8510,12.6240,88.6123,0.1586,1.8979,3.1630,-110.2827,-189.7674,0.0002,0.0019,0.8421,0.0158,6512.0178,22.9876,259.4502,0.5905,0.3313,4.8498,0.8667,0.5520,55.9887,24.9121
19.6029,ASCEND,ASCEND,5.8271,0.0205,15.1334,39.7590,0.6552,0.3448,7.3825,0.0615,19.2201,81.1574,72.0000,0.0004,58.7829,57.2666,7.3825,0.0345,0.1034,0.0690,0.1034,0.1379,0.0690,0.2414,0.2414,224.2427,301.8176,0.0193,17.1930,8.4860,56.5279,0.0054,0.0000,0.4036,0.3809,0.5006,13.2929,0.2885,0.0032,0.3090,0.6151,0.1628,0.8521,0.9082,1.6273,19.8052,0.2150,1.0017,-1.5077,0.2333,7.3874,46.3780,0.1225,0.9697,-0.8503,3.4954,7.2245,-0.0000,-0.0000,0.8621,0.0155,5628.8704,22.9254,271.2924,0.4762,0.3334,1.2103,0.9139,0.4734,58.6189,7.2130
19.6446,STABLE,ASCEND,-0.0124,-0.0028,2.5145,1.5908,0.4000,0.6000,1.3172,0.0234,3.2127,14.8587,80.0000,0.0005,81.8728,80.6240,1.3172,0.0857,0.0857,0.1429,0.1429,0.1429,0.2000,0.1143,0.0857,220.1665,296.3123,0.0118,5.7536,3.1430,29.4403,0.0047,-0.0000,0.2444,0.2599,0.4934,4.9279,0.3150,0.0023,0.1748,0.4201,0.0723,0.3865,1.3714,0.9057,5.7820,-0.0473,0.9967,0.8993,0.7569,1.3696,9.3499,0.0051,1.0155,0.4537,-0.4907,-0.1618,0.0000,0.0000,0.9143,0.0139,4515.2776,21.6746,267.6177,0.3842,0.4005,5.8125,0.8694,0.5595,56.5904,-198.3314
19.6863,STABLE,ASCEND,-0.1034,-0.0002,2.5067,1.6788,0.4000,0.6000,0.9956,0.0536,2.5438,13.1981,48.0000,0.0003,71.9220,66.4305,0.9956,0.2000,0.0571,0.0857,0.1143,0.0571,0.1714,0.2000,0.1143,212.7733,294.6707,0.0096,11.2049,5.8721,47.1065,0.0067,0.0000,0.3889,0.2551,0.5022,9.8375,0.3566,0.0016,0.0815,0.2717,0.0582,1.3200,0.7816,0.5389,11.7754,-0.1041,0.9989,0.7830,-0.1359,1.0256,5.5423,-0.0017,1.0035,0.3697,1.2054,-0.4673,0.0000,-0.0000,0.9429,0.0102,4291.5951,18.7200,243.9768,0.3264,0.4051,0.0000,0.8056,0.3600,42.0747,-204.0818
19.7280,STABLE,ASCEND,-0.3651,0.0007,1.3469,0.2581,0.6364,0.3636,0.8194,0.0713,2.1956,12.0027,48.0000,0.0003,68.8129,58.6879,0.8194,0.0303,0.2121,0.3333,0.0303,0.1212,0.0000,0.2424,0.0303,210.5543,287.6959,0.0065,1.7541,0.8508,8.1609,0.0000,-0.0000,0.1211,0.1341,0.4858,2.0614,0.4076,0.0015,0.1284,0.2319,0.0818,0.5741,0.1849,0.6201,0.5593,0.0518,1.0007,-0.3611,-0.0012,0.8547,3.8010,-0.0074,1.0794,0.6083,0.3910,-11.8071,0.0000,0.0002,0.9697,0.0106,4151.8980,18.7455,238.4667,0.3624,0.4251,0.0000,0.8056,0.3600,39.5666,-193.8663
19.7697,DESCEND,ASCEND,0.8506,0.0015,2.0750,5.4869,0.5588,0.4412,1.2845,0.0572,2.6736,11.1736,45.0000,0.0003,57.8774,47.6851,1.2845,0.0588,0.1471,0.1471,0.2353,0.0588,0.0882,0.1765,0.0882,213.5001,298.1402,0.0108,3.3790,1.5410,17.5124,0.0001,-0.0000,0.1603,0.1825,0.4920,3.9655,0.1624,0.0021,0.1262,0.4185,0.3536,1.0114,0.5098,0.8506,1.4779,-0.0697,0.9992,0.4894,0.1077,1.3831,6.8540,0.0393,0.5145,-0.7354,82.3892,94.1764,-0.0000,-0.0010,0.9118,0.0104,4397.3264,20.1899,240.4726,0.4810,0.3817,0.0000,0.8056,0.3600,25.9031,-382.2653
19.8115,DESCEND,ASCEND,0.1035,0.0014,0.5412,0.9160,0.6452,0.3548,0.2799,0.0355,0.6256,2.6152,110.0000,0.0006,48.8990,27.5990,0.2799,0.0645,0.0968,0.1613,0.0968,0.1290,0.1290,0.1613,0.1613,218.0074,300.8802,0.0157,3.2336,1.3174,12.5346,0.0000,0.0000,0.1757,0.2138,0.5034,3.9796,0.1500,0.0037,0.2009,0.4604,1.1031,0.9716,0.7108,0.8211,0.7454,0.1876,1.0028,-1.6310,-0.0153,0.3819,1.4978,-0.0021,0.8916,0.2180,5.7145,24.7641,0.0000,-0.0002,1.0000,0.0117,4684.2549,21.0170,236.4915,0.5628,0.2867,0.0000,0.8056,0.4567,7.6793,-439.5001
19.8532,DESCEND,ASCEND,-0.1281,-0.0015,2.7373,2.8087,0.4000,0.6000,4.0670,0.2180,15.6198,86.9797,104.0000,0.0006,139.8964,115.5560,4.0670,0.1333,0.2500,0.1667,0.0333,0.0667,0.2167,0.0667,0.0667,222.5051,298.0833,0.0175,3.4399,1.2768,10.0363,0.0000,0.0000,0.1938,0.2565,0.5090,3.4076,0.1278,0.0047,0.0145,0.7820,1.2462,1.2040,0.4688,0.8732,0.9547,0.0520,0.9986,0.1010,0.5821,4.1077,13.5237,0.0035,1.0020,-0.0174,0.2054,0.2481,0.0000,0.0000,0.9000,0.0116,4624.3795,21.9204,233.0780,0.5299,0.2636,0.0000,0.8056,0.3933,-10.7586,-59.3510
19.8949,DESCEND,ASCEND,-0.4763,0.0192,6.7663,3.3620,0.6735,0.3265,3.7006,0.0973,13.3146,84.3414,77.0000,0.0004,134.4939,110.8879,3.7006,0.0612,0.1429,0.1633,0.1020,0.1429,0.1633,0.0816,0.1429,226.2407,279.9736,0.0325,5.9382,2.2426,16.5893,0.0000,0.0000,0.2436,0.3482,0.5129,2.4332,0.2258,0.0038,0.3027,1.6391,1.8600,2.7000,0.5565,1.2774,1.3149,0.0025,1.0005,-0.1151,-0.1071,3.7076,17.7027,-0.0177,0.9961,-0.0897,0.4670,0.0816,0.0000,-0.0000,0.9184,0.0124,4896.7249,23.2245,227.1409,0.5175,0.2428,0.0000,0.8056,0.4500,2.7285,256.7190
19.9366,DESCEND,ASCEND,-0.1710,0.0001,2.9367,1.6243,0.5000,0.5000,1.0195,0.0741,3.4748,19.5228,108.0000,0.0006,61.7337,55.8931,1.0195,0.0588,0.2059,0.1176,0.0882,0.0588,0.2059,0.1765,0.0882,228.2273,290.8349,0.0352,10.1067,3.2962,18.4477,-0.0001,0.0000,0.2854,0.4082,0.5064,3.3202,0.4227,0.0022,0.3247,2.5831,4.3453,4.1487,0.7650,1.8904,1.4367,0.0433,1.0005,-0.3141,0.0103,1.0217,5.1632,0.0019,1.5236,0.2378,-95.7296,-111.1706,0.0000,0.0011,0.9412,0.0127,5281.5021,23.5464,240.1543,0.5173,0.2537,0.0000,0.8056,0.3567,10.6561,45.9056
19.9783,DESCEND,ASCEND,4.4782,0.0010,14.8507,37.1978,0.6071,0.3750,7.2754,0.0779,18.9484,81.7905,180.0000,0.0010,109.0433,92.6981,7.2754,0.1071,0.1071,0.1786,0.1786,0.0893,0.1071,0.1429,0.0893,220.1947,287.5496,0.0231,10.9011,3.7783,21.1826,0.0001,-0.0000,0.3062,0.3935,0.4955,4.7130,0.1189,0.0030,0.2623,4.9803,5.0876,2.4717,0.8461,1.5104,1.0732,0.0085,0.9991,0.1406,0.3518,7.3373,45.9383,0.0769,1.0118,0.6275,-0.7478,-0.7641,0.0000,0.0000,0.8036,0.0128,5370.7369,22.8077,226.3684,0.5021,0.2768,0.0000,0.8056,0.4633,6.5577,-127.3428
20.0200,STABLE,ASCEND,-1.4630,0.0003,10.1540,3.4059,0.5775,0.4225,4.5753,0.1356,12.0493,76.8857,92.0000,0.0005,126.6238,95.6539,4.5753,0.0845,0.1549,0.1690,0.1127,0.1549,0.0986,0.1268,0.0986,209.8687,283.4681,0.0243,7.1632,2.6263,18.7119,0.0001,-0.0000,0.2625,0.3412,0.4927,3.8180,0.0725,0.0165,0.2878,2.9557,2.8311,1.3733,1.2986,1.1019,1.7471,0.0091,1.0009,-0.2108,-0.2642,4.6199,29.4483,-0.0350,0.9857,-0.1903,0.7462,0.0022,-0.0000,-0.0000,0.8451,0.0119,5785.8570,21.9780,237.0057,0.5165,0.2891,0.0000,0.8056,0.3700,0.0336,-151.3020
20.0617,STABLE,ASCEND,0.3768,0.0002,8.5002,4.0999,0.6111,0.3889,3.4974,0.1026,11.1227,77.8440,118.0000,0.0007,98.4325,82.9739,3.4974,0.0926,0.0741,0.3704,0.0926,0.0741,0.0741,0.1481,0.0741,215.2036,288.1483,0.0340,6.3434,2.3507,23.4112,-0.0005,-0.0000,0.2788,0.3503,0.4885,6.1133,0.3542,0.0370,0.2526,2.2293,2.9242,0.7550,1.6213,1.2692,1.0752,0.0490,0.9994,-0.1007,0.4943,3.5472,12.5870,0.0350,1.0065,-1.5342,-0.7531,1.7275,-0.0001,0.0001,0.8148,0.0131,6036.8755,22.7357,241.3561,0.5439,0.3233,0.0000,0.8056,0.3600,-6.0634,55.9954
20.1034,DESCEND,ASCEND,-0.0887,-0.0005,1.5387,1.6261,0.4255,0.5745,1.3777,0.2374,2.2490,9.3651,86.0000,0.0005,100.3502,92.9191,1.3777,0.1702,0.1915,0.1277,0.1489,0.0638,0.2128,0.0426,0.0426,222.6499,283.2429,0.0479,8.9523,6.6076,53.9929,-0.0054,-0.0000,0.3531,0.3559,0.4791,5.9977,0.3357,0.0017,0.2415,2.1876,1.9796,0.5264,11.2008,1.3496,0.8872,-0.0753,1.0017,0.1586,-0.6977,1.4154,5.8259,-0.0065,1.0079,0.1371,-1.0563,-1.0659,-0.0000,0.0000,0.9149,0.0178,6352.7313,24.2988,248.8214,0.6078,0.3127,0.0000,0.8944,0.4800,4.7045,219.9727
20.1451,STABLE,ASCEND,-0.5513,0.0003,3.3406,0.6236,0.6000,0.4000,0.9508,0.0289,3.7315,22.0137,81.0000,0.0005,102.6338,100.3737,0.9508,0.0286,0.2000,0.0857,0.0857,0.1143,0.1714,0.2286,0.0857,231.6358,282.6926,0.0361,6.3512,3.0114,24.8185,-0.0007,0.0000,0.2636,0.3312,0.5040,6.6195,0.2879,0.0018,0.1974,1.4248,0.5540,0.3313,5.4222,1.9237,1.5393,-0.0857,0.9998,0.4743,-0.2565,0.9868,3.1224,-0.0067,1.0098,0.3183,0.7201,-2.2984,0.0000,0.0000,0.9714,0.0194,6398.6923,24.5146,240.2084,0.6136,0.3206,0.0000,0.8944,0.5067,12.2860,146.5380
20.1868,STABLE,ASCEND,-1.4000,-0.0043,4.9480,0.1501,0.3125,0.6875,2.3652,0.0401,9.3528,52.6058,70.0000,0.0004,56.8911,44.5251,2.3652,0.1875,0.1875,0.1250,0.1250,0.0625,0.1562,0.0312,0.1250,241.0705,292.7962,0.0422,11.0034,5.7163,46.6021,-0.0032,-0.0000,0.4634,0.4612,0.4894,7.1296,0.2232,0.0016,5.2755,2.0456,0.5052,0.5514,7.4570,2.3128,2.1141,-0.0560,0.9983,0.6217,0.2976,2.3924,8.4664,-0.0196,1.5830,0.8195,-79.6342,-119.4290,0.0001,0.0013,0.9062,0.0178,6155.2483,23.0482,254.1478,0.6708,0.3178,0.0000,0.8056,0.3967,16.9282,72.2586
20.2285,STABLE,ASCEND,0.0208,0.0126,0.3362,0.5242,0.6667,0.3333,0.2654,0.0598,0.3281,0.9604,68.0000,0.0004,45.4342,25.8341,0.2654,0.0000,0.1111,0.0556,0.1111,0.2222,0.1111,0.2778,0.1111,245.1440,294.0469,0.0303,14.2571,5.0630,31.6538,0.0091,-0.0000,0.4702,0.5493,0.4993,10.3161,0.2043,0.0018,2.3632,1.6934,0.5605,1.3556,7.7193,4.4862,4.0278,-0.0067,1.0010,-0.1183,-0.3800,0.2881,0.7905,0.0010,1.1304,-0.2250,-14.1843,-28.8327,-0.0000,0.0003,1.0000,0.0155,6507.2572,22.7658,243.5165,0.6282,0.3618,0.0000,0.8056,0.4033,18.3136,11.6675
20.2702,ASCEND,ASCEND,1.1579,-0.0000,7.3225,11.0933,0.4615,0.5385,3.6773,0.1685,8.6111,40.1426,62.0000,0.0004,66.9146,35.0912,3.6773,0.0769,0.2308,0.1538,0.0769,0.0385,0.1923,0.1538,0.0769,243.0848,293.2321,0.0252,8.6655,3.1719,25.4836,0.0062,0.0000,0.2921,0.3637,0.5046,5.2836,0.4539,0.0050,0.4108,1.3951,0.2653,0.6367,1.3440,5.2115,3.7302,-0.0323,0.9949,1.0588,1.3079,3.8124,16.7748,0.0219,1.1955,0.1623,-20.3707,-38.4168,0.0000,0.0004,0.8462,0.0152,6465.4954,22.4820,235.7719,0.6033,0.3337,0.0000,0.8944,0.4933,17.9015,142.4933
20.3120,ASCEND,ASCEND,3.2270,-0.0067,12.1370,19.2184,0.3333,0.6250,4.2250,0.0709,13.6727,63.4316,59.0000,0.0003,69.7211,67.0235,4.2250,0.1250,0.1250,0.0833,0.1667,0.1250,0.0417,0.1667,0.1667,242.1953,290.5015,0.0199,6.8323,3.5368,28.9939,0.0036,0.0000,0.2834,0.3357,0.5052,7.1655,0.3090,0.0052,0.2025,0.8557,0.1131,0.4513,0.7640,1.9835,6.9857,-0.1122,0.9981,0.9802,0.1431,4.2650,26.1612,-0.0158,0.9608,-0.0075,4.9249,6.9884,-0.0000,-0.0001,0.8333,0.0143,5770.4222,21.9651,237.8079,0.4893,0.3738,1.9415,0.8444,0.5903,30.1999,126.6663
20.3537,ASCEND,ASCEND,4.7505,0.0031,12.1152,38.7310,0.6471,0.3529,5.9314,0.0497,14.5279,49.5919,65.0000,0.0004,65.6958,51.6719,5.9314,0.0000,0.1471,0.1176,0.0588,0.0294,0.1471,0.1765,0.3235,243.4575,302.2452,0.0123,21.2141,6.7266,38.6003,0.0105,-0.0000,0.3104,0.2873,0.4848,9.8777,0.3406,0.0034,0.1242,0.3908,0.0496,0.2725,1.1168,1.1257,15.8437,0.0979,0.9997,-0.4518,0.5617,5.9750,47.9470,0.0565,1.0278,0.3878,-2.5998,-6.9834,0.0000,0.0000,0.8529,0.0137,4585.8446,21.1159,246.2509,0.3679,0.4804,0.9710,0.8417,0.5901,28.4676,31.2203
20.3954,ASCEND,ASCEND,0.0169,0.0002,0.5680,0.1330,0.5882,0.4118,0.3857,0.0054,0.9026,4.2876,39.0000,0.0002,99.3017,82.9609,0.3857,0.2059,0.2647,0.0882,0.0000,0.0588,0.1471,0.1176,0.1176,217.9983,265.9802,0.0067,12.3745,7.8712,60.0081,0.0104,-0.0000,0.5044,0.2283,0.4995,14.4040,0.2860,0.0018,0.0665,0.1716,0.0393,1.2035,0.5993,0.4820,15.3557,-0.1640,0.9997,1.0269,-0.5234,0.4306,1.6215,0.0001,1.0050,0.8338,0.9333,-1.6510,0.0000,-0.0000,1.0000,0.0099,4309.0966,17.8680,223.3797,0.3317,0.4775,0.0000,0.8056,0.3567,32.8042,-7.9030
20.4371,ASCEND,ASCEND,0.0051,0.0000,0.2028,0.2130,0.5333,0.4667,0.1662,0.0554,0.3040,1.1267,35.0000,0.0002,79.1555,67.0398,0.1662,0.1000,0.1000,0.2667,0.0667,0.1333,0.2000,0.1000,0.0333,224.8619,268.5363,0.0057,1.7289,0.7024,7.5798,0.0002,0.0000,0.1104,0.1200,0.5210,2.1505,0.3904,0.0020,0.1010,0.2755,0.0696,0.2662,0.2703,0.5754,0.4815,0.0442,0.9998,-0.1780,0.2335,0.1848,0.9420,0.0017,1.0037,0.3890,0.1971,0.0515,0.0000,0.0000,1.0000,0.0096,4178.9420,18.3380,230.9243,0.3641,0.4594,0.0000,0.8056,0.4633,27.8083,-194.1147
20.4788,STABLE,ASCEND,0.1414,0.0020,0.5910,0.7062,0.6129,0.3871,0.4067,0.0754,1.0532,5.6339,59.0000,0.0003,69.4316,53.2818,0.4067,0.0968,0.0968,0.2258,0.1290,0.0645,0.1613,0.1290,0.0968,227.1241,274.2022,0.0080,2.4370,1.0817,10.7541,0.0001,-0.0000,0.1321,0.1561,0.4969,1.9033,0.2054,0.0021,0.1622,0.4797,0.2112,0.6347,0.6336,0.7550,0.6013,-0.0504,0.9992,0.4608,0.1599,0.4396,1.5525,0.0013,0.9597,1.5788,3.3071,0.6265,0.0001,-0.0002,1.0000,0.0097,4316.9650,19.1849,227.5163,0.4149,0.4141,0.0000,0.8056,0.3567,16.6118,-207.0130
20.5205,ASCEND,ASCEND,0.1103,0.0002,1.1225,2.4908,0.5250,0.4750,1.3450,0.2388,2.3260,11.8642,65.0000,0.0004,115.3566,86.2722,1.3450,0.0250,0.1250,0.2000,0.0750,0.2000,0.1750,0.0750,0.1250,231.2813,258.5179,0.0130,3.7534,1.6290,12.6633,-0.0001,0.0000,0.1825,0.2184,0.5060,2.4248,0.2688,0.0027,0.6283,0.5060,0.7592,1.1876,0.3011,0.9601,1.3119,-0.2909,0.9983,1.6556,-0.4920,1.3690,4.6120,-0.0006,1.0038,0.8503,0.5729,-1.5286,0.0000,-0.0000,0.9750,0.0106,4620.6700,20.3695,234.4288,0.4940,0.3139,0.0000,0.8056,0.3600,10.5400,-116.9178
20.5622,ASCEND,ASCEND,0.0588,0.0010,0.9910,2.4327,0.5745,0.4255,1.0382,0.1576,1.8833,8.2587,81.0000,0.0005,117.7539,91.4281,1.0382,0.1489,0.1915,0.2340,0.1277,0.0426,0.1277,0.1277,0.0000,223.1749,263.5580,0.0155,4.4768,1.6726,15.3632,0.0001,0.0000,0.2079,0.2689,0.5004,2.4211,0.1131,0.0040,0.6806,0.6236,1.6117,1.3643,0.6953,1.1645,0.8175,0.1073,0.9981,-0.1740,1.1069,1.0582,4.7615,0.0018,0.9974,-0.0179,-0.1406,0.7571,-0.0000,0.0000,0.9362,0.0100,4767.6544,21.1446,224.7754,0.5098,0.2604,0.0000,0.8056,0.3567,6.8589,-104.7138
20.6039,ASCEND,ASCEND,0.1704,0.0002,2.4095,1.6629,0.5294,0.4706,2.6130,0.0782,11.1713,77.4741,92.0000,0.0005,121.5178,95.6831,2.6130,0.0392,0.0980,0.2941,0.1176,0.1176,0.0784,0.1961,0.0588,216.6570,267.9270,0.0126,5.5114,1.9222,13.9101,0.0000,-0.0000,0.2186,0.3011,0.4970,2.3517,0.0241,0.0046,0.0103,1.3613,2.0464,1.8776,0.5284,1.2897,1.0646,0.0268,0.9998,-0.1007,0.0677,2.6581,9.3109,0.0108,1.0025,0.0031,-0.0916,0.0758,0.0000,-0.0000,0.9216,0.0115,4765.0946,22.3945,227.1674,0.5042,0.2393,0.0000,0.8056,0.3667,1.8051,-61.3713
20.6456,ASCEND,ASCEND,0.4391,-0.0021,2.7231,3.0944,0.4231,0.5769,1.5317,0.1195,3.5844,19.9946,103.0000,0.0006,132.3940,99.7530,1.5317,0.0577,0.1154,0.1538,0.1154,0.1538,0.1346,0.2308,0.0385,219.8810,267.8889,0.0238,7.9699,2.7743,18.2845,-0.0000,0.0000,0.2536,0.3684,0.5126,3.0319,0.2229,0.0033,0.0222,2.0253,3.5535,2.5436,0.4991,1.7178,1.7103,0.0497,0.9992,-0.0342,0.3723,1.5827,5.8792,0.0099,0.9977,0.0777,0.1949,0.0539,0.0000,-0.0000,0.9423,0.0122,4714.8516,23.0457,228.2913,0.4861,0.2647,0.0000,0.8056,0.4633,1.7395,117.5359
20.6873,ASCEND,ASCEND,-1.6039,0.0006,9.2076,3.1156,0.5854,0.4146,3.3767,0.1104,11.9071,75.3730,62.0000,0.0004,115.8973,92.4754,3.3767,0.0488,0.0976,0.1463,0.1463,0.0976,0.2195,0.1707,0.0732,235.1879,266.1602,0.0245,11.3859,3.9013,31.2428,-0.0001,0.0000,0.3370,0.4233,0.5159,5.0755,0.1739,0.0027,0.2501,2.2562,7.0819,3.0623,0.5798,2.6673,1.1169,0.0400,1.0001,-0.1316,-0.0096,3.4355,11.5303,-0.0516,1.0081,0.0593,-0.6702,-0.1172,0.0000,0.0000,0.8537,0.0124,5030.1929,23.7618,233.6459,0.5014,0.2401,0.0000,0.8056,0.3700,11.6096,127.3233
20.7290,ASCEND,ASCEND,0.9899,-0.0032,5.6588,2.6656,0.4615,0.5385,2.9105,0.0757,11.7162,73.5721,70.0000,0.0004,87.8530,78.5745,2.9105,0.1282,0.0769,0.0513,0.0513,0.1538,0.1795,0.2051,0.1538,232.0508,274.8102,0.0272,12.8963,4.3021,27.0760,-0.0002,0.0000,0.3426,0.4035,0.5056,4.4044,0.3594,0.0021,0.4503,3.2300,8.2109,1.9151,0.8184,2.5863,0.8083,-0.0574,1.0026,-0.2957,-1.1170,2.9551,6.4794,0.0202,0.9664,0.0921,16.8181,4.9178,0.0000,-0.0001,0.8462,0.0127,5239.3336,23.3126,234.6263,0.5192,0.2397,0.0000,0.8056,0.3667,12.3604,-42.0927
20.7707,ASCEND,ASCEND,3.6469,0.0003,14.6776,14.6353,0.5526,0.4474,4.4964,0.0820,16.3931,73.4692,76.0000,0.0004,91.0278,80.6313,4.4964,0.0789,0.0789,0.1053,0.0789,0.1053,0.2368,0.1842,0.1316,233.7732,276.6744,0.0293,8.6708,3.1204,18.5692,0.0004,0.0000,0.2861,0.3793,0.5047,3.2932,0.0520,0.0039,0.3784,4.5102,3.5514,2.5159,1.4943,1.1800,0.8855,-0.0276,0.9999,0.1673,-0.1036,4.5078,23.0972,0.0633,0.9977,0.2113,0.0093,-0.2548,0.0000,-0.0000,0.9211,0.0125,5365.2707,23.4802,240.4873,0.5197,0.2576,0.0000,0.8056,0.3633,8.0983,-120.9627
20.8125,ASCEND,ASCEND,0.4268,0.0005,2.6288,0.3330,0.6250,0.3750,0.7698,0.0127,3.8689,24.8783,111.0000,0.0006,92.8671,85.2209,0.7698,0.1000,0.1000,0.2250,0.1000,0.1750,0.0250,0.1250,0.1500,226.2480,272.6730,0.0215,7.0867,2.3848,14.9144,-0.0000,-0.0000,0.2524,0.3484,0.4911,3.6930,0.0828,0.0112,0.3010,2.5743,3.4337,1.4099,0.9055,1.5331,0.9093,-0.0197,1.0005,-0.0172,-0.2558,0.7935,0.7513,0.0090,0.9957,-0.0230,0.2708,0.0100,-0.0000,-0.0000,0.9750,0.0111,5662.2725,22.2787,231.8025,0.5306,0.2811,0.0000,0.8056,0.2900,2.2701,-105.1394
20.8542,ASCEND,ASCEND,-0.8729,0.0003,4.4045,3.5564,0.5686,0.4314,3.2037,0.0556,5.9421,22.8778,100.0000,0.0006,114.3547,86.0563,3.2037,0.0196,0.1569,0.1765,0.1373,0.0784,0.1176,0.2157,0.0980,219.8461,267.0894,0.0281,6.0884,2.0862,13.7942,0.0001,-0.0000,0.2330,0.3114,0.4823,2.8511,0.3194,0.0091,0.4434,2.6490,2.7321,0.7795,0.7736,1.3242,0.5607,0.1046,1.0025,-1.1676,-0.4579,3.3953,18.3682,-0.0167,0.9983,0.0149,0.2061,-0.1070,0.0000,-0.0000,0.7843,0.0123,6107.1262,22.1699,234.0052,0.5463,0.2979,0.0000,0.8056,0.2900,-0.6720,80.3917
20.8959,DESCEND,ASCEND,-0.2741,0.0003,2.1663,2.3564,0.5686,0.4314,2.1276,0.0593,4.0622,19.2257,80.0000,0.0005,118.1224,92.6861,2.1276,0.0392,0.2157,0.1961,0.1373,0.0588,0.1569,0.1373,0.0588,229.0033,267.9636,0.0394,6.1041,3.6450,36.3733,-0.0010,-0.0000,0.2991,0.3258,0.4929,7.4035,0.1918,0.0022,0.2317,2.1087,1.5023,0.4736,5.6534,1.1457,0.7306,-0.0029,1.0018,-0.4037,-0.3854,2.2002,11.3796,-0.0086,1.0001,-0.0770,-0.5830,-0.4535,-0.0000,0.0000,0.8235,0.0162,6182.6528,23.9073,242.2577,0.5930,0.3113,0.0000,0.8333,0.4167,8.9761,252.6162
20.9376,DESCEND,ASCEND,0.2469,-0.0001,5.5338,7.3578,0.4706,0.5294,3.3269,0.0770,7.8883,46.2228,95.0000,0.0005,119.2679,93.9373,3.3269,0.1176,0.0392,0.1961,0.1373,0.0784,0.1373,0.2157,0.0784,225.9971,277.5778,0.0364,5.6121,2.4159,23.6627,0.0001,-0.0000,0.2368,0.3274,0.4939,3.4761,0.3774,0.0018,0.4622,1.5811,0.6077,0.1846,4.1294,1.2255,1.4206,-0.0689,1.0017,0.0195,-0.8589,3.3994,16.5572,0.0083,1.0145,0.0207,0.2440,-2.0980,0.0000,0.0000,0.8235,0.0183,6254.2513,24.3919,247.2697,0.6186,0.3152,0.0000,0.8944,0.5067,20.4004,245.7173
20.9793,DESCEND,ASCEND,-0.3530,0.0006,3.6441,3.3329,0.6176,0.3824,2.9120,0.0833,5.9522,26.4780,76.0000,0.0004,127.5498,103.1988,2.9120,0.0882,0.2353,0.0882,0.0294,0.0588,0.1176,0.2647,0.1176,215.1542,273.8968,0.0307,8.3624,3.6047,26.2013,0.0028,-0.0000,0.3500,0.4462,0.4891,6.8831,0.5950,0.0017,1.5568,2.1577,0.3248,0.8108,5.8829,2.2623,1.8178,-0.0280,1.0014,-0.1759,-0.5773,2.8831,14.5878,-0.0073,1.0824,1.4368,1.6493,-11.0893,0.0001,0.0001,0.7941,0.0170,6225.7098,23.4192,242.7778,0.6505,0.3193,0.0000,0.8778,0.5367,29.4730,103.8527
21.0210,ASCEND,ASCEND,-0.4252,-0.0001,3.9661,5.3258,0.4839,0.5161,2.5403,0.2288,4.1489,17.8849,68.0000,0.0004,88.2164,77.0874,2.5403,0.0323,0.0645,0.3226,0.1290,0.0645,0.1613,0.1613,0.0645,218.9933,295.0321,0.0294,13.0780,5.4005,42.2628,0.0026,-0.0000,0.4545,0.5174,0.4853,9.6549,0.4964,0.0015,2.7775,1.5329,0.6030,1.2356,8.8542,2.6809,3.8744,-0.2765,0.9923,3.2076,1.3234,2.7801,9.6335,-0.0069,1.2313,-1.3123,-13.2847,-49.1990,-0.0001,0.0006,0.7742,0.0164,6250.8205,23.5957,255.8663,0.6722,0.3207,0.0000,0.8944,0.4100,29.0634,19.0796
21.0627,ASCEND,ASCEND,1.7740,0.0005,6.2566,9.6149,0.5909,0.4091,2.5251,0.0139,8.0503,36.3675,58.0000,0.0003,59.3479,47.7040,2.5251,0.0909,0.0909,0.0909,0.0909,0.0909,0.0455,0.3182,0.1818,223.7229,296.2145,0.0269,7.4775,2.6514,21.6251,0.0066,0.0000,0.3135,0.3807,0.5069,5.8896,0.1485,0.0094,0.4865,0.3762,0.7334,0.8663,3.2010,3.2562,2.1101,-0.2221,0.9997,1.2799,-0.8549,2.5685,14.8689,0.0330,1.0028,-0.0337,2.4669,-3.1860,-0.0000,-0.0000,0.9091,0.0130,6212.6611,22.2797,242.8674,0.5951,0.3666,0.0000,0.8056,0.3933,31.0646,123.4467
21.1044,ASCEND,ASCEND,4.1036,0.0008,10.7420,30.0088,0.6400,0.3600,5.5337,0.0849,12.7930,44.3750,56.0000,0.0003,81.1632,85.3236,5.5337,0.1200,0.2400,0.0800,0.0400,0.0800,0.0800,0.2000,0.1600,220.0573,302.6255,0.0237,7.3345,3.5058,36.4916,0.0071,-0.0000,0.2900,0.3314,0.4989,5.5687,0.3355,0.0190,0.3406,1.5928,0.1957,0.4840,0.9623,2.2870,5.3258,-0.0786,1.0013,0.1450,-0.5077,5.5810,37.9846,0.0447,1.0427,0.3983,-0.4852,-9.9230,-0.0000,0.0001,0.8400,0.0139,5964.7041,22.1862,242.6145,0.5529,0.3498,5.9181,0.8694,0.5496,39.3609,159.0219
21.1461,ASCEND,ASCEND,5.3372,0.0043,12.9563,36.4423,0.6000,0.4000,6.4157,0.0662,14.6872,52.9271,96.0000,0.0006,74.5180,64.6188,6.4157,0.0286,0.1714,0.2000,0.0286,0.0000,0.1714,0.2000,0.2000,227.0645,321.3762,0.0205,20.6324,8.2009,55.8481,0.0040,-0.0000,0.3858,0.3174,0.4931,7.2659,0.2716,0.0118,0.1469,0.4635,0.0392,0.4550,0.9163,1.5299,18.8642,-0.2268,1.0001,1.2202,-0.9323,6.5037,41.3990,0.0523,0.9833,0.2260,4.6111,1.5492,0.0000,-0.0000,0.8286,0.0139,5144.2092,21.5920,246.1615,0.4148,0.4270,1.9637,0.8444,0.5837,44.3297,-28.4169
21.1878,ASCEND,ASCEND,1.2831,0.0001,6.1710,10.5365,0.5417,0.4583,2.2364,0.0297,6.9756,42.4816,67.0000,0.0004,109.2113,106.4378,2.2364,0.1042,0.0833,0.1458,0.1250,0.1042,0.1042,0.2500,0.0833,222.0151,306.1911,0.0102,8.1135,4.0330,30.3197,0.0068,-0.0000,0.2711,0.2292,0.4941,5.9874,0.0589,0.0016,0.3258,0.2306,0.0363,0.2596,1.1999,1.0387,8.0992,-0.0214,0.9998,0.0398,-0.0537,2.2960,14.3081,0.0167,0.9799,-0.9901,1.4069,1.2405,-0.0000,-0.0001,0.9167,0.0132,4274.1220,20.7478,250.7430,0.3181,0.4914,0.0000,0.8056,0.3600,36.9905,-103.5274
21.2295,STABLE,ASCEND,-0.1658,-0.0003,0.4984,0.0317,0.3590,0.6410,0.4840,0.0072,1.4164,7.8805,40.0000,0.0002,73.9264,75.5856,0.4840,0.0513,0.0769,0.2308,0.0513,0.0513,0.1538,0.2564,0.1282,209.0992,302.6086,0.0083,10.8467,7.7870,62.3784,0.0075,-0.0000,0.4977,0.2640,0.4861,12.1037,0.2742,0.0011,0.1193,0.1392,0.0448,1.1557,0.6119,0.6699,14.8667,-0.0463,0.9980,0.6352,0.5259,0.5523,2.5113,0.0005,0.9788,0.2478,0.5627,3.2899,0.0000,-0.0000,0.9744,0.0096,4245.3183,17.9623,240.7219,0.2888,0.4723,0.0000,0.8056,0.3533,35.6938,-61.3234
21.2712,STABLE,ASCEND,-0.1106,0.0004,0.4161,0.1396,0.6111,0.3889,0.3254,0.0516,0.7257,3.6509,41.0000,0.0002,73.6376,67.3922,0.3254,0.0000,0.2778,0.1667,0.1389,0.0000,0.1111,0.1389,0.1667,215.6166,282.3251,0.0046,1.7696,0.7550,9.6787,0.0000,-0.0000,0.1177,0.1349,0.4984,2.0011,0.1877,0.0014,0.1239,0.1954,0.0665,0.4513,0.2350,0.6893,0.6020,-0.0048,0.9986,0.3473,0.3146,0.3624,1.1228,0.0038,0.9940,0.1434,0.9340,0.5882,0.0000,-0.0000,1.0000,0.0101,4174.2108,18.3667,240.3409,0.3167,0.4543,0.0000,0.8056,0.3600,31.8751,-287.0079
21.3130,STABLE,ASCEND,0.0053,0.0000,2.5614,2.0182,0.5000,0.5000,1.2348,0.0695,3.4040,17.2729,53.0000,0.0003,71.2300,59.7249,1.2348,0.1389,0.1389,0.2500,0.0278,0.1111,0.1667,0.1389,0.0278,220.7488,281.5479,0.0073,3.0270,1.2611,10.0868,0.0001,-0.0000,0.1571,0.1694,0.4898,2.2541,0.1132,0.0019,0.2449,0.6002,0.2139,0.9484,0.5140,0.7900,0.8939,-0.1167,1.0014,0.2863,-0.7696,1.2767,8.1835,-0.0043,0.9161,2.3164,4.0068,2.7267,0.0001,-0.0004,0.9722,0.0105,4293.2669,19.2419,240.8196,0.3883,0.4266,0.0000,0.8056,0.3567,11.7525,-447.2549
21.3547,STABLE,ASCEND,0.1299,-0.0159,1.0406,0.1296,0.3714,0.6286,0.4858,0.0897,1.3938,8.1972,135.0000,0.0008,68.2425,63.1739,0.4858,0.0286,0.2000,0.2000,0.0857,0.1143,0.1714,0.1429,0.0571,224.7865,284.7063,0.0264,4.3443,1.5445,13.5506,0.0000,-0.0000,0.1844,0.2607,0.4918,2.3569,0.2150,0.0063,0.2336,0.6681,0.9436,2.0285,0.7462,1.1829,0.7592,-0.1647,0.9994,0.9676,-0.3659,0.4931,1.1893,-0.0019,1.0325,0.6192,-2.3779,-8.0179,0.0000,0.0001,0.9429,0.0115,4651.1621,22.5760,291.9374,0.4902,0.3573,0.0000,0.8056,0.4667,-5.4334,-140.4712
21.3964,ASCEND,ASCEND,0.8077,0.0097,4.4523,4.5705,0.6222,0.3778,3.0954,0.1291,11.2964,74.8919,144.0000,0.0008,87.6386,75.2273,3.0954,0.0889,0.1333,0.2000,0.0444,0.1778,0.1333,0.1556,0.0667,225.0062,279.3569,0.0269,6.2801,2.1987,15.3481,0.0000,-0.0000,0.2196,0.3087,0.4943,2.6602,0.0484,0.0099,0.1245,1.2763,2.2813,2.9826,0.8432,1.1322,1.0606,-0.0194,0.9991,0.3234,0.1985,3.1067,10.5630,0.0150,0.9972,0.1387,0.3819,-0.7710,-0.0000,-0.0000,0.8667,0.0136,4816.5465,23.5467,284.0424,0.5377,0.3124,0.0000,0.8056,0.4633,0.0349,200.8980
21.4381,ASCEND,ASCEND,-0.7865,0.0010,7.7578,4.6951,0.5435,0.4565,3.2537,0.0948,10.4738,68.2473,117.0000,0.0007,77.2899,66.7387,3.2537,0.1522,0.1087,0.2826,0.0870,0.1087,0.1087,0.0870,0.0652,229.6352,282.8371,0.0277,6.4442,2.3385,16.7282,-0.0001,0.0000,0.2198,0.3144,0.5162,2.8339,0.0795,0.0095,0.0399,1.4303,3.6457,2.4416,0.7810,1.3351,1.1928,-0.0554,1.0004,0.2080,-0.2260,3.2681,15.4882,-0.0279,1.0323,2.8665,-3.4640,-3.9735,0.0002,-0.0001,0.8261,0.0159,4868.4669,24.8436,289.2430,0.5516,0.2624,-3.8568,0.6056,0.5947,11.3248,354.0716
21.4798,DESCEND,ASCEND,2.2190,0.0085,9.3675,9.9083,0.5909,0.4091,4.1696,0.0819,13.9956,68.0077,135.0000,0.0008,68.3185,55.6684,4.1696,0.0455,0.2045,0.1364,0.1136,0.1136,0.1591,0.1364,0.0909,228.2511,286.4551,0.0267,8.2199,2.8203,16.7056,0.0000,0.0000,0.2426,0.3583,0.5024,2.3985,0.0892,0.0066,0.1035,1.9529,5.2120,2.2075,0.7088,1.6866,1.8443,-0.0150,1.0003,0.0282,-0.1624,4.1730,11.1154,0.0850,1.0060,0.2771,0.1775,-0.5112,0.0000,0.0000,0.8636,0.0175,4824.4138,25.7977,291.8156,0.5434,0.2714,0.0000,0.8056,0.3600,29.5703,319.5980
21.5215,DESCEND,ASCEND,-0.6507,0.0016,3.6668,2.0749,0.5476,0.4524,1.8232,0.0881,4.3542,19.1193,153.0000,0.0009,64.9766,49.1904,1.8232,0.0476,0.2381,0.1667,0.0714,0.1429,0.1667,0.1190,0.0476,227.1435,293.9539,0.0257,9.7905,3.5191,25.4920,-0.0000,0.0000,0.2760,0.3862,0.5169,3.2181,0.2485,0.0031,0.2504,2.8950,5.3996,3.8953,0.8088,1.8215,1.6262,0.2013,1.0018,-1.4402,0.3191,1.8744,9.0746,-0.0103,1.0098,-0.2216,1.3631,-1.0243,0.0000,0.0000,0.9048,0.0184,5141.2259,26.0759,293.4494,0.5273,0.2497,0.0000,0.8056,0.4600,37.9846,152.9745
21.5632,ASCEND,ASCEND,-0.7476,-0.0096,10.3504,15.5890,0.3962,0.6038,10.8552,0.4296,22.0482,70.4627,100.0000,0.0006,88.2500,70.8244,10.8552,0.1698,0.0943,0.1132,0.0566,0.1321,0.1698,0.1698,0.0943,224.2627,294.4087,0.0152,10.3577,3.6939,27.7909,0.0000,0.0000,0.2918,0.4109,0.5177,3.5408,0.1315,0.0020,0.0284,3.4462,6.6183,2.3097,0.9484,2.7491,1.6379,-0.0123,0.9962,0.9703,1.0714,10.8655,67.4617,-0.0365,1.0200,0.8995,1.2796,-1.4408,0.0001,0.0000,0.7547,0.0136,5126.8485,24.4978,272.5175,0.5076,0.2755,3.2473,0.6278,0.4708,42.3310,59.6365
21.6049,STABLE,ASCEND,5.6353,0.0029,16.2464,41.8486,0.6200,0.3800,13.9649,0.0420,25.9437,74.9442,141.0000,0.0008,70.4343,55.1955,13.9649,0.0200,0.0800,0.2400,0.1000,0.3000,0.1000,0.1200,0.0400,227.3819,292.2114,0.0215,10.3554,3.7399,27.0781,-0.0001,0.0000,0.2900,0.4000,0.5049,3.5420,0.2708,0.0016,0.1601,4.3953,6.7666,2.1357,1.2310,1.8994,1.2370,0.1547,0.9974,-0.2610,1.4456,13.9713,68.9704,0.2000,0.7344,0.0019,47.7015,61.2360,-0.0000,-0.0005,0.7200,0.0144,5453.5782,24.7284,285.2965,0.5257,0.2441,0.0000,0.8056,0.4633,42.9593,-48.2584
21.6466,STABLE,ASCEND,6.4776,0.0000,19.2008,58.5216,0.5085,0.4915,9.5448,0.1531,21.5979,73.3558,77.0000,0.0004,92.4362,78.4523,9.5448,0.1017,0.0847,0.1186,0.1864,0.1186,0.1356,0.1525,0.1017,221.1947,292.0410,0.0194,9.1263,3.2541,18.9061,0.0000,-0.0000,0.2929,0.4125,0.4920,4.4171,0.0666,0.0071,0.3274,4.4727,4.6233,1.9731,1.3435,1.7689,1.4633,0.0118,1.0004,-0.0034,-0.1567,9.6273,67.4822,0.1290,1.0289,3.0409,-2.2672,-3.0432,0.0001,-0.0000,0.7797,0.0138,5549.5116,23.7076,277.4445,0.5165,0.2627,0.0000,0.8056,0.3633,38.3054,-110.3828
21.6883,STABLE,ASCEND,-0.0198,0.0004,6.3307,1.7287,0.5333,0.4667,2.0196,0.0459,7.5529,44.2241,118.0000,0.0007,76.5896,71.8326,2.0196,0.1778,0.0667,0.1111,0.1556,0.1333,0.1111,0.1333,0.1111,215.9958,289.3354,0.0216,7.3769,2.7716,21.0352,0.0000,-0.0000,0.2783,0.3628,0.4889,4.7324,0.1146,0.0103,0.2001,2.3914,4.6888,1.1292,0.7513,1.9195,0.8189,0.0046,1.0011,-0.0402,-0.2707,2.1253,2.6018,-0.0025,0.9716,-0.3873,-1.4154,1.8430,-0.0000,-0.0001,0.9556,0.0121,5896.3325,23.0077,268.2850,0.5386,0.2760,0.0000,0.8056,0.3633,33.7515,-126.0991
21.7300,STABLE,ASCEND,-0.2184,-0.0002,7.1753,3.1155,0.4118,0.5882,3.4642,0.0746,10.3833,65.1878,137.0000,0.0008,93.1891,79.5454,3.4642,0.0392,0.1176,0.1373,0.1176,0.0784,0.2353,0.1569,0.1176,214.7194,289.6003,0.0231,5.3613,1.9060,11.8180,-0.0000,-0.0000,0.2231,0.3312,0.4792,2.9498,0.3740,0.0021,0.3798,1.9983,2.4445,0.9656,0.5726,1.7956,0.7311,0.0193,1.0007,-0.2440,-0.0283,3.5209,15.5933,-0.0172,1.0137,0.3449,-0.3497,-2.3888,0.0000,0.0000,0.8627,0.0123,6249.0248,22.8488,265.3188,0.5414,0.2787,0.0000,0.8056,0.3600,27.7867,-245.1649
21.7717,DESCEND,ASCEND,-0.6337,0.0002,5.4554,4.0271,0.5161,0.4839,5.3254,0.3666,13.8121,71.5967,99.0000,0.0006,105.6657,88.3950,5.3254,0.0806,0.2097,0.2097,0.0645,0.1129,0.0968,0.1129,0.1129,223.5895,289.9946,0.0398,6.9154,4.3230,42.7064,0.0024,-0.0000,0.3756,0.3977,0.4854,9.6307,0.1880,0.0014,0.2488,2.5767,1.8959,0.7961,6.4794,1.6674,0.7917,-0.0256,1.0015,-0.1367,-0.3694,5.4020,22.8677,-0.0122,0.9326,-1.9747,4.0989,19.2356,-0.0001,-0.0001,0.7419,0.0169,6301.6573,24.7605,281.5192,0.5792,0.3023,0.0000,0.8778,0.3433,13.3007,-178.2036
21.8135,DESCEND,ASCEND,0.0501,0.0004,1.3467,2.3903,0.5400,0.4600,0.7102,0.0202,1.4171,5.5687,151.0000,0.0009,107.4911,97.4116,0.7102,0.0200,0.2200,0.1000,0.0800,0.0800,0.1000,0.2000,0.2000,223.0662,290.4063,0.0318,5.9545,2.1070,15.0549,-0.0001,-0.0000,0.2285,0.3354,0.4871,3.6410,0.1648,0.0014,0.1443,1.9569,1.0132,0.2260,3.5617,1.5583,0.9818,0.0115,1.0001,-0.0303,-0.0015,0.7438,4.1481,0.0040,1.0008,0.0295,-0.0746,-0.6552,-0.0000,0.0000,0.9800,0.0171,6438.5848,24.9540,284.6860,0.6045,0.3028,0.0000,0.8944,0.5033,12.9215,-100.5659
21.8552,DESCEND,ASCEND,-0.6440,0.0008,2.8507,1.3516,0.6316,0.3684,2.2260,0.0465,4.3450,19.0218,80.0000,0.0005,120.5932,103.2295,2.2260,0.1316,0.1053,0.1579,0.1316,0.0000,0.2368,0.1053,0.1316,237.0495,276.1719,0.0367,6.6069,2.3243,16.9683,0.0036,-0.0000,0.2807,0.3833,0.4835,5.5168,0.2989,0.0018,0.3472,1.6107,0.3798,0.3954,4.2193,2.0149,1.8815,-0.0109,1.0014,-0.2763,-0.4730,2.2434,10.5394,-0.0145,0.9830,-0.3103,2.6844,-6.0973,-0.0001,-0.0000,0.8421,0.0178,6436.9636,24.6297,279.9502,0.6348,0.2966,0.0000,0.8944,0.4833,4.9118,-248.5849
21.8969,STABLE,ASCEND,-0.5935,0.0003,4.5000,2.8416,0.5161,0.4839,2.2569,0.0206,6.4137,30.2092,64.0000,0.0004,73.8627,75.6427,2.2569,0.0323,0.0968,0.1613,0.0323,0.1613,0.1613,0.2581,0.0968,247.9424,281.3310,0.0341,11.0935,5.3712,44.5354,0.0062,-0.0000,0.4177,0.4376,0.4975,12.2844,0.2569,0.0019,2.4115,1.7576,0.4029,1.2132,8.2724,2.1149,2.7434,0.0443,1.0005,-0.3307,-0.0302,2.2866,14.8120,-0.0114,1.0787,-1.3858,-12.6234,-17.3800,-0.0001,0.0002,0.8387,0.0154,6383.4179,23.2353,280.7314,0.6148,0.3358,0.0000,0.8944,0.3467,-7.8146,-80.2026
21.9386,STABLE,ASCEND,0.6636,0.0109,1.8468,4.6723,0.5714,0.4286,1.3145,0.0590,2.7629,8.6780,65.0000,0.0004,76.7671,81.3394,1.3145,0.0714,0.0000,0.2143,0.2143,0.1429,0.1429,0.1429,0.0714,238.6302,286.0055,0.0305,9.1925,3.6828,27.8392,-0.0016,-0.0000,0.3733,0.3879,0.4928,7.3208,0.2456,0.0036,0.7468,1.8018,0.6702,0.7916,5.4343,2.6685,2.6117,-0.2695,0.9976,1.8931,-0.2475,1.3794,7.9012,0.0049,1.0407,0.7752,1.8471,-9.9112,0.0000,0.0001,0.9286,0.0145,6579.9512,23.3774,274.4069,0.6239,0.3214,0.0000,0.8056,0.4000,-1.7784,218.1275
21.9803,ASCEND,ASCEND,-0.0063,0.0019,6.2996,0.6985,0.5714,0.4286,3.2120,0.0417,7.7266,33.5286,58.0000,0.0003,76.4124,67.4163,3.2120,0.1429,0.1905,0.1429,0.0476,0.1429,0.2381,0.0000,0.0952,231.9843,287.0483,0.0310,6.5642,2.8438,25.8281,0.0052,0.0000,0.2999,0.3269,0.5027,5.4248,0.1700,0.0630,0.3597,0.4712,0.4278,0.7379,1.0586,3.6595,3.6580,-0.0004,0.9999,0.0577,0.0036,3.2306,12.3846,-0.0042,1.3781,5.0830,-40.3155,-86.9668,0.0004,0.0006,0.8571,0.0126,5987.5218,22.4489,270.5634,0.5363,0.3311,0.0000,0.8944,0.4867,10.3809,166.9200
22.0220,ASCEND,ASCEND,0.7947,0.0011,4.3102,3.6206,0.5172,0.4828,1.7204,0.0427,5.1434,26.1085,61.0000,0.0004,63.9238,63.1226,1.7204,0.0690,0.1034,0.1379,0.1724,0.2414,0.1034,0.0690,0.1034,224.5287,290.0579,0.0302,9.9358,3.7523,26.3460,0.0113,-0.0000,0.2767,0.3409,0.4986,7.4506,0.5545,0.0920,0.1258,0.9326,0.1300,0.3290,0.8233,4.6873,5.6296,-0.0357,0.9985,0.4541,0.3324,1.7611,9.0185,0.0079,0.6627,1.9097,40.4024,65.4469,0.0001,-0.0008,0.8966,0.0139,5681.4196,22.7493,287.6698,0.4832,0.3836,0.0000,0.8944,0.5033,12.1455,26.8568
22.0637,ASCEND,ASCEND,2.7637,0.0002,8.7226,26.7858,0.5312,0.4688,3.4832,0.0464,10.6008,38.2870,59.0000,0.0003,58.7939,49.6267,3.4832,0.0625,0.0625,0.0000,0.0625,0.1875,0.0625,0.2812,0.2812,232.3851,296.6935,0.0189,24.7482,9.4465,64.4981,0.0021,-0.0000,0.4094,0.2732,0.4861,9.9067,0.4665,0.0097,0.1299,0.5511,0.1922,0.7002,0.8467,1.2691,21.5306,0.0078,1.0004,-0.1222,-0.1204,3.4782,35.1627,0.0283,1.0047,-0.1435,-0.6460,-1.4295,-0.0000,0.0000,0.9062,0.0146,4697.9361,21.8178,284.9007,0.3653,0.4604,0.0000,0.8056,0.3567,12.6212,-34.2400
22.1054,ASCEND,ASCEND,0.2904,-0.0003,2.1314,1.2538,0.3429,0.6571,1.5105,0.0170,5.1726,29.6599,55.0000,0.0003,72.3680,64.1393,1.5105,0.0857,0.1143,0.1714,0.0571,0.0571,0.1143,0.2857,0.1143,244.3871,286.0127,0.0076,3.6261,1.4951,12.5840,0.0009,-0.0000,0.1783,0.1997,0.4867,3.2462,0.2692,0.0011,0.2697,0.3287,0.0811,0.3100,0.4984,0.8899,2.7720,-0.1481,0.9998,0.8634,-0.5337,1.5358,5.8358,0.0016,0.9374,0.6154,8.1958,12.1311,0.0000,-0.0002,0.9143,0.0133,3899.3073,20.5854,272.7915,0.2818,0.5264,0.0000,0.8389,0.4200,9.2893,-17.4059
22.1471,STABLE,ASCEND,-0.1044,-0.0000,0.6539,0.1318,0.4839,0.5161,0.2143,0.0024,0.7149,3.9972,39.0000,0.0002,58.3947,55.9078,0.2143,0.0968,0.1935,0.1613,0.0968,0.0000,0.1613,0.1935,0.0968,240.4753,288.9607,0.0050,9.7683,5.9686,46.0665,0.0077,-0.0000,0.4109,0.2343,0.4992,10.7660,0.0515,0.0014,0.2361,0.1137,0.0559,1.2542,0.4771,0.5022,11.8317,-0.0440,0.9999,0.2626,-0.0912,0.2345,0.6202,-0.0041,0.9920,2.1115,-0.2840,-2.4187,0.0001,-0.0001,1.0000,0.0093,4114.0053,17.7775,251.6676,0.2794,0.4989,0.0000,0.8056,0.3567,11.1692,-13.1407
22.1888,STABLE,ASCEND,0.0090,0.0051,0.8754,0.3613,0.5862,0.4138,0.4379,0.0351,1.0439,4.9047,53.0000,0.0003,46.4353,27.1775,0.4379,0.0690,0.1379,0.3793,0.1034,0.0690,0.0690,0.1379,0.0345,238.7062,293.8120,0.0092,3.2847,1.2444,8.3954,0.0003,-0.0000,0.1639,0.2099,0.4921,3.0743,0.3298,0.0020,0.5882,0.5223,0.1872,0.7638,0.4536,0.9512,1.0446,-0.1149,0.9958,1.4821,0.9420,0.5419,2.1345,0.0018,1.4332,-2.5311,-52.7298,-90.0511,-0.0002,0.0011,1.0000,0.0108,4375.8190,19.5488,258.9907,0.3929,0.4368,0.0000,0.8056,0.3533,8.1931,-172.5557
22.2305,STABLE,ASCEND,-1.1215,-0.0004,7.9104,6.7565,0.4872,0.5128,3.0923,0.0490,8.9621,39.3205,62.0000,0.0004,73.8166,73.5303,3.0923,0.1026,0.1282,0.2564,0.1538,0.0513,0.0256,0.2051,0.0769,236.0635,292.6945,0.0076,3.3411,1.2337,10.4694,-0.0000,-0.0000,0.1650,0.2116,0.4976,3.2245,0.0610,0.0045,0.2311,0.1720,0.6519,1.3887,0.3676,1.2019,0.8263,-0.0197,0.9995,0.1722,0.1360,3.1135,18.3148,-0.0294,0.9931,0.2789,0.3185,0.1041,0.0000,-0.0000,0.8462,0.0124,4677.0103,20.5385,263.1378,0.4619,0.3782,0.0000,0.8056,0.3600,-3.2248,-96.1660
22.2722,STABLE,ASCEND,0.2647,-0.0000,1.4036,2.2833,0.4722,0.5278,0.7159,0.0114,1.8068,9.3962,66.0000,0.0004,69.0240,66.5257,0.7159,0.0833,0.1389,0.2222,0.0833,0.0556,0.1667,0.1667,0.0833,232.7479,295.1718,0.0147,5.4291,2.1404,20.8865,0.0000,-0.0000,0.2200,0.3177,0.4948,3.2273,0.3325,0.0046,0.3582,0.6972,1.3952,2.8319,0.9264,1.4589,0.9931,-0.3248,1.0019,1.2765,-1.8069,0.8145,3.0674,-0.0044,1.0372,0.8063,-1.6915,-10.3842,0.0001,0.0000,0.9444,0.0107,4829.8499,21.6570,261.1092,0.5106,0.3198,0.0000,0.8056,0.4667,0.1713,31.9725
22.3140,STABLE,ASCEND,-0.0469,0.0001,1.1252,0.0770,0.5610,0.4390,0.6085,0.0233,1.4810,6.4998,63.0000,0.0004,94.1161,86.5943,0.6085,0.0488,0.2439,0.2927,0.0976,0.0244,0.1463,0.1220,0.0244,219.4510,281.5347,0.0082,5.1932,1.9583,17.9244,0.0000,0.0000,0.2158,0.3037,0.5090,2.4171,0.0602,0.0042,0.0038,1.1387,2.5021,1.5099,0.6762,1.1099,1.1362,0.0044,0.9990,0.1492,0.3828,0.6526,4.4442,-0.0001,0.9805,2.5657,0.4223,-0.9578,0.0001,-0.0001,1.0000,0.0112,4903.4478,22.5326,264.1689,0.4989,0.2764,0.0000,0.8056,0.3633,-0.5578,35.2192
22.3557,STABLE,ASCEND,0.0728,0.0004,0.5627,0.2174,0.5500,0.4500,0.2528,0.0475,0.8178,5.2093,85.0000,0.0005,85.6799,87.4165,0.2528,0.0750,0.1500,0.3500,0.1500,0.1000,0.0500,0.1250,0.0000,210.6248,285.5820,0.0170,6.0399,2.2926,17.5776,-0.0000,0.0000,0.2207,0.3146,0.5177,2.7914,0.1043,0.0035,0.0738,1.3708,3.9306,1.6550,0.7364,1.2494,0.8668,0.0254,0.9995,-0.0284,0.2724,0.2562,0.6278,0.0014,1.0014,-0.0472,-0.1334,0.2613,-0.0000,0.0000,0.9750,0.0128,4894.1517,23.7779,268.3169,0.4810,0.2662,0.0000,0.8056,0.4600,3.1091,184.0144
22.3974,STABLE,ASCEND,1.1423,0.0044,5.5346,6.1758,0.6136,0.3864,2.1737,0.0639,9.4105,62.0799,80.0000,0.0005,94.1218,84.1561,2.1737,0.0227,0.0909,0.1136,0.1818,0.1818,0.2045,0.1364,0.0682,200.0736,281.7214,0.0125,7.4129,2.6135,23.0132,0.0000,0.0000,0.2538,0.3620,0.5168,3.5499,0.0943,0.0019,0.0213,2.3438,2.8126,2.4547,0.8904,1.1235,1.7160,0.0031,1.0007,-0.2155,-0.2897,2.2171,7.7178,0.0304,0.9858,-0.6443,0.5672,0.7165,-0.0000,-0.0000,0.9318,0.0131,4896.3901,23.4909,256.6388,0.4560,0.2911,0.0000,0.8056,0.4633,14.7921,134.3901
22.4391,STABLE,ASCEND,-0.5599,0.0007,12.2946,1.5004,0.6170,0.3830,4.5646,0.0750,14.8506,63.2142,65.0000,0.0004,95.1149,82.5927,4.5646,0.0426,0.1915,0.1277,0.0638,0.1915,0.0426,0.2340,0.1064,200.9942,281.0933,0.0192,6.7088,2.5263,24.1938,-0.0000,0.0000,0.2698,0.3607,0.5100,5.5157,0.2790,0.0025,0.4477,1.8434,3.6237,2.3321,0.7639,1.5962,1.1402,-0.0247,1.0005,-0.1238,-0.1758,4.6264,44.1819,0.0068,1.0196,0.0338,-0.9123,-0.6711,0.0000,0.0000,0.9149,0.0150,5106.3739,24.3283,269.5463,0.4824,0.2796,0.0000,0.8056,0.3600,14.3195,42.9732
22.4808,ASCEND,ASCEND,0.0828,-0.0052,3.2020,2.1354,0.3556,0.6444,2.9075,0.0850,10.1858,65.2169,103.0000,0.0006,89.5986,75.6698,2.9075,0.0667,0.0444,0.0889,0.0667,0.1333,0.2222,0.2667,0.1111,206.3896,279.6476,0.0199,8.8356,3.1446,22.1124,-0.0001,0.0000,0.2773,0.3868,0.5142,3.9151,0.2661,0.0019,0.1347,3.8530,4.9405,1.4024,1.2918,1.8544,1.7367,0.0207,1.0003,-0.0782,-0.0519,2.9521,10.0924,0.0045,1.0383,1.2393,3.9934,-12.2079,0.0001,0.0000,0.8667,0.0170,5384.6149,24.3877,272.7063,0.5204,0.2525,0.0000,0.8056,0.2900,18.3768,155.1169
22.5225,ASCEND,ASCEND,4.1621,0.0000,11.1226,33.8967,0.5000,0.5000,7.5954,0.0627,19.2322,64.8311,76.0000,0.0004,86.7853,76.8068,7.5954,0.0435,0.0870,0.1739,0.1304,0.1522,0.1304,0.1739,0.1087,203.2676,277.6566,0.0179,6.3012,2.4397,20.5691,0.0001,0.0000,0.2524,0.3504,0.5225,2.7923,0.1743,0.0013,0.4731,1.9716,3.6140,1.9101,0.6534,1.3836,1.1304,-0.0457,1.0006,0.0854,-0.4035,7.6201,60.9566,0.1367,0.9844,0.5881,1.1561,-1.0095,0.0000,-0.0001,0.8478,0.0173,5403.9853,24.5380,280.6837,0.5248,0.2675,3.9980,0.6583,0.6215,27.2588,95.0292
22.5642,ASCEND,ASCEND,0.2284,-0.0000,3.2708,0.1552,0.4884,0.5116,0.9420,0.0448,3.3760,20.5480,101.0000,0.0006,91.2722,80.5582,0.9420,0.0698,0.1395,0.1395,0.0930,0.1163,0.1628,0.1860,0.0930,198.6918,277.4650,0.0199,6.9133,2.3872,16.6406,-0.0000,0.0000,0.2683,0.3629,0.4998,4.1590,0.1167,0.0017,0.2541,2.5000,3.1500,1.7223,0.9285,1.5380,1.3547,-0.0100,0.9999,0.0815,-0.0118,0.9514,4.2431,0.0224,0.9971,0.0540,0.1919,-0.1311,-0.0000,0.0000,0.9535,0.0141,5570.3566,23.2690,266.5747,0.5286,0.2612,0.0000,0.8056,0.2900,26.3038,-47.3731
22.6059,ASCEND,ASCEND,1.1874,0.0001,6.4880,8.5562,0.5600,0.4400,2.5881,0.0517,7.2095,41.3385,88.0000,0.0005,103.2725,92.6591,2.5881,0.1200,0.1000,0.1800,0.0600,0.0600,0.2600,0.0600,0.1600,203.5570,283.0859,0.0190,6.0488,2.1025,14.0029,0.0000,-0.0000,0.2414,0.3240,0.4900,3.3676,0.1705,0.0019,0.3116,2.1227,2.7107,1.4481,0.7528,1.5998,1.2230,0.0347,0.9992,-0.0381,0.1851,2.6802,14.1003,0.0164,1.0231,-0.6096,-1.1011,-0.0416,-0.0000,0.0001,0.8800,0.0137,5840.0100,23.0623,272.7808,0.5372,0.2722,0.0000,0.8056,0.4667,23.3071,-130.7843
22.6476,ASCEND,ASCEND,0.1217,0.0002,1.7021,2.2290,0.5714,0.4286,1.1433,0.0181,2.5267,9.2882,70.0000,0.0004,89.1395,74.5898,1.1433,0.0714,0.1190,0.3810,0.1190,0.1190,0.0714,0.1190,0.0000,204.5123,268.3948,0.0196,5.9651,2.1583,16.2655,0.0002,-0.0000,0.2452,0.3416,0.4847,4.0547,0.2954,0.0018,0.2927,2.5241,2.5586,1.0879,0.7843,1.4372,0.6858,0.0887,1.0013,-0.8821,0.0626,1.2606,8.5038,-0.0000,1.0020,0.6491,-1.3221,-0.7361,0.0000,-0.0000,0.8810,0.0129,6224.9012,22.6855,270.6104,0.5527,0.2625,0.0000,0.8333,0.4300,15.3942,-176.6835
22.6893,ASCEND,ASCEND,-0.9599,-0.0001,7.9761,1.5088,0.5000,0.5000,2.8130,0.2067,8.8177,56.3243,89.0000,0.0005,94.9234,79.8017,2.8130,0.1818,0.1591,0.1591,0.1136,0.0909,0.1136,0.1364,0.0455,205.4347,273.6382,0.0419,7.4849,4.0883,52.1929,0.0009,-0.0000,0.3904,0.3883,0.4828,5.3022,0.1623,0.0019,0.1947,2.8903,1.8485,0.9925,5.9278,1.6107,0.7565,-0.0138,1.0009,-0.0372,-0.1991,2.8563,12.5277,-0.0495,0.9999,-0.2553,0.1516,0.1567,-0.0000,0.0000,0.8636,0.0158,6178.1456,24.1740,258.9890,0.5714,0.3046,0.0000,0.8056,0.3200,8.5688,-192.3879
22.7310,ASCEND,ASCEND,2.4938,0.0017,8.9580,9.3144,0.6750,0.3250,3.1305,0.0235,9.8872,57.3785,87.0000,0.0005,101.1679,87.2135,3.1305,0.0500,0.1750,0.1500,0.1000,0.0750,0.1500,0.2000,0.1000,209.2774,267.3619,0.0322,5.5614,1.9153,13.0359,-0.0005,-0.0000,0.2337,0.3235,0.4759,3.2879,0.4889,0.0016,0.4894,1.9402,1.3491,0.2101,2.4973,1.2054,1.2941,-0.0512,1.0013,-0.0701,-0.5801,3.1397,12.6609,0.1280,0.9864,-0.1067,0.6301,0.2500,-0.0000,-0.0000,0.8750,0.0179,6324.0259,24.6366,264.8443,0.5764,0.3151,0.0000,0.8944,0.4733,-0.6542,-144.8896
22.7727,DESCEND,ASCEND,0.8261,0.0002,8.6114,1.7048,0.5333,0.4667,2.6858,0.0198,8.9550,56.9867,89.0000,0.0005,103.9357,87.6126,2.6858,0.2000,0.0222,0.1333,0.0444,0.1333,0.1333,0.2222,0.1111,211.7034,273.5899,0.0228,6.2380,2.3940,17.7475,0.0019,-0.0000,0.2441,0.3131,0.4959,3.7363,0.0478,0.0012,0.0643,1.3788,0.8023,0.2889,4.1807,1.5040,1.4858,0.0026,1.0005,-0.1049,-0.1337,2.7034,13.3782,0.0258,0.9971,-0.2988,0.4454,0.9604,-0.0000,0.0000,0.8889,0.0182,6388.5316,24.6034,265.9929,0.5936,0.2902,0.0000,0.8944,0.4933,-3.5174,-27.9325
22.8145,DESCEND,ASCEND,-2.1215,-0.0030,9.2874,0.1040,0.4118,0.5882,3.6415,0.0531,11.8475,66.5985,74.0000,0.0004,63.4529,43.4910,3.6415,0.0588,0.2647,0.0882,0.1176,0.0294,0.1471,0.1765,0.1176,211.9755,285.6102,0.0347,9.3099,6.1225,72.2393,0.0049,-0.0000,0.5067,0.4694,0.4953,6.3013,0.2463,0.0018,7.4684,1.7658,0.2732,0.7006,4.7043,2.0899,1.5420,-0.0084,0.9983,0.4039,0.4800,3.6490,15.5015,-0.0509,0.9910,0.7332,4.6438,1.4635,0.0000,-0.0001,0.8529,0.0165,6320.2846,23.4786,269.8789,0.6310,0.2747,0.0000,0.8944,0.5367,-2.9842,149.3836
22.8562,DESCEND,ASCEND,-1.2979,0.0011,7.2023,2.1749,0.5312,0.4688,5.0496,0.0522,14.7908,71.9010,64.0000,0.0004,60.9574,56.9319,5.0496,0.0938,0.0938,0.2500,0.0625,0.0312,0.2188,0.2500,0.0000,213.9596,291.5376,0.0330,9.7551,4.3323,34.5909,0.0034,0.0000,0.3635,0.3804,0.5018,7.8217,0.2587,0.0132,1.3786,0.5422,0.4003,1.2296,7.2597,2.0643,2.9489,0.0334,1.0003,-0.2170,0.0059,5.0690,29.9043,-0.0295,0.7876,0.7497,24.7124,41.8197,0.0001,-0.0005,0.8438,0.0143,6199.0940,23.1476,264.6458,0.5862,0.3530,0.0000,0.8944,0.3667,8.9437,212.1722
22.8979,DESCEND,ASCEND,-0.4163,-0.0016,1.9262,0.1189,0.3684,0.6316,0.6551,0.0219,2.0616,9.0713,57.0000,0.0003,58.0276,69.3517,0.6551,0.1579,0.0526,0.1579,0.2632,0.1053,0.0526,0.1579,0.0526,212.0370,288.8278,0.0290,6.1058,2.1886,15.1378,0.0055,-0.0000,0.2602,0.3247,0.4862,4.7240,0.3277,0.0316,0.3952,0.9549,0.2740,0.4200,2.6381,2.5131,1.7235,0.3524,1.0017,-2.2213,0.7880,0.6887,1.3431,-0.0088,0.9646,-0.2489,4.9106,7.7388,-0.0000,-0.0001,0.8947,0.0136,6320.0307,22.5942,256.6343,0.5984,0.3303,0.0000,0.8056,0.4400,14.7145,140.8022
22.9396,ASCEND,ASCEND,1.1014,-0.0007,3.2539,9.8535,0.3889,0.6111,1.8096,0.0355,4.2430,14.3381,52.0000,0.0003,48.8929,30.4239,1.8096,0.0000,0.2222,0.0556,0.1111,0.0000,0.1667,0.2778,0.1667,215.7336,288.4275,0.0292,5.1558,2.4215,25.7521,0.0030,0.0000,0.2682,0.2550,0.5011,10.7401,0.3121,0.0967,0.2008,0.3216,0.1197,0.6918,0.8850,2.8287,2.8714,-0.1322,1.0007,0.5594,-0.7573,1.8466,12.7876,0.0307,1.2330,1.7152,-25.6970,-52.0389,0.0001,0.0004,0.8333,0.0121,5760.6484,21.7986,261.5475,0.5201,0.3241,0.0000,0.8056,0.3733,20.6889,80.8504
22.9813,ASCEND,ASCEND,0.9302,-0.0003,4.5659,1.0673,0.4444,0.5556,1.2601,0.0382,5.7314,30.4303,58.0000,0.0003,48.5692,37.5379,1.2601,0.0741,0.1852,0.0370,0.1111,0.0741,0.3333,0.1481,0.0370,218.4735,295.6433,0.0211,3.7503,1.4392,12.0574,0.0000,-0.0000,0.2041,0.2374,0.4981,3.1865,0.2365,0.1118,0.1113,0.5482,0.0457,0.4974,0.5048,1.1496,2.3921,-0.0679,1.0017,-0.0782,-0.8347,1.3195,1.2611,0.0091,1.2323,0.7213,-35.7954,-50.6435,0.0000,0.0005,0.9630,0.0121,5338.0917,21.6402,264.0899,0.4381,0.4192,0.0000,0.8944,0.5033,21.4588,-31.7288
23.0230,ASCEND,ASCEND,4.5219,0.0002,11.3023,37.5619,0.5833,0.4167,5.9535,0.0168,13.2560,46.8862,70.0000,0.0004,70.8768,62.9597,5.9535,0.1111,0.1389,0.2500,0.1111,0.0556,0.1389,0.0556,0.1389,229.4564,305.7769,0.0124,21.1948,8.7575,58.2425,0.0038,-0.0000,0.3525,0.2743,0.4941,7.8267,0.3286,0.0188,0.0784,0.5147,0.1000,0.6345,0.5194,0.8669,19.9123,-0.0501,0.9976,0.8075,0.5886,6.0841,42.9425,0.0533,0.8458,0.4431,22.7379,32.1718,0.0000,-0.0003,0.8056,0.0154,4835.6262,21.7755,271.5761,0.3710,0.4174,2.9609,0.8472,0.5808,18.0422,8.6131
23.0647,ASCEND,ASCEND,1.5510,0.0004,6.0510,5.9438,0.5854,0.4146,2.5927,0.0283,7.9563,41.0276,64.0000,0.0004,82.5509,79.0359,2.5927,0.0976,0.1220,0.1707,0.0244,0.0244,0.0976,0.2195,0.2439,238.7360,296.6125,0.0074,5.9742,3.7593,32.5866,0.0078,0.0000,0.2371,0.2679,0.5013,5.5749,0.3961,0.0013,0.3396,0.4383,0.1968,0.3245,0.7546,0.6449,6.8856,0.0282,0.9996,-0.0022,0.1562,2.6340,10.0503,0.0225,1.0249,-0.2961,-2.1939,1.1973,-0.0000,0.0001,0.9024,0.0142,4211.3606,20.9997,266.0610,0.2882,0.4851,1.4321,0.8417,0.4001,22.1773,41.1673
23.1064,ASCEND,ASCEND,0.1667,0.0002,0.9887,1.1094,0.5714,0.4286,0.4909,0.0055,1.2333,5.9028,61.0000,0.0004,72.8948,77.6953,0.4909,0.0857,0.1714,0.2571,0.0857,0.0286,0.0857,0.1429,0.1429,234.6550,287.3810,0.0043,3.7337,2.7007,27.5380,0.0013,0.0000,0.2003,0.1624,0.5030,5.1091,0.1029,0.0012,0.0470,0.1818,0.1746,0.2826,0.2288,0.5055,4.9755,-0.0535,1.0003,0.3175,-0.2705,0.5476,2.7348,0.0034,1.0046,0.5780,0.0009,-0.6968,0.0000,-0.0000,0.9714,0.0109,4111.8538,19.0718,242.8809,0.2747,0.5123,0.0000,0.8056,0.3567,21.4762,-81.0089
23.1481,STABLE,ASCEND,0.0736,0.0088,0.2664,0.4824,0.6000,0.4000,0.4014,0.0300,1.4596,8.0612,47.0000,0.0003,48.7959,23.5657,0.4014,0.1333,0.2000,0.2333,0.1333,0.0333,0.1000,0.1000,0.0667,234.2646,291.5799,0.0114,4.4937,2.3660,24.2234,0.0004,0.0000,0.2923,0.2441,0.5002,6.2426,0.1710,0.0013,0.3571,0.4247,0.1119,1.3631,0.3752,1.1931,3.2972,-0.1271,1.0003,0.6109,-0.4692,0.4466,1.0215,-0.0024,0.9659,-0.2911,4.2639,6.5680,-0.0000,-0.0001,0.9667,0.0094,4375.4271,18.4627,229.3491,0.3758,0.4564,0.0000,0.8056,0.3567,15.4198,-198.1186
23.1898,DESCEND,ASCEND,-1.0096,0.0002,6.0769,0.4388,0.5294,0.4706,1.9281,0.0464,9.4686,56.2193,45.0000,0.0003,66.0603,67.2416,1.9281,0.1176,0.0882,0.2059,0.0882,0.1765,0.0882,0.0882,0.1471,234.5626,288.6740,0.0072,3.3521,1.4271,13.7773,0.0000,-0.0000,0.1671,0.1923,0.4895,3.0937,0.1834,0.0028,0.1449,0.2262,0.3798,1.1404,0.2349,1.2117,1.3125,-0.0379,0.9991,0.3180,0.2976,2.0141,1.9027,-0.0238,0.9840,0.1535,0.7088,0.8869,-0.0000,-0.0000,0.9706,0.0109,4661.1719,19.7179,235.9523,0.4532,0.3890,0.0000,0.8056,0.3567,4.9499,-264.3728
23.2315,DESCEND,ASCEND,-0.9189,-0.0005,4.9430,0.0377,0.4865,0.5135,1.0193,0.0153,5.1788,31.9630,55.0000,0.0003,66.3305,63.9203,1.0193,0.0541,0.1351,0.2432,0.1081,0.1351,0.1081,0.0811,0.1351,230.4256,287.6147,0.0138,5.0187,1.8740,11.9842,-0.0000,-0.0000,0.1848,0.2267,0.4987,2.2685,0.0837,0.0033,0.1388,0.4983,0.8934,2.1382,0.8561,1.2795,1.2358,-0.0013,0.9993,0.2290,0.2197,1.0665,0.9576,-0.0275,0.9954,0.2663,0.1744,-0.0426,0.0000,-0.0000,0.9730,0.0111,4839.1530,20.7958,239.3333,0.5076,0.3293,0.0000,0.8056,0.3733,-6.6333,-378.6376
23.2732,DESCEND,ASCEND,-0.3250,-0.0003,3.4994,0.7402,0.3846,0.6154,1.7696,0.0143,5.6254,32.7445,69.0000,0.0004,77.6352,72.3066,1.7696,0.1026,0.1538,0.1282,0.0769,0.0769,0.1026,0.3077,0.0513,226.5372,284.2739,0.0090,5.8541,2.3733,24.5166,0.0000,-0.0000,0.2262,0.3166,0.4966,2.5530,0.4018,0.0040,0.0496,0.6117,2.1341,2.9843,0.6703,1.4788,1.0566,0.0902,0.9971,0.2080,1.2999,1.8345,6.3473,-0.0241,0.9842,-0.4060,0.7510,2.2338,-0.0000,-0.0000,0.9231,0.0110,4798.5740,21.0528,237.2221,0.5030,0.3154,0.0000,0.8056,0.4667,-26.6348,-205.3174
23.3150,DESCEND,ASCEND,-0.7602,-0.0001,5.1107,0.1357,0.4524,0.5476,1.8119,0.0160,8.5885,56.2988,66.0000,0.0004,99.2875,87.9591,1.8119,0.0000,0.2619,0.0952,0.1429,0.0952,0.0952,0.2381,0.0714,227.4081,278.6740,0.0099,6.5564,2.4998,20.9067,-0.0000,0.0000,0.2329,0.3199,0.5089,2.9316,0.0366,0.0055,0.0323,0.7815,3.8733,1.8718,0.6943,1.8017,1.0852,-0.0355,0.9991,0.2896,0.1961,1.8809,4.2333,-0.0240,0.9965,-0.0739,0.4892,-0.0763,-0.0000,-0.0000,0.9524,0.0112,4826.5525,21.8408,239.3196,0.4579,0.2838,0.0000,0.8056,0.3600,-23.7602,176.9720
23.3567,DESCEND,ASCEND,-0.7188,0.0003,4.2956,0.1045,0.5814,0.3953,1.9047,0.0170,8.2781,54.2089,76.0000,0.0004,90.5484,85.4935,1.9047,0.0930,0.2558,0.2093,0.0930,0.0698,0.0930,0.1395,0.0465,214.6888,283.7358,0.0087,7.0541,2.6563,25.6274,0.0001,0.0000,0.2359,0.3279,0.5044,4.3002,0.0746,0.0040,0.0047,1.6576,4.0832,1.5569,1.1227,1.4600,1.2778,0.0633,0.9991,-0.1306,0.4985,1.9357,7.3690,-0.0250,1.0041,-0.1128,-0.5609,0.9015,0.0000,0.0000,0.9302,0.0128,4843.3793,22.5272,242.8201,0.4467,0.2583,0.0000,0.8056,0.3633,-11.8724,265.9357
23.3984,DESCEND,ASCEND,0.3686,-0.0002,1.9147,1.0999,0.4884,0.5116,0.5999,0.0519,2.1849,14.3788,100.0000,0.0006,93.9530,84.1357,0.5999,0.0465,0.1628,0.2093,0.1395,0.0000,0.2093,0.1395,0.0930,218.5829,278.5881,0.0125,7.4804,2.9829,30.1509,0.0000,0.0000,0.2711,0.3522,0.5164,5.9371,0.1108,0.0021,0.2138,2.9750,3.8649,1.6183,0.9813,1.4218,1.4343,0.0418,1.0006,-0.3515,-0.0205,0.6232,1.4552,0.0042,0.9963,-0.4069,0.3509,0.3662,-0.0000,-0.0000,0.9767,0.0150,4857.4391,23.2249,236.6228,0.4295,0.2722,0.0000,0.8056,0.4667,-1.5767,253.2811
23.4401,DESCEND,ASCEND,-1.2470,0.0027,11.2281,2.5682,0.5893,0.4107,5.1916,0.1733,14.0819,56.2976,91.0000,0.0005,106.1237,89.9401,5.1916,0.0714,0.1786,0.1786,0.0714,0.1964,0.0536,0.1786,0.0714,221.3795,279.2399,0.0183,7.0735,2.4827,15.8417,-0.0000,0.0000,0.2502,0.3633,0.5039,3.2099,0.2516,0.0019,0.3151,2.1079,3.1186,2.5033,0.8233,1.3658,1.8842,-0.0130,0.9994,0.1596,0.2059,5.2289,52.1799,-0.0051,1.0045,-0.0811,-0.1574,0.5599,0.0000,0.0000,0.8571,0.0161,5112.5733,23.9646,248.6635,0.4487,0.2503,0.0000,0.8056,0.3833,9.2554,146.3932
23.4818,DESCEND,ASCEND,-0.5216,-0.0009,4.1628,0.8020,0.4314,0.5686,2.9844,0.0789,9.0865,55.6223,121.0000,0.0007,89.1234,80.2315,2.9844,0.1765,0.2353,0.1176,0.0392,0.0784,0.0784,0.1961,0.0784,233.3831,286.7570,0.0198,6.6031,2.3167,15.5188,-0.0001,0.0000,0.2334,0.3449,0.5119,2.2590,0.3145,0.0024,0.1671,3.0469,3.0288,1.1491,1.0028,1.6073,0.6750,0.0821,1.0004,-0.4319,0.2005,3.0303,18.5439,-0.0840,1.1106,0.5525,-21.7022,-21.2430,0.0000,0.0002,0.8039,0.0163,5337.6832,24.2118,248.8577,0.4786,0.2268,0.0000,0.8056,0.3667,10.6349,27.7506
23.5235,DESCEND,ASCEND,-0.2424,0.0001,4.9210,3.4019,0.5769,0.4231,4.3040,0.1508,11.1649,53.0754,126.0000,0.0007,91.8304,78.1508,4.3040,0.0192,0.1346,0.1731,0.0769,0.2115,0.1731,0.1346,0.0769,232.0592,287.1189,0.0237,6.8858,2.3440,16.0136,0.0000,0.0000,0.2418,0.3659,0.5129,2.4207,0.3675,0.0023,0.2831,2.1771,3.1376,1.9727,0.6741,1.6149,1.9049,0.0536,1.0017,-0.6760,-0.4212,4.3803,22.4654,0.0072,1.0421,-0.6691,1.6481,-5.4686,-0.0000,0.0001,0.8077,0.0168,5587.7608,24.7332,260.4521,0.5241,0.2101,-3.9452,0.6833,0.3876,11.5703,13.6417
23.5652,DESCEND,ASCEND,6.6946,-0.0002,16.3668,48.4607,0.4923,0.5077,9.8219,0.2084,18.3722,56.5259,124.0000,0.0007,112.6477,81.5690,9.8219,0.0769,0.1077,0.0769,0.2308,0.0769,0.1846,0.1846,0.0615,237.6692,274.7193,0.0158,8.0199,2.7482,16.3456,-0.0001,-0.0000,0.2608,0.3534,0.4990,3.2537,0.0267,0.0015,0.4785,3.0085,3.7699,2.0026,1.3435,1.6175,1.3992,-0.0797,1.0004,0.3586,-0.4138,9.8889,54.3630,0.1176,0.9613,-0.5277,2.3122,1.0376,-0.0000,-0.0001,0.6923,0.0158,5595.4693,24.1871,250.6125,0.5338,0.2276,0.0000,0.8056,0.3700,11.7728,10.5724
23.6069,DESCEND,ASCEND,-0.7597,0.0000,3.5009,1.2139,0.5098,0.4706,1.9786,0.0805,4.5015,23.8705,94.0000,0.0005,110.6388,96.6713,1.9786,0.1373,0.0980,0.1765,0.1176,0.0980,0.0392,0.2157,0.1176,248.7000,279.8005,0.0168,6.6457,2.3967,16.9421,0.0000,-0.0000,0.2569,0.3528,0.4988,4.2492,0.1411,0.0016,0.2640,2.6367,3.5631,1.1575,1.0445,1.6389,0.8948,0.0435,1.0002,-0.1427,-0.0311,2.0569,11.4994,-0.0216,1.0026,0.0526,-0.2165,-0.2893,-0.0000,0.0000,0.8824,0.0143,5738.8717,23.1831,254.5863,0.5467,0.2399,0.0000,0.8056,0.3700,12.4522,6.0769
23.6486,DESCEND,ASCEND,0.2428,0.0004,6.2767,5.6664,0.5714,0.4286,4.1854,0.0775,11.2870,55.2386,95.0000,0.0005,104.1368,86.1009,4.1854,0.0714,0.0893,0.1429,0.0714,0.1429,0.1429,0.2321,0.1071,235.7410,271.6163,0.0161,6.5484,2.1888,12.2496,-0.0000,-0.0000,0.2435,0.3303,0.4955,3.0923,0.2474,0.0023,0.2048,1.7251,3.0990,1.1631,0.8376,1.4590,1.5067,-0.0254,1.0006,0.0207,-0.2974,4.2043,24.2801,0.0031,0.9959,-0.0126,0.5580,-0.4225,-0.0000,-0.0000,0.8393,0.0134,5972.1774,23.1336,254.2949,0.5599,0.2442,0.0000,0.8056,0.4700,12.2798,-1.8612
23.6903,DESCEND,ASCEND,-0.3951,-0.0002,3.3150,2.8294,0.4565,0.5435,2.3794,0.0547,8.1410,55.1786,82.0000,0.0005,115.3055,88.9258,2.3794,0.0435,0.1522,0.1522,0.1957,0.0870,0.1087,0.1522,0.1087,218.8127,266.1077,0.0208,5.8672,2.1366,15.9549,0.0000,-0.0000,0.2525,0.3195,0.4914,4.6749,0.1556,0.0015,0.2331,2.3602,2.3662,1.1677,0.9676,1.7204,1.1663,-0.0138,1.0003,-0.1461,0.0414,2.4580,7.0245,-0.0086,0.9866,1.0909,-0.0514,-0.0958,0.0001,-0.0001,0.8478,0.0135,6300.9637,22.4794,236.4315,0.5732,0.2439,0.0000,0.8056,0.4700,12.2970,-33.6299
23.7320,ASCEND,ASCEND,-2.3993,0.0004,10.1064,2.4351,0.5417,0.4583,5.6122,0.1095,14.5727,56.6162,79.0000,0.0005,102.8559,78.3442,5.6122,0.0833,0.1458,0.2083,0.1042,0.1458,0.0417,0.2292,0.0417,216.6249,259.5895,0.0426,7.9824,4.1195,50.5976,0.0034,-0.0000,0.3838,0.3963,0.4884,9.8284,0.4241,0.0011,0.1687,3.2568,1.9228,0.6699,6.1058,1.5587,0.7155,-0.0839,1.0026,-0.2005,-1.0228,5.6687,52.2505,-0.2506,1.0106,0.7331,3.6947,-5.8404,0.0000,-0.0000,0.8333,0.0155,6159.8022,23.7575,235.8505,0.5933,0.2951,0.0000,0.8056,0.3967,9.4745,-117.7747
23.7737,ASCEND,ASCEND,1.1026,0.0004,4.6427,7.1731,0.6000,0.4000,1.9504,0.0801,6.2372,32.6618,82.0000,0.0005,109.1144,75.1024,1.9504,0.0889,0.1111,0.2000,0.0889,0.0444,0.2667,0.1111,0.0889,220.3372,256.3572,0.0229,5.7214,2.0419,16.1284,0.0002,-0.0000,0.2456,0.3040,0.4837,4.4995,0.2020,0.0014,0.1219,1.3280,1.8858,0.1529,3.1568,1.2245,1.0310,-0.0536,0.9996,0.4301,-0.0281,1.9869,10.9528,0.0147,0.9771,-0.3473,6.7920,2.6286,-0.0000,-0.0000,0.8667,0.0171,6210.6438,23.8674,256.5743,0.5883,0.3127,0.0000,0.8056,0.4000,2.4726,-145.8670
23.8155,ASCEND,ASCEND,0.4852,-0.0001,6.2449,1.1187,0.4348,0.5652,2.1762,0.0776,8.5847,56.2929,97.0000,0.0006,116.4082,90.6333,2.1762,0.1304,0.1304,0.1304,0.1087,0.0435,0.0652,0.1739,0.2174,215.9417,264.8009,0.0230,4.7035,1.8268,19.0642,0.0003,-0.0000,0.2407,0.2995,0.4918,4.8509,0.3122,0.0016,0.3502,1.3949,1.1670,0.1247,2.7457,0.9626,1.2470,-0.1236,1.0014,0.2976,-1.0214,2.2792,9.0640,0.0064,1.0076,0.1102,0.6193,-1.5264,0.0000,0.0000,0.9348,0.0183,6290.6048,24.1932,252.4666,0.5962,0.3019,0.0000,0.8944,0.5033,-2.6933,-104.4813
23.8572,ASCEND,ASCEND,0.5143,-0.0008,6.4702,0.7697,0.4211,0.5789,2.5290,0.2233,9.1165,55.6956,80.0000,0.0005,131.2210,88.3729,2.5290,0.2368,0.1842,0.0263,0.0526,0.0263,0.1842,0.1842,0.1053,223.0435,251.9297,0.0312,6.1037,2.3003,22.1017,-0.0000,-0.0000,0.2737,0.3534,0.4890,4.4179,0.2427,0.0020,0.1845,1.7783,0.5187,0.2898,4.0906,1.4089,2.0488,-0.0601,1.0012,0.0263,-0.6315,2.5178,7.2037,0.0100,0.9976,-0.1570,-0.1839,0.1222,-0.0000,0.0000,0.9211,0.0185,6437.0719,24.3463,253.2709,0.6357,0.2836,0.0000,0.8944,0.5133,-6.2429,199.1686
23.8989,ASCEND,ASCEND,0.7471,-0.0010,7.2975,6.2763,0.4324,0.5676,3.9766,0.0524,11.2014,52.4492,66.0000,0.0004,92.2716,68.0803,3.9766,0.0811,0.0811,0.0811,0.0270,0.0811,0.1081,0.3243,0.2162,233.3860,271.5602,0.0333,7.8803,6.2033,68.5158,0.0016,0.0000,0.4792,0.4592,0.5022,6.1867,0.2472,0.0035,8.0447,1.1399,0.2196,1.0677,3.7129,1.4834,1.7824,0.1358,1.0002,-0.6913,0.3311,4.0013,20.1871,0.0076,1.0647,0.1019,-7.1679,-18.0608,0.0000,0.0001,0.8378,0.0146,6093.4525,22.6466,253.2766,0.6058,0.3407,0.0000,0.8944,0.3800,13.9207,297.8000
23.9406,ASCEND,ASCEND,0.4038,0.0112,1.2721,3.1312,0.7407,0.2593,1.0948,0.0398,2.2004,9.3371,67.0000,0.0004,85.8149,75.3982,1.0948,0.1852,0.1481,0.1111,0.0741,0.0370,0.0370,0.1481,0.2593,234.6484,279.2880,0.0249,6.4738,2.5981,31.5350,0.0014,0.0000,0.2811,0.3352,0.5037,3.7083,0.3393,0.0176,1.9366,1.4342,0.2473,0.3537,2.0867,1.8688,1.5991,0.2324,1.0060,-2.5763,-0.7671,1.1189,4.3611,-0.0079,1.0026,-0.4454,4.9925,-9.1084,-0.0000,-0.0000,1.0000,0.0144,6194.9089,23.2585,258.3451,0.6038,0.3574,0.0000,0.8056,0.4600,18.5986,137.1223
23.9823,ASCEND,ASCEND,-0.5179,0.0004,2.1840,0.1516,0.5385,0.4615,3.5088,0.0409,14.6950,76.5274,61.0000,0.0004,65.0025,68.0046,3.5088,0.0769,0.0769,0.2308,0.1154,0.0769,0.1923,0.1923,0.0385,224.1510,287.5892,0.0286,5.3446,2.0344,14.4227,0.0053,-0.0000,0.2524,0.3125,0.4988,3.9892,0.1662,0.1758,0.4332,0.4312,0.2276,0.7343,2.2717,2.3249,1.4585,-0.2865,1.0018,1.0341,-1.8438,3.7127,7.8253,-0.0077,0.9596,-0.6524,-2.2447,10.0797,-0.0000,-0.0001,0.9231,0.0114,5798.2707,21.3030,240.1370,0.5195,0.3134,0.0000,0.8944,0.3767,25.3590,134.9466
24.0240,ASCEND,ASCEND,1.5300,0.0048,5.4597,14.2242,0.7308,0.2692,3.0915,0.1123,7.3338,31.5729,50.0000,0.0003,91.5031,86.9568,3.0915,0.0385,0.1154,0.2308,0.1154,0.1154,0.0769,0.1154,0.1923,223.2396,296.7973,0.0280,5.0608,2.1892,18.7190,0.0038,-0.0000,0.2531,0.2588,0.4972,7.4758,0.1533,0.8399,0.2082,0.5747,0.0795,0.6389,0.5893,2.2372,2.3154,0.1598,1.0027,-1.2316,-0.2618,3.0851,18.1762,0.0184,1.0099,-1.2510,-0.6592,-0.2789,-0.0001,0.0001,0.8462,0.0129,5418.0029,21.6323,259.5621,0.4977,0.3231,0.0000,0.8944,0.4733,29.8554,-5.8875
24.0657,ASCEND,ASCEND,1.9332,0.0029,7.9073,7.8919,0.6207,0.3793,3.0862,0.0433,11.3149,57.9131,55.0000,0.0003,68.0174,74.2060,3.0862,0.1379,0.1379,0.0345,0.1034,0.1379,0.1034,0.2069,0.1379,223.9103,305.4758,0.0214,3.9052,1.7799,23.7534,0.0005,-0.0000,0.2244,0.2170,0.4987,6.7532,0.4867,1.1281,0.0998,0.2338,0.1037,0.3278,0.4418,1.1129,2.0226,-0.1222,1.0018,0.2596,-1.0335,3.1311,15.8574,0.0151,0.9641,0.2499,1.8217,7.0619,0.0000,-0.0001,0.8966,0.0118,4943.2394,21.1128,264.0933,0.4109,0.3848,2.8804,0.8778,0.5307,24.8679,-63.7821
24.1074,ASCEND,ASCEND,1.8007,-0.0007,7.9891,10.7788,0.4242,0.5758,3.4836,0.0165,9.5574,52.3292,57.0000,0.0003,77.6269,68.3816,3.4836,0.0606,0.1818,0.2424,0.0606,0.0303,0.1212,0.1515,0.1515,233.5874,316.3314,0.0117,5.5812,3.1827,35.9599,0.0036,-0.0000,0.2944,0.2573,0.4878,4.2877,1.7185,0.5096,0.0806,0.3999,0.3467,0.3618,0.3569,0.9703,4.4307,-0.1075,1.0038,-0.2102,-1.5113,3.5904,14.8381,0.0125,0.9028,1.0274,7.2788,24.7870,0.0000,-0.0002,0.8788,0.0143,4522.3558,20.5815,251.7452,0.3438,0.4306,0.0000,0.8056,0.3567,24.5349,-77.6920
24.1491,ASCEND,ASCEND,1.1949,0.0004,7.2956,0.1310,0.6552,0.3448,1.8628,0.0080,8.4003,45.8424,54.0000,0.0003,62.4155,68.1257,1.8628,0.0690,0.1034,0.2069,0.0345,0.0690,0.1379,0.2759,0.1034,225.1597,317.1147,0.0075,6.3907,4.5673,40.3703,0.0123,-0.0000,0.2626,0.2500,0.4995,6.8384,0.0572,0.0013,0.1793,0.4530,0.1237,0.5439,0.3294,0.8078,8.6293,0.0270,0.9999,-0.1314,0.1321,1.8649,4.1292,0.0152,0.9997,-0.0666,-0.0255,0.1981,-0.0000,-0.0000,0.9310,0.0134,4051.6499,19.9301,239.6360,0.2986,0.4662,0.0000,0.8056,0.3533,18.3871,-117.4333
24.1908,ASCEND,ASCEND,0.0942,0.0000,0.9710,0.8246,0.5455,0.4545,0.4687,0.0174,1.1979,5.0653,42.0000,0.0002,59.9933,61.6628,0.4687,0.0909,0.2121,0.0303,0.1212,0.0909,0.1515,0.2121,0.0909,225.5914,311.9089,0.0048,9.3214,5.5979,42.4962,0.0077,-0.0000,0.3702,0.2265,0.4948,11.2227,0.0593,0.0012,0.1066,0.3433,0.0517,0.8143,0.2185,0.4791,11.3016,0.0392,0.9990,0.0143,0.4503,0.5030,3.0673,0.0028,1.0553,-4.7123,-9.6810,-15.4897,-0.0003,0.0003,0.9697,0.0094,4273.0857,17.7552,238.8067,0.3097,0.4555,0.0000,0.8056,0.3467,14.7390,-145.3474
24.2325,STABLE,ASCEND,0.3838,-0.0003,2.1550,0.8284,0.4286,0.5714,0.7414,0.0293,2.8271,16.7883,42.0000,0.0002,76.7270,84.7345,0.7414,0.2286,0.1714,0.1143,0.0571,0.0286,0.1714,0.2286,0.0000,221.6772,301.7572,0.0047,1.9873,0.9790,12.1289,-0.0000,0.0000,0.1363,0.1377,0.5104,3.2897,0.0979,0.0012,0.2078,0.4743,0.0606,0.4731,0.3290,0.4991,0.8767,-0.0154,0.9991,0.2438,0.3398,0.8010,2.3779,0.0046,0.9786,1.1061,0.7221,0.5715,0.0000,-0.0001,0.9714,0.0097,4370.6093,18.2476,237.6348,0.3393,0.4411,0.0000,0.8056,0.3567,6.2627,-223.3882
24.2742,DESCEND,ASCEND,-0.1546,0.0005,2.8831,1.3921,0.5556,0.4444,1.1699,0.0545,3.2784,17.1012,46.0000,0.0003,80.8240,82.9730,1.1699,0.1111,0.0833,0.3333,0.0556,0.0833,0.1111,0.1667,0.0556,222.3376,294.2713,0.0069,2.5550,1.1901,9.9197,0.0000,0.0000,0.1420,0.1552,0.5000,2.7367,0.1781,0.0014,0.1283,0.2593,0.0940,1.1322,0.4532,0.7402,0.9038,-0.0070,0.9992,0.1000,0.2427,1.2062,5.6940,-0.0003,0.9906,0.2382,0.4774,0.8753,0.0000,-0.0000,0.9444,0.0115,4441.8441,18.4975,232.0326,0.3959,0.4247,0.0000,0.8056,0.3567,-3.8953,-162.9909
24.3160,DESCEND,ASCEND,-0.8454,0.0005,6.1157,1.1825,0.5278,0.4722,2.0536,0.0305,7.9945,48.2714,53.0000,0.0003,82.4650,87.2495,2.0536,0.1111,0.2500,0.1667,0.1389,0.0556,0.1667,0.0556,0.0556,211.7529,293.9355,0.0078,3.6941,1.3387,11.3124,-0.0001,-0.0000,0.1678,0.2042,0.4956,2.3398,0.2886,0.0038,0.2727,0.3455,0.3311,1.1395,0.5055,1.2742,0.8882,0.0591,0.9987,-0.0418,0.7083,2.0642,6.0234,-0.0119,0.9743,0.9617,0.7008,1.1122,0.0000,-0.0001,0.9167,0.0115,4721.5317,19.7427,234.8000,0.4787,0.3662,0.0000,0.8056,0.3600,-7.3335,-89.0365
24.3577,DESCEND,ASCEND,-1.1698,-0.0005,5.8616,1.0740,0.4500,0.5500,2.2262,0.0543,8.4280,48.7007,63.0000,0.0004,94.5646,84.4532,2.2262,0.1250,0.1250,0.2750,0.0250,0.0750,0.2500,0.0750,0.0500,210.0176,278.6725,0.0137,5.1912,2.0244,15.2156,0.0001,-0.0000,0.2017,0.2648,0.4916,1.9551,0.1029,0.0044,0.2341,0.5837,1.0680,2.1727,0.4998,1.4143,1.7926,-0.0242,1.0003,0.0645,-0.1173,2.2493,6.6743,-0.0362,0.9825,0.5268,0.8785,0.1585,0.0000,-0.0001,0.9500,0.0107,4856.6352,20.8396,238.8340,0.5233,0.3127,0.0000,0.8056,0.3600,-11.3224,-108.6524
24.3994,DESCEND,ASCEND,-1.4446,-0.0017,6.0608,0.2403,0.3902,0.6098,2.0414,0.0202,7.0817,39.2051,65.0000,0.0004,96.9338,92.8354,2.0414,0.0976,0.1707,0.1707,0.1463,0.1463,0.1220,0.0732,0.0732,207.8668,291.4587,0.0077,7.0216,2.6607,20.1597,0.0000,0.0000,0.2324,0.2874,0.5020,3.4075,0.1719,0.0060,0.0066,0.9454,1.5825,2.9578,0.6410,1.8159,1.8686,0.0027,0.9981,0.3428,0.5616,2.0122,6.8402,-0.0258,0.9902,1.4938,0.2689,-0.5631,0.0001,-0.0001,0.9512,0.0103,4844.9592,20.8835,226.9300,0.5220,0.3028,0.0000,0.8056,0.3600,-16.3969,-207.8172
24.4411,DESCEND,ASCEND,-0.1838,-0.0001,3.2331,0.8657,0.4878,0.5122,1.0995,0.0437,4.0536,25.1804,66.0000,0.0004,92.5817,84.6264,1.0995,0.0732,0.1463,0.2195,0.0488,0.1220,0.1220,0.1463,0.1220,195.0552,284.3558,0.0094,6.4245,2.3635,16.2989,0.0000,0.0000,0.2245,0.3054,0.5016,3.1462,0.0703,0.0058,0.0310,0.7411,2.9693,2.1480,0.6408,1.7790,1.3570,-0.0061,1.0000,0.0223,0.0725,1.1423,5.9984,-0.0275,0.9729,1.2212,1.2186,-0.3523,0.0001,-0.0001,0.9512,0.0114,4835.1680,21.8085,240.3983,0.5196,0.2888,0.0000,0.8056,0.4667,-28.6578,-319.8418
24.4828,DESCEND,ASCEND,-1.8634,-0.0002,9.1428,0.6508,0.4318,0.5682,4.1660,0.0618,12.5403,50.2716,69.0000,0.0004,96.0097,79.0692,4.1660,0.1364,0.0909,0.2273,0.0682,0.1136,0.2045,0.1136,0.0455,192.6076,280.2833,0.0095,8.2695,2.8670,18.8569,-0.0000,0.0000,0.2474,0.3355,0.5079,2.9779,0.0465,0.0058,0.0045,0.9113,4.4628,2.3557,0.4833,2.0604,1.4441,-0.0370,0.9995,0.2101,0.0833,4.2038,43.7295,-0.0415,0.9902,0.6269,0.5965,-0.1509,0.0000,-0.0000,0.9091,0.0125,4830.2837,22.2080,239.5610,0.5075,0.2609,0.0000,0.8056,0.3600,-43.0770,-171.6107
24.5245,DESCEND,ASCEND,-0.0957,0.0025,0.8382,0.3136,0.6216,0.3784,0.3750,0.0218,1.0879,6.1529,73.0000,0.0004,100.5602,88.0392,0.3750,0.0541,0.0811,0.1892,0.1892,0.1892,0.0811,0.1351,0.0811,190.2052,283.4015,0.0140,7.5220,2.6916,20.1719,0.0001,0.0000,0.2456,0.3410,0.5100,3.3108,0.1170,0.0035,0.1454,1.1512,4.2803,2.2632,0.8275,1.9637,1.0795,-0.0113,1.0001,-0.1033,-0.0879,0.4340,1.5977,0.0011,1.0133,1.3443,-1.0503,-1.2909,0.0001,-0.0000,1.0000,0.0128,5106.6240,23.6786,242.3799,0.5013,0.2230,0.0000,0.8056,0.4633,-42.9730,21.0286
24.5662,DESCEND,ASCEND,0.7143,0.0120,2.8833,3.4579,0.6923,0.3077,2.8726,0.0563,10.2955,46.9609,93.0000,0.0005,96.9685,80.9822,2.8726,0.1538,0.1795,0.1026,0.1026,0.1026,0.1282,0.1026,0.1282,183.2252,279.0905,0.0104,9.9441,3.4817,20.4350,0.0000,0.0000,0.2769,0.3894,0.5067,3.5955,0.0700,0.0021,0.0037,1.9765,6.2073,1.9881,1.0840,2.7282,1.7121,-0.0167,1.0012,-0.1115,-0.4025,2.9125,10.0653,0.0332,0.9938,0.6030,0.2215,-0.5497,0.0000,-0.0000,0.9231,0.0135,5110.0949,23.6714,227.3418,0.4939,0.2405,0.0000,0.8056,0.4700,-41.3229,74.7842
24.6079,DESCEND,ASCEND,-4.1655,-0.0081,11.8946,0.2503,0.3830,0.6170,5.4597,0.0478,14.5420,49.4153,85.0000,0.0005,113.5836,79.3214,5.4597,0.0213,0.1277,0.0851,0.0851,0.2553,0.1064,0.2128,0.1064,182.7527,273.2054,0.0143,9.4164,3.2101,17.4437,-0.0001,0.0000,0.2717,0.3991,0.5029,3.2919,0.1256,0.0027,0.0154,2.9469,4.8001,1.9308,0.6918,2.5978,1.7998,0.0133,1.0000,-0.0632,-0.0763,5.5076,46.9045,-0.0649,1.0251,-0.8048,-1.0936,0.0333,-0.0000,0.0001,0.8723,0.0147,5075.6990,23.9387,238.4819,0.4729,0.2490,0.0000,0.8056,0.3600,-36.7348,67.8094
24.6496,DESCEND,ASCEND,-4.0352,0.0008,12.8963,2.0070,0.5957,0.4043,5.6372,0.0987,14.1845,48.5355,98.0000,0.0006,99.1974,70.2394,5.6372,0.0638,0.1915,0.1064,0.0000,0.2340,0.1277,0.1915,0.0851,182.8703,271.8899,0.0179,10.0142,3.3586,19.0890,-0.0000,-0.0000,0.2859,0.4016,0.4989,4.0712,0.2905,0.0021,0.3735,4.7066,4.1519,1.8127,1.0725,2.7596,1.1008,0.0204,1.0017,-0.4496,-0.4992,5.6839,46.2690,-0.0991,1.1056,0.3162,-19.8672,-20.7419,0.0000,0.0002,0.7447,0.0159,5306.0858,24.0439,244.4524,0.4908,0.2339,0.0000,0.8056,0.3600,-35.6665,22.2303
24.6913,DESCEND,ASCEND,-4.0069,0.0000,12.1074,2.4347,0.5000,0.5000,6.8455,0.0407,14.9192,48.1030,71.0000,0.0004,84.1595,59.6905,6.8455,0.1250,0.1000,0.1000,0.0750,0.2000,0.1000,0.2250,0.0750,182.5083,271.1248,0.0198,6.9337,2.4601,15.0501,-0.0003,-0.0000,0.2637,0.3649,0.4964,4.1415,0.5096,0.0019,0.2481,2.3206,3.4156,1.7915,0.8391,2.4211,1.2514,-0.9955,1.0107,3.2555,-7.1541,7.3179,46.9948,-0.1524,1.0443,0.4280,3.8159,-9.8872,0.0000,0.0001,0.8500,0.0142,5544.0593,24.7214,253.9046,0.5180,0.2130,0.0000,0.8056,0.3667,-34.8804,16.2203
24.7330,DESCEND,ASCEND,-0.2484,-0.0118,9.9525,5.8078,0.2750,0.7250,5.9221,0.0583,15.0215,46.5605,90.0000,0.0005,81.7329,62.4101,5.9221,0.0750,0.1000,0.1000,0.1250,0.2250,0.2250,0.1000,0.0500,182.3957,266.9872,0.0114,7.3875,2.6071,16.9536,-0.0000,-0.0000,0.2555,0.3477,0.4908,3.6933,0.0189,0.0016,0.0866,2.6336,3.3423,1.6578,1.3797,1.9205,1.4851,-0.0301,0.9999,0.1408,-0.1623,5.9428,45.3978,-0.1588,1.0043,1.0860,-0.5040,-0.8298,0.0001,-0.0000,0.8750,0.0153,5556.7618,24.2905,244.7656,0.5319,0.2248,0.0000,0.8056,0.3667,-34.3134,70.8721
24.7747,DESCEND,ASCEND,3.3603,-0.0006,9.8962,33.1146,0.4130,0.5870,4.9429,0.1553,12.1099,47.1363,96.0000,0.0006,96.7015,64.8474,4.9429,0.0652,0.0652,0.0870,0.1087,0.1522,0.1957,0.3043,0.0217,195.6237,269.5887,0.0180,6.4390,2.2701,15.4561,-0.0000,-0.0000,0.2485,0.3491,0.4797,3.7090,0.3155,0.0020,0.3849,2.3632,3.0588,1.3340,1.2440,1.8528,1.0791,-0.0076,0.9999,0.0108,-0.1748,4.9816,41.3965,0.0624,0.9982,-0.1696,0.0107,-0.0806,-0.0000,0.0000,0.8261,0.0142,5565.6787,23.7539,248.5748,0.5415,0.2404,0.0000,0.8056,0.3633,-28.9685,101.0526
24.8165,DESCEND,ASCEND,-1.2488,-0.0012,7.8410,1.1896,0.3478,0.6522,3.2617,0.0582,9.8236,46.9402,87.0000,0.0005,97.9571,69.8945,3.2617,0.0652,0.1087,0.1739,0.1087,0.1304,0.1522,0.2174,0.0435,203.5826,263.8837,0.0131,6.2651,2.1848,13.8671,0.0000,-0.0000,0.2537,0.3337,0.4931,4.3833,0.0630,0.0017,0.6235,2.1697,2.6573,1.1788,1.5113,1.4160,0.8129,-0.0185,1.0005,-0.0431,-0.2032,3.2914,18.6943,-0.0273,0.8945,1.0952,10.5387,25.9890,0.0000,-0.0002,0.8478,0.0132,5717.3902,23.2652,248.0108,0.5585,0.2466,0.0000,0.8056,0.3667,-25.8840,99.8826
24.8582,DESCEND,ASCEND,-0.7810,0.0001,5.0518,1.5026,0.5250,0.4750,1.6591,0.0313,6.9993,44.7657,79.0000,0.0005,97.8044,59.5312,1.6591,0.0500,0.1500,0.1500,0.0500,0.1500,0.1750,0.2500,0.0250,213.3428,251.4285,0.0169,5.5729,1.9818,15.5789,-0.0001,-0.0000,0.2400,0.3263,0.4937,3.6940,0.3425,0.0020,0.2577,2.2271,2.1694,1.1044,0.9607,1.4977,0.9548,0.0309,0.9992,-0.0377,0.2796,1.7118,4.2514,-0.0095,0.9890,0.3425,1.9685,-2.0445,0.0000,-0.0001,0.9750,0.0140,5942.2135,22.8634,248.2768,0.5585,0.2564,0.0000,0.8056,0.4667,-20.6366,199.6545
24.8999,DESCEND,ASCEND,-1.8821,-0.0000,7.4943,0.2034,0.5000,0.5000,3.4040,0.0190,10.0155,47.3117,65.0000,0.0004,92.0687,57.5274,3.4040,0.0238,0.1905,0.2381,0.0714,0.1190,0.1429,0.1190,0.0952,213.2904,260.3601,0.0191,5.5823,1.8648,12.8508,0.0000,-0.0000,0.2179,0.2933,0.4947,3.1126,0.3250,0.0012,0.1588,2.3129,1.8239,1.0420,0.7613,1.4008,1.0774,0.1397,0.9993,-0.6033,0.8226,3.4330,14.3324,-0.0333,1.0146,0.8397,-1.3539,0.1731,0.0000,0.0000,0.8810,0.0125,6219.2307,22.6737,244.4917,0.5727,0.2511,0.0000,0.8056,0.3567,-9.2295,134.9086
24.9416,DESCEND,ASCEND,-0.8213,0.0003,5.4633,0.8045,0.5366,0.4634,3.3135,0.0413,10.3940,48.5609,79.0000,0.0005,78.6456,49.3843,3.3135,0.0976,0.0976,0.1951,0.0976,0.0976,0.1707,0.2195,0.0244,220.5476,269.4004,0.0361,6.0714,3.2097,37.6066,-0.0008,-0.0000,0.3384,0.3638,0.4934,7.1572,0.1949,0.0013,0.3525,2.1975,1.5331,0.8784,4.1142,1.3846,1.0700,0.0863,1.0003,-0.5561,0.2711,3.3458,18.7637,-0.0287,0.9967,-0.2327,-0.0165,0.1667,-0.0000,-0.0000,0.8780,0.0148,6099.1495,23.8265,249.7408,0.5893,0.2938,0.0000,0.8333,0.4233,-9.3830,-47.2832
24.9833,DESCEND,ASCEND,-0.6022,0.0001,2.2322,0.1931,0.5676,0.4324,1.1131,0.0143,3.6710,17.3748,74.0000,0.0004,68.3076,54.9594,1.1131,0.1351,0.1351,0.2432,0.1351,0.0541,0.1892,0.0541,0.0541,221.6532,279.1799,0.0214,5.8256,2.1540,17.3904,0.0016,-0.0000,0.2615,0.3183,0.4973,3.4460,0.3978,0.0015,0.3010,1.7080,2.1605,0.4083,2.7293,1.4869,0.5593,-0.0971,1.0006,0.3402,-0.5930,1.1385,6.7449,-0.0171,0.9451,1.3618,8.9020,13.5909,0.0001,-0.0001,0.9189,0.0162,6080.3912,23.4782,240.4794,0.5852,0.3122,0.0000,0.8944,0.3200,-13.1737,-142.0326
25.0250,DESCEND,ASCEND,-0.4970,0.0001,2.7327,1.1456,0.5122,0.4878,1.4039,0.0157,3.6655,17.8125,73.0000,0.0004,92.4533,75.3811,1.4039,0.0244,0.2439,0.0976,0.1220,0.0488,0.1463,0.1463,0.1707,225.7242,269.8493,0.0203,4.0348,1.5916,14.5192,0.0005,-0.0000,0.2267,0.2742,0.4924,3.8593,0.1174,0.0016,0.3372,1.4650,1.4038,0.2231,2.0939,0.8491,0.5180,0.1699,1.0026,-1.5077,-0.0277,1.5570,6.7294,-0.0139,1.0750,-0.2940,-9.8837,-22.1044,-0.0000,0.0002,0.8537,0.0190,6094.4693,23.9783,259.0901,0.5729,0.3180,0.0000,0.8944,0.5033,-21.2309,-162.9449
25.0667,DESCEND,ASCEND,-0.6169,-0.0008,4.5400,0.7014,0.3182,0.6818,3.2242,0.0520,8.1833,47.2094,85.0000,0.0005,98.6377,72.4621,3.2242,0.2045,0.1136,0.1364,0.0682,0.0455,0.1591,0.1818,0.0909,220.4507,269.6883,0.0241,5.1571,2.2117,28.2433,-0.0012,-0.0000,0.3043,0.2883,0.4923,7.4311,0.2302,0.0014,0.2591,1.5707,1.2532,0.1076,3.2174,0.8460,1.2462,-0.2286,1.0004,1.1769,-0.9313,3.3524,15.9500,-0.0074,0.7283,-0.0214,41.8660,54.5340,0.0000,-0.0006,0.8409,0.0174,6243.7067,24.1417,254.6253,0.6113,0.2924,0.0000,0.8944,0.4533,-26.7660,102.0928
25.1084,DESCEND,ASCEND,-1.1933,0.0006,5.5782,0.3390,0.5833,0.4167,2.9348,0.0235,12.4267,62.3734,60.0000,0.0003,49.5068,26.0541,2.9348,0.1250,0.1250,0.1667,0.1667,0.2083,0.0417,0.0833,0.0833,223.5739,282.9526,0.0356,13.3857,6.1870,64.1171,-0.0044,-0.0000,0.5205,0.4811,0.4976,5.1838,0.3141,0.0054,6.1134,3.1319,0.3291,1.2748,6.4965,2.1124,1.7120,-0.1201,1.0006,0.5215,-0.5954,2.9920,3.7988,-0.0216,1.1544,0.6662,-26.5234,-31.2365,0.0000,0.0003,0.9583,0.0151,6071.9682,22.6961,254.6491,0.6030,0.3281,0.0000,0.8944,0.4100,-12.7146,319.5133
25.1501,ASCEND,ASCEND,0.1237,-0.0005,0.4450,0.8782,0.4815,0.5185,0.5505,0.0408,1.7144,8.9434,60.0000,0.0003,57.5721,46.9760,0.5505,0.0370,0.0370,0.1852,0.0741,0.0741,0.2222,0.3704,0.0000,221.2480,287.1951,0.0356,4.6538,1.7881,18.5057,-0.0017,-0.0000,0.2404,0.2874,0.4983,3.5618,0.2189,0.1163,1.0445,0.6794,0.1045,0.7730,1.8106,1.6485,1.3681,0.2916,1.0027,-2.1989,0.3306,0.6519,1.0352,-0.0021,1.0721,-0.7142,-13.8980,-12.2799,-0.0000,0.0002,0.9630,0.0132,5620.3294,22.4295,251.2702,0.5160,0.3241,0.0000,0.8944,0.4233,-0.1133,298.8542
25.1918,ASCEND,ASCEND,0.1383,-0.0022,0.5533,1.0585,0.3500,0.6500,0.6480,0.0178,2.4316,11.1976,61.0000,0.0004,42.4710,25.1035,0.6480,0.2500,0.0500,0.1500,0.0500,0.0500,0.0000,0.4000,0.0500,222.8726,290.8931,0.0318,4.7570,2.0219,21.1554,0.0026,-0.0000,0.2491,0.2654,0.4963,4.4602,0.2159,0.7112,0.2217,0.6279,0.0903,0.6018,2.0314,2.0504,1.1021,-0.0919,1.0024,0.0481,-1.0385,0.6975,1.2342,-0.0029,0.9500,-1.2492,5.4397,10.8395,-0.0001,-0.0001,0.9500,0.0119,5675.8407,21.7007,246.8153,0.5261,0.2826,0.0000,0.8944,0.4967,12.2148,227.8099
25.2335,ASCEND,ASCEND,0.3293,0.0015,1.9407,2.5502,0.6000,0.4000,2.1558,0.0563,4.7149,16.0651,54.0000,0.0003,60.5719,36.6027,2.1558,0.0400,0.0400,0.1600,0.1200,0.1600,0.2000,0.1200,0.1600,233.9493,301.2434,0.0269,4.3430,2.5031,33.9808,0.0006,-0.0000,0.2862,0.2285,0.4964,9.5739,0.0921,1.5646,0.2514,0.3022,0.0377,0.5730,0.7198,1.9089,2.0954,0.1544,0.9991,-0.6665,0.8025,2.1568,13.8443,-0.0026,1.0120,-0.1590,-3.3277,-4.1324,-0.0000,0.0000,0.8400,0.0119,5188.6747,21.1261,262.7504,0.4861,0.2939,0.0000,0.8944,0.4333,18.8899,155.7446
25.2752,ASCEND,ASCEND,0.5814,-0.0000,3.8248,6.4868,0.5000,0.5000,1.8708,0.0298,5.2482,26.3935,54.0000,0.0003,59.1675,42.5046,1.8708,0.0625,0.1250,0.1562,0.0625,0.1562,0.2188,0.1250,0.0938,238.9434,307.4604,0.0152,4.1664,3.3569,36.3923,-0.0007,-0.0000,0.2817,0.2197,0.4913,5.0238,0.1677,3.4711,0.1007,0.2851,0.0247,0.4784,0.4919,1.0964,2.3654,0.3301,0.9988,-1.5271,1.4988,1.9882,10.6380,0.0030,1.5264,1.8320,-62.8224,-124.7779,0.0001,0.0010,0.9375,0.0110,4710.8581,20.9518,265.5009,0.4141,0.3488,0.0000,0.8944,0.4333,25.2065,126.2986
25.3170,ASCEND,ASCEND,0.7810,0.0002,2.7092,5.2721,0.5588,0.4412,1.3437,0.0169,3.5044,15.9985,61.0000,0.0004,57.3874,42.8623,1.3437,0.1176,0.2059,0.1176,0.0882,0.0294,0.1176,0.1471,0.1765,241.0316,307.7420,0.0123,3.5128,1.4466,17.0395,0.0000,-0.0000,0.2064,0.2103,0.4954,3.8376,0.4951,0.5754,0.1255,0.5382,0.0442,0.4868,0.3526,0.8969,1.6840,-0.0646,1.0005,0.2675,-0.3638,1.3658,8.8863,0.0086,1.0490,0.2175,-7.2181,-9.1688,-0.0000,0.0001,0.8824,0.0116,4592.0151,20.8522,267.6167,0.3619,0.3833,0.0000,0.8944,0.5033,29.4253,117.3998
25.3587,ASCEND,ASCEND,3.8919,0.0003,10.4249,31.5727,0.5676,0.4324,5.1031,0.0166,12.5713,52.6718,72.0000,0.0004,71.1827,58.3690,5.1031,0.1081,0.1081,0.1081,0.0811,0.1622,0.1081,0.1892,0.1351,246.7736,315.1560,0.0067,7.3092,4.8869,35.5788,0.0028,-0.0000,0.2568,0.2243,0.4901,6.3549,0.4472,0.0033,0.1285,0.1631,0.2310,0.6163,0.3666,0.6437,10.0728,-0.0426,1.0004,0.0914,-0.2964,5.1452,35.1205,0.0408,1.0542,0.6610,-10.2244,-12.2216,0.0000,0.0001,0.8378,0.0147,4193.2371,20.9966,271.3517,0.3038,0.4188,1.9749,0.8444,0.5803,34.9996,83.5431
25.4004,ASCEND,ASCEND,2.7003,0.0005,7.7839,26.0204,0.5897,0.4103,4.1042,0.0133,8.8633,31.3796,60.0000,0.0003,74.3014,54.4072,4.1042,0.0513,0.0769,0.1795,0.1026,0.0256,0.1282,0.2308,0.2051,245.7934,323.5853,0.0040,9.1770,4.2888,32.8327,0.0076,0.0000,0.2329,0.2003,0.5113,6.1772,0.1055,0.0012,0.1599,0.2933,0.1345,0.2949,0.4544,0.6225,8.9783,-0.0200,0.9999,0.1182,-0.0560,4.1188,31.0375,0.0349,1.5440,1.3430,-67.5689,-114.8339,0.0001,0.0011,0.7949,0.0136,4173.8266,20.5908,261.3001,0.2924,0.4410,0.0000,0.8056,0.3533,36.3942,-88.3104
25.4421,ASCEND,ASCEND,0.2279,0.0000,3.7590,4.1816,0.5000,0.5000,2.1272,0.0145,5.3978,27.5648,58.0000,0.0003,73.8985,54.3692,2.1272,0.0789,0.1053,0.2632,0.0526,0.1053,0.1316,0.1842,0.0789,247.6538,324.4199,0.0049,2.4772,0.9939,9.9466,0.0004,-0.0000,0.1496,0.1505,0.4963,2.0523,0.2028,0.0012,0.0513,0.2579,0.1058,0.3337,0.2301,0.6315,1.6015,-0.0027,0.9970,0.5963,0.9446,2.2065,10.4650,0.0037,1.2920,-0.1799,-40.0347,-62.6081,-0.0000,0.0006,0.8947,0.0144,4071.4235,20.7057,264.4360,0.2925,0.4491,3.2572,0.8361,0.4107,27.6330,-229.9705
25.4838,STABLE,ASCEND,0.0204,0.0000,0.4581,0.1594,0.5000,0.5000,0.2794,0.0074,0.6527,3.2413,54.0000,0.0003,54.0224,41.9158,0.2794,0.0294,0.2059,0.3529,0.0588,0.0588,0.0882,0.2059,0.0000,245.9505,306.8035,0.0047,3.0333,1.8116,20.1726,-0.0009,-0.0000,0.1933,0.1542,0.4824,5.5319,0.0925,0.0010,0.1420,0.3423,0.1050,0.3691,0.1695,0.5721,3.2266,-0.0035,0.9981,0.4092,0.6550,0.3373,1.3548,0.0048,0.9495,-0.1367,9.0101,4.1362,-0.0000,-0.0001,1.0000,0.0121,4161.3378,20.0171,259.0437,0.3106,0.4615,0.0000,0.8056,0.3567,17.2108,-259.3610
25.5255,STABLE,ASCEND,0.0614,0.0003,0.5869,0.2912,0.5312,0.4688,0.2620,0.0432,0.6617,3.5840,43.0000,0.0002,54.9008,42.2457,0.2620,0.0625,0.0938,0.3125,0.1250,0.0312,0.1250,0.0938,0.1562,235.2919,313.7172,0.0063,4.2288,2.3127,21.4709,0.0009,-0.0000,0.2885,0.1887,0.4984,7.2381,0.0353,0.0009,0.1191,0.3629,0.0401,1.1126,0.3832,0.6262,3.6874,-0.0284,0.9996,0.2240,0.0741,0.2810,1.0556,0.0036,0.9937,0.1289,0.8112,1.2578,0.0000,-0.0000,1.0000,0.0100,4466.9343,18.6997,248.9691,0.3491,0.4360,0.0000,0.8056,0.3600,5.9980,-316.7895
25.5672,STABLE,ASCEND,-0.0537,0.0009,0.7346,0.1502,0.6286,0.3714,0.3074,0.0265,0.8748,4.2384,50.0000,0.0003,55.6794,40.5223,0.3074,0.0857,0.0857,0.0571,0.1143,0.1429,0.2000,0.2286,0.0857,232.6030,314.7598,0.0057,2.3768,0.9666,9.6120,0.0000,-0.0000,0.1331,0.1462,0.4908,2.0150,0.1283,0.0012,0.2147,0.2609,0.1995,0.5722,0.4142,0.7214,0.8400,0.0761,0.9993,-0.2700,0.4775,0.3552,1.8559,-0.0048,1.0209,0.8996,-3.1361,-4.1122,0.0001,0.0000,1.0000,0.0100,4493.4195,18.9685,242.1810,0.3903,0.4266,0.0000,0.8056,0.3567,-9.2147,-307.4408
25.6089,STABLE,ASCEND,0.0189,-0.0009,1.7219,2.4793,0.4872,0.5128,0.7453,0.0525,1.9530,9.7722,61.0000,0.0004,78.4635,78.7551,0.7453,0.0513,0.0769,0.2821,0.1282,0.0769,0.2051,0.1282,0.0513,225.0910,314.4020,0.0054,2.5875,1.0913,12.9112,0.0001,-0.0000,0.1428,0.1489,0.4890,2.7345,0.0615,0.0015,0.1663,0.3765,0.4040,1.0457,0.2304,0.7847,0.5885,-0.0489,0.9995,0.2950,0.0171,0.7667,4.1469,0.0020,0.9847,0.7679,1.0575,-0.8537,0.0000,-0.0001,0.9744,0.0109,4693.2413,19.9152,248.6311,0.4536,0.3860,0.0000,0.8056,0.3533,-19.6477,-260.3437
25.6506,DESCEND,ASCEND,-1.9716,0.0049,7.3907,3.0454,0.5106,0.4894,4.4591,0.0725,11.3404,40.8558,70.0000,0.0004,80.0414,73.0154,4.4591,0.1064,0.0851,0.1277,0.1702,0.2553,0.0426,0.1277,0.0851,215.3386,312.9020,0.0097,3.7701,1.6265,18.6879,0.0000,-0.0000,0.2040,0.2406,0.4818,3.6383,0.3431,0.0033,0.3567,0.7785,0.8648,1.1813,0.3475,0.9547,1.3541,0.0333,0.9985,0.0882,0.6023,4.4574,39.5346,-0.0204,0.9791,1.2501,0.9799,-0.5684,0.0001,-0.0001,0.8511,0.0110,4764.6684,20.6400,249.8717,0.4748,0.3471,0.0000,0.8056,0.3600,-30.9317,-181.5389
25.6923,DESCEND,ASCEND,-2.7569,0.0001,8.1957,1.6349,0.5000,0.5000,5.4274,0.2622,12.6059,42.3020,67.0000,0.0004,79.3432,71.7232,5.4274,0.1739,0.1522,0.1522,0.1522,0.1304,0.0652,0.0435,0.1304,212.8317,300.6269,0.0093,4.4415,1.5660,14.3515,-0.0000,-0.0000,0.1882,0.2360,0.4914,2.7871,0.1953,0.0034,0.2469,0.3293,1.0643,1.7135,0.2890,1.2794,1.0698,0.0543,1.0006,-0.3002,0.1442,5.4704,40.4087,-0.0776,1.0031,-0.3235,-4.4732,1.8796,-0.0000,0.0000,0.8478,0.0128,4963.6983,21.6325,243.8978,0.5129,0.3017,0.0000,0.8056,0.3600,-34.7910,63.1720
25.7340,DESCEND,ASCEND,-1.5025,0.0004,6.9497,2.0440,0.5778,0.4222,4.9311,0.0849,11.9266,42.1213,71.0000,0.0004,72.0782,67.4262,4.9311,0.0889,0.1333,0.1778,0.1111,0.1333,0.2000,0.1111,0.0444,218.9235,295.3636,0.0141,5.9249,2.2041,18.9268,-0.0000,0.0000,0.2224,0.2840,0.5025,2.7658,0.1581,0.0059,0.3504,0.8232,1.3254,2.7867,0.4179,1.6557,1.6179,-0.1283,1.0014,0.2722,-0.8373,5.0360,39.6377,-0.0265,0.9944,-0.1983,-0.9157,-2.0177,-0.0000,-0.0000,0.8667,0.0131,4995.5382,21.8668,235.0352,0.5004,0.2786,0.0000,0.8056,0.3600,-25.6621,99.9950
25.7757,DESCEND,ASCEND,-0.8620,-0.0004,8.2581,0.2861,0.4545,0.5455,4.5402,0.0221,11.7895,42.5190,72.0000,0.0004,80.4140,73.8270,4.5402,0.0227,0.1136,0.1591,0.0909,0.2500,0.1818,0.1591,0.0227,221.0780,285.2098,0.0077,9.6369,3.5716,22.9258,0.0000,-0.0000,0.2590,0.3298,0.4991,3.0081,0.0297,0.0071,0.0027,1.0475,2.8042,4.5802,0.5259,2.0075,2.0952,-0.0054,1.0000,0.0074,-0.0153,4.5457,39.6395,-0.0315,0.9997,0.0002,0.0707,0.0167,0.0000,-0.0000,0.8409,0.0134,5033.0984,22.5257,246.2931,0.4773,0.2573,0.0000,0.8056,0.4167,-26.4498,-156.8677
25.8175,DESCEND,ASCEND,-1.2817,-0.0002,9.7556,2.0368,0.4348,0.5652,5.0643,0.0308,12.2703,40.3731,94.0000,0.0005,82.1830,69.5386,5.0643,0.1087,0.1304,0.1087,0.1957,0.2174,0.1304,0.1087,0.0000,226.2394,279.8902,0.0100,16.0610,7.0476,43.3144,0.0000,0.0000,0.3712,0.3999,0.5118,5.1282,0.0558,0.0050,0.0082,0.8380,10.4409,4.8434,0.6289,3.6760,2.3748,-0.0259,0.9998,0.1574,-0.0087,5.0708,39.1028,-0.0446,0.9937,0.1235,0.6103,-0.6180,-0.0000,-0.0000,0.8478,0.0127,4994.6141,22.9551,244.4537,0.4589,0.2472,0.0000,0.8056,0.4633,-38.7475,-142.8423
25.8592,DESCEND,ASCEND,0.3332,0.0001,10.5540,19.0371,0.5357,0.4643,6.8196,0.0974,13.6054,41.2818,76.0000,0.0004,97.1252,78.1596,6.8196,0.1429,0.1250,0.1429,0.1250,0.1429,0.1250,0.0536,0.1429,224.3591,266.8068,0.0124,17.5659,7.6427,42.1074,-0.0001,0.0000,0.4118,0.4026,0.5050,5.0266,0.1114,0.0071,0.0124,0.9627,15.5045,2.2464,0.6837,4.1019,1.2990,-0.0093,1.0006,0.0703,-0.2138,6.9055,39.9491,-0.0352,0.9996,0.1059,0.8026,-0.7032,0.0000,-0.0000,0.8036,0.0133,5005.0075,23.4422,240.8127,0.4581,0.2290,0.0000,0.8056,0.3633,-38.3652,137.4860
25.9009,DESCEND,ASCEND,-1.3835,-0.0006,10.9091,5.5462,0.4340,0.5660,6.3827,0.0427,13.9821,40.9027,74.0000,0.0004,100.4053,81.0733,6.3827,0.0943,0.0943,0.0755,0.1698,0.1887,0.1698,0.1509,0.0566,211.8095,265.6685,0.0142,18.5026,7.8152,43.2426,-0.0000,0.0000,0.4170,0.4258,0.5120,5.0939,0.0878,0.0044,0.0160,1.4845,16.9410,2.0115,0.7918,3.5205,1.4265,0.0216,0.9999,-0.0900,0.0625,6.4019,39.8830,-0.0792,1.0018,0.0004,-0.0509,-0.0598,0.0000,-0.0000,0.8113,0.0137,4989.6165,23.8887,244.1364,0.4523,0.2258,0.0000,0.8056,0.4633,-27.2789,344.2906
25.9426,DESCEND,ASCEND,-1.0325,-0.0059,8.1309,0.6344,0.3953,0.6047,4.2782,0.0985,11.4376,40.5880,116.0000,0.0007,77.7910,52.7167,4.2782,0.0000,0.0930,0.1395,0.2326,0.2326,0.0930,0.1395,0.0698,207.5197,275.8690,0.0195,18.9424,7.5121,41.3495,-0.0002,0.0000,0.4168,0.4682,0.5244,4.9780,0.1312,0.0029,0.2263,4.1327,15.0273,1.4250,1.1977,3.2918,1.4138,-0.0333,0.9995,0.1626,0.0688,4.3147,39.1927,0.0033,1.0011,1.0740,0.7997,0.0681,0.0001,-0.0000,0.8605,0.0145,5206.1936,24.5631,242.2723,0.4645,0.2065,0.0000,0.8056,0.4667,-9.6457,371.0077
25.9843,DESCEND,ASCEND,0.9011,0.0002,17.0270,34.3732,0.5467,0.4400,12.3796,0.4162,17.6620,40.9050,135.0000,0.0008,98.2772,74.8655,12.3796,0.0933,0.0933,0.1333,0.1600,0.2267,0.0533,0.1333,0.1067,196.6554,275.3394,0.0099,15.9322,6.4012,41.7218,-0.0000,0.0000,0.3837,0.4577,0.5132,6.4463,0.0294,0.0026,0.0140,5.0879,11.6364,1.4896,0.7455,2.7828,1.6707,0.0408,1.0003,-0.2198,0.0599,12.4127,39.9119,0.0684,1.0027,-0.1793,-0.0675,0.4744,0.0000,0.0000,0.6667,0.0146,5164.4646,24.5398,235.0939,0.4590,0.2182,0.0000,0.8056,0.3667,3.6694,255.9883
26.0260,DESCEND,ASCEND,-3.6582,-0.0014,12.9039,12.2929,0.4133,0.5733,11.4371,0.3010,16.9950,40.9811,129.0000,0.0007,98.9447,72.6276,11.4371,0.0933,0.1200,0.0933,0.1600,0.2933,0.0533,0.1067,0.0800,192.4022,274.3676,0.0145,9.8720,3.3856,19.0445,-0.0000,0.0000,0.2710,0.4200,0.5095,3.2359,0.1277,0.0028,0.0312,3.6510,4.8428,1.8710,1.3874,2.1467,1.8690,0.0456,0.9996,-0.0413,0.3767,11.4916,40.4285,-0.1045,1.0049,-0.3197,-0.2086,-0.0550,-0.0000,0.0000,0.6800,0.0151,5134.4337,24.7257,247.7422,0.4514,0.2259,0.0000,0.8056,0.3667,11.7080,77.0381
26.0677,ASCEND,ASCEND,-1.9106,0.0002,9.4959,3.7358,0.5400,0.4600,5.2431,0.1297,15.4895,76.4020,146.0000,0.0008,85.0022,68.5299,5.2431,0.0600,0.1400,0.1600,0.1200,0.1600,0.1800,0.1000,0.0800,195.3757,278.7188,0.0249,6.7233,2.4538,17.7967,0.0000,0.0000,0.2440,0.3670,0.5088,2.6953,0.2310,0.0031,0.2504,2.0948,3.9484,1.9762,0.7725,1.9715,1.0492,-0.0124,1.0021,-0.4094,-0.7030,5.2817,26.0436,-0.1092,1.0142,0.1786,-0.8240,-2.1786,0.0000,0.0000,0.8400,0.0167,5402.6720,25.0862,258.1245,0.5018,0.2273,0.0000,0.8056,0.3633,10.0956,-155.5323
26.1094,ASCEND,ASCEND,4.7984,0.0000,11.4024,30.8734,0.5068,0.4521,9.1752,0.4119,14.7322,39.9412,119.0000,0.0007,102.9913,80.3859,9.1752,0.1233,0.0685,0.1370,0.2055,0.1918,0.1096,0.0822,0.0822,211.9098,281.3621,0.0096,8.1427,2.9998,20.3587,0.0000,-0.0000,0.2732,0.3568,0.4949,5.1844,0.0081,0.0030,0.0995,1.9849,4.6757,1.9600,0.8001,2.6908,1.6275,-0.0388,0.9994,0.2895,0.0596,9.1947,38.8739,0.1619,0.9896,-0.4759,0.5957,0.5856,-0.0000,-0.0000,0.6712,0.0175,5381.1431,24.5518,249.7311,0.5186,0.2404,0.0000,0.8056,0.3467,-1.2659,-178.0669
26.1511,ASCEND,ASCEND,3.3407,0.0016,9.9462,33.1522,0.5439,0.4561,5.2113,0.1407,11.8971,38.9856,114.0000,0.0007,97.7097,77.5079,5.2113,0.1228,0.0877,0.1579,0.2632,0.0351,0.0877,0.1404,0.1053,209.3300,275.4444,0.0187,9.0396,3.7560,40.4038,0.0000,-0.0000,0.4548,0.3806,0.4985,14.7577,0.1339,0.0021,0.5034,2.0043,6.3225,1.7838,0.9387,2.7108,1.3561,-0.0693,0.9982,0.7474,0.3420,5.2985,37.3761,0.0893,1.0008,0.6658,-0.5124,-0.5260,0.0000,-0.0000,0.8421,0.0154,5438.9897,23.8712,234.7527,0.5340,0.2493,0.0000,0.6833,0.4833,-4.7581,-69.3509
26.1928,ASCEND,ASCEND,0.9616,0.0000,7.6243,13.4238,0.5246,0.4754,4.0166,0.1073,9.4957,39.5226,100.0000,0.0006,103.5072,77.7758,4.0166,0.1148,0.0984,0.0984,0.1148,0.1803,0.1475,0.1475,0.0984,210.3310,279.9578,0.0191,8.9743,3.7203,40.6724,0.0000,-0.0000,0.4590,0.3669,0.4733,16.2451,0.1569,0.0042,0.2779,2.4275,6.2617,1.3302,1.2418,2.5692,1.0192,-0.0183,0.9992,0.2785,0.1741,4.0387,29.7151,0.0182,1.0078,0.6860,-0.6066,-0.7492,0.0000,0.0000,0.8361,0.0143,5521.1020,23.6448,243.7543,0.5383,0.2572,0.0000,0.8056,0.3633,-7.0510,-24.0063
26.2345,DESCEND,ASCEND,-1.1215,-0.0001,8.4854,1.0791,0.4561,0.5439,4.2070,0.0256,10.7820,38.4539,89.0000,0.0005,95.5287,74.8316,4.2070,0.1228,0.1053,0.0526,0.1053,0.1579,0.1754,0.1579,0.1228,207.6425,276.8981,0.0132,7.3019,2.4966,17.0883,0.0000,0.0000,0.2664,0.3250,0.5038,5.0503,0.0425,0.0040,0.3703,2.1868,2.8402,1.4915,1.3324,1.9672,1.0955,-0.0125,1.0006,-0.0668,-0.2594,4.2331,37.8654,-0.0141,0.9962,0.1981,0.0719,-0.1523,0.0000,-0.0000,0.8421,0.0145,5724.7895,23.4888,239.4730,0.5498,0.2533,0.0000,0.8056,0.3633,-6.7607,44.2346
26.2762,DESCEND,ASCEND,-2.6184,-0.0008,8.1250,0.9016,0.4259,0.5741,4.0368,0.0813,10.0597,39.2187,159.0000,0.0009,99.3286,69.7004,4.0368,0.1111,0.1296,0.1111,0.1111,0.1111,0.2222,0.1481,0.0556,206.9788,262.6668,0.0208,7.2705,2.5282,18.6558,0.0000,-0.0000,0.2850,0.3490,0.4895,5.8957,0.2156,0.0022,0.1388,2.8010,2.5342,1.8064,1.5406,1.9382,1.0021,0.1162,0.9996,-0.6680,0.3598,4.1450,35.9894,-0.0767,1.0148,0.9522,-1.8337,-0.6998,0.0001,0.0000,0.8704,0.0151,5967.7231,23.0813,239.1622,0.5573,0.2532,0.0000,0.8056,0.4700,-3.3611,75.7314
26.3180,DESCEND,ASCEND,-4.4556,-0.0008,12.9188,1.2990,0.4400,0.5600,7.7187,0.2163,13.7614,39.7379,113.0000,0.0007,115.0538,75.9182,7.7187,0.0267,0.1467,0.2267,0.1067,0.1600,0.0533,0.1467,0.1333,206.4886,258.5792,0.0184,6.0049,2.1936,18.0018,-0.0000,-0.0000,0.2524,0.3005,0.4977,5.7923,0.2297,0.0014,0.3481,1.7965,2.5966,1.0102,1.1899,1.8279,0.9602,-0.0420,0.9999,0.1538,-0.0226,7.7527,37.5926,-0.1139,1.0075,0.4936,-0.0878,-1.6476,0.0000,0.0000,0.7333,0.0144,6157.4679,22.7306,237.8583,0.5621,0.2485,0.0000,0.8056,0.3200,-0.4434,-86.0396
26.3597,DESCEND,ASCEND,-2.0109,0.0001,11.5895,9.9040,0.5224,0.4776,6.9828,0.2330,13.1655,38.1295,198.0000,0.0011,95.8854,72.9003,6.9828,0.0746,0.0896,0.1791,0.1343,0.2537,0.1045,0.1045,0.0597,218.5273,260.5291,0.0327,7.5017,3.4173,36.2373,-0.0005,-0.0000,0.3436,0.3703,0.4919,6.2241,0.2696,0.0012,0.3278,2.0779,2.3005,1.0918,4.5553,1.7179,0.7527,-0.0767,1.0004,0.1646,-0.2825,7.0314,37.2123,-0.0917,1.0077,0.3586,-0.6677,-1.3401,0.0000,0.0000,0.7612,0.0167,5993.0729,23.6593,243.2117,0.5770,0.2967,0.0000,0.8056,0.3600,-10.5382,-268.2026
26.4014,ASCEND,ASCEND,2.9099,0.0003,9.4946,32.6966,0.5641,0.4359,4.7337,0.2625,10.6102,39.2445,162.0000,0.0009,136.8395,86.1492,4.7337,0.0897,0.0897,0.1538,0.2051,0.1154,0.1410,0.1282,0.0769,231.1906,259.8064,0.0167,7.2013,3.2735,39.5852,0.0017,0.0000,0.4426,0.3231,0.5016,14.1497,0.1563,0.0011,0.2045,1.9129,3.6233,0.6589,2.9224,1.6916,0.3770,0.0429,1.0005,-0.3381,0.0066,4.7307,36.8299,0.0467,0.9981,-0.2546,0.3298,1.2267,-0.0000,0.0000,0.8205,0.0174,5901.8502,23.4213,231.4785,0.5540,0.3142,0.0000,0.8944,0.2900,-22.8160,-101.1269
26.4431,ASCEND,ASCEND,0.2044,0.0001,6.7759,2.6518,0.5190,0.4810,4.0576,0.1938,10.4414,59.1743,153.0000,0.0009,129.9990,88.9269,4.0576,0.1519,0.0633,0.1899,0.0506,0.1646,0.1013,0.1013,0.1772,216.4329,257.2986,0.0155,5.5176,2.9078,37.9860,0.0006,-0.0000,0.4198,0.2835,0.4909,11.9431,0.2520,0.0016,0.1000,1.6381,3.3145,0.0580,2.2191,1.2899,0.5218,-0.0195,1.0000,0.2040,-0.1115,4.0983,35.8913,0.0206,0.9879,-0.3180,0.6319,0.4304,-0.0000,-0.0000,0.8228,0.0174,5934.4391,23.7764,245.9255,0.5538,0.3149,-0.9316,0.9278,0.4101,-18.9739,165.9401
26.4848,ASCEND,ASCEND,2.2355,0.0002,9.9300,32.1933,0.5227,0.4773,5.8238,0.5242,11.6669,39.9258,186.0000,0.0011,136.2544,88.0207,5.8238,0.0795,0.1364,0.1477,0.1705,0.1364,0.1023,0.1591,0.0682,217.0690,255.2568,0.0218,5.8033,3.0725,38.7355,-0.0007,-0.0000,0.4410,0.3093,0.4948,13.3420,0.2599,0.0014,0.5460,2.0640,2.7100,0.1767,2.2989,1.0154,1.3460,-0.1376,1.0012,0.3101,-0.9223,5.9077,36.9122,0.0788,0.9994,-0.1332,0.4619,-0.9548,-0.0000,0.0000,0.8295,0.0200,6150.3393,23.7362,245.7514,0.5821,0.2846,0.0000,0.8944,0.5033,-8.9738,232.6267
26.5265,ASCEND,ASCEND,0.1758,-0.0131,3.9936,5.7337,0.4189,0.5811,3.1545,0.5740,5.1602,20.2949,157.0000,0.0009,140.6183,92.4966,3.1545,0.1216,0.1351,0.1216,0.0135,0.1216,0.1757,0.1351,0.1757,224.8961,263.0525,0.0266,5.3888,2.5527,32.0963,-0.0007,-0.0000,0.3624,0.3180,0.4942,9.5944,0.1087,0.0017,0.5331,1.7364,1.3876,0.5926,2.6497,0.8771,1.5453,0.0316,0.9985,0.1543,0.5051,3.1398,16.6569,0.0054,0.9907,-0.0964,1.3537,0.4253,-0.0000,-0.0000,0.7568,0.0169,5880.5602,23.5386,254.5287,0.5653,0.2817,0.0000,0.8944,0.4667,0.4311,187.7020
26.5682,DESCEND,ASCEND,-1.9699,-0.0002,6.4413,2.2243,0.4667,0.5333,3.8469,0.2072,7.3471,34.4839,96.0000,0.0006,120.5907,85.6863,3.8469,0.1833,0.1667,0.1167,0.1667,0.1167,0.1000,0.1333,0.0167,210.5480,274.5389,0.0257,7.5178,5.5532,64.3122,0.0009,-0.0000,0.5111,0.4156,0.4933,8.0764,0.2935,0.0032,7.2191,1.8908,0.4053,0.1500,3.2590,1.2962,1.2308,-0.0055,1.0011,-0.2343,-0.4423,3.9117,21.4333,-0.0424,1.0834,0.9876,0.4739,-10.4296,0.0001,0.0001,0.8167,0.0170,5927.2165,23.2581,261.6514,0.6022,0.2519,0.0000,0.8944,0.5033,6.6837,56.9744
26.6099,DESCEND,ASCEND,-0.4950,-0.0020,7.7399,9.7964,0.4375,0.5625,5.6559,0.1686,11.5224,49.6802,77.0000,0.0004,95.8209,81.5566,5.6559,0.1042,0.0625,0.1250,0.1042,0.1250,0.2292,0.1042,0.1458,208.8271,291.2542,0.0256,5.8347,2.5059,19.4945,0.0018,0.0000,0.2728,0.3077,0.5078,6.0727,0.3069,0.0118,1.9411,0.9377,0.0290,0.8888,2.7864,1.5852,1.0338,0.1200,0.9917,1.2412,3.0239,5.6798,34.1075,0.0115,1.0015,0.9193,8.6263,2.1289,0.0001,-0.0000,0.7708,0.0153,5642.8201,22.7709,266.5005,0.5400,0.2509,0.0000,0.8778,0.4867,5.1837,-127.9491
26.6516,DESCEND,ASCEND,-0.8958,-0.0030,2.7243,0.7482,0.3111,0.6889,2.2809,0.0657,5.9834,35.7044,72.0000,0.0004,91.8250,75.3328,2.2809,0.0889,0.2000,0.1111,0.0444,0.1778,0.1556,0.2222,0.0000,203.8634,295.1051,0.0267,4.4650,2.0412,27.2678,-0.0001,-0.0000,0.2600,0.2568,0.4919,6.4359,0.1910,0.1865,1.7624,0.8830,0.0334,0.2316,1.4456,1.5126,1.1012,-0.0500,0.9971,0.7811,0.6701,2.3305,9.8318,-0.0056,0.9948,0.8054,11.1486,0.0606,0.0000,-0.0000,0.8444,0.0137,5740.2855,22.8171,265.4613,0.5406,0.2444,0.0000,0.8944,0.4067,-3.9894,-186.8600
26.6933,DESCEND,ASCEND,-0.4477,0.0195,1.8942,1.2899,0.5217,0.4783,1.2519,0.4685,2.0431,8.5739,68.0000,0.0004,80.2574,71.9545,1.2519,0.1304,0.1739,0.0870,0.0870,0.1739,0.1304,0.0870,0.1304,199.3492,295.7642,0.0462,4.4909,2.1567,27.6413,-0.0013,-0.0000,0.2696,0.2652,0.4930,7.6502,0.1260,1.2657,0.4610,0.4099,0.0605,0.5894,0.8925,2.9170,1.1594,-0.0295,1.0014,-0.0110,-0.6022,1.2968,5.6682,-0.0088,0.9533,0.1107,0.4959,7.3738,-0.0000,-0.0001,0.9565,0.0144,5426.5618,23.7424,316.3782,0.5175,0.2030,0.0000,0.8944,0.3533,-10.4036,-8.7797
26.7350,ASCEND,ASCEND,0.8415,0.0022,3.7296,8.7432,0.5429,0.4571,1.9273,0.0319,4.0044,15.4875,66.0000,0.0004,70.5196,67.7788,1.9273,0.0571,0.0571,0.1143,0.1429,0.0571,0.1429,0.2571,0.1714,201.0310,306.4804,0.0423,5.7461,2.7466,30.5048,0.0059,0.0000,0.2941,0.2815,0.5043,5.3991,0.1217,2.1852,0.3300,0.3694,0.1223,0.7826,1.6398,2.7588,1.0695,0.0437,1.0009,-0.4380,-0.1458,1.9392,10.8546,0.0210,1.0318,-2.5302,-3.3294,1.1616,-0.0001,0.0002,0.8857,0.0129,5157.3423,22.2284,302.0249,0.5039,0.2324,0.0000,0.8944,0.4900,-4.7218,102.2594
26.7767,ASCEND,ASCEND,0.1955,0.0000,2.5064,1.9589,0.5000,0.5000,1.3140,0.0473,3.7460,19.6564,59.0000,0.0003,66.6855,53.9541,1.3140,0.0357,0.1071,0.0714,0.1786,0.1071,0.1786,0.2143,0.1071,209.3962,308.3654,0.0283,4.4865,2.8795,32.7794,0.0015,-0.0000,0.2685,0.2351,0.4998,7.6359,0.0651,3.0041,0.0773,0.2269,0.1675,0.5341,0.8664,1.8157,1.3716,0.0065,0.9966,0.7082,1.0421,1.3440,4.1143,0.0084,0.9768,-1.1586,0.7265,7.0786,-0.0001,-0.0000,0.9286,0.0125,4761.7563,21.7183,316.1848,0.4430,0.3155,0.0000,0.8944,0.4700,-1.8734,142.8786
26.8185,ASCEND,ASCEND,0.1128,0.0001,3.6270,2.1228,0.5135,0.4865,1.8121,0.0254,5.2641,28.4716,67.0000,0.0004,60.5652,49.3105,1.8121,0.0811,0.2432,0.1892,0.1351,0.1351,0.1081,0.1081,0.0000,220.4561,310.6536,0.0190,4.8629,3.4133,33.8088,-0.0013,-0.0000,0.3405,0.2065,0.4931,9.5974,0.1695,3.3450,0.1161,0.2873,0.7483,0.3471,0.5337,0.9869,2.5603,0.0051,0.9994,0.0970,0.2004,1.8153,10.1536,0.0062,0.9280,-0.1130,4.5145,19.5474,-0.0000,-0.0001,0.8919,0.0125,4583.5222,21.7338,313.5413,0.4020,0.3685,0.0000,0.8944,0.4567,7.1967,182.1454
26.8602,ASCEND,ASCEND,-0.1366,-0.0001,1.0731,0.3080,0.4545,0.5455,0.5764,0.0118,1.4271,5.4381,59.0000,0.0003,56.8175,52.2243,0.5764,0.1212,0.1515,0.0909,0.0606,0.0606,0.2424,0.1818,0.0909,220.0709,308.3625,0.0130,3.4510,2.8850,35.3836,0.0011,-0.0000,0.3639,0.2180,0.4969,11.0159,0.6716,1.8351,0.0702,0.3183,0.8334,0.5492,0.6079,0.6364,1.5396,-0.0011,1.0062,-1.3101,-1.9102,0.7795,4.7948,-0.0144,0.9473,-1.4747,7.5065,16.5811,-0.0001,-0.0000,1.0000,0.0126,4422.6567,20.9930,304.7605,0.3586,0.4213,0.0000,0.8944,0.4600,13.3205,58.2916
26.9019,ASCEND,ASCEND,1.1128,-0.0001,7.3932,3.8348,0.4615,0.5385,2.3581,0.0347,8.6559,53.5295,59.0000,0.0003,72.2936,62.0878,2.3581,0.1026,0.2051,0.1538,0.0513,0.1538,0.0769,0.1282,0.1282,230.4057,316.6198,0.0085,3.9581,2.5923,34.0996,0.0021,-0.0000,0.3077,0.1971,0.4925,10.1763,0.4824,0.0101,0.1266,0.2052,1.0525,0.2680,0.2068,0.7111,3.8044,-0.0095,1.0004,-0.0134,-0.1402,2.3661,8.4910,0.0056,0.9312,-0.0654,5.1797,14.3135,0.0000,-0.0002,0.8974,0.0130,4269.4887,21.3394,312.6209,0.3086,0.4329,3.9085,0.8750,0.5379,12.0592,-1.3011
26.9436,ASCEND,ASCEND,0.9315,0.0002,4.1820,8.1154,0.5641,0.4359,1.5687,0.0204,4.5031,24.8433,90.0000,0.0005,70.2722,59.7408,1.5687,0.1282,0.1795,0.1538,0.0256,0.0513,0.1282,0.1795,0.1538,230.6992,316.9155,0.0056,4.3219,2.6702,23.1829,0.0053,0.0000,0.2142,0.1905,0.5155,4.7008,0.6250,0.0016,0.0780,0.3192,0.2874,0.3614,0.1656,0.4613,4.7807,0.0121,1.0023,-0.5709,-0.6574,1.6139,9.3722,0.0074,0.9524,-0.4190,6.6877,13.2497,-0.0000,-0.0001,0.9231,0.0160,4202.5746,21.8185,311.3531,0.3056,0.4308,0.0000,0.8056,0.3600,13.2120,72.2542
26.9853,ASCEND,ASCEND,0.3539,-0.0003,4.2557,6.1229,0.4528,0.5472,2.0438,0.0218,4.7945,23.7800,81.0000,0.0005,101.0837,89.6663,2.0438,0.1698,0.0943,0.2264,0.1132,0.0943,0.0943,0.0943,0.1132,221.0657,311.9413,0.0027,3.8181,3.3931,34.4299,0.0096,0.0000,0.2835,0.1902,0.5063,9.5111,0.1080,0.0009,0.0227,0.4289,0.8071,0.3632,0.0905,0.4400,5.4980,-0.0026,1.0004,-0.0393,-0.0793,2.0706,11.9233,0.0053,1.0180,-0.6467,-0.9835,0.4894,-0.0000,0.0001,0.8679,0.0151,4249.6224,21.2019,297.0581,0.3067,0.4302,0.0000,0.8056,0.3733,18.0864,30.4449
27.0270,ASCEND,ASCEND,0.6084,0.0002,2.0632,6.5760,0.5098,0.4706,0.8344,0.0315,2.1771,10.9101,73.0000,0.0004,95.5177,86.7723,0.8344,0.1176,0.1961,0.0784,0.0588,0.0588,0.1176,0.1765,0.1961,221.4081,307.7437,0.0033,2.2705,1.0093,12.2147,0.0005,0.0000,0.1571,0.1123,0.5086,3.4764,0.1904,0.0009,0.1117,0.1888,0.3447,0.2383,0.0981,0.3923,1.5069,-0.0023,1.0003,-0.0218,-0.0026,0.8792,6.5425,0.0072,1.0072,0.0305,-0.4573,-0.1459,0.0000,0.0000,0.9216,0.0161,4121.0836,21.1833,303.3450,0.3022,0.4701,5.7626,0.8528,0.3652,15.7516,-60.3739
27.0687,ASCEND,ASCEND,-0.0039,-0.0002,0.7672,0.1275,0.4444,0.5556,0.4240,0.0227,1.0177,4.1935,65.0000,0.0004,86.5842,88.8665,0.4240,0.0667,0.2222,0.2667,0.1111,0.0889,0.0444,0.1333,0.0667,222.3608,307.7303,0.0046,2.3033,0.9856,10.3002,0.0006,-0.0000,0.1300,0.1265,0.4958,2.5232,0.1783,0.0006,0.1271,0.1918,0.1106,0.6336,0.0558,0.4215,1.5279,-0.0248,0.9997,0.1193,0.0824,0.4691,3.3876,0.0020,0.9346,0.5456,4.3863,13.5356,0.0000,-0.0001,0.9333,0.0139,4110.8271,20.9371,294.7170,0.3237,0.4712,0.0000,0.8056,0.3500,13.0502,-135.1231
27.1104,ASCEND,ASCEND,0.1612,0.0006,1.2151,0.8755,0.6279,0.3721,0.5775,0.0271,1.8382,11.4926,47.0000,0.0003,76.6027,79.0389,0.5775,0.1628,0.1395,0.2093,0.1395,0.0930,0.0465,0.1395,0.0698,217.0498,298.0909,0.0069,4.7756,2.8730,24.8975,0.0038,-0.0000,0.2533,0.1870,0.4989,6.4343,0.0320,0.0007,0.1573,0.4859,0.0627,0.7745,0.1721,0.4360,5.7233,-0.0080,1.0004,-0.0310,-0.0375,0.6359,1.4586,-0.0015,1.0025,0.2217,-0.2085,-0.2016,0.0000,0.0000,0.9767,0.0095,4424.5830,18.3431,263.2659,0.3406,0.4420,0.0000,0.8056,0.3567,4.4801,-244.1462
27.1521,STABLE,ASCEND,0.0965,0.0003,1.3738,0.5371,0.5349,0.4651,0.6098,0.0444,1.9564,11.9401,52.0000,0.0003,75.1081,79.1282,0.6098,0.1395,0.2791,0.1395,0.1628,0.0233,0.1163,0.0930,0.0465,211.8959,298.8100,0.0048,1.8368,0.6989,7.0964,-0.0000,0.0000,0.1107,0.1150,0.5069,2.4265,0.0474,0.0009,0.2832,0.2549,0.0689,0.4985,0.2660,0.6588,0.4392,-0.0161,0.9998,0.0785,0.0894,0.6440,1.4833,-0.0043,1.0003,0.2917,-0.0253,-0.0967,0.0000,-0.0000,0.9535,0.0107,4569.7748,18.4853,249.2757,0.3918,0.4224,0.0000,0.8056,0.3967,-7.3157,-276.7012
27.1938,STABLE,ASCEND,0.4534,0.0000,2.9867,0.3199,0.5476,0.4524,0.7938,0.0213,3.4678,22.4662,49.0000,0.0003,79.1683,74.7684,0.7938,0.1667,0.1190,0.1905,0.0476,0.0714,0.1667,0.1429,0.0952,212.8187,285.4085,0.0056,2.0499,0.9039,9.7551,-0.0000,-0.0000,0.1304,0.1340,0.4967,1.8159,0.1442,0.0015,0.2125,0.4191,0.1661,0.5370,0.1921,0.6308,0.7574,-0.0043,0.9987,0.3514,0.3744,0.8395,2.7127,0.0078,0.9960,0.0540,0.6264,-0.0414,-0.0000,-0.0000,0.9762,0.0107,4616.4298,19.0183,263.4537,0.4259,0.4064,0.0000,0.8944,0.3067,-18.6014,-301.7734
27.2355,STABLE,ASCEND,0.0915,-0.0016,0.5698,0.5940,0.3810,0.6190,0.4043,0.0736,0.7205,3.8764,176.0000,0.0010,76.6354,71.2369,0.4043,0.1190,0.1190,0.2143,0.0952,0.0952,0.0952,0.1905,0.0714,213.2238,282.9669,0.0083,3.0892,1.5152,25.6050,-0.0000,-0.0000,0.2010,0.1751,0.4848,5.3460,0.1242,0.0022,0.3280,0.5232,0.7574,1.0180,0.2425,0.8827,0.8349,-0.0553,0.9999,0.1811,-0.1497,0.4484,1.3415,0.0022,0.9915,1.3679,0.4629,-1.5654,0.0001,-0.0001,1.0000,0.0113,4798.7808,19.7865,260.4514,0.4855,0.3690,0.0000,0.8056,0.3567,-32.4886,-357.3530
27.2772,DESCEND,ASCEND,-3.7272,-0.0052,9.6885,3.5928,0.4466,0.5534,7.3087,1.2477,12.0028,35.3390,166.0000,0.0010,144.2620,90.9233,7.3087,0.0777,0.1165,0.1650,0.0388,0.2233,0.1650,0.1359,0.0777,215.1170,275.2430,0.0148,3.7097,2.1951,31.1647,0.0000,0.0000,0.2858,0.2276,0.5011,6.1978,0.2081,0.0040,0.1781,0.6347,1.7820,1.1536,0.2442,1.3102,0.9997,0.1373,0.9993,-0.3534,0.8903,7.3529,32.8470,-0.0707,0.9803,-0.6838,0.4627,1.9343,-0.0000,-0.0000,0.7670,0.0117,4867.7390,20.5306,258.1967,0.4962,0.3199,0.0000,0.8056,0.3967,-48.4106,-370.1089
27.3190,DESCEND,ASCEND,-3.1163,-0.0004,11.3800,6.1071,0.4312,0.5688,8.5494,0.4720,13.0384,33.7526,126.0000,0.0007,135.7679,85.8025,8.5494,0.0550,0.1009,0.1376,0.0734,0.2661,0.1560,0.1284,0.0826,221.4041,262.6837,0.0073,4.6308,3.0004,32.3837,0.0000,-0.0000,0.3554,0.2682,0.4890,7.5839,0.2477,0.0047,0.0293,0.6144,2.8001,1.9010,0.3316,1.2205,1.0841,0.0232,1.0000,-0.0839,0.0922,8.5695,32.5508,-0.0853,0.9896,-0.3092,-0.0417,1.9535,-0.0000,-0.0000,0.6606,0.0111,4822.2253,20.8912,258.9064,0.4970,0.3124,0.0000,0.8944,0.3067,-63.3619,-344.8190
27.3607,DESCEND,ASCEND,-3.5380,0.0002,8.3745,2.1109,0.5543,0.4457,6.6926,0.2647,11.6045,32.7613,181.0000,0.0010,129.7582,84.5314,6.6926,0.0761,0.1304,0.1739,0.0978,0.2391,0.1087,0.1304,0.0435,233.2784,254.1815,0.0128,7.7540,3.5982,31.8261,0.0000,0.0000,0.3190,0.3216,0.5071,4.6503,0.0293,0.0060,0.3720,0.5546,3.5029,3.2069,0.2558,1.5785,2.2486,-0.1173,1.0005,0.3862,-0.4187,6.8242,32.2796,-0.1549,0.9983,0.0864,-0.0012,-0.4526,-0.0000,-0.0000,0.7391,0.0112,5102.3475,21.9007,266.5206,0.5228,0.2570,0.0000,0.8056,0.3533,-77.1742,-299.7533
27.4024,DESCEND,ASCEND,-3.1093,-0.0002,14.2195,28.0331,0.4407,0.5424,10.9775,0.5373,14.6666,35.3273,181.0000,0.0010,124.3132,78.3345,10.9775,0.0678,0.1017,0.1186,0.1186,0.3136,0.1271,0.0763,0.0763,225.6348,253.5150,0.0089,12.4024,5.1726,33.7612,0.0000,0.0000,0.4236,0.3471,0.5094,9.7723,0.1376,0.0080,0.0074,1.2925,4.9134,6.0610,0.3739,1.6979,2.1500,0.0020,1.0000,-0.0248,-0.1290,11.0121,33.7646,-0.0110,0.9980,0.0330,0.1642,0.0116,0.0000,-0.0000,0.6356,0.0113,5106.5498,21.8635,254.6451,0.4985,0.2513,0.0000,0.8056,0.4633,-88.3663,-172.0803
27.4441,DESCEND,ASCEND,-2.9226,0.0001,14.2139,28.2589,0.5360,0.4640,10.6106,0.9031,14.1826,33.6796,140.0000,0.0008,125.4823,78.0187,10.6106,0.0480,0.0720,0.1440,0.1200,0.3440,0.0800,0.1280,0.0640,224.2695,248.9121,0.0123,17.9695,6.3548,33.1852,-0.0001,-0.0000,0.3774,0.3727,0.4986,6.4747,0.1584,0.0095,0.1059,1.0938,6.8131,7.1625,0.5354,3.3310,1.8031,0.0419,1.0002,-0.2679,0.1307,10.6255,32.3750,-0.0684,0.9934,-0.2008,0.2794,0.8012,-0.0000,-0.0000,0.6160,0.0113,5075.4309,22.6641,265.9643,0.4762,0.2423,0.0000,0.8056,0.4700,-91.5286,106.3702
27.4858,DESCEND,ASCEND,-4.7810,-0.0002,12.4584,4.2451,0.4299,0.5701,9.3590,0.1492,13.9941,33.4873,216.0000,0.0013,124.1166,81.2382,9.3590,0.0374,0.1495,0.1215,0.0841,0.2991,0.1402,0.1028,0.0654,224.2324,243.9039,0.0098,23.5244,7.0012,33.6997,0.0000,-0.0000,0.4160,0.3849,0.4941,6.5296,0.0361,0.0091,0.0147,0.8514,10.4285,5.8873,0.4916,4.2723,1.4465,-0.0166,1.0000,0.0665,0.0155,9.3948,32.3892,-0.1576,0.9980,-0.0140,0.2713,-0.1657,-0.0000,-0.0000,0.6916,0.0116,5069.2326,23.0640,264.5968,0.4668,0.2456,0.0000,0.8056,0.4733,-79.4932,421.7216
27.5275,DESCEND,ASCEND,-3.2921,-0.0001,14.4388,25.4856,0.4846,0.5077,12.7112,1.3275,14.5095,32.8168,154.0000,0.0009,122.2456,79.6929,12.7112,0.0385,0.1000,0.1000,0.0923,0.4000,0.1538,0.0538,0.0615,226.5547,239.4337,0.0142,28.0969,7.6951,33.3204,-0.0000,0.0000,0.4478,0.4483,0.5079,6.4513,0.0436,0.0078,0.0107,1.4264,14.2320,5.3986,1.7096,4.5712,1.6818,0.0208,1.0001,-0.1770,0.0365,12.7060,32.2154,-0.0247,1.0018,0.0181,0.1459,-0.1141,0.0000,-0.0000,0.5385,0.0114,5037.1351,23.6684,274.1534,0.4492,0.2251,0.0000,0.8056,0.4667,-56.3500,615.4309
27.5692,DESCEND,ASCEND,-1.7469,0.0005,13.6967,24.7983,0.5321,0.4679,10.7671,0.7365,14.3969,33.3778,197.0000,0.0011,119.7424,84.8828,10.7671,0.0550,0.0917,0.0917,0.0917,0.3670,0.1101,0.1009,0.0917,229.4400,238.0285,0.0215,27.4714,7.6362,33.3191,0.0000,0.0000,0.4214,0.4302,0.5117,7.0667,0.1261,0.0071,0.1496,2.4041,16.6347,3.0700,1.1556,4.5361,0.7751,0.0869,1.0004,-0.4454,0.3876,10.8414,32.5605,-0.0071,1.0043,-0.0663,-0.3140,-0.4001,0.0000,0.0000,0.6606,0.0120,5296.1239,24.2052,265.9849,0.4651,0.1858,0.0000,0.8056,0.4733,-28.1560,666.9501
27.6109,DESCEND,ASCEND,-1.0999,0.0000,15.7551,29.0065,0.5000,0.4730,13.5791,2.9620,14.6250,32.6362,172.0000,0.0010,114.4706,76.2616,13.5791,0.0608,0.0676,0.0878,0.1284,0.3919,0.1284,0.1014,0.0338,220.0009,239.7686,0.0120,28.7121,8.0125,32.7259,0.0000,0.0000,0.3940,0.4030,0.5119,6.5970,0.0791,0.0050,0.0042,2.6060,18.5309,2.9374,1.1248,4.9823,0.7943,-0.0414,1.0000,0.0811,-0.1876,13.5800,32.0244,0.0352,1.0037,0.1045,-0.1950,-0.8514,0.0000,0.0000,0.5338,0.0143,5322.8676,25.0510,274.3817,0.4634,0.1771,0.0000,0.8056,0.4700,-0.7152,623.7237
27.6526,ASCEND,ASCEND,1.3330,0.0001,15.4251,29.1139,0.5285,0.4715,13.2466,0.5487,14.8392,34.8835,200.0000,0.0012,109.5286,75.8894,13.2466,0.0244,0.0976,0.0976,0.1301,0.4228,0.0976,0.0813,0.0488,225.6880,236.4939,0.0246,28.9114,8.1378,32.1945,0.0000,0.0000,0.4198,0.4608,0.5288,6.3610,0.1734,0.0040,0.0817,3.2001,18.4567,4.7254,1.2930,3.6042,1.0659,-0.0162,0.9997,0.1007,0.0788,13.2646,31.6261,0.0844,1.0038,0.2101,-0.0989,-1.3271,0.0000,-0.0000,0.5610,0.0145,5290.1830,25.2735,275.1146,0.4608,0.1787,0.0000,0.8056,0.4733,23.8729,662.3712
27.6943,ASCEND,ASCEND,3.6814,0.0067,16.9730,29.4278,0.5814,0.4186,15.2884,14.4019,14.5752,34.2001,155.0000,0.0009,112.8285,73.5443,15.2884,0.0465,0.0775,0.0620,0.1938,0.4186,0.0698,0.0853,0.0465,230.3120,233.4250,0.0289,28.9949,8.2262,31.7918,-0.0000,0.0000,0.4206,0.4605,0.5317,5.3690,0.3632,0.0032,0.0375,6.4129,18.5036,2.4246,1.4441,3.6981,0.9052,1.5672,0.9998,-36.1137,5.2542,16.7428,36.2011,-0.0142,1.0030,-2.1474,-37.5445,4.1701,-0.0000,0.0001,0.4729,0.0160,5276.0940,25.6632,263.4262,0.4634,0.1907,0.0000,0.8056,0.3633,54.5376,738.9001
27.7360,ASCEND,ASCEND,5.5552,0.0184,16.0786,29.7414,0.6387,0.3613,14.4993,3.7222,14.6397,31.8570,155.0000,0.0009,112.2828,73.4670,14.4993,0.0252,0.0924,0.1429,0.2017,0.3866,0.0756,0.0504,0.0252,236.9587,235.6618,0.0187,29.9484,9.2088,32.4262,0.0000,0.0000,0.4696,0.4705,0.5103,8.1201,0.1209,0.0022,0.0894,8.5507,17.7110,7.1944,1.3314,3.5031,0.8760,-0.0894,0.9991,0.5150,0.0304,14.5515,31.5453,0.0655,1.0028,0.2248,-0.2962,-0.9664,0.0000,0.0000,0.5126,0.0150,5267.4905,25.5291,259.8971,0.4664,0.2018,0.0000,0.8056,0.3600,85.5095,583.4929
27.7777,ASCEND,ASCEND,4.0119,0.0200,13.1726,27.4535,0.6437,0.3563,10.0485,0.8203,13.4741,30.9715,135.0000,0.0008,108.0756,74.9465,10.0485,0.0345,0.1149,0.1034,0.0920,0.3678,0.1494,0.1149,0.0230,242.9466,239.8162,0.0285,29.5006,8.8759,31.3679,0.0000,0.0000,0.4604,0.5053,0.5030,7.8347,0.3757,0.0030,0.1778,8.1962,17.5639,7.0204,1.1593,3.4884,0.8616,0.0626,1.0013,-0.7121,-0.1579,10.0288,30.5790,0.1906,1.0055,0.0627,0.1745,-1.8512,0.0000,-0.0000,0.6667,0.0163,5510.8959,26.1489,266.7014,0.4867,0.1817,0.0000,0.8056,0.4667,103.2106,312.5145
27.8195,ASCEND,ASCEND,3.6641,0.0014,14.3505,28.2540,0.5851,0.3936,10.8953,0.4196,13.8034,31.1264,209.0000,0.0012,109.2579,73.8509,10.8953,0.1064,0.1064,0.0532,0.1277,0.3404,0.1064,0.1170,0.0426,235.7839,243.3568,0.0175,28.3387,7.5635,30.9020,-0.0000,-0.0000,0.4222,0.4341,0.4993,8.2973,0.1357,0.0025,0.0067,3.1946,16.8597,4.7706,0.7909,2.4741,0.9186,-0.0100,1.0001,0.0265,-0.1514,10.9250,30.5613,0.0593,1.0017,0.0877,-0.0904,-0.6266,0.0000,-0.0000,0.6277,0.0166,5485.2164,26.3491,270.9927,0.4921,0.1866,-3.4166,0.6833,0.4475,111.5784,64.8213
27.8612,ASCEND,ASCEND,5.0824,0.0007,14.4460,28.4267,0.5652,0.4261,11.8774,1.4562,13.8753,30.7317,172.0000,0.0010,114.9453,74.5902,11.8774,0.0261,0.0870,0.0783,0.2261,0.3130,0.1043,0.1217,0.0435,226.3130,239.0213,0.0205,28.5070,7.5811,31.2178,0.0000,0.0000,0.4274,0.4241,0.5046,8.2153,0.1099,0.0038,0.0124,4.9834,16.7692,3.3188,0.7148,2.4655,0.8195,0.0202,0.9997,-0.0465,0.1259,11.8823,30.2167,0.1899,1.0003,-0.1859,-0.0790,0.3366,0.0000,-0.0000,0.5913,0.0170,5466.0694,26.2301,270.3340,0.4966,0.1956,-0.8069,0.6667,0.4734,108.6178,-161.8175
27.9029,ASCEND,ASCEND,3.5253,0.0003,13.0029,28.2607,0.5376,0.4516,9.2037,0.3473,12.6510,32.6760,133.0000,0.0008,114.8468,76.7731,9.2037,0.0645,0.0645,0.1505,0.1290,0.3011,0.1828,0.0538,0.0538,228.3225,244.0948,0.0169,27.8853,7.8920,31.0034,-0.0002,-0.0000,0.4566,0.4647,0.4965,8.5117,0.2604,0.0068,0.0036,4.1777,16.4522,4.6219,0.4022,5.2574,1.4649,-0.0754,0.9998,0.2281,-0.2578,9.2319,29.2893,0.2547,1.0060,0.1925,0.3414,-1.3893,0.0000,0.0000,0.6559,0.0176,5462.1234,26.3611,276.6836,0.5192,0.1988,17.8503,0.6361,0.6198,98.0802,-282.1693
27.9446,ASCEND,ASCEND,5.7988,0.0006,12.6368,27.8782,0.5795,0.4205,9.2410,0.1940,12.7389,30.1329,194.0000,0.0011,114.4798,77.6462,9.2410,0.0455,0.0682,0.0682,0.2045,0.2614,0.1477,0.1364,0.0682,221.6993,247.7982,0.0112,28.0489,8.0165,30.6842,-0.0000,-0.0000,0.5235,0.4197,0.4827,11.1180,0.0226,0.0090,0.0062,3.4067,16.9239,4.4162,0.4278,5.7131,1.1941,-0.0049,0.9998,0.0818,-0.0094,9.2599,29.2307,0.2048,1.0028,0.0173,-0.2480,-0.2715,0.0000,0.0000,0.6477,0.0183,5423.8663,25.8929,281.0009,0.5367,0.2216,0.0000,0.8056,0.3700,85.0801,-519.3386
27.9863,ASCEND,ASCEND,2.4012,0.0024,13.7049,27.5694,0.5631,0.4272,10.0936,1.9108,12.4988,30.1150,185.0000,0.0011,115.6264,75.6912,10.0936,0.1262,0.0583,0.0583,0.1845,0.2718,0.1068,0.1262,0.0680,233.0262,249.6571,0.0223,27.9953,7.8095,31.0471,0.0000,-0.0000,0.5183,0.4298,0.4865,12.1507,0.1504,0.0058,0.4210,4.5836,16.6300,2.6124,0.5763,5.1987,1.1912,-0.0269,0.9995,0.3414,0.0669,10.1756,29.5398,0.0068,0.9849,-0.6779,0.3415,0.8672,-0.0000,-0.0000,0.5922,0.0179,5466.5377,25.4706,269.8697,0.5388,0.2317,8.1301,0.6861,0.5893,54.7587,-570.8064
28.0280,ASCEND,ASCEND,-0.3533,0.0033,11.5845,23.7540,0.5862,0.4138,8.8864,1.4639,11.8237,29.7738,140.0000,0.0008,114.8840,74.6978,8.8864,0.0230,0.1034,0.1609,0.1379,0.2989,0.1034,0.1264,0.0460,229.0075,248.3542,0.0359,27.6034,7.7473,30.0864,-0.0001,-0.0000,0.5224,0.4490,0.4884,11.3483,0.3795,0.0050,0.2672,7.0786,15.9154,2.2459,0.6863,4.7275,1.7715,-0.3135,1.0021,1.0221,-1.9151,8.9063,29.8947,-0.2714,0.9830,-0.2147,1.1760,-2.2872,-0.0000,-0.0000,0.6437,0.0166,5709.3136,25.4085,282.6383,0.5570,0.2149,0.0000,0.8056,0.4667,37.4654,-363.4840
28.0697,STABLE,ASCEND,1.8509,-0.0000,11.2679,25.2898,0.4578,0.5301,8.0285,0.3222,12.0097,29.7931,139.0000,0.0008,113.9788,77.2692,8.0285,0.0723,0.0723,0.0723,0.0964,0.3012,0.1566,0.1566,0.0723,226.4012,249.2295,0.0174,19.7893,6.3843,29.8357,-0.0000,-0.0000,0.4769,0.3924,0.4818,11.3750,0.0250,0.0041,0.2372,3.6885,12.6273,2.3532,0.6355,4.1682,1.3755,-0.0341,0.9992,0.4387,0.1921,8.1334,28.8466,0.1768,1.0045,0.0755,-0.4210,-0.4068,-0.0000,0.0000,0.7108,0.0163,5804.7567,24.9626,278.4773,0.5644,0.2249,13.2213,0.7083,0.5684,24.4380,-319.2691
28.1114,STABLE,ASCEND,-0.5962,0.0005,12.5654,26.3204,0.5395,0.4605,8.7294,0.2567,12.3039,29.1248,112.0000,0.0006,114.1930,75.6317,8.7294,0.1053,0.1053,0.1711,0.1184,0.2763,0.0395,0.0921,0.0921,218.4017,246.6104,0.0217,26.4135,7.1209,30.3228,0.0000,-0.0000,0.5654,0.4126,0.4863,11.9923,0.0555,0.0038,0.1579,3.2275,14.1676,4.5041,0.9700,4.3411,1.1463,-0.0330,1.0004,0.0947,-0.2097,8.7536,28.2833,-0.0375,0.9988,0.0091,0.0815,-0.1545,-0.0000,0.0000,0.6579,0.0152,5933.7928,24.5527,272.5674,0.5645,0.2305,0.0000,0.8056,0.4700,10.8330,-287.4815
28.1531,STABLE,ASCEND,0.0249,-0.0000,12.6211,25.1966,0.4865,0.5135,8.8404,0.3454,12.3862,29.5647,166.0000,0.0010,109.1415,69.3672,8.8404,0.0135,0.0676,0.1622,0.1757,0.2703,0.0541,0.2297,0.0270,212.0660,243.2684,0.0164,27.0094,7.6794,30.4499,0.0001,-0.0000,0.5596,0.4410,0.4903,8.8492,0.1813,0.0046,0.4213,5.0647,14.3265,3.2561,0.8439,6.2278,1.3608,-0.0522,0.9997,0.2807,0.0465,8.9058,28.7220,0.1082,1.0012,0.0829,-0.2686,-0.0707,-0.0000,0.0000,0.6622,0.0160,6101.2194,24.0240,258.5524,0.5773,0.2288,0.0000,0.8056,0.3600,0.4573,-94.0990
28.1948,STABLE,ASCEND,0.1436,-0.0005,15.1512,25.8350,0.4615,0.5385,11.7445,3.5950,12.8286,30.3756,129.0000,0.0007,112.7791,66.4401,11.7445,0.0577,0.0577,0.1827,0.1731,0.2981,0.0481,0.0962,0.0865,205.8915,240.8819,0.0157,21.6704,6.4083,29.5938,-0.0000,-0.0000,0.5347,0.4281,0.4802,8.6833,0.1994,0.0059,0.2053,6.5750,10.8651,2.1842,1.3147,2.5636,0.6746,0.0880,0.9995,-0.2687,0.5850,11.7839,28.1915,0.0873,1.0294,1.9100,-2.1353,-1.1288,0.0001,0.0000,0.5481,0.0160,6230.1081,23.7716,263.4036,0.5612,0.2260,0.0000,0.8056,0.3600,2.9836,104.6127
28.2365,ASCEND,ASCEND,-3.1641,-0.0024,13.6300,23.8087,0.3750,0.6250,10.1461,2.1559,12.1742,29.3758,117.0000,0.0007,112.4740,66.5307,10.1461,0.0455,0.0795,0.1818,0.1932,0.2955,0.0795,0.1136,0.0114,208.5273,238.0402,0.0192,7.5309,4.5450,29.7016,0.0000,-0.0000,0.5454,0.3277,0.4857,10.5653,0.2565,0.0019,0.2380,2.8083,7.4038,1.4676,0.6638,1.9630,0.5841,-0.0011,0.9986,0.2040,0.8359,10.1823,28.4710,-0.1135,1.0104,0.1840,-1.0442,0.6647,0.0000,0.0000,0.5795,0.0162,6353.3428,23.4929,261.6972,0.5684,0.2292,0.0000,0.8056,0.3600,9.1837,183.1676
28.2782,ASCEND,ASCEND,3.5173,0.0002,9.9515,25.6272,0.5455,0.4545,5.4481,0.0346,10.4346,28.5170,99.0000,0.0006,121.9545,70.5150,5.4481,0.0303,0.0455,0.2273,0.1818,0.1667,0.1212,0.1818,0.0455,220.7619,239.9599,0.0092,8.4417,4.2741,28.9559,-0.0002,-0.0000,0.5111,0.3563,0.4926,9.6676,0.0759,0.0017,0.0091,2.1785,6.5807,1.1791,1.8797,2.0456,0.6677,0.0109,0.9993,0.0968,0.2577,5.4710,26.8773,0.0753,0.9979,-0.0894,0.1918,0.5519,-0.0000,0.0000,0.8030,0.0149,5985.9765,22.9979,256.5939,0.5475,0.2787,0.0000,0.8056,0.3567,18.2628,189.0844
28.3200,ASCEND,ASCEND,0.5840,-0.0006,3.0123,3.1422,0.4286,0.5714,1.5946,0.0519,4.4323,24.9858,77.0000,0.0004,109.7237,79.4191,1.5946,0.0612,0.1224,0.1429,0.0000,0.0408,0.2449,0.2857,0.1020,230.8893,264.4774,0.0232,5.4681,2.4226,24.7267,-0.0001,-0.0000,0.3128,0.2948,0.4824,7.5369,0.4145,0.0012,0.0800,1.7128,2.2364,0.4877,2.9880,1.0755,0.3957,-0.1652,0.9961,1.7085,0.6078,1.7631,5.6760,0.0095,1.0253,0.7424,-3.5550,-7.4406,0.0000,0.0000,0.9184,0.0149,5570.9242,22.7755,258.3377,0.5210,0.3286,0.0000,0.8056,0.3100,24.9565,68.8849
28.3617,ASCEND,ASCEND,1.7317,0.0004,5.3753,17.2358,0.6140,0.3860,3.0093,0.0419,7.5840,28.4011,140.0000,0.0008,102.8577,77.0020,3.0093,0.0351,0.1053,0.2807,0.1228,0.1228,0.2456,0.0877,0.0000,237.6516,271.8781,0.0119,9.6674,4.8882,28.3289,-0.0005,-0.0000,0.6006,0.2968,0.4977,10.1677,0.2118,0.0012,0.1498,2.8415,5.8632,0.0790,2.0554,3.1437,0.3979,0.0800,1.0013,-0.8227,0.0113,3.0699,25.4859,0.0504,1.0181,0.2254,-4.5249,-3.6168,0.0000,0.0000,0.8772,0.0151,5665.2468,22.8356,263.3787,0.5303,0.3096,0.0000,0.8056,0.6167,24.0090,37.9537
28.4034,ASCEND,ASCEND,2.4342,0.0011,7.2476,22.4698,0.6133,0.3867,4.7078,0.4909,8.2594,28.6718,107.0000,0.0006,128.2675,85.7228,4.7078,0.0933,0.1467,0.1200,0.1067,0.1600,0.1333,0.1733,0.0667,237.0431,278.5568,0.0156,6.3432,3.8826,27.7476,0.0011,0.0000,0.5427,0.3048,0.5017,10.5070,0.1866,0.0012,0.4481,3.4470,3.3648,0.4826,2.1788,1.5999,0.8259,-0.0050,0.9999,0.1043,-0.0623,4.7374,26.1880,0.0462,1.0201,-0.0246,-6.6791,-4.6471,-0.0000,0.0000,0.7067,0.0169,5451.0906,23.0367,257.6249,0.5253,0.2968,0.0000,0.8944,0.4900,28.1225,13.3526
28.4451,ASCEND,ASCEND,2.6261,0.0025,6.9481,22.5232,0.6825,0.3016,3.5749,0.0735,8.1111,27.2782,88.0000,0.0005,116.7973,82.9699,3.5749,0.1111,0.1905,0.1111,0.2063,0.0952,0.0952,0.1111,0.0794,229.8440,278.4508,0.0078,5.2742,3.5669,27.2237,-0.0008,-0.0000,0.5099,0.2553,0.4892,11.4384,0.0564,0.0012,0.0828,3.5451,2.4948,0.0685,2.1967,0.9444,0.5739,0.0027,1.0009,-0.3833,-0.2111,3.6194,25.7669,0.0448,0.9946,0.0095,0.4968,0.5931,-0.0000,-0.0000,0.8730,0.0179,5591.9312,23.3430,265.8699,0.5496,0.2618,0.0000,0.8944,0.4833,25.1228,-86.9211
28.4868,ASCEND,ASCEND,0.5500,-0.0001,4.0144,4.4084,0.4815,0.5185,2.3849,0.0423,4.8419,24.7836,183.0000,0.0011,106.3006,81.3681,2.3849,0.0926,0.0741,0.0741,0.0741,0.0741,0.2037,0.2593,0.1481,223.9391,282.4756,0.0193,5.2516,2.9162,27.2309,0.0021,0.0000,0.4286,0.2894,0.5032,11.6689,0.2259,0.0018,0.6859,2.4225,1.0891,0.7423,2.7979,0.5188,0.8350,-0.0476,0.9996,0.3336,-0.0438,2.3972,11.7150,0.0095,0.9883,-0.4368,1.4558,1.2484,-0.0000,-0.0000,0.8333,0.0161,5512.6304,23.1563,263.3372,0.5411,0.2769,0.0000,0.8944,0.5000,20.8718,-124.7065
28.5285,ASCEND,ASCEND,-1.9611,-0.0003,8.6722,6.0404,0.4932,0.5068,5.7180,0.4782,9.1491,28.6781,104.0000,0.0006,118.1529,77.7539,5.7180,0.0685,0.1644,0.0959,0.1644,0.1644,0.0959,0.1507,0.0959,221.7074,277.9067,0.0213,7.6699,4.4667,36.1013,-0.0015,0.0000,0.5271,0.3468,0.5052,10.1899,0.2303,0.0043,5.5319,2.6350,0.4488,0.1052,3.0802,0.6648,0.5867,-0.1591,1.0026,0.1038,-1.6323,5.8848,26.0364,-0.0519,1.0198,-1.8003,-37.0028,3.5516,-0.0001,0.0002,0.7260,0.0167,5494.7822,23.1244,279.4897,0.5804,0.2607,0.0000,0.8056,0.3967,14.7202,-287.1732
28.5702,DESCEND,ASCEND,0.3030,-0.0116,8.8112,7.7618,0.4667,0.5333,4.0017,0.0899,9.4221,56.8904,75.0000,0.0004,76.0122,62.3965,4.0017,0.0667,0.1111,0.0222,0.1333,0.1556,0.0667,0.2000,0.2444,231.7125,289.7105,0.0194,5.5755,2.1472,17.0626,0.0062,0.0000,0.2607,0.3200,0.5032,4.8261,0.1470,0.0121,1.7013,1.1677,0.0144,0.5715,3.0244,0.9878,0.8668,0.0903,0.9958,0.3729,1.6203,4.0162,14.9974,-0.0043,1.1254,2.0137,-17.5439,-26.7873,0.0001,0.0002,0.8000,0.0148,5138.1480,22.2148,278.6926,0.5175,0.2590,2.1211,0.8722,0.5404,-3.0832,-242.1464
28.6119,DESCEND,ASCEND,-0.3788,-0.0008,3.0234,2.4816,0.3571,0.6429,1.4170,0.0182,3.0152,14.3941,72.0000,0.0004,65.9569,57.1321,1.4170,0.1667,0.0238,0.1905,0.0714,0.0714,0.0952,0.1905,0.1905,242.4940,296.9911,0.0117,5.8413,2.9983,38.5603,0.0072,-0.0000,0.2767,0.2541,0.4888,5.5245,0.0069,0.0296,3.3185,0.6495,0.0196,0.2781,2.9102,0.9771,0.5789,0.0010,0.9980,0.6194,0.6438,1.5103,7.3171,-0.0152,1.1328,0.4665,-12.8588,-31.5232,0.0000,0.0002,0.9048,0.0141,5242.2207,22.1629,284.6147,0.5235,0.2497,0.0000,0.8944,0.4733,-5.4789,-81.8500
28.6536,DESCEND,ASCEND,-0.2597,-0.0003,3.9501,1.6933,0.4211,0.5789,1.8483,0.0263,5.7319,31.7907,62.0000,0.0004,56.6565,50.1914,1.8483,0.0263,0.0526,0.1316,0.1579,0.1053,0.2105,0.1842,0.1316,241.7984,302.2466,0.0204,8.6528,5.3364,37.1254,0.0113,0.0000,0.3632,0.2784,0.5000,11.5843,0.1221,0.6317,2.1885,0.5143,0.0188,0.4507,9.2267,1.0257,0.7930,0.1390,0.9974,-0.1316,1.3528,1.8878,11.3170,-0.0037,1.0511,-4.0120,-10.6578,-14.3317,-0.0002,0.0002,0.9474,0.0134,5011.1698,22.2835,293.0485,0.4898,0.2498,0.0000,0.8944,0.5200,-9.9109,-42.8241
28.6953,DESCEND,ASCEND,-0.4655,0.0000,2.0291,1.6053,0.5294,0.4706,1.9078,0.3109,4.4914,24.7890,64.0000,0.0004,71.4318,61.6428,1.9078,0.0882,0.1471,0.0588,0.0882,0.1471,0.1765,0.1471,0.1471,237.4769,300.5007,0.0148,5.0329,2.5359,24.4908,-0.0012,-0.0000,0.2646,0.2452,0.4920,4.1683,0.0261,2.2261,1.2926,0.5515,0.0230,0.3986,1.1985,1.4354,0.8865,-0.3411,0.9963,2.7060,-0.3098,2.1169,7.4686,-0.0023,0.9261,-2.2379,10.5734,14.6087,-0.0001,-0.0001,0.9412,0.0139,4923.2078,22.6643,295.5460,0.4998,0.2253,0.0000,0.8944,0.4200,-9.0511,67.9875
28.7370,DESCEND,ASCEND,-0.3831,0.0004,2.2974,0.9217,0.5667,0.4333,2.3622,0.0242,5.2439,21.9939,58.0000,0.0003,60.4230,55.5136,2.3622,0.1000,0.1667,0.0333,0.1000,0.1333,0.1333,0.3000,0.0333,235.0742,301.0010,0.0140,5.3018,2.6247,32.3490,0.0032,0.0000,0.2872,0.2175,0.5002,5.4158,0.0744,2.3399,0.7677,0.3276,0.0158,0.1663,1.4876,1.9045,0.8095,0.0570,0.9994,-0.2179,0.4135,2.3713,14.2524,-0.0100,0.8618,0.9513,17.1787,30.3494,0.0000,-0.0003,0.8667,0.0124,4758.2700,21.5490,288.1705,0.4873,0.2774,0.0000,0.8944,0.3433,-4.2396,193.1103
28.7787,STABLE,ASCEND,-0.0467,0.0001,1.9242,2.6692,0.6316,0.3684,2.1444,0.0155,5.0918,21.5951,64.0000,0.0004,61.1380,52.0598,2.1444,0.1053,0.1842,0.1316,0.1316,0.0526,0.1579,0.1579,0.0789,246.2321,297.4038,0.0102,4.2072,2.6073,33.8533,0.0041,0.0000,0.2793,0.2128,0.5090,6.6100,0.0573,2.6858,0.2984,0.2261,0.0188,0.3889,1.0184,1.8457,0.7429,-0.0128,1.0006,-0.0551,-0.2284,2.1640,13.2259,0.0027,0.7565,-6.9389,15.6324,54.4790,-0.0003,-0.0003,0.8947,0.0125,4741.1232,21.1523,292.2089,0.4860,0.2830,0.0000,0.8944,0.3633,7.0575,232.7865
28.8205,ASCEND,ASCEND,0.6176,0.0000,2.1889,6.0128,0.5278,0.4722,2.7708,0.0317,6.1463,23.3850,67.0000,0.0004,63.4527,48.0346,2.7708,0.1111,0.2222,0.0556,0.1111,0.2222,0.1111,0.1389,0.0278,246.7421,289.8211,0.0084,3.9694,2.9396,33.9932,0.0060,-0.0000,0.3053,0.1982,0.4970,10.3855,0.0967,2.6718,0.1311,0.2023,0.0188,0.3097,0.2921,2.4083,1.3554,0.0503,0.9963,0.4916,1.2518,2.8315,21.0203,0.0251,1.1496,3.5427,-55.5269,-27.8937,0.0002,0.0002,0.8889,0.0130,4683.2654,21.4989,297.6299,0.4567,0.3110,0.0000,0.8944,0.4600,15.1787,118.0135
28.8622,ASCEND,ASCEND,1.0146,-0.0001,4.7104,12.1064,0.4054,0.5946,3.2228,0.0133,7.1862,28.5981,67.0000,0.0004,75.0139,57.9904,3.2228,0.0270,0.1081,0.1622,0.0541,0.2432,0.2432,0.1081,0.0541,252.0259,285.2510,0.0068,3.9572,2.3830,23.1444,0.0003,-0.0000,0.2336,0.1867,0.4814,5.3637,0.4193,2.5644,0.2061,0.4095,0.0337,0.3401,0.2586,0.8486,1.6372,0.0021,0.9986,0.2589,0.4257,3.2466,21.1377,0.0073,1.4808,-0.5851,-55.4626,-105.8146,-0.0000,0.0011,0.8649,0.0124,4594.7505,21.2655,295.1541,0.4219,0.3576,0.0000,0.8944,0.4267,16.9018,71.3899
28.9039,ASCEND,ASCEND,1.6825,-0.0000,4.5911,15.4659,0.5000,0.5000,2.3930,0.0048,6.2528,22.8542,63.0000,0.0004,81.6565,59.5032,2.3930,0.0556,0.1944,0.0833,0.0278,0.1667,0.1389,0.2222,0.1111,259.1911,272.2764,0.0071,3.2059,2.4178,25.2040,-0.0017,-0.0000,0.2116,0.1701,0.4950,3.9679,0.3370,2.5000,0.1300,0.3194,0.0425,0.4118,0.1819,0.4920,1.6328,-0.0645,1.0005,0.2670,-0.4595,2.4482,21.8573,0.0154,0.9939,-1.9770,3.4717,-0.7828,-0.0001,0.0000,0.8889,0.0125,4408.5280,21.3181,296.5400,0.3835,0.4031,4.0856,0.8556,0.5614,21.1338,71.4022
28.9456,ASCEND,ASCEND,1.0997,0.0001,4.2153,8.7223,0.5263,0.4737,2.2960,0.0029,6.4661,24.4217,62.0000,0.0004,85.4734,56.4757,2.2960,0.0000,0.1842,0.2105,0.0789,0.1316,0.1579,0.2105,0.0263,264.5471,266.3936,0.0075,3.5693,2.5149,25.0965,0.0010,0.0000,0.2478,0.1706,0.5039,5.4035,1.1113,1.9403,0.0954,0.4411,0.0471,0.3687,0.2678,0.2836,1.7940,0.0340,1.0005,-0.3020,-0.0139,2.3047,23.3569,0.0084,0.9757,-0.1798,2.3303,7.8004,-0.0000,-0.0000,0.8947,0.0125,4321.7402,21.3543,295.7479,0.3553,0.4233,0.7690,0.9000,0.4967,22.8579,39.5970
28.9873,ASCEND,ASCEND,0.7453,0.0001,2.4965,2.9229,0.5750,0.4250,1.4096,0.0671,4.4131,23.0259,69.0000,0.0004,80.5376,50.5022,1.4096,0.1250,0.1500,0.0750,0.1000,0.0750,0.1000,0.2750,0.1000,260.6958,269.5335,0.0063,3.0901,2.1764,23.6691,-0.0004,-0.0000,0.2769,0.1635,0.4850,6.5579,1.6682,0.2865,0.0439,0.1531,0.7520,0.4297,0.1625,0.3495,1.7350,-0.1963,1.0064,-0.3606,-2.7232,1.4865,2.8974,-0.0001,1.0534,-1.4080,-4.9030,-15.2895,-0.0001,0.0002,0.9500,0.0128,4126.2046,21.0256,285.5713,0.3198,0.4567,0.0000,0.8056,0.3600,24.4369,0.9396
29.0290,ASCEND,ASCEND,1.1984,0.0000,3.2690,9.8434,0.5111,0.4889,2.8402,0.0357,6.0299,23.6407,73.0000,0.0004,83.6732,53.7182,2.8402,0.0667,0.1111,0.1111,0.1333,0.0889,0.0889,0.2444,0.1556,265.3288,275.2864,0.0056,3.6632,2.2376,23.2319,0.0016,-0.0000,0.2860,0.1879,0.4959,6.4749,1.8198,0.0068,0.1366,0.1718,1.0061,0.2525,0.3549,0.3763,2.0393,0.1520,1.0015,-1.0805,0.0661,2.8263,18.3247,0.0176,1.1020,-0.2084,-22.6341,-17.8614,-0.0000,0.0002,0.8222,0.0147,4078.7560,21.8172,304.8003,0.2958,0.4859,0.0000,0.8056,0.3567,22.9363,-65.2350
29.0707,ASCEND,ASCEND,0.4225,0.0004,2.1277,1.9599,0.6739,0.3261,1.5623,0.0850,3.8507,23.0009,74.0000,0.0004,89.1935,54.0140,1.5623,0.1304,0.1739,0.2174,0.0652,0.1522,0.1304,0.0870,0.0435,278.8924,279.4820,0.0041,2.4509,1.4228,22.7567,0.0010,-0.0000,0.2074,0.1454,0.4912,5.6803,0.6790,0.0017,0.0651,0.1814,0.5913,0.2134,0.2093,0.3759,1.4949,-0.3606,1.0017,1.4982,-1.8308,1.6053,5.4863,0.0026,0.9129,-0.8809,12.2729,17.9479,-0.0001,-0.0002,0.9348,0.0161,4067.6288,21.8876,310.7209,0.2803,0.4871,0.0000,0.8056,0.3500,18.9952,-96.7736
29.1124,ASCEND,ASCEND,0.6276,-0.0001,3.2676,3.6782,0.4773,0.5227,1.9793,0.0127,4.7465,23.8122,65.0000,0.0004,96.2652,62.4668,1.9793,0.0455,0.1136,0.1591,0.0682,0.0682,0.1364,0.2955,0.1136,289.0808,287.7611,0.0029,3.0011,1.4585,23.3702,-0.0008,-0.0000,0.2070,0.1271,0.4825,6.6528,0.1437,0.0008,0.0253,0.2741,0.5984,0.2508,0.1695,0.4227,1.9861,-0.0248,1.0011,-0.1124,-0.3964,2.0119,10.2845,0.0145,0.9819,-1.0203,2.4194,0.8774,-0.0000,-0.0000,0.9091,0.0161,4202.2297,21.5426,293.0902,0.3010,0.4808,-2.5562,0.8361,0.3737,14.8638,-85.3661
29.1541,ASCEND,ASCEND,0.0741,-0.0000,1.0735,0.6779,0.4250,0.5750,0.5543,0.0066,1.3270,5.6152,64.0000,0.0004,96.8790,62.0927,0.5543,0.0750,0.2500,0.1250,0.0500,0.0500,0.2000,0.1250,0.1250,285.4236,278.3033,0.0028,2.3000,1.3406,22.6955,0.0006,0.0000,0.2117,0.1313,0.5040,6.4823,0.1793,0.0011,0.0677,0.3636,0.6665,0.3104,0.0871,0.4196,1.3169,-0.1800,0.9997,0.9706,-0.5608,0.6153,3.6007,-0.0076,0.9880,-0.1871,1.7556,-0.1593,-0.0000,-0.0000,0.9750,0.0151,4258.1851,20.9331,269.8461,0.3118,0.4878,0.0000,0.8056,0.3533,11.8742,-85.7611
29.1958,ASCEND,ASCEND,0.4169,0.0001,2.0838,2.6091,0.5349,0.4651,1.3121,0.0287,2.7352,13.1887,63.0000,0.0004,101.5849,61.1964,1.3121,0.1163,0.1628,0.1395,0.0930,0.0930,0.0930,0.2326,0.0698,288.1667,280.3103,0.0034,2.1200,1.4713,23.2748,-0.0000,-0.0000,0.2194,0.1245,0.4947,5.8312,0.0725,0.0009,0.0714,0.3073,0.8852,0.3603,0.1373,0.3551,1.3828,-0.0010,1.0027,-0.5753,-0.8180,1.3833,6.6084,0.0029,1.0231,0.2356,-2.4410,-0.3530,0.0000,0.0001,0.9302,0.0150,4322.6827,21.1451,278.1812,0.3110,0.4782,5.6595,0.8528,0.3718,7.7099,-76.7313
29.2375,STABLE,ASCEND,0.4375,0.0002,1.4450,2.0732,0.6500,0.3500,0.9093,0.0045,2.2616,11.2288,66.0000,0.0004,82.7775,60.4040,0.9093,0.1500,0.1250,0.1750,0.1250,0.1000,0.0750,0.1250,0.1250,280.1576,284.8200,0.0036,2.2905,0.9311,8.4028,0.0007,-0.0000,0.1245,0.1271,0.4981,2.3675,0.0232,0.0011,0.1157,0.2896,0.1305,0.4355,0.0422,0.5040,1.5947,0.0864,1.0018,-0.7819,-0.2264,0.9764,5.5480,0.0085,0.9710,-0.8626,3.3649,0.8512,-0.0000,-0.0001,0.9500,0.0151,4218.1797,21.4197,279.9147,0.3145,0.4729,1.8626,0.8389,0.4102,5.4736,-83.4605
29.2792,ASCEND,ASCEND,-0.1073,0.0001,0.6640,0.3740,0.5429,0.4571,0.3952,0.0277,0.9415,4.1919,44.0000,0.0003,64.6825,57.0269,0.3952,0.1429,0.1143,0.2000,0.1143,0.0571,0.1714,0.1714,0.0286,268.9834,286.6755,0.0079,4.8610,2.7837,36.2218,-0.0020,-0.0000,0.2401,0.1947,0.4970,6.8519,0.1137,0.0008,0.2572,0.4787,0.1239,0.7314,0.2814,0.4684,4.8568,-0.0324,0.9993,0.3392,0.1524,0.4283,2.7416,-0.0040,0.9273,0.6764,11.4729,12.3205,0.0000,-0.0002,0.9714,0.0111,4345.1239,20.0348,263.7696,0.3518,0.4509,0.0000,0.8056,0.3533,0.7479,-82.5604
29.3210,STABLE,ASCEND,0.0153,-0.0006,0.2323,0.3307,0.4167,0.5833,0.1749,0.0089,0.3644,1.7060,41.0000,0.0002,62.0774,57.5927,0.1749,0.1389,0.1389,0.2222,0.1111,0.0833,0.1389,0.1389,0.0278,257.4445,290.2311,0.0049,3.1581,2.4602,32.0049,0.0000,-0.0000,0.2490,0.1465,0.4798,6.7094,0.0166,0.0008,0.1268,0.2705,0.0771,0.9562,0.1255,0.4294,3.8556,-0.0215,1.0000,0.0720,-0.0366,0.2134,0.8390,-0.0029,1.0726,-0.2387,-8.0912,-15.9198,-0.0000,0.0002,0.9722,0.0094,4633.9759,19.0011,261.2697,0.3967,0.4198,0.0000,0.8056,0.3533,-1.4134,-68.3695
29.3627,DESCEND,ASCEND,0.1843,-0.0001,1.3387,0.7035,0.4474,0.5526,0.4613,0.0173,1.3598,7.9983,50.0000,0.0003,61.0034,57.8121,0.4613,0.1316,0.1316,0.2105,0.0263,0.1053,0.0526,0.2368,0.1053,256.0034,294.8126,0.0054,1.6287,1.0220,18.0501,0.0000,-0.0000,0.1416,0.1078,0.4852,3.2719,0.0908,0.0012,0.2371,0.2841,0.1166,0.7962,0.2020,0.4263,0.5954,0.0023,0.9986,0.2887,0.4257,0.4911,1.7915,0.0036,1.3015,0.9341,-54.7548,-56.6359,0.0001,0.0006,0.9737,0.0096,4639.2126,19.3644,261.2086,0.4050,0.4129,0.0000,0.8056,0.4467,-4.9553,-84.1970
29.4044,DESCEND,ASCEND,-0.3093,-0.0003,1.7875,0.1116,0.3947,0.6053,0.5199,0.0360,2.4434,15.3247,50.0000,0.0003,72.9088,82.5525,0.5199,0.1316,0.1842,0.1316,0.0263,0.0263,0.0789,0.1579,0.2632,243.4306,292.1842,0.0050,1.8007,1.1364,18.0031,0.0000,-0.0000,0.1600,0.1265,0.4905,3.2491,0.0945,0.0013,0.1684,0.2029,0.3679,0.9420,0.2564,0.4365,0.5326,0.0092,0.9997,0.0539,0.1231,0.5268,0.8894,-0.0047,0.9951,-0.2093,0.4419,0.4132,-0.0000,-0.0000,0.9737,0.0096,4726.0462,19.4513,250.0146,0.4346,0.3919,0.0000,0.8056,0.4600,-8.4368,-101.0499
29.4461,DESCEND,ASCEND,-1.0643,-0.0003,4.2261,0.6991,0.4048,0.5952,1.8653,0.0520,5.2352,20.7751,48.0000,0.0003,73.9580,75.7404,1.8653,0.0714,0.1190,0.2381,0.0238,0.1667,0.0714,0.2143,0.0952,243.7504,294.0657,0.0063,2.7466,1.4252,22.6007,-0.0000,-0.0000,0.1826,0.1512,0.4797,5.0782,0.0867,0.0020,0.1509,0.3959,0.9781,0.7500,0.2856,0.5949,0.7266,-0.0847,0.9978,0.9208,0.4596,1.9421,19.1028,-0.0248,1.0191,0.3205,-3.6419,-2.4615,0.0000,0.0000,0.9048,0.0100,4576.6614,19.8772,254.1560,0.4224,0.3971,0.0000,0.8056,0.3633,-13.3845,-141.9423
29.4878,DESCEND,ASCEND,-0.8464,-0.0001,3.2659,0.1781,0.4286,0.5714,1.4132,0.0488,4.5581,21.2804,55.0000,0.0003,67.3056,68.4506,1.4132,0.1667,0.1190,0.2143,0.0476,0.1667,0.0238,0.1667,0.0952,245.4430,289.7550,0.0120,3.3866,1.9546,21.2197,-0.0000,-0.0000,0.2059,0.1993,0.4789,3.9822,0.0145,0.0034,0.3829,0.1801,1.4712,1.9877,0.2827,0.7270,0.8263,-0.0032,1.0001,0.0053,-0.0046,1.4205,5.2298,-0.0249,0.9836,0.5421,0.8815,-0.2424,0.0000,-0.0001,0.9286,0.0107,4809.6079,20.5631,258.6075,0.4714,0.3508,0.0000,0.8056,0.3567,-20.2772,-142.5727
29.5295,DESCEND,ASCEND,-1.1005,0.0001,3.9985,0.4008,0.5333,0.4667,2.8121,0.1271,6.2534,21.7198,58.0000,0.0003,77.4215,73.0674,2.8121,0.0667,0.0444,0.2222,0.1333,0.3111,0.1333,0.0444,0.0444,246.9988,291.8506,0.0174,5.7694,2.7661,22.6058,0.0000,-0.0000,0.2854,0.2706,0.4843,4.3227,0.0409,0.0047,0.7959,0.5490,2.5720,2.6900,0.2799,1.2174,0.9869,-0.1119,0.9989,0.6725,-0.0086,2.8280,21.1502,-0.0258,1.0724,1.5968,-8.8016,-12.1454,0.0001,0.0001,0.8444,0.0115,4965.7266,21.6185,261.9768,0.4969,0.3137,0.0000,0.8056,0.3600,-25.2775,-103.5356
29.5712,DESCEND,ASCEND,-0.4430,-0.0000,4.5845,1.4798,0.4898,0.5102,3.3866,0.1126,6.9340,21.8067,63.0000,0.0004,77.3696,70.6218,3.3866,0.1020,0.0612,0.2041,0.0816,0.2245,0.1224,0.1020,0.1020,245.9555,291.8495,0.0127,9.5740,3.8849,22.0989,0.0000,-0.0000,0.3751,0.3201,0.4897,5.5480,0.1346,0.0083,0.1627,0.4809,3.8029,4.7873,0.5236,1.7972,1.4487,-0.0424,1.0001,0.1343,-0.2176,3.4189,20.4834,-0.0064,1.0075,0.9585,-0.7988,-0.8596,0.0000,-0.0000,0.8367,0.0116,4961.1437,21.6875,251.6051,0.4878,0.3074,0.0000,0.8056,0.4633,-28.9137,-64.3772
29.6129,DESCEND,ASCEND,-2.0543,0.0004,5.6759,2.9353,0.5000,0.5000,4.5095,0.0790,8.0311,21.6806,67.0000,0.0004,78.4929,64.3668,4.5095,0.0577,0.0769,0.1154,0.1154,0.2692,0.1346,0.1538,0.0769,244.9164,282.8156,0.0214,15.0448,4.6781,22.0622,-0.0002,-0.0000,0.4044,0.3771,0.4976,6.0089,0.2410,0.0112,0.4944,0.7368,4.9055,6.5000,0.2805,2.4138,1.8693,-0.1018,1.0006,0.4137,-0.5586,4.5799,21.0815,-0.0409,0.9903,-0.0220,1.0400,0.1459,-0.0000,-0.0000,0.7885,0.0120,5178.4893,22.5342,262.5302,0.4854,0.2525,0.0000,0.8056,0.4633,-30.6476,-80.5962
29.6546,DESCEND,ASCEND,-1.2816,-0.0002,6.6024,8.4553,0.4561,0.5439,4.7827,0.0435,8.4022,21.4653,71.0000,0.0004,82.0993,66.5199,4.7827,0.0526,0.0351,0.1404,0.1053,0.3509,0.1228,0.0877,0.1053,236.8089,279.5898,0.0091,18.8671,5.4516,21.3085,0.0000,-0.0000,0.4187,0.3942,0.4870,6.0060,0.1567,0.0103,0.0276,1.5218,6.0191,7.3698,0.2441,3.2553,2.1557,-0.0624,1.0003,0.1627,-0.4124,4.8505,20.4627,-0.0092,0.7430,-0.1260,3.1552,34.6739,-0.0000,-0.0006,0.7368,0.0126,5182.9580,22.8313,266.0429,0.4831,0.2458,0.0000,0.8056,0.4633,-35.6368,-122.8788
29.6963,DESCEND,ASCEND,-2.2746,-0.0000,6.9913,1.4339,0.4727,0.5273,5.6559,0.1970,8.7889,22.6514,90.0000,0.0005,86.3511,63.5590,5.6559,0.1091,0.0545,0.2364,0.0909,0.2909,0.1091,0.0727,0.0364,238.7272,271.6440,0.0220,19.6434,5.7832,22.7778,0.0000,0.0000,0.4110,0.3746,0.5023,6.2198,0.0322,0.0143,0.4659,1.6552,6.5675,8.6588,0.2805,3.7316,2.3700,-0.0411,0.9997,0.2725,0.0647,5.7126,21.0262,-0.0422,0.7616,-0.0714,3.2870,33.7743,0.0000,-0.0006,0.7636,0.0125,5464.6870,23.4955,253.1050,0.5041,0.1903,0.0000,0.8056,0.4700,-40.8977,-143.3483
29.7380,DESCEND,ASCEND,-1.7964,-0.0004,9.2569,18.8570,0.4400,0.5333,8.1117,0.6798,9.4842,21.6161,110.0000,0.0006,94.8426,63.5646,8.1117,0.0533,0.0533,0.0667,0.0933,0.4533,0.1067,0.1200,0.0533,243.7673,264.3932,0.0139,19.5572,6.0133,23.7627,-0.0000,-0.0000,0.4358,0.4406,0.4831,6.0914,0.0022,0.0212,0.0154,2.7614,8.2808,8.5812,0.7391,3.9366,1.7628,-0.0840,1.0011,0.1325,-0.6648,8.2250,21.1892,-0.0060,0.8821,-2.4009,-34.7567,17.4439,-0.0001,-0.0002,0.6667,0.0121,5461.5388,23.3784,243.0490,0.4980,0.1823,0.0000,0.8056,0.3700,-47.5944,-173.2391
29.7797,DESCEND,ASCEND,-1.5554,-0.0002,9.1741,14.6672,0.4535,0.5349,8.5059,1.2767,9.4474,21.7085,112.0000,0.0006,94.4851,59.2903,8.5059,0.0465,0.0930,0.0581,0.1163,0.4419,0.1395,0.0698,0.0349,237.1607,260.2826,0.0295,19.5264,6.0674,21.9886,0.0000,-0.0000,0.4155,0.4391,0.4922,4.6302,0.0472,0.0185,0.0376,2.8736,9.0602,9.0191,1.1565,3.6945,1.5035,-0.0360,1.0007,-0.0466,-0.4854,8.5514,20.9520,-0.0264,0.8238,-1.1124,-4.6848,22.7449,-0.0000,-0.0004,0.6628,0.0126,5440.2308,24.2044,252.3766,0.4747,0.1706,0.0000,0.8056,0.3633,-55.3488,-182.7242
29.8215,DESCEND,ASCEND,-1.9152,-0.0018,9.5212,17.9670,0.3579,0.6421,8.3683,1.4646,9.4256,22.2176,128.0000,0.0007,99.6796,57.5402,8.3683,0.0632,0.1053,0.0526,0.0947,0.4316,0.1158,0.0947,0.0421,231.1129,252.3596,0.0355,19.5396,6.1838,21.7269,0.0000,-0.0000,0.3962,0.4134,0.4895,4.7983,0.0634,0.0154,0.0607,2.4274,10.8074,8.8108,0.8155,4.0588,1.4807,-0.1767,0.9976,1.4372,0.3001,8.5491,21.3761,-0.0400,1.0458,-2.7784,-73.1787,-8.5519,-0.0002,0.0002,0.6737,0.0138,5437.9140,24.9920,258.1722,0.4455,0.1594,0.0000,0.8056,0.4667,-62.8367,-129.4213
29.8632,DESCEND,ASCEND,-2.3123,-0.0005,9.8488,18.4505,0.4466,0.5534,9.0990,3.2728,9.3516,21.1146,173.0000,0.0010,100.6298,55.3496,9.0990,0.0194,0.0388,0.0971,0.0777,0.4660,0.1068,0.1262,0.0680,226.7690,247.8796,0.0268,19.7035,6.7788,22.1533,-0.0000,-0.0000,0.4026,0.4168,0.4922,5.8954,0.0578,0.0132,0.0156,3.2100,12.5643,10.0529,1.2312,4.4443,2.5759,-0.0994,1.0016,0.1410,-0.9700,9.2154,20.6742,-0.0546,1.2058,0.3185,-105.2002,-33.4057,0.0000,0.0005,0.6311,0.0159,5414.4435,25.4849,257.0556,0.4381,0.1584,0.0000,0.8056,0.4633,-66.1447,-68.9146
29.9049,DESCEND,ASCEND,-4.1462,-0.0012,10.4883,17.0060,0.4071,0.5929,10.1687,11.6259,9.4387,21.4408,171.0000,0.0010,115.9147,64.6532,10.1687,0.0357,0.0929,0.0571,0.1000,0.5000,0.1143,0.0571,0.0429,214.6073,237.5937,0.0348,19.7075,6.8844,21.7143,-0.0000,0.0000,0.3999,0.4424,0.5002,4.5733,0.2150,0.0185,0.0137,3.4904,14.4672,9.3477,1.1915,4.6985,1.8556,-0.0500,1.0000,0.1199,-0.2294,10.1829,20.6677,-0.0517,1.1348,-0.5639,-83.8875,-22.3684,-0.0000,0.0004,0.5714,0.0160,5430.7999,26.0682,258.9475,0.4320,0.1505,0.0000,0.8056,0.3800,-68.5853,-35.3132
29.9466,DESCEND,ASCEND,-3.3926,-0.0007,11.1051,18.1502,0.3944,0.6056,10.4917,17.7334,9.4775,21.3477,171.0000,0.0010,115.0229,62.6967,10.4917,0.0211,0.0282,0.0845,0.1268,0.5000,0.1127,0.0845,0.0423,217.3349,230.6315,0.0367,19.7310,6.8972,21.3826,0.0000,-0.0000,0.3741,0.4304,0.4898,4.8026,0.0469,0.0140,0.0780,4.2501,15.4482,8.3333,1.1157,5.0631,1.4615,1.0119,1.0005,-23.1656,2.9643,9.4418,22.5272,0.0093,0.9553,-1.9134,-42.1220,6.6847,-0.0001,-0.0000,0.5986,0.0163,5435.9936,26.4623,265.5116,0.4349,0.1447,0.0000,0.8056,0.3667,-69.0904,-50.9888
29.9883,DESCEND,ASCEND,-3.0316,-0.0277,11.5519,17.9515,0.4150,0.5850,11.3659,18.0383,9.1875,20.8926,170.0000,0.0010,108.3858,57.9519,11.3659,0.0136,0.0748,0.0340,0.1565,0.5442,0.0816,0.0680,0.0272,225.9964,225.1367,0.0570,19.6360,7.2902,20.9956,-0.0000,0.0000,0.3730,0.4149,0.5062,4.3691,0.1279,0.0173,0.0228,5.0672,16.2571,10.4912,1.7879,5.0123,1.2460,1.0607,1.0004,-23.1017,3.3124,8.0607,22.2874,0.0023,0.9883,-1.1368,-21.9459,4.8547,-0.0000,-0.0000,0.5646,0.0172,5451.7607,26.6442,259.0563,0.4332,0.1342,0.0000,0.8056,0.3633,-72.8386,84.3528
30.0300,DESCEND,ASCEND,-2.3607,-0.0021,11.9937,18.2715,0.4167,0.5764,11.8238,18.0317,8.9610,20.4890,175.0000,0.0010,105.7050,56.1744,11.8238,0.0278,0.0347,0.0903,0.1528,0.5556,0.0486,0.0556,0.0347,227.6331,222.3056,0.0600,19.2652,7.3753,21.1532,-0.0000,-0.0000,0.3548,0.3744,0.4918,4.4576,0.0856,0.0216,0.0193,5.6082,16.7425,9.7261,1.6701,4.7313,2.2080,1.0226,1.0008,-22.6361,3.1313,7.2711,21.8704,0.0064,0.9869,-1.1954,-20.8739,4.9915,-0.0000,-0.0000,0.6181,0.0184,5446.5994,27.4241,268.0870,0.4327,0.1325,3.9348,0.6583,0.6315,-62.0539,333.2274
30.0717,DESCEND,ASCEND,-1.9924,-0.0024,12.0844,18.5353,0.4694,0.5306,12.2624,18.2841,8.8868,22.0665,194.0000,0.0011,104.6437,55.7079,12.2624,0.0204,0.0476,0.0476,0.1429,0.5782,0.0816,0.0544,0.0272,233.7016,220.1069,0.0814,19.4444,7.4974,21.1278,0.0000,0.0000,0.3576,0.4007,0.5084,4.3034,0.3090,0.0515,0.2275,6.1453,17.5240,10.6265,2.2632,4.8505,2.9411,1.0197,1.0019,-23.1842,2.7545,7.1946,19.6566,-0.0030,1.0105,-1.1509,-26.0451,1.8015,-0.0000,0.0000,0.6122,0.0197,5449.0115,27.9659,267.8514,0.4373,0.1317,0.0000,0.8056,0.4600,-45.0419,466.9687
30.1134,DESCEND,ASCEND,-0.7507,-0.0007,12.5152,18.2773,0.4679,0.5321,12.3713,18.1036,8.6681,20.5126,177.0000,0.0010,104.3450,54.7370,12.3713,0.0321,0.0577,0.0769,0.1731,0.5641,0.0513,0.0385,0.0064,245.2921,216.9897,0.0778,19.1971,7.5670,21.2468,-0.0003,0.0000,0.3623,0.3995,0.5041,4.6608,0.2905,0.1044,0.0588,6.9563,17.7343,10.7539,2.2104,4.7082,3.7051,0.9278,1.0005,-22.1285,2.6474,6.5859,21.2955,-0.0036,0.9922,-1.0210,-21.7138,3.9903,-0.0000,-0.0000,0.6410,0.0202,5442.0167,28.0382,257.5140,0.4397,0.1374,-5.0796,0.5278,0.6024,-23.1010,621.4519
30.1551,DESCEND,ASCEND,-1.3562,-0.0078,12.2676,18.2346,0.4380,0.5620,12.4141,18.2221,8.5814,21.5189,183.0000,0.0011,98.8497,53.8623,12.4141,0.0584,0.0876,0.0438,0.0657,0.5985,0.0730,0.0365,0.0365,245.7362,215.6090,0.1297,19.0499,7.5451,21.3558,0.0000,-0.0000,0.3714,0.3974,0.4844,5.0169,0.4647,0.0794,0.1567,7.9315,17.6167,10.7170,1.7382,4.8763,2.1949,0.9239,1.0019,-22.5214,2.3684,7.1557,21.9393,-0.0133,1.0006,-1.0388,-23.1098,2.9417,-0.0000,0.0000,0.6350,0.0199,5658.7778,28.0598,243.7587,0.4477,0.1340,3.0448,0.6611,0.6276,6.7975,654.3979
30.1968,ASCEND,ASCEND,0.9899,0.0018,12.3867,18.2208,0.5686,0.4314,12.3508,17.9047,8.4966,19.7757,190.0000,0.0011,101.6908,54.8948,12.3508,0.0196,0.0588,0.0523,0.1438,0.6013,0.0588,0.0327,0.0327,254.9087,213.8406,0.0729,18.7286,7.5044,19.8170,-0.0000,-0.0000,0.3600,0.3723,0.4909,5.7653,0.2808,0.1349,0.0946,8.5001,17.2889,10.3681,1.4494,4.6412,2.9004,0.8824,0.9996,-21.2813,2.6066,6.3739,21.1091,-0.0050,0.9938,-0.8736,-20.5010,3.2046,-0.0000,-0.0000,0.6601,0.0203,5645.7078,28.5228,252.4256,0.4497,0.1427,-6.7817,0.5278,0.6210,31.4867,525.6870
30.2385,ASCEND,ASCEND,0.9589,-0.0003,12.1997,17.9493,0.4938,0.5062,12.1227,17.7945,8.3799,19.8557,189.0000,0.0011,103.8908,56.6950,12.1227,0.0250,0.0375,0.0375,0.1625,0.5625,0.0437,0.0813,0.0500,249.4264,213.4072,0.0915,18.7434,7.5664,19.9499,-0.0000,-0.0000,0.3670,0.3749,0.4934,4.7850,0.2824,0.2010,0.1003,9.2413,17.4495,9.8952,1.5423,4.8862,2.7086,0.8641,1.0008,-21.5015,2.2581,6.7151,21.2496,-0.0078,1.0034,-0.9824,-22.7068,1.9349,-0.0000,0.0000,0.6438,0.0204,5630.0483,28.7126,251.5305,0.4479,0.1496,6.0090,0.6500,0.6368,50.6486,417.4948
30.2802,ASCEND,ASCEND,6.6988,0.0003,20.3175,35.5755,0.5094,0.4906,16.4563,4.7206,17.1583,38.8512,191.0000,0.0011,113.4376,59.3614,16.4563,0.0660,0.0849,0.0472,0.1132,0.4057,0.0943,0.1132,0.0755,251.5604,217.5674,0.1491,29.9757,8.6569,38.2466,-0.0000,0.0000,0.4248,0.5181,0.5033,4.3868,0.2659,0.1772,0.1781,12.6486,17.8933,2.7056,1.3358,2.5699,1.5968,0.0270,0.9999,-0.1101,-0.0178,16.4672,37.2448,0.0841,0.9365,0.4290,-82.7698,7.0939,0.0001,-0.0002,0.4811,0.0206,5582.4720,28.3766,252.8251,0.4667,0.1663,-4.7148,0.6333,0.6489,66.3128,360.0339
30.3220,ASCEND,ASCEND,3.7109,0.0176,10.7411,17.4148,0.5839,0.4161,11.5046,17.0847,8.0949,19.3773,197.0000,0.0011,106.8416,59.5386,11.5046,0.0062,0.0559,0.0621,0.1925,0.5155,0.0621,0.0621,0.0435,248.1018,215.4796,0.1218,18.0493,7.2461,19.4948,-0.0002,-0.0000,0.3548,0.3890,0.4992,4.7805,0.5424,0.2371,0.0585,9.9231,16.8542,8.3105,1.8408,5.3043,2.4910,0.8608,0.9989,-20.3846,2.6213,6.7142,20.3347,-0.0049,1.0022,-0.9484,-20.6733,1.5957,-0.0000,0.0000,0.6273,0.0222,5552.1087,28.7960,259.6577,0.4640,0.1725,-2.0772,0.6417,0.6438,80.6814,286.7554
30.3637,ASCEND,ASCEND,3.9212,0.2902,10.8666,17.7827,0.6250,0.3750,11.3713,17.0229,8.3393,19.3055,206.0000,0.0012,107.7098,56.9212,11.3713,0.0250,0.0250,0.0750,0.2062,0.5375,0.0563,0.0563,0.0187,252.2344,214.5389,0.1331,18.2206,7.3985,19.5856,-0.0000,-0.0000,0.3571,0.3867,0.4936,5.0317,0.4787,0.3188,0.1376,10.3757,17.0226,9.1043,1.7458,5.1055,2.1886,0.7576,0.9996,-20.2397,2.0752,6.5895,19.4589,-0.0033,0.9945,-1.0545,-19.7840,2.4463,-0.0000,0.0000,0.6250,0.0231,5588.3536,29.0244,264.4171,0.4769,0.1770,11.9598,0.5472,0.6917,90.2329,177.5785
30.4054,ASCEND,ASCEND,4.3623,0.0438,10.7934,17.1822,0.5843,0.4157,11.5783,16.8603,7.9440,20.8867,228.0000,0.0013,110.8014,57.0643,11.5783,0.0482,0.0482,0.0482,0.1506,0.5482,0.0723,0.0663,0.0181,249.0478,215.3421,0.1706,17.5707,7.0946,18.8489,-0.0001,-0.0000,0.3877,0.4039,0.4743,5.4828,0.5783,0.3949,0.2087,9.4154,16.6942,8.6976,1.2407,5.5484,1.8935,0.7030,1.0004,-19.7838,1.6081,6.3361,19.2736,-0.0083,0.9927,-0.7740,-19.2115,2.2663,-0.0000,-0.0000,0.6446,0.0234,5570.5037,28.6545,255.9368,0.4763,0.1793,7.9750,0.5528,0.6967,95.4944,73.1367
30.4471,ASCEND,ASCEND,1.7326,0.0322,10.5076,17.0814,0.6194,0.3806,10.0057,16.2610,8.1906,20.6097,223.0000,0.0013,106.4880,55.8219,10.0057,0.0452,0.0516,0.0839,0.1226,0.5613,0.0452,0.0516,0.0387,244.9861,216.3527,0.1687,17.5373,7.0789,18.5662,-0.0001,-0.0000,0.3839,0.3779,0.4875,5.5562,0.8881,0.4780,0.1154,8.7575,16.4928,8.5144,1.0897,5.6419,2.3474,0.7514,0.9999,-19.8161,2.0230,7.7541,19.6668,-0.0016,1.0075,-0.8556,-22.4223,1.5577,-0.0000,0.0000,0.5548,0.0225,5836.5575,28.9118,269.5775,0.5091,0.1794,-1.9092,0.6361,0.5003,96.3337,-104.0498
30.4888,ASCEND,ASCEND,3.4674,0.2810,10.7380,17.0552,0.6162,0.3838,10.6800,16.3986,8.0531,18.3903,223.0000,0.0013,114.8124,53.9668,10.6800,0.0486,0.0703,0.0378,0.0811,0.5784,0.0378,0.1027,0.0432,243.1878,216.4943,0.0579,17.4951,7.1027,18.5988,0.0000,-0.0000,0.3869,0.3198,0.4756,6.0961,0.6384,0.7550,0.1479,9.5245,16.4162,7.5287,1.2994,5.1465,2.2816,0.7070,1.0006,-19.6149,1.4783,6.7675,18.6480,-0.0029,0.9829,-0.7572,-18.2984,2.9707,-0.0000,-0.0001,0.6108,0.0221,5786.8652,28.6229,261.5410,0.4994,0.1878,18.9912,0.6083,0.5429,86.8149,-264.2387
30.5305,ASCEND,ASCEND,3.1171,0.0832,10.9332,16.7858,0.5966,0.4034,10.7542,16.2832,7.8979,18.2923,204.0000,0.0012,113.3401,53.0617,10.7542,0.0114,0.0625,0.0398,0.1364,0.5852,0.0568,0.0511,0.0568,236.1342,216.4741,0.1122,17.2670,6.8843,18.3888,0.0000,-0.0000,0.3900,0.3500,0.4973,5.4028,0.5748,0.8551,0.2426,9.0483,15.9803,6.8124,1.7501,4.8988,2.1757,0.6999,1.0004,-19.3759,1.4986,6.4857,18.7131,-0.0034,1.0006,-0.8771,-19.4498,1.1020,-0.0000,0.0000,0.6136,0.0228,5782.0198,28.9606,275.3303,0.5004,0.1961,18.8933,0.5667,0.6588,74.2918,-367.4642
30.5722,ASCEND,ASCEND,3.6116,0.1416,11.1216,16.6551,0.6280,0.3720,10.6725,16.2929,7.8485,18.0844,214.0000,0.0012,116.0849,51.4416,10.6725,0.0244,0.0366,0.0610,0.1280,0.5976,0.0549,0.0854,0.0122,242.7014,215.4399,0.0591,17.0518,6.9145,18.0148,0.0000,-0.0000,0.3818,0.3521,0.4735,5.4118,0.7336,0.7485,0.2559,9.6442,15.5419,6.1697,2.0587,4.6361,3.1477,0.6486,1.0001,-18.9578,1.2976,6.2941,18.5483,0.0011,0.9997,-0.5965,-18.7349,0.9547,0.0000,-0.0000,0.6220,0.0222,5711.6073,28.5306,262.5833,0.4962,0.2051,14.8757,0.5861,0.6622,56.1623,-278.7610
30.6139,ASCEND,ASCEND,2.3368,0.0085,11.2650,16.2059,0.5412,0.4588,10.6396,16.0614,7.7347,20.7359,195.0000,0.0011,117.7316,53.4266,10.6396,0.0353,0.0471,0.0353,0.1588,0.5471,0.0588,0.0706,0.0471,239.1862,216.9072,0.0703,16.9608,6.8742,18.4514,0.0000,-0.0000,0.3788,0.3757,0.4754,5.6864,0.8085,0.7748,0.2370,10.4068,15.1455,6.1649,2.2649,4.2188,3.2206,0.6716,0.9994,-18.7187,1.5935,6.5235,18.3969,-0.0014,0.9966,-0.6131,-18.1290,1.2859,0.0000,-0.0000,0.6118,0.0223,5702.1293,28.6185,278.9422,0.4893,0.2134,18.9876,0.5889,0.6557,51.0385,-189.6876
30.6556,ASCEND,ASCEND,2.1838,0.0109,11.1626,16.2579,0.5647,0.4294,10.5554,16.0427,7.6451,17.6848,197.0000,0.0011,116.4875,54.8036,10.5554,0.0294,0.0353,0.0647,0.1647,0.5529,0.0647,0.0647,0.0235,230.0308,216.0298,0.0681,16.8072,6.7823,18.4436,0.0000,-0.0000,0.4076,0.3987,0.4853,5.8449,1.1952,0.9568,0.0581,9.7249,14.9878,6.5264,2.3610,4.0622,3.0362,0.6242,1.0000,-18.6084,1.2559,6.4289,18.2918,0.0022,1.0011,-0.7866,-18.7556,0.5400,-0.0000,0.0000,0.6118,0.0225,5730.4898,28.4821,278.2494,0.4876,0.2221,0.0000,0.8056,0.4567,40.3392,-201.5458
30.6973,ASCEND,ASCEND,1.0413,0.0042,10.9932,16.0783,0.5370,0.4630,10.2134,15.6495,7.5371,17.8055,200.0000,0.0012,115.9700,56.8568,10.2134,0.0309,0.0432,0.0494,0.1296,0.5617,0.0556,0.0864,0.0432,220.7853,214.7276,0.1059,16.6725,6.6081,17.7413,0.0000,-0.0000,0.3987,0.3622,0.4856,5.2957,1.0572,0.9599,0.0155,9.2659,14.5922,5.9535,2.2737,4.1488,2.0978,0.6068,0.9996,-18.3376,1.2460,6.7909,18.1606,0.0059,0.9475,0.3479,-29.6764,7.3879,0.0001,-0.0002,0.6543,0.0237,5760.2093,28.7237,287.5398,0.4902,0.2243,5.9061,0.6083,0.4859,34.2262,-100.8640
30.7390,ASCEND,ASCEND,0.5567,0.0003,10.7899,15.7604,0.5185,0.4753,10.2888,15.4035,7.5132,27.9455,198.0000,0.0011,112.5595,57.6195,10.2888,0.0309,0.0679,0.0556,0.1420,0.5370,0.0309,0.0988,0.0370,217.4704,213.5540,0.0503,16.2538,6.4280,17.1538,0.0000,-0.0000,0.4082,0.4038,0.4797,5.0215,0.9378,0.7724,0.0072,10.2256,13.9454,5.3905,2.3828,3.8496,1.9743,0.5285,0.9998,-17.7672,0.9809,6.7336,17.7163,0.0049,0.9952,-0.5150,-36.8927,-0.7408,-0.0000,-0.0000,0.5988,0.0224,5745.5477,27.7382,277.4985,0.4884,0.2373,33.2749,0.5611,0.5103,31.9255,-65.4870
30.7807,ASCEND,ASCEND,0.5164,-0.0002,10.6356,15.8876,0.4747,0.5253,10.2469,15.4080,7.3686,17.1818,181.0000,0.0010,110.4675,59.3187,10.2469,0.0190,0.0253,0.0759,0.0949,0.5759,0.0759,0.1013,0.0316,227.1302,213.8822,0.0438,16.2538,6.2961,17.5129,0.0000,-0.0000,0.4052,0.3923,0.4850,4.8358,1.3374,0.6915,0.0045,8.8552,13.7283,4.7585,1.8588,4.4963,1.4524,0.5516,1.0001,-17.9197,0.9361,6.4448,17.6977,0.0067,0.9989,-0.7673,-17.5706,0.6099,-0.0000,0.0000,0.6076,0.0211,5780.2164,27.3676,283.0535,0.4930,0.2298,14.9120,0.6306,0.6347,28.7635,-2.2272
30.8225,ASCEND,ASCEND,1.0596,0.0002,10.2321,15.4060,0.5063,0.4937,10.0668,15.1131,7.2400,17.0718,186.0000,0.0011,111.4922,60.7731,10.0668,0.0190,0.0633,0.0823,0.1076,0.5696,0.0633,0.0633,0.0316,229.8127,215.0635,0.0414,15.8575,6.2890,17.2367,-0.0000,-0.0000,0.4076,0.3532,0.4745,5.1586,1.1253,0.6470,0.0211,9.0627,13.2098,4.5027,2.1645,4.7295,1.9727,0.5167,0.9992,-17.2619,1.0496,6.3228,17.2462,0.0075,0.9928,-0.7700,-16.4268,1.5914,-0.0000,-0.0000,0.6013,0.0210,5832.7279,26.9293,279.7148,0.4862,0.2289,11.1241,0.6694,0.6047,31.7397,62.4714
30.8642,ASCEND,ASCEND,1.2467,0.0010,10.4955,15.4186,0.5411,0.4589,10.1637,15.2213,7.2711,17.5014,173.0000,0.0010,106.2610,59.9063,10.1637,0.0068,0.1027,0.0616,0.0616,0.5959,0.1027,0.0411,0.0274,226.4322,211.1101,0.0462,15.8366,6.1465,17.3320,-0.0003,-0.0000,0.3994,0.3491,0.4832,5.3156,1.4608,0.5691,0.0359,9.0623,13.0034,3.6137,1.8071,4.6079,2.2265,0.4600,1.0002,-17.2553,0.6007,5.8711,16.5952,-0.0019,0.9959,-0.7742,-16.7657,0.7666,-0.0000,0.0000,0.6370,0.0197,5885.9040,26.6136,276.9879,0.4895,0.2279,17.1027,0.6722,0.5894,33.9747,152.0354
30.9059,ASCEND,ASCEND,1.8696,0.0029,9.7973,15.2708,0.5714,0.4286,9.7466,15.1251,7.2410,16.5023,153.0000,0.0009,101.1757,59.0969,9.7466,0.0301,0.0827,0.0977,0.0602,0.6316,0.0376,0.0451,0.0150,227.5853,212.2820,0.0426,15.4326,5.9704,16.9400,-0.0000,-0.0000,0.3970,0.3759,0.4677,5.6482,1.1682,0.6166,0.0426,9.2492,12.1743,3.1135,1.9809,4.5683,2.0464,0.4505,1.0000,-16.9846,0.6961,5.9632,16.4386,0.0026,0.9954,-0.4742,-16.0123,1.0663,0.0000,-0.0000,0.6165,0.0187,5939.8397,26.3286,279.4614,0.4971,0.2360,30.0378,0.5917,0.5660,44.4220,304.5904
30.9476,ASCEND,ASCEND,3.0890,0.0259,9.4946,15.1179,0.6043,0.3957,9.5409,14.8872,7.1224,16.8646,165.0000,0.0010,104.6590,58.8969,9.5409,0.0360,0.0288,0.0719,0.0791,0.6115,0.0719,0.0576,0.0432,229.8727,213.4188,0.0405,15.2122,5.8748,16.8184,0.0000,-0.0000,0.3944,0.3460,0.4821,5.5069,0.6894,0.5720,0.1879,9.7814,11.6019,2.9238,1.7334,4.2662,2.1619,0.4143,1.0001,-16.6027,0.5766,5.9349,16.0796,-0.0040,0.9077,1.3322,-28.9480,12.3327,0.0001,-0.0003,0.6835,0.0193,6032.5229,26.2384,281.4117,0.4972,0.2346,45.0000,0.6639,0.4290,59.3826,303.1680
30.9893,ASCEND,ASCEND,2.9566,0.0037,9.8073,14.9733,0.5764,0.4236,9.8547,14.6866,6.9412,16.1755,170.0000,0.0010,106.4532,57.9258,9.8547,0.0069,0.0208,0.0764,0.0903,0.6250,0.0625,0.0833,0.0347,235.4717,215.7068,0.0295,15.1864,5.7823,18.1505,-0.0000,-0.0000,0.4015,0.3307,0.4833,5.7641,0.8235,0.5411,0.2768,9.1391,11.1937,2.6906,1.1877,4.6747,1.9015,0.4303,0.9990,-16.3408,0.8567,5.6884,15.8095,0.0035,0.8474,-1.1169,-24.5405,22.5965,-0.0001,-0.0003,0.6597,0.0189,6081.1308,25.7774,271.4712,0.4990,0.2341,13.2589,0.6861,0.5959,69.7112,209.0206
31.0310,ASCEND,ASCEND,3.9330,0.0868,9.1821,14.8097,0.6268,0.3732,9.4333,14.3074,6.8687,15.9853,164.0000,0.0009,108.7209,56.0830,9.4333,0.0493,0.0282,0.0704,0.1056,0.5704,0.0704,0.0704,0.0352,247.0125,216.5377,0.0252,14.8215,5.6299,16.1610,0.0000,-0.0000,0.3995,0.3634,0.4767,5.9510,0.9164,0.3520,0.1159,9.5430,10.4883,1.9613,1.5878,4.4888,1.8124,0.4491,1.0003,-16.3875,0.7141,5.6737,16.0875,0.0001,0.9127,-0.5822,-26.0251,12.1403,-0.0000,-0.0002,0.6901,0.0179,6176.1934,25.7098,280.3452,0.5055,0.2248,12.7755,0.6917,0.5879,76.8184,176.1184
31.0727,ASCEND,ASCEND,3.0652,0.1128,9.4092,14.6983,0.5793,0.4207,9.3276,14.2185,6.7462,15.4424,157.0000,0.0009,110.9171,59.1333,9.3276,0.0276,0.0552,0.0345,0.0828,0.6207,0.0690,0.0897,0.0207,234.4839,216.3146,0.0217,14.7458,5.4207,15.4699,-0.0000,-0.0000,0.3846,0.3206,0.4812,5.5980,0.8045,0.0742,0.4066,8.5677,9.9725,1.5377,1.2630,4.5952,1.8139,0.4047,1.0003,-16.1157,0.6017,5.7856,16.1895,-0.0021,0.9894,-0.4421,-14.4845,1.6958,0.0000,-0.0000,0.6138,0.0177,6273.8481,25.4200,275.3259,0.5095,0.2193,25.8305,0.6667,0.5814,84.4024,115.8142
31.1144,ASCEND,ASCEND,3.0891,0.1017,9.3115,14.2818,0.6170,0.3830,9.3951,14.0522,6.5736,15.3736,153.0000,0.0009,109.9819,58.8975,9.3951,0.0426,0.0567,0.0851,0.0922,0.6241,0.0355,0.0567,0.0071,225.1758,218.3514,0.0232,14.3432,5.3105,15.9572,0.0001,-0.0000,0.3757,0.2785,0.4929,5.3872,0.8440,0.0086,0.0681,9.0686,9.1543,1.1161,1.5545,4.7154,1.1970,0.2839,0.9993,-15.3165,0.4139,5.6403,15.4597,-0.0006,0.9888,-0.5912,-13.9438,1.3416,-0.0000,-0.0000,0.6241,0.0180,6394.0960,24.8146,259.8583,0.5125,0.2135,0.0000,0.8056,0.3600,86.4792,43.3109
31.1561,ASCEND,ASCEND,4.8272,0.0193,7.1554,14.3106,0.6455,0.3455,7.5084,8.6698,6.8464,15.5005,136.0000,0.0008,116.8840,59.0471,7.5084,0.0818,0.1000,0.0727,0.0909,0.4545,0.0727,0.1000,0.0273,221.5191,219.3206,0.0101,14.3045,5.1455,15.5530,-0.0000,-0.0000,0.3577,0.2597,0.4973,5.0072,0.7446,0.0060,0.0095,8.4855,7.9381,0.6309,1.6158,5.1347,0.7318,0.3409,1.0025,-15.9362,0.0228,7.3620,15.8821,0.0003,0.8522,-2.1742,-27.7034,23.1834,-0.0001,-0.0003,0.6182,0.0172,6137.6454,23.8054,246.9433,0.5066,0.2325,45.0000,0.6472,0.4855,88.0153,-20.1679
31.1978,ASCEND,ASCEND,4.0472,0.0146,7.7323,13.8990,0.6036,0.3874,8.0290,13.4797,6.6793,15.1400,120.0000,0.0007,106.3839,57.9609,8.0290,0.0360,0.0631,0.0811,0.1712,0.4595,0.0450,0.0991,0.0450,221.3627,223.7928,0.0098,13.9280,4.8794,15.2200,-0.0003,-0.0000,0.3679,0.2486,0.4829,4.8299,0.7032,0.0054,0.0056,7.7882,6.9775,0.6287,1.6132,4.9202,0.7595,0.3613,1.0003,-15.3766,0.5219,6.4159,14.9189,0.0056,1.0649,-0.7753,-55.1642,-9.8547,-0.0001,0.0002,0.6577,0.0159,5968.6495,23.4628,253.6885,0.5074,0.2306,0.0000,0.8056,0.3567,84.7969,-81.0889
31.2395,ASCEND,ASCEND,1.6519,-0.0005,8.1133,23.2641,0.4600,0.5400,3.9419,0.0310,8.6213,28.1098,102.0000,0.0006,103.8639,60.8966,3.9419,0.0600,0.1800,0.1200,0.1000,0.1600,0.1800,0.1000,0.1000,239.5378,240.3418,0.0345,13.1443,5.4295,29.8405,-0.0001,-0.0000,0.5661,0.4731,0.4904,9.7272,0.5974,0.0046,0.1302,5.7977,9.1854,0.7419,2.3693,2.6695,0.5500,-0.0756,0.9979,0.8484,0.3077,3.9937,26.9587,0.0435,0.9762,0.4240,0.8136,7.3426,0.0000,-0.0000,0.8000,0.0159,5460.0100,23.1608,254.0098,0.5175,0.2585,0.0000,0.8056,0.3600,81.2511,-87.1848
31.2812,ASCEND,ASCEND,3.4199,0.0130,6.0662,13.4888,0.6000,0.4000,5.3134,0.6911,6.2229,15.1224,101.0000,0.0006,106.2323,64.7747,5.3134,0.0667,0.0800,0.0933,0.1600,0.4400,0.0533,0.0800,0.0267,234.4174,242.7915,0.0275,13.0119,4.0027,15.2906,0.0006,-0.0000,0.3755,0.2562,0.4894,5.5837,0.9709,0.0021,0.1031,5.7065,3.6761,0.1124,2.1813,3.9132,0.3292,-0.0077,0.9987,0.3108,0.2602,5.3428,14.0275,0.0937,1.2769,-0.4742,-109.4968,-49.4080,-0.0001,0.0007,0.7467,0.0130,5275.0700,22.3711,256.7231,0.5018,0.2689,0.0000,0.8056,0.3567,77.5242,-117.1332
31.3230,ASCEND,ASCEND,3.8077,0.0022,6.3243,14.0316,0.6375,0.3625,5.3663,0.3910,6.4697,15.0958,90.0000,0.0005,107.0953,66.1712,5.3663,0.0750,0.0500,0.1375,0.1000,0.3500,0.1000,0.1375,0.0500,239.2653,247.9460,0.0087,12.9540,3.6693,14.8918,0.0005,-0.0000,0.3562,0.2447,0.4798,5.5859,0.6407,0.0012,0.0301,4.6776,2.8122,0.0450,2.4783,3.2574,0.2228,-0.1460,1.0010,0.3311,-1.0634,5.4523,14.2685,0.0957,0.9759,-1.5117,-37.1418,3.8644,-0.0001,0.0000,0.7375,0.0124,5247.2360,22.0890,258.6066,0.5025,0.2600,0.0000,0.8056,0.3567,71.4803,-123.9581
31.3647,ASCEND,ASCEND,2.2205,0.0002,4.6569,12.9356,0.5079,0.4921,3.2230,0.0861,5.2331,14.4370,89.0000,0.0005,102.2016,62.8750,3.2230,0.0952,0.1111,0.0794,0.1587,0.2540,0.1111,0.1270,0.0635,237.7477,251.9395,0.0092,11.6719,3.4369,13.9036,0.0000,-0.0000,0.3289,0.2376,0.4948,4.6609,0.3025,0.0009,0.0411,4.9209,2.3749,0.1080,2.6979,2.6469,0.2225,-0.0593,0.9991,0.4067,-0.0032,3.2730,13.2717,0.0583,1.0117,0.3638,-1.5527,-2.8175,0.0000,0.0000,0.7619,0.0130,5044.8990,21.8989,264.7993,0.4821,0.2888,0.0000,0.8056,0.3567,67.1841,-144.8332
31.4064,ASCEND,ASCEND,2.8351,0.0022,5.7370,12.7098,0.6579,0.3026,4.3190,0.3344,5.7898,13.7073,88.0000,0.0005,105.7444,71.3914,4.3190,0.1184,0.1316,0.1184,0.1711,0.2500,0.0658,0.0789,0.0658,225.4567,256.0536,0.0025,11.9771,3.2827,13.8610,0.0001,-0.0000,0.3204,0.1846,0.4884,4.9610,0.0705,0.0010,0.0002,4.2158,2.0999,0.0583,2.2041,2.5974,0.1283,0.0011,0.9996,0.1155,0.1554,4.3512,13.2721,0.0996,0.9985,0.1421,0.2708,-0.7292,-0.0000,-0.0000,0.6842,0.0132,4937.7553,21.4143,255.0548,0.4784,0.2985,0.0000,0.8056,0.3567,59.3987,-199.1454
31.4481,ASCEND,ASCEND,1.9148,0.0001,4.5435,12.3887,0.5000,0.4853,3.0909,0.1235,5.0581,13.8131,76.0000,0.0004,106.6740,72.1528,3.0909,0.1176,0.1324,0.1471,0.1618,0.1324,0.1471,0.0735,0.0882,221.3524,256.7374,0.0045,11.0350,3.0049,14.8822,0.0002,-0.0000,0.3061,0.1749,0.4960,5.3075,0.0891,0.0010,0.0240,3.2492,1.4747,0.0708,2.6533,2.1320,0.1263,-0.0192,0.9993,0.2085,0.1189,3.1097,13.1007,0.0644,0.9929,-0.0415,0.9200,0.2007,-0.0000,-0.0000,0.7941,0.0127,4760.7249,20.9162,259.6679,0.4654,0.3084,0.0000,0.8056,0.3567,50.5720,-148.0159
31.4898,ASCEND,ASCEND,2.3134,0.0027,4.6285,12.2600,0.6212,0.3636,3.1472,0.0449,5.1369,13.1749,80.0000,0.0005,105.8416,68.9578,3.1472,0.1667,0.1364,0.1515,0.2121,0.0909,0.1212,0.0909,0.0303,218.1035,255.8459,0.0040,4.9243,2.4587,13.1943,-0.0002,-0.0000,0.2747,0.1500,0.4891,4.8019,0.1988,0.0007,0.0428,2.4159,0.9393,0.0773,1.9016,1.4748,0.1003,0.0636,0.9994,-0.0773,0.4678,3.2345,12.9245,0.0541,1.0011,-0.1297,-0.6326,0.6647,-0.0000,0.0000,0.7576,0.0137,4759.9384,20.8461,260.3451,0.4695,0.3048,0.0000,0.8056,0.3600,47.0518,-91.0498
31.5315,ASCEND,ASCEND,1.3775,-0.0002,3.9746,12.0905,0.4194,0.5806,2.4715,0.0271,4.4533,12.8303,74.0000,0.0004,103.7795,65.5943,2.4715,0.0806,0.0968,0.0968,0.1935,0.1613,0.2258,0.1129,0.0323,219.9549,261.5204,0.0057,5.1841,2.3239,13.1814,0.0009,-0.0000,0.2588,0.1380,0.4824,4.4039,0.2941,0.0012,0.0738,2.3800,0.8867,0.0979,2.1786,0.7727,0.0937,0.0636,0.9989,-0.0489,0.6109,2.5283,12.3295,0.0323,0.9976,-0.2925,0.0573,1.7461,-0.0000,0.0000,0.8387,0.0146,4666.4711,21.1991,269.4648,0.4570,0.3166,0.0000,0.8056,0.3533,42.9770,-182.1427
31.5732,ASCEND,ASCEND,1.2873,-0.0001,4.0987,11.7871,0.4915,0.5085,2.6567,0.0670,4.5743,13.0672,76.0000,0.0004,97.7142,60.6290,2.6567,0.0339,0.2034,0.1864,0.2034,0.0678,0.0847,0.1864,0.0339,213.5847,261.8175,0.0101,6.9030,2.4902,13.4748,-0.0009,-0.0000,0.2936,0.1850,0.4884,5.0939,0.2226,0.0013,0.8267,2.4588,0.6777,0.4055,2.4720,0.8771,0.0931,0.0468,0.9969,0.3313,1.2594,2.7485,12.8133,0.0250,0.9836,-0.1899,2.7645,10.3137,-0.0000,0.0000,0.7966,0.0143,5138.8915,22.0418,264.3772,0.4681,0.2880,0.0000,0.8056,0.2900,31.8580,-226.4727
31.6149,ASCEND,ASCEND,1.1244,-0.0004,3.8328,11.7724,0.4426,0.5574,2.5894,0.0435,4.3780,12.4103,83.0000,0.0005,99.1168,59.8365,2.5894,0.0820,0.1475,0.1311,0.2951,0.0656,0.0984,0.1803,0.0000,199.6504,264.7162,0.0118,11.4457,5.1951,51.1212,-0.0039,-0.0000,0.5554,0.2497,0.4748,15.2230,0.1374,0.0013,4.9366,1.7875,0.4825,4.3259,2.0987,0.4963,0.2308,0.0395,0.9979,0.2142,0.7962,2.6358,12.1604,0.0292,1.0021,-1.8937,-25.3606,1.6553,-0.0001,0.0001,0.8197,0.0150,5177.0701,22.0961,279.0152,0.4818,0.3004,0.0000,0.8056,0.2900,24.0854,-167.7911
31.6566,ASCEND,ASCEND,0.6856,0.0003,2.9790,8.9360,0.5714,0.4286,1.4660,0.0229,3.5446,13.1003,87.0000,0.0005,101.2734,65.2141,1.4660,0.0536,0.1607,0.1786,0.2321,0.0536,0.0893,0.2143,0.0179,201.1415,262.1020,0.0075,5.1276,2.5641,25.0493,-0.0031,-0.0000,0.3079,0.1786,0.4860,5.6056,0.2184,0.0014,2.7544,1.6635,0.4128,0.6876,1.4501,0.1787,0.1043,-0.0771,0.9992,0.5490,-0.1420,1.5366,12.2350,0.0172,0.9885,0.0974,4.1545,0.5012,-0.0000,-0.0000,0.8929,0.0131,5104.2660,21.0686,277.6013,0.4855,0.2925,0.0000,0.8056,0.2900,17.8614,-166.6751
31.6983,ASCEND,ASCEND,0.6567,0.0043,3.3194,8.8566,0.6000,0.4000,2.4571,0.6767,3.7803,12.3735,81.0000,0.0005,117.0455,75.2397,2.4571,0.1286,0.1286,0.1571,0.1143,0.0857,0.1429,0.2000,0.0429,187.6490,268.4573,0.0069,3.7862,1.7754,12.8477,0.0036,-0.0000,0.2305,0.1732,0.4989,4.3728,0.1760,0.0020,1.1528,1.6144,0.1681,0.6215,1.3805,0.2477,0.2024,-0.0426,0.9991,0.3976,0.1279,2.4701,11.9442,0.0102,1.0634,-0.2825,-2.2511,-12.9278,-0.0000,0.0002,0.8143,0.0133,5008.3345,21.0064,264.8215,0.4673,0.3130,0.0000,0.8056,0.2900,10.1819,-149.1806
31.7400,ASCEND,ASCEND,0.3774,-0.0003,3.0391,8.3041,0.4655,0.5345,2.3328,0.0825,3.8227,12.5988,90.0000,0.0005,103.4538,70.4590,2.3328,0.1034,0.0690,0.1724,0.2586,0.1034,0.1034,0.1552,0.0345,186.8416,266.4268,0.0056,3.6969,1.7665,12.5816,0.0043,-0.0000,0.2313,0.1682,0.4885,4.1327,0.0918,0.0025,1.0886,2.0045,0.0191,0.6867,1.1190,0.2613,0.3052,-0.2177,0.9966,1.8380,0.3595,2.5367,12.4752,0.0073,1.0701,0.6529,-32.5923,-8.5308,0.0000,0.0002,0.8966,0.0150,5086.3951,22.0012,268.8184,0.4890,0.3059,0.0000,0.8056,0.2900,5.4173,-131.4068
31.7817,DESCEND,ASCEND,-0.1881,-0.0007,2.8763,5.9809,0.4091,0.5909,2.2748,0.4346,3.5270,11.8636,85.0000,0.0005,122.3525,74.8994,2.2748,0.0758,0.0758,0.1970,0.1515,0.1212,0.0455,0.2727,0.0606,186.6933,252.3460,0.0063,4.2180,1.7616,11.8749,0.0048,-0.0000,0.2291,0.1708,0.4890,4.3777,0.1228,0.0017,1.0298,2.0239,0.0125,0.6933,1.3540,0.2421,0.0876,-0.0769,0.9987,0.6603,0.1222,2.2812,10.2210,0.0036,1.0517,0.2227,-29.4753,-4.8955,0.0000,0.0001,0.8333,0.0166,5097.3149,22.0797,270.7112,0.5067,0.2802,0.0000,0.8056,0.2900,-0.7796,-124.9884
31.8235,DESCEND,ASCEND,-0.4594,-0.0006,2.1290,1.3349,0.4000,0.6000,1.9381,0.1899,3.1165,12.1954,95.0000,0.0005,125.1098,80.3093,1.9381,0.1385,0.1077,0.1385,0.1846,0.1385,0.1385,0.0923,0.0615,179.5380,257.5458,0.0050,3.3784,1.5867,12.5136,0.0014,-0.0000,0.2109,0.1524,0.4900,5.5818,0.1293,0.0022,1.3037,1.6070,0.0080,0.6736,0.9349,0.1630,0.0911,0.0647,0.9963,0.4159,1.4032,1.9330,8.6879,0.0009,0.9745,-0.3245,-0.5365,2.2204,-0.0000,-0.0000,0.8769,0.0171,5141.9063,22.7198,278.6109,0.5226,0.2803,0.0000,0.8056,0.2900,-5.0088,-100.8190
31.8652,DESCEND,ASCEND,-0.4978,-0.0010,2.1379,1.7983,0.4667,0.5333,1.8733,0.7234,2.6448,11.4537,102.0000,0.0006,129.5322,80.0710,1.8733,0.1333,0.1200,0.0933,0.1733,0.1333,0.1200,0.1467,0.0800,178.0520,259.3235,0.0072,3.2526,1.5787,12.7089,0.0031,-0.0000,0.2028,0.1810,0.4958,4.2212,0.1648,0.0049,1.7086,1.0780,0.0087,0.6497,0.9510,0.2903,0.2685,-0.0382,0.9991,0.3714,0.0832,1.8831,7.7202,-0.0026,0.9928,0.4476,-0.0677,-0.1015,0.0000,-0.0000,0.9200,0.0159,5168.0549,22.3093,264.0764,0.5429,0.2735,0.0000,0.8944,0.4767,-9.1896,-81.4512
31.9069,DESCEND,ASCEND,-0.5736,-0.0000,2.4195,1.9346,0.4932,0.5068,2.0435,0.3991,2.9710,11.7094,95.0000,0.0005,132.1632,74.2184,2.0435,0.1233,0.1096,0.0822,0.1918,0.1781,0.1370,0.1507,0.0274,167.3431,246.8155,0.0084,3.7147,1.6108,17.7575,0.0023,0.0000,0.1948,0.2040,0.5124,3.9372,0.2031,0.0471,1.8516,0.8686,0.0102,0.7173,1.1480,0.2149,0.3781,0.0000,1.0001,-0.0692,-0.0866,2.0533,9.1775,-0.0044,0.9720,0.4062,0.1410,2.7412,0.0000,-0.0001,0.9041,0.0163,5034.0208,22.4614,263.3483,0.5338,0.2827,1.8841,0.8694,0.5069,-11.8032,-46.7059
31.9486,DESCEND,ASCEND,-0.1555,0.0030,2.1723,3.3628,0.5645,0.4355,1.9951,0.2293,3.0257,10.8317,103.0000,0.0006,112.0057,59.0097,1.9951,0.0645,0.1290,0.2419,0.2097,0.1290,0.0968,0.0968,0.0323,174.7985,255.6287,0.0083,3.5723,1.4585,12.8979,0.0013,-0.0000,0.1894,0.2182,0.4930,2.8640,0.3078,0.1872,1.3807,0.6149,0.0813,0.7765,1.4061,0.2509,0.5039,-0.0815,0.9991,0.5215,0.1136,2.0488,9.6350,-0.0018,0.9934,1.3165,0.8214,3.7363,0.0001,-0.0000,0.8548,0.0178,5008.6308,23.5340,280.0892,0.5510,0.2716,0.0000,0.8944,0.4233,-13.0857,-10.4786
31.9903,DESCEND,ASCEND,-0.5532,-0.0008,2.5917,1.6280,0.4110,0.5890,1.8407,0.3073,3.4471,22.5443,108.0000,0.0006,121.9904,61.4032,1.8407,0.1781,0.0822,0.0959,0.0959,0.1918,0.1781,0.1096,0.0685,168.2697,256.1519,0.0077,3.7542,1.4446,10.6394,0.0005,-0.0000,0.1877,0.1952,0.4943,2.8302,0.1662,0.3152,1.4218,0.6255,0.2416,0.4460,1.5115,0.2203,0.5003,-0.0756,1.0005,0.3639,-0.4698,1.8876,6.9735,-0.0085,0.9494,0.2687,1.4084,3.3003,0.0000,-0.0001,0.9178,0.0192,4983.1350,24.1623,277.7988,0.5722,0.2622,0.0000,0.8944,0.4933,-12.6773,19.4783
32.0320,DESCEND,ASCEND,-0.7674,-0.0109,2.7071,2.4722,0.4211,0.5789,2.5017,1.4172,3.0932,13.2914,115.0000,0.0007,113.4671,64.3214,2.5017,0.0395,0.2368,0.1053,0.1184,0.1579,0.1974,0.1053,0.0395,165.1541,270.8434,0.0161,3.9984,1.5996,12.0439,0.0004,0.0000,0.2178,0.2441,0.5055,3.3508,0.7739,0.3551,1.5874,0.6549,0.3564,0.4143,1.4935,0.3952,0.4063,-0.6675,1.0081,1.4794,-5.2193,3.0914,11.2925,-0.0142,0.9108,2.0373,3.1663,10.0394,0.0001,-0.0003,0.8421,0.0189,5004.0984,24.9890,295.0331,0.5883,0.2477,3.1604,0.8583,0.5442,-11.4609,29.5605
32.0737,DESCEND,ASCEND,-0.5769,-0.0093,2.5934,1.3977,0.4156,0.5844,1.8388,0.9624,3.0072,17.5971,113.0000,0.0007,119.5524,73.8418,1.8388,0.1169,0.1429,0.1429,0.1429,0.0519,0.2338,0.1169,0.0519,163.7074,267.4110,0.0153,3.2579,1.6140,15.6759,0.0017,0.0000,0.2137,0.2120,0.5023,4.9139,0.4782,0.4051,1.4651,0.5593,0.5334,0.3155,1.2517,0.4333,0.4676,-0.2454,1.0005,1.0863,-1.2034,1.9515,7.4280,-0.0068,0.9919,-0.0075,-0.8415,1.5221,-0.0000,0.0000,0.9351,0.0204,4917.7575,24.8568,284.9488,0.6036,0.2393,-2.3215,0.8333,0.4937,-10.2115,11.0724
32.1154,DESCEND,ASCEND,-0.1905,-0.0102,1.1772,1.1030,0.4265,0.5735,1.5561,0.5157,2.1601,9.2553,114.0000,0.0007,129.3209,87.4411,1.5561,0.0588,0.0588,0.2206,0.0735,0.1029,0.3088,0.0735,0.1029,172.1476,266.1498,0.0144,3.5611,1.5948,12.5289,0.0021,-0.0000,0.2020,0.2144,0.4972,4.0313,0.3969,0.4793,1.2689,0.4965,0.6634,0.1346,1.4819,0.6969,0.3563,-0.3792,1.0016,1.4942,-2.1503,1.6768,5.7756,0.0031,0.9914,0.0365,0.1354,-1.4080,-0.0000,-0.0000,0.9118,0.0216,4805.5641,26.0017,284.5050,0.6155,0.2332,0.0000,0.8056,0.4967,-10.5372,14.1393
32.1571,DESCEND,ASCEND,-0.2119,-0.0012,1.1843,1.3658,0.4800,0.5200,1.4967,0.7754,1.9294,8.3256,123.0000,0.0007,141.5731,88.0059,1.4967,0.0933,0.1467,0.1467,0.0933,0.0933,0.2133,0.1600,0.0533,167.5275,263.6674,0.0198,3.9503,1.5824,11.9632,0.0034,-0.0000,0.2083,0.2363,0.4987,3.5591,0.3441,0.6081,1.2099,0.3684,0.7549,0.1882,1.7036,0.6852,0.6662,-0.1433,0.9989,0.8449,-0.2462,1.5198,5.7301,0.0011,0.9874,-0.2338,0.0181,0.5934,-0.0000,-0.0000,0.9467,0.0230,4719.6026,26.7870,286.1984,0.6289,0.2276,0.0000,0.8944,0.5333,-9.0320,21.4432
32.1988,DESCEND,ASCEND,-0.1886,-0.0001,1.0645,1.6846,0.4884,0.5116,0.7653,0.1350,1.2010,4.6155,121.0000,0.0007,119.0608,77.8215,0.7653,0.0465,0.2326,0.1628,0.0930,0.0698,0.0930,0.1628,0.1395,172.8487,263.2152,0.0280,7.3548,2.8434,25.7362,-0.0005,-0.0000,0.3239,0.3628,0.4894,4.9111,0.2887,1.2566,1.7255,0.7163,1.4219,0.3599,3.1882,1.0807,1.5989,-0.0049,0.9982,0.6171,0.5263,0.8252,3.6244,-0.0008,0.9574,-0.3586,1.1322,3.1493,-0.0000,-0.0001,0.9767,0.0242,4429.7637,27.3526,295.7057,0.5884,0.3299,3.0327,0.8333,0.5040,-8.7485,39.3852
32.2405,DESCEND,ASCEND,-0.0435,0.0065,1.8823,3.4921,0.6104,0.3896,1.7080,0.6084,2.4659,10.3875,131.0000,0.0008,119.7898,87.4528,1.7080,0.1169,0.1688,0.1558,0.1169,0.1429,0.1169,0.0909,0.0909,184.3165,277.7574,0.0114,4.1948,1.6723,13.3697,0.0021,-0.0000,0.2104,0.2499,0.4994,5.2608,0.2331,0.9806,0.7977,0.4071,0.7625,0.4322,1.5720,0.6779,0.8002,0.0564,0.9986,0.0468,0.6531,1.7338,6.5610,0.0032,1.0006,0.1059,0.2644,0.6136,0.0000,0.0000,0.9091,0.0242,4347.8062,27.0353,282.5483,0.5820,0.3460,0.0000,0.8056,0.4300,-5.7466,95.0123
32.2822,DESCEND,ASCEND,-0.5196,-0.0031,3.5208,3.7889,0.4390,0.5610,2.8512,1.0814,4.2959,23.3318,140.0000,0.0008,130.5468,94.9144,2.8512,0.0976,0.1341,0.1585,0.1829,0.0854,0.0976,0.1098,0.1341,205.5548,284.8930,0.0104,3.9491,1.5436,12.3335,0.0021,0.0000,0.2043,0.2638,0.5078,2.2793,0.3802,1.0999,0.4886,0.3785,0.7134,0.3547,1.1244,0.9758,0.8709,-0.1343,0.9984,0.8974,0.0192,2.8807,9.9654,-0.0070,1.0020,0.6528,3.7960,2.6546,0.0000,-0.0000,0.7927,0.0243,4224.0275,26.6884,269.1057,0.5656,0.3595,0.0000,0.8056,0.3767,-0.8229,100.5791
32.3240,STABLE,ASCEND,-0.3950,-0.0017,2.3722,2.8665,0.4737,0.5263,2.3562,0.9483,3.8285,22.5667,145.0000,0.0008,136.8241,102.5972,2.3562,0.1053,0.0526,0.1842,0.2368,0.1184,0.0789,0.0921,0.1316,211.8537,285.0746,0.0095,4.1987,1.6290,11.3425,-0.0019,0.0000,0.1982,0.2270,0.5030,2.7017,0.3088,1.0455,0.5053,0.3072,0.7588,0.4753,0.8687,1.0711,1.2414,0.0099,0.9982,0.3096,0.6188,2.3631,7.1824,-0.0090,0.9964,0.0311,-0.6475,0.5701,-0.0000,0.0000,0.8553,0.0284,4212.7840,29.0356,298.7230,0.5556,0.3575,3.8396,0.9278,0.4978,2.6433,47.5296
32.3657,STABLE,ASCEND,-0.0769,-0.0034,3.8742,2.4396,0.4026,0.5974,2.5651,0.8685,4.9345,34.0070,139.0000,0.0008,134.9742,99.0218,2.5651,0.1169,0.1558,0.1169,0.1818,0.1039,0.1558,0.0779,0.0909,221.2209,282.8383,0.0077,4.7395,1.7787,11.9284,-0.0023,0.0000,0.2043,0.2331,0.5041,2.5278,0.3601,0.8939,0.3737,0.2720,0.6868,0.4768,0.9389,1.1304,2.1712,0.0001,0.9973,0.7007,0.8538,2.5963,8.3874,0.0006,0.9850,-0.5659,-2.0414,3.4162,-0.0001,0.0000,0.8831,0.0287,4198.7936,29.8169,306.7067,0.5209,0.3566,0.0000,0.8944,0.5600,3.1419,8.8703
32.4074,ASCEND,ASCEND,0.7255,0.0003,2.6960,6.6381,0.5195,0.4805,2.5788,0.6880,4.7474,23.4528,153.0000,0.0009,143.5326,106.5644,2.5788,0.1429,0.1688,0.1169,0.1039,0.1299,0.1558,0.1169,0.0649,224.9007,282.9258,0.0072,4.3477,1.6300,11.5934,0.0014,-0.0000,0.1999,0.2396,0.4972,3.3675,0.7697,0.7448,0.3961,0.2667,0.5740,0.3801,0.8061,1.0288,1.9648,0.0433,1.0015,-0.6165,-0.3824,2.5888,12.2841,0.0106,0.9971,-0.1099,0.3136,-0.3369,-0.0000,-0.0000,0.8571,0.0296,4284.2991,30.0744,287.5435,0.5149,0.3520,1.1997,0.9111,0.6368,3.3833,15.9816
32.4491,ASCEND,ASCEND,0.2031,0.0003,2.4464,4.4466,0.5443,0.4557,2.4741,0.7094,3.5536,19.0326,150.0000,0.0009,149.7970,105.3509,2.4741,0.0633,0.0886,0.2025,0.1899,0.0759,0.2025,0.1266,0.0506,226.3199,280.0938,0.0064,5.0821,1.7932,18.2281,-0.0015,0.0000,0.2245,0.2704,0.5141,4.4931,1.0384,0.8780,0.3213,0.3656,0.5484,0.6598,0.9793,0.9488,2.0056,0.1094,1.0009,-0.7081,0.0355,2.5174,9.5967,0.0025,1.0001,-0.0299,0.1604,0.3592,0.0000,-0.0000,0.8101,0.0308,4326.7043,30.0573,291.6269,0.5018,0.3570,0.0000,0.8944,0.5767,4.4750,21.3489
32.4908,ASCEND,ASCEND,1.0931,0.0005,4.2983,10.5745,0.5341,0.4659,3.4167,0.6255,5.9294,34.8944,141.0000,0.0008,163.2005,105.4393,3.4167,0.1591,0.0455,0.2386,0.1023,0.0227,0.1136,0.2273,0.0909,225.8601,277.8594,0.0074,6.3147,2.2894,15.3606,-0.0046,-0.0000,0.2471,0.2492,0.4850,3.7570,1.9854,1.0691,0.7648,0.3543,0.5065,1.3558,1.0976,0.7878,1.6814,0.0601,1.0005,-0.3291,0.1248,3.4007,16.1977,0.0097,0.9756,-1.1533,-0.6107,4.3167,-0.0001,-0.0000,0.7841,0.0275,4382.5711,28.4921,278.3480,0.4789,0.3419,0.0000,0.8944,0.5767,5.1641,-4.2259
32.5325,ASCEND,ASCEND,0.1967,0.0000,2.3482,4.0458,0.5053,0.4947,2.6582,1.0212,3.6022,15.7047,139.0000,0.0008,163.1562,97.6851,2.6582,0.0526,0.0526,0.2000,0.1368,0.0737,0.1895,0.2526,0.0421,239.2923,273.6785,0.0073,5.7188,2.0501,14.7515,-0.0003,0.0000,0.2213,0.2563,0.5016,3.3614,2.4896,1.5926,0.2789,0.4012,0.4785,0.6246,0.6750,0.3776,1.4517,0.0621,1.0009,-0.6174,-0.3130,2.7027,10.4066,0.0030,0.9955,-0.3420,-1.7621,2.1164,-0.0000,0.0000,0.8316,0.0258,4432.7471,27.5901,267.3547,0.4577,0.3120,0.0000,0.8944,0.3900,4.1225,-15.9773
32.5742,ASCEND,ASCEND,-0.2939,-0.0008,1.7251,2.2682,0.3889,0.6111,2.6310,1.0172,3.9649,24.8373,131.0000,0.0008,169.8113,91.4534,2.6310,0.0222,0.1111,0.2222,0.1222,0.1222,0.1333,0.1778,0.0889,243.6205,252.7514,0.0064,6.4077,2.2017,19.2156,0.0024,0.0000,0.2361,0.2413,0.5089,5.3264,2.3284,2.0303,0.3554,0.4492,0.4929,0.4996,0.4514,0.4189,1.5827,0.0427,0.9980,0.2589,0.8523,2.6355,10.0397,0.0003,0.9801,-0.7845,-2.5983,6.4093,-0.0000,0.0000,0.8222,0.0239,4477.9661,26.3729,249.9971,0.4287,0.3152,0.0000,0.8056,0.3600,3.8314,-30.9868
32.6159,ASCEND,ASCEND,-0.4400,-0.0140,1.5013,1.6888,0.3250,0.6750,2.4585,0.8424,3.5268,13.4261,116.0000,0.0007,155.8152,77.7224,2.4585,0.0250,0.1875,0.1750,0.2250,0.0875,0.0625,0.2125,0.0250,253.5361,239.4805,0.0060,6.3892,2.3185,20.3648,0.0020,-0.0000,0.2544,0.2689,0.4972,3.8453,2.3025,2.3205,0.4582,0.4033,0.5069,0.9423,0.5727,0.3317,1.1595,-0.0811,0.9980,0.8435,0.5622,2.4479,10.9068,-0.0029,0.9696,-0.9403,-2.9199,7.8551,-0.0001,0.0000,0.8500,0.0226,4525.1620,25.1486,242.5274,0.4089,0.2794,0.0000,0.8056,0.3633,1.5377,-42.9819
32.6576,STABLE,ASCEND,0.1290,-0.0048,2.0577,1.8660,0.3671,0.6329,2.0865,0.6026,3.3056,14.1538,112.0000,0.0006,159.8656,77.6952,2.0865,0.0506,0.1772,0.1392,0.1646,0.0506,0.1139,0.1646,0.1392,255.4530,232.9510,0.0048,5.3729,1.9981,14.8034,0.0022,0.0000,0.2264,0.2203,0.5029,6.6098,1.2866,2.4640,0.5592,0.2401,0.5133,0.8271,0.3251,0.2296,1.0043,0.0901,0.9990,-0.1246,0.8322,2.1010,10.2472,0.0020,0.9957,-0.4631,-0.8372,3.9291,-0.0000,0.0000,0.8987,0.0219,4473.2652,24.7133,244.8528,0.3912,0.2819,0.0000,0.8056,0.3633,0.2460,-13.4924
32.6993,STABLE,ASCEND,0.1163,0.0004,2.7287,3.4852,0.5263,0.4737,2.5257,0.6807,3.7534,16.5452,105.0000,0.0006,154.8627,83.5188,2.5257,0.0658,0.1184,0.1447,0.1711,0.1053,0.1711,0.1447,0.0789,249.8922,241.9910,0.0075,3.9686,1.7745,19.3376,-0.0010,0.0000,0.2142,0.1894,0.5077,3.5891,0.9310,2.3123,0.3988,0.4537,0.1812,0.5930,0.0810,0.3425,0.5824,0.0775,1.0010,-0.6381,-0.1396,2.5019,9.8332,0.0018,0.9831,-1.0772,-0.6640,7.0240,-0.0000,0.0000,0.8947,0.0184,4392.8624,23.6635,226.6119,0.3701,0.2860,0.0000,0.8056,0.4667,0.4122,24.2881
32.7410,ASCEND,ASCEND,-0.0843,-0.0000,2.3067,3.6438,0.4789,0.5211,2.3167,0.1032,3.3462,15.9312,110.0000,0.0006,147.2567,83.2180,2.3167,0.0423,0.2676,0.1831,0.1690,0.0845,0.0704,0.1268,0.0563,235.2624,247.2557,0.0060,4.0985,1.8090,18.4965,-0.0020,0.0000,0.1900,0.1528,0.5018,2.9529,0.9285,1.4216,0.5069,0.4945,0.0667,0.6174,0.0287,0.3198,1.4569,0.4953,0.9928,-0.9142,4.2799,2.2011,7.7708,0.0091,0.9911,-0.8372,-0.0841,4.1510,-0.0000,0.0000,0.8592,0.0191,4434.5588,23.1810,222.0606,0.3733,0.3202,0.0000,0.8056,0.3633,2.2720,34.9807
32.7828,ASCEND,ASCEND,-0.1797,-0.0009,1.3970,1.0286,0.4156,0.5844,1.6825,0.2025,2.6113,11.9420,110.0000,0.0006,138.0726,77.8550,1.6825,0.0390,0.2208,0.1429,0.1039,0.1039,0.1039,0.1818,0.1039,229.0292,239.9930,0.0055,4.4470,1.9875,18.2550,0.0013,0.0000,0.1987,0.1737,0.5064,2.9403,0.9433,1.0597,0.5449,0.5722,0.0636,0.6769,0.2288,0.3382,2.0469,0.4752,0.9938,-0.8872,3.9897,1.6351,6.5226,0.0032,0.9998,-0.3647,-0.2698,2.9106,0.0000,0.0000,0.9221,0.0212,4543.4933,23.9584,237.6767,0.3672,0.3356,0.0000,0.8056,0.3633,3.3301,70.6257
32.8245,ASCEND,ASCEND,0.4811,-0.0000,2.5163,3.5010,0.5000,0.5000,1.8414,0.0210,3.6812,18.1020,93.0000,0.0005,148.8477,77.6747,1.8414,0.0606,0.1364,0.1515,0.0758,0.1667,0.1364,0.1061,0.1667,252.2320,230.1871,0.0054,4.4099,2.0829,19.6200,-0.0004,0.0000,0.2085,0.1781,0.5010,4.8250,1.1124,0.7896,0.8835,0.5759,0.0268,0.6397,0.2915,0.2368,1.9591,0.0510,0.9997,-0.1263,0.5003,1.9358,9.6134,0.0045,0.9981,-0.2705,-0.4737,1.2795,-0.0000,0.0000,0.8939,0.0200,4606.1205,25.6552,303.3250,0.3649,0.3136,0.0000,0.8056,0.3633,8.1633,79.4658
32.8662,ASCEND,ASCEND,0.4867,-0.0001,2.3813,4.1958,0.4559,0.5441,1.5543,0.0146,3.6496,19.1096,96.0000,0.0006,130.2615,73.6052,1.5543,0.0588,0.0735,0.1471,0.1324,0.1029,0.1176,0.1324,0.2353,249.6766,230.4746,0.0060,5.8725,2.4320,20.1108,-0.0033,-0.0000,0.2482,0.1884,0.4973,4.7295,0.9897,0.4302,0.4688,0.5111,0.0397,1.3346,0.2917,0.2203,3.1429,0.0940,1.0011,-0.7575,0.0649,1.5635,8.9435,0.0033,0.9953,-0.5741,-1.3565,3.8291,-0.0000,0.0000,0.9265,0.0196,4667.6149,25.0492,294.5346,0.3714,0.3113,0.0000,0.8056,0.3633,9.9589,52.2209
32.9079,ASCEND,ASCEND,0.9773,0.0001,3.2540,3.8481,0.5775,0.4225,1.9320,0.0268,4.0445,20.4597,98.0000,0.0006,122.1439,76.5377,1.9320,0.0845,0.0563,0.2394,0.0563,0.0845,0.1549,0.1831,0.1408,257.7900,246.1920,0.0055,4.7507,2.4404,21.0455,-0.0010,0.0000,0.2374,0.1803,0.5096,5.1965,0.8363,0.1160,0.5679,0.5698,0.0166,1.2094,0.1902,0.1720,3.2855,-0.0525,1.0011,-0.0582,-0.4880,1.9946,8.4545,0.0078,0.9886,-0.7766,-0.7107,4.5848,-0.0000,0.0000,0.9155,0.0194,4708.0039,24.9849,296.3100,0.3722,0.2998,0.0000,0.8056,0.3667,12.5194,30.1541
32.9496,ASCEND,ASCEND,0.6929,0.0003,2.9201,4.1635,0.5733,0.4267,1.9418,0.0670,4.3475,20.4642,94.0000,0.0005,122.7791,87.1732,1.9418,0.0800,0.1200,0.1867,0.1333,0.0400,0.1200,0.1733,0.1467,269.5340,260.6681,0.0059,4.7960,2.7781,21.1403,-0.0076,-0.0000,0.2711,0.1382,0.4883,7.9928,0.5627,0.0158,0.8258,0.5342,0.0309,2.2063,0.3655,0.2170,2.5467,0.0655,1.0013,-0.6876,-0.0166,1.9636,9.4964,0.0047,0.9928,-0.3438,0.9925,1.4641,-0.0000,-0.0000,0.8933,0.0193,4700.5784,24.6670,289.5080,0.3794,0.3354,0.0000,0.8056,0.3667,12.4743,-11.5063
32.9913,ASCEND,ASCEND,0.2256,0.0000,1.4637,2.1533,0.5333,0.4667,1.1189,0.0098,2.7417,16.6165,91.0000,0.0005,127.7499,83.8502,1.1189,0.0533,0.0800,0.2000,0.0400,0.1600,0.2133,0.1200,0.1333,279.2348,253.0684,0.0040,2.9146,2.3580,29.0027,-0.0057,-0.0000,0.2276,0.1223,0.4885,7.0560,0.3950,0.0065,0.5803,0.4523,0.0375,1.2974,0.2508,0.1176,2.1737,0.0391,1.0006,-0.2914,-0.1222,1.1435,6.4745,0.0029,1.0085,-0.0862,-2.1365,0.3508,0.0000,0.0000,0.9467,0.0176,4541.8172,24.0136,279.9142,0.3836,0.3438,0.0000,0.8056,0.3667,11.5596,-46.3442
33.0330,ASCEND,ASCEND,0.3867,0.0001,1.3919,3.1803,0.5333,0.4533,1.0133,0.0094,1.9447,9.1771,92.0000,0.0005,130.4016,74.7617,1.0133,0.1600,0.1067,0.0933,0.0800,0.0800,0.2133,0.1333,0.1333,299.7887,252.7635,0.0042,2.1582,1.2299,17.8483,-0.0025,-0.0000,0.1551,0.1031,0.4844,4.2808,0.5756,0.0035,0.5336,0.4078,0.0285,0.5696,0.1873,0.0990,0.8669,0.1183,1.0013,-0.9245,-0.0330,0.9781,3.8570,0.0036,1.0004,-0.1785,1.7962,-0.3095,0.0000,-0.0000,0.9600,0.0177,4508.4242,24.1817,288.9216,0.3982,0.3367,0.0000,0.8056,0.3633,8.6084,-68.7839
33.0747,ASCEND,ASCEND,0.3934,-0.0000,1.1189,2.6696,0.4730,0.5270,1.2684,0.0200,2.2748,11.4909,86.0000,0.0005,130.4107,71.1039,1.2684,0.0946,0.1216,0.1757,0.1081,0.0541,0.1622,0.1892,0.0946,301.5242,248.3823,0.0040,2.9458,1.5275,15.2382,-0.0028,-0.0000,0.1778,0.1500,0.4882,5.1080,0.9901,0.0023,0.4672,0.3099,0.0027,0.7870,0.2747,0.6871,0.8960,-0.0360,1.0009,-0.0779,-0.2851,1.3432,5.8680,0.0020,0.9942,-0.2039,0.5121,0.7870,-0.0000,-0.0000,0.9189,0.0179,4431.8421,24.1947,286.9432,0.4098,0.3390,0.0000,0.8056,0.3533,5.8219,-65.0612
33.1164,ASCEND,ASCEND,-0.0536,-0.0005,6.8391,6.2838,0.3864,0.6136,4.1315,0.0532,8.8462,34.2017,70.0000,0.0004,80.9060,48.5554,4.1315,0.1364,0.1591,0.1364,0.1591,0.0455,0.0909,0.2045,0.0682,286.3661,267.5813,0.0087,18.0440,6.1689,34.2228,0.0044,-0.0000,0.5506,0.6078,0.4987,7.5748,2.0982,0.0038,6.1039,1.4385,0.0040,4.8055,3.5317,1.6099,3.8825,-0.0773,0.9998,0.4733,-0.1940,4.1627,25.5802,-0.0019,0.9312,1.3699,12.6216,12.7482,0.0001,-0.0002,0.8409,0.0180,4975.7695,23.9805,276.0524,0.4509,0.3175,0.0000,0.8056,0.3633,3.1812,-40.6361
33.1581,STABLE,ASCEND,0.5932,0.0000,3.8756,9.4994,0.5000,0.5000,2.2996,0.0046,6.0556,26.9898,74.0000,0.0004,76.5020,56.8217,2.2996,0.0789,0.0263,0.2368,0.0526,0.1579,0.1053,0.1579,0.1842,268.6055,272.6053,0.0069,25.4548,7.5180,41.1399,-0.0084,-0.0000,0.5729,0.5073,0.4861,8.5216,3.8578,0.0037,10.7122,1.5768,0.0018,4.6437,2.3770,0.9493,1.2930,0.0049,1.0011,-0.2399,-0.2920,2.3053,16.1392,-0.0061,1.5268,6.3586,-68.6215,-107.4146,0.0006,0.0008,0.8684,0.0157,4640.5903,23.7013,274.4499,0.4275,0.3343,0.0000,0.8944,0.2933,2.4322,-11.9642
33.1998,STABLE,ASCEND,-0.5013,-0.0199,1.8645,0.2757,0.4000,0.6000,1.4220,0.0922,3.0728,15.6016,71.0000,0.0004,96.9901,83.5896,1.4220,0.0727,0.1273,0.1273,0.0909,0.0909,0.2000,0.2364,0.0545,272.9376,271.0277,0.0054,4.8110,3.6952,54.1822,-0.0033,-0.0000,0.2503,0.2168,0.4814,6.2400,1.2987,0.0008,0.9134,3.1869,0.0020,1.6030,0.4389,0.6189,0.3500,0.0545,0.9994,-0.1659,0.2927,1.4658,6.4643,-0.0030,1.0907,2.3102,-8.4876,-17.3195,0.0002,0.0001,0.8909,0.0202,4617.4289,25.3415,303.3572,0.4374,0.3752,0.0000,0.8056,0.3767,2.1832,67.1840
33.2415,STABLE,ASCEND,-0.4261,-0.0000,2.8309,0.8801,0.4912,0.5088,1.2073,0.0829,4.2988,31.1647,75.0000,0.0004,88.3593,66.4746,1.2073,0.1404,0.1228,0.1404,0.1053,0.1228,0.1930,0.0877,0.0877,277.1346,276.0447,0.0042,3.0067,3.2911,33.0396,0.0078,0.0000,0.2167,0.1315,0.5098,6.6403,0.4064,0.0017,4.2807,0.4392,0.0055,0.6057,0.1149,0.4804,0.3985,-0.1114,1.0022,0.0164,-1.1516,1.2374,6.2690,-0.0082,0.9757,-0.4729,5.3249,5.8464,-0.0000,-0.0000,0.9298,0.0198,4802.9560,25.9712,318.8477,0.5024,0.3290,0.0000,0.8944,0.3100,8.0364,55.1764
33.2832,STABLE,ASCEND,-0.0441,-0.0044,1.0640,0.3696,0.3673,0.6327,0.6117,0.0736,1.4902,8.8978,73.0000,0.0004,64.4863,54.2975,0.6117,0.1020,0.1633,0.1429,0.0408,0.1224,0.1224,0.2245,0.0816,259.5659,281.0366,0.0058,2.6873,1.0728,11.2182,-0.0008,-0.0000,0.1447,0.1631,0.4929,2.0159,0.4635,0.0024,0.7163,0.2563,0.0226,1.1754,0.2708,0.4986,0.4781,0.1456,0.9993,-0.6113,0.6066,0.6680,2.9289,0.0004,1.0789,-0.6576,-12.3050,-11.5719,-0.0000,0.0002,0.9592,0.0183,4727.0337,25.6074,317.8352,0.5179,0.3273,0.0000,0.8056,0.3700,6.7858,-40.8274
33.3250,ASCEND,ASCEND,0.8232,0.0001,3.9535,2.5334,0.5111,0.4889,1.2314,0.0693,4.9518,32.1274,57.0000,0.0003,74.4544,75.1490,1.2314,0.0667,0.0889,0.0444,0.1111,0.1333,0.1778,0.2444,0.1333,253.9988,291.0507,0.0081,3.0063,1.3385,12.4847,-0.0004,-0.0000,0.1530,0.1656,0.4969,2.3013,0.0657,0.0016,1.5010,0.5441,0.0433,1.2283,0.1817,0.3680,0.4406,0.0761,1.0001,-0.4206,0.1737,1.2372,2.6901,0.0426,1.0377,-0.3437,-5.2347,-7.8504,-0.0000,0.0001,0.9556,0.0169,4712.7898,24.5574,306.1344,0.4749,0.3170,0.0000,0.8056,0.3700,4.6307,-133.6098
33.3667,ASCEND,ASCEND,0.7522,-0.0016,4.6268,0.3586,0.4667,0.5333,1.4870,0.0997,5.3052,31.4131,67.0000,0.0004,60.4953,54.0335,1.4870,0.1111,0.1333,0.1778,0.0667,0.0889,0.2889,0.1111,0.0222,247.1927,293.4736,0.0146,3.4596,1.8475,26.8804,-0.0042,-0.0000,0.2150,0.1797,0.4836,3.8595,0.0988,0.0024,1.5612,0.2651,0.0709,1.3939,0.6817,0.3917,0.9386,-0.1139,0.9995,0.7087,-0.3160,1.4829,7.0515,0.0407,1.0089,-0.1807,0.1925,-1.8058,-0.0000,0.0000,0.9333,0.0166,4836.6140,23.6311,299.2192,0.4589,0.3005,0.0000,0.8944,0.3067,-4.3595,-203.8958
33.4084,ASCEND,ASCEND,0.5305,0.0009,3.8636,6.6157,0.5200,0.4800,1.6995,0.0901,4.8114,31.0699,71.0000,0.0004,63.7031,60.7187,1.6995,0.0800,0.1400,0.0800,0.1000,0.2000,0.1000,0.1400,0.1600,233.6710,300.3333,0.0194,4.8706,2.1392,20.5039,0.0012,-0.0000,0.2269,0.2024,0.4817,5.5653,0.1390,0.0079,1.4205,0.4005,0.1490,2.8803,1.1187,0.5876,0.3571,0.2984,0.9947,-0.3248,2.7696,1.7910,9.0658,0.0338,1.3446,1.3387,-59.7782,-72.1799,0.0001,0.0007,0.8600,0.0164,4885.2666,23.1017,286.3027,0.4430,0.3092,0.0000,0.8944,0.3067,-12.3776,-140.4743
33.4501,ASCEND,ASCEND,0.3646,-0.0007,6.5653,0.3790,0.4651,0.5349,3.6512,0.0787,9.3475,32.3455,63.0000,0.0004,65.8046,61.9281,3.6512,0.0698,0.0465,0.1628,0.0465,0.1395,0.1163,0.2326,0.1860,228.5706,297.7820,0.0171,3.4282,1.8151,24.2485,-0.0001,-0.0000,0.1939,0.1983,0.4797,4.2774,0.0787,0.0166,0.8834,0.2635,0.3192,2.1398,1.1830,0.5173,0.5873,-0.0025,1.0000,0.0032,-0.0464,3.6547,30.9113,-0.0046,1.0019,-0.1646,-1.3318,-0.4154,-0.0000,0.0000,0.8605,0.0164,4808.8175,21.8291,246.5000,0.4194,0.2940,0.0000,0.8056,0.3700,-16.0774,23.9062
33.4918,ASCEND,ASCEND,0.2264,-0.0000,4.7145,0.4834,0.4884,0.5116,2.4625,0.0237,7.4542,32.1018,77.0000,0.0004,68.1576,62.6502,2.4625,0.0465,0.0930,0.2326,0.1395,0.0930,0.2326,0.1163,0.0465,234.3116,293.8975,0.0465,6.1140,2.7063,24.5424,-0.0001,-0.0000,0.2379,0.2814,0.4890,4.8272,0.3393,0.0345,1.0111,0.8301,1.0122,3.3916,2.0912,0.7993,0.8299,0.0787,1.0006,-0.5668,0.1210,2.4982,22.5008,-0.0011,0.9927,0.9723,-0.4361,1.6551,0.0001,-0.0001,0.9070,0.0145,5089.2611,22.3464,243.4626,0.4324,0.2719,-0.9022,0.8333,0.4234,-10.3834,270.1660
33.5335,DESCEND,ASCEND,-2.3646,0.0001,6.0065,1.9712,0.5263,0.4737,4.0499,0.0817,7.9397,27.2758,77.0000,0.0004,63.6433,47.5061,4.0499,0.0263,0.0526,0.2105,0.2105,0.2368,0.1053,0.0526,0.1053,232.8662,288.4793,0.0983,18.5381,6.5666,33.4465,0.0018,0.0000,0.4914,0.5822,0.5073,6.7697,0.8842,0.3172,2.7893,1.3724,4.8208,11.3813,1.7468,4.4580,3.5059,-0.0493,1.0019,-0.2477,-0.7453,4.1376,22.8255,-0.0518,1.1705,0.3537,-22.1088,-31.0545,0.0000,0.0003,0.8158,0.0153,5652.8383,22.7893,243.7447,0.3898,0.2061,0.0000,0.8056,0.4533,6.4590,676.5718
33.5752,DESCEND,ASCEND,-0.2640,0.0007,6.3409,6.4752,0.5682,0.4318,5.7327,0.0458,9.8914,29.3363,103.0000,0.0006,63.1293,48.6499,5.7327,0.1136,0.1591,0.1136,0.0227,0.2273,0.1591,0.1364,0.0682,230.7797,290.0717,0.1363,23.2372,7.3351,33.7497,0.0021,-0.0000,0.5668,0.6357,0.4987,8.8063,0.8056,1.2227,6.5210,1.2604,9.4356,9.3545,1.5685,3.0298,0.7697,-0.0277,1.0000,0.1958,-0.0961,5.7617,26.5916,-0.0289,1.0722,-0.0264,-10.6477,-18.2954,-0.0000,0.0002,0.7727,0.0164,6084.9579,23.2458,240.9988,0.3225,0.1608,0.0000,0.8056,0.4500,46.0540,893.3244
33.6169,DESCEND,ASCEND,-0.3162,0.0008,3.1431,2.9779,0.5439,0.4561,5.5069,0.2267,9.1634,30.4388,114.0000,0.0007,75.6965,55.3454,5.5069,0.1228,0.0702,0.2105,0.1579,0.1754,0.0877,0.0526,0.1228,234.7233,280.2640,0.2349,18.8699,6.6284,37.7878,-0.0001,-0.0000,0.5075,0.5692,0.4885,8.7075,0.2602,2.4955,4.7445,0.8833,11.7509,6.6345,0.8249,3.8075,2.1141,-0.1456,0.9979,1.2827,0.1538,5.5435,26.3388,-0.0185,1.0177,3.1136,28.9420,5.5184,0.0002,-0.0000,0.7368,0.0186,6034.8075,25.7243,255.4987,0.2530,0.1237,0.0000,0.8056,0.3533,80.9771,754.7736
33.6586,ASCEND,ASCEND,3.9385,0.3076,5.2429,13.7732,0.7246,0.2754,9.2137,1.2317,11.1412,37.6708,135.0000,0.0008,79.8062,47.5784,9.2137,0.0725,0.0725,0.0580,0.1304,0.1594,0.4203,0.0580,0.0290,234.6025,272.4382,0.4849,20.4731,7.0573,36.2518,0.0005,-0.0000,0.5195,0.6056,0.4815,9.7401,0.4603,3.7707,3.4854,1.5433,15.5161,8.2161,1.0032,3.5015,1.3045,-0.1647,1.0011,0.6869,-0.9071,9.3729,29.5033,0.1306,0.9238,0.5528,1.0499,11.4234,0.0000,-0.0002,0.5797,0.0212,5640.5455,27.3663,265.0283,0.1686,0.1334,-45.0000,0.6361,0.4855,109.0147,688.7042
33.7003,ASCEND,ASCEND,7.0680,0.2670,9.4220,20.0298,0.7391,0.2609,11.8249,1.6882,13.6792,46.6547,154.0000,0.0009,85.5246,51.6801,11.8249,0.0435,0.1014,0.0435,0.0725,0.1014,0.4203,0.0580,0.1594,244.6492,271.8532,0.9744,22.0340,7.6125,34.0443,-0.0005,-0.0000,0.5202,0.6587,0.4926,7.8695,1.4453,4.5278,5.4241,2.8659,15.9325,11.5459,0.8523,3.0789,1.5655,0.0651,1.0007,-0.3740,-0.0771,11.7982,34.6762,0.1799,0.8972,-15.4886,-5.9855,-12.3229,-0.0006,0.0000,0.5942,0.0252,5652.4688,28.8246,271.3363,0.1259,0.1371,0.0000,0.8056,0.4633,138.4265,664.2124
33.7420,ASCEND,ASCEND,9.4900,8.7262,9.0335,23.2187,0.8202,0.1798,16.7362,17.2370,15.2492,49.7169,192.0000,0.0011,99.4361,54.9031,16.7362,0.0449,0.0562,0.0449,0.1011,0.2135,0.3708,0.1236,0.0449,251.6196,255.8422,2.5538,27.2329,8.5660,37.0405,0.0038,-0.0000,0.5901,0.8100,0.4956,6.5598,2.3324,6.2457,4.3630,5.4918,21.8075,9.7795,3.1503,3.5431,1.4243,9.8325,1.0069,-52.2618,26.9328,10.1412,38.1654,0.1335,0.9862,-10.1693,-49.1303,29.4415,-0.0000,-0.0000,0.6067,0.0299,5353.0480,29.6581,282.9911,0.0862,0.1413,0.0000,0.8056,0.4500,164.4211,274.0366
33.7837,ASCEND,ASCEND,11.7344,11.2781,12.1562,28.0215,0.8144,0.1856,19.5331,24.3393,16.1103,48.7361,216.0000,0.0013,96.5357,54.4532,19.5331,0.0515,0.0206,0.0722,0.0825,0.4742,0.1443,0.1031,0.0515,266.4169,248.0796,3.2923,32.9274,10.4015,41.8116,-0.0022,0.0000,0.6180,0.7699,0.5016,7.4543,4.9565,7.8176,5.8674,7.3529,27.7725,9.9114,2.1373,4.7299,1.9663,7.7560,1.0069,-52.5311,18.5912,10.8403,41.3344,0.1027,1.0471,-7.7676,-61.7269,18.9926,0.0000,0.0001,0.5773,0.0326,4861.1075,31.7367,301.0192,0.0368,0.1559,-45.0000,0.4833,0.6694,161.2858,-4.9166
33.8255,ASCEND,ASCEND,10.8777,0.0477,17.5044,40.0958,0.6620,0.3380,19.7926,1.5791,21.3535,51.9627,301.0000,0.0017,104.1247,42.2270,19.7926,0.0423,0.0563,0.1408,0.0563,0.4930,0.1268,0.0845,0.0000,268.1758,241.2258,2.5403,15.3374,5.1431,29.0552,0.0000,0.0000,0.4117,0.5881,0.5076,4.9935,3.9103,7.1300,4.6216,7.3558,8.5113,4.8098,0.6756,1.6107,1.2084,0.0744,0.9978,0.0715,0.9064,19.7244,49.4262,0.2126,0.9937,-1.3004,1.3685,3.0767,-0.0001,0.0000,0.5211,0.0396,4559.1214,33.9912,322.2003,0.0252,0.1549,-45.8243,0.4917,0.6553,164.0109,-439.6636
33.8672,ASCEND,ASCEND,2.1241,0.0001,10.9054,20.2590,0.5079,0.4921,9.7174,0.3404,17.8862,56.7788,302.0000,0.0017,101.5111,48.9757,9.7174,0.1111,0.0635,0.1746,0.0952,0.2381,0.1270,0.0794,0.1111,255.0916,242.7756,2.9227,12.4575,4.2483,20.6594,-0.0001,0.0000,0.3678,0.5586,0.5118,3.6843,3.9762,7.9430,3.5432,6.6948,6.8156,4.3462,0.8308,1.2441,0.7192,-0.0867,1.0003,0.4374,-0.4123,9.7811,51.9693,0.0516,1.0012,-0.1884,0.4509,-1.0888,-0.0000,0.0000,0.7143,0.0448,4370.6969,36.1356,332.5634,0.0243,0.1607,9.0151,0.5139,0.7020,124.6105,-929.2505
33.9089,ASCEND,ASCEND,1.5049,0.0089,9.4672,22.9870,0.5763,0.4237,7.4176,0.2313,17.2514,52.6126,254.0000,0.0015,100.0954,58.2074,7.4176,0.0339,0.1017,0.1186,0.1695,0.2203,0.1356,0.0678,0.1525,249.9524,240.0151,3.2618,12.6837,4.3882,23.5129,0.0034,0.0000,0.3779,0.5724,0.5253,4.1460,5.9697,6.6189,5.3388,6.8221,5.7580,4.8984,1.0462,0.9228,1.3198,0.2158,1.0006,-1.2250,0.6905,7.4001,51.3684,0.0333,0.9946,0.3956,0.4665,3.2254,0.0000,-0.0000,0.8475,0.0444,4472.0275,37.2015,352.3152,0.0243,0.1657,45.0000,0.4139,0.6458,86.4960,-1029.3526
33.9506,ASCEND,ASCEND,2.7190,-0.0006,13.7839,38.1786,0.4861,0.5139,8.8217,0.2504,17.7706,50.3526,236.0000,0.0014,95.1378,45.5661,8.8217,0.0833,0.0833,0.0833,0.2083,0.2222,0.1667,0.0694,0.0833,249.6827,239.8698,3.3788,13.9881,4.8238,21.8023,0.0072,0.0000,0.4138,0.6356,0.5104,5.2232,8.2412,7.3161,4.2202,9.0498,6.0158,4.0206,1.1516,0.8776,0.9729,-0.0111,1.0004,-0.0615,-0.2061,8.8316,49.0597,0.0136,1.0614,0.1727,-10.9900,-12.6476,0.0000,0.0001,0.7917,0.0458,4369.7985,40.0737,398.7930,0.0284,0.1908,45.0000,0.4361,0.6930,38.7453,-1001.5967
33.9923,ASCEND,ASCEND,-1.0296,0.0040,8.8726,3.4584,0.5833,0.4167,6.2335,0.1146,15.0502,49.4641,396.0000,0.0023,83.5515,42.7207,6.2335,0.1111,0.2083,0.1806,0.2500,0.0694,0.0833,0.0556,0.0417,239.4210,242.2317,2.4891,13.2266,4.4714,26.0533,0.0039,-0.0000,0.3894,0.6193,0.4984,4.0464,4.4111,8.9546,3.0184,4.8564,6.9095,4.1795,0.6248,0.6671,1.1253,-0.0395,1.0001,0.1500,-0.1389,6.2491,48.1408,-0.0687,1.0276,0.1507,-2.5839,-6.1098,0.0000,0.0001,0.8333,0.0432,4821.6022,40.8576,386.8486,0.1014,0.1814,45.0000,0.4167,0.6977,2.9461,-722.0577
34.0340,DESCEND,ASCEND,-5.6868,-0.0041,15.9686,12.2789,0.4681,0.5319,13.6821,0.2555,21.2770,50.8296,268.0000,0.0016,98.4971,52.7491,13.6821,0.0851,0.0851,0.0851,0.3617,0.0851,0.1064,0.0745,0.1170,232.7598,238.3710,3.1766,12.3075,4.2385,22.8149,0.0036,-0.0000,0.3906,0.6461,0.4921,3.7998,7.6421,5.7317,4.2086,7.0986,5.8892,4.1009,0.7991,0.9434,0.6513,0.0492,1.0020,-0.6660,-0.3411,13.7545,49.3640,-0.0829,0.9026,0.6331,11.9838,19.1775,0.0000,-0.0002,0.7128,0.0442,5314.0462,41.5379,397.2010,0.2051,0.1778,-45.0000,0.4444,0.6788,-21.4863,-446.1458
34.0757,DESCEND,ASCEND,1.0640,0.0007,15.6650,23.8788,0.5476,0.4524,10.0549,0.1797,19.0587,52.6319,332.0000,0.0019,93.6565,48.0228,10.0549,0.1548,0.1310,0.1429,0.2619,0.0595,0.1667,0.0476,0.0357,225.8124,242.3052,2.3220,9.8458,3.4014,21.1168,0.0050,0.0000,0.3606,0.5768,0.5016,3.8090,4.7692,5.7500,2.0592,4.9026,5.2865,2.4159,1.8034,1.1950,1.3290,0.0869,0.9994,-0.3004,0.6215,10.0508,51.7912,0.0262,0.9129,-1.3632,7.0994,16.0411,-0.0001,-0.0001,0.7857,0.0458,5826.5373,41.3289,401.9533,0.3503,0.2098,45.0000,0.4639,0.6835,-34.2699,-99.7308
34.1174,ASCEND,ASCEND,-6.5636,-0.0006,17.0776,5.9804,0.4615,0.5385,13.8319,0.2364,21.8621,55.7590,197.0000,0.0011,101.1276,61.4608,13.8319,0.0897,0.0513,0.1923,0.2308,0.0897,0.2051,0.0769,0.0641,214.7977,234.5750,2.6125,11.8054,4.1014,24.4403,0.0059,-0.0000,0.4205,0.6307,0.4919,6.4654,6.8516,6.4412,1.3788,6.0471,4.5123,2.9457,1.6377,1.3723,2.0685,-0.2520,1.0055,0.1284,-2.5633,14.1366,55.6067,-0.2579,1.0255,-0.6314,-1.3468,-7.2822,-0.0001,0.0001,0.6538,0.0380,6333.4697,39.1204,390.0097,0.5094,0.2150,45.0000,0.5611,0.6317,-29.8055,266.8719
34.1591,ASCEND,ASCEND,2.7543,0.0069,16.0851,40.5797,0.5352,0.4648,12.5677,0.1357,22.2417,56.5286,146.0000,0.0008,95.0837,56.7791,12.5677,0.0563,0.0423,0.1690,0.2958,0.0704,0.1831,0.0845,0.0986,215.4649,231.8653,1.4859,13.9989,4.9944,26.9197,0.0081,0.0000,0.3920,0.5861,0.5121,4.0819,9.5513,6.6380,2.1219,5.7491,6.9518,2.0663,0.9459,0.9365,0.9168,0.2959,1.0110,-3.9749,-2.1128,12.6327,56.4232,0.1537,1.0285,-1.4495,-6.2080,-3.7767,-0.0001,0.0001,0.7465,0.0303,6339.0762,35.9958,391.6747,0.6363,0.1778,73.1711,0.4889,0.5642,-12.0083,287.2543
34.2008,ASCEND,ASCEND,1.4364,0.0102,9.9143,14.3699,0.5957,0.4043,4.9104,0.0864,14.4999,56.2282,99.0000,0.0006,73.4037,26.0119,4.9104,0.1277,0.1702,0.0426,0.2766,0.1064,0.1489,0.0638,0.0638,216.5415,249.6651,0.4206,12.8032,6.0717,55.8908,0.0021,-0.0000,0.5427,0.5269,0.4963,18.3973,6.3840,3.1010,0.3111,5.1874,10.8060,0.5964,0.8992,1.0704,0.5618,-0.0002,0.9990,0.1340,0.2797,4.9249,48.7557,0.0711,1.0340,0.1211,-3.3390,-6.5233,0.0000,0.0001,0.8936,0.0232,5973.8762,33.2095,400.2438,0.6602,0.1746,0.0000,0.7722,0.4267,-5.8437,166.0309
34.2425,ASCEND,ASCEND,2.8838,-0.0036,9.7329,35.0742,0.4390,0.5610,3.9491,0.0623,12.4415,58.1891,89.0000,0.0005,72.5551,25.2977,3.9491,0.0976,0.0976,0.0244,0.0976,0.2927,0.0976,0.2195,0.0732,228.6637,261.8033,0.0934,15.6636,6.9283,58.0005,-0.0010,-0.0000,0.6445,0.5053,0.4830,19.4735,6.7427,2.4768,0.4218,6.9746,8.5030,0.5430,1.2185,1.3244,0.7109,0.0825,1.0000,-0.5152,0.2682,3.9793,40.9105,0.1102,0.9950,-0.0583,2.1404,1.0264,0.0000,-0.0000,0.9024,0.0230,5982.1158,32.6339,424.7752,0.6844,0.1431,0.0000,0.7833,0.4167,1.8414,264.7217
34.2843,ASCEND,ASCEND,0.9553,-0.0021,7.2012,0.5129,0.4681,0.5319,1.5858,0.0924,8.5077,58.9199,70.0000,0.0004,65.2055,33.9844,1.5858,0.0426,0.0638,0.1277,0.1277,0.1915,0.1915,0.1489,0.1064,231.4875,272.2150,0.0229,11.7787,4.9118,49.9702,0.0007,-0.0000,0.4502,0.4214,0.4826,12.9209,4.1251,1.3849,0.4737,9.0705,1.3522,0.3285,1.4248,0.9611,0.3367,0.0631,1.0004,-0.4655,0.1330,1.6037,1.4537,0.0147,1.0108,-0.2634,-0.2157,-1.8576,-0.0000,0.0000,0.9574,0.0202,6241.6089,31.4790,467.7163,0.6893,0.1358,0.0000,0.7833,0.4067,16.2385,251.1740
34.3260,STABLE,ASCEND,-0.2157,-0.0009,1.6612,0.1661,0.4600,0.5400,0.7908,0.0655,4.1000,29.0698,60.0000,0.0003,61.5021,40.7069,0.7908,0.1200,0.1600,0.1600,0.0800,0.0400,0.1600,0.2000,0.0800,227.1712,276.4489,0.0055,5.7719,2.8507,37.5254,-0.0004,-0.0000,0.3091,0.2632,0.4980,8.0566,2.3977,0.0011,0.3291,3.7264,0.0013,0.3548,0.7762,0.6259,0.5581,0.0058,1.0007,-0.1542,-0.1804,0.8085,0.7891,-0.0013,0.9755,-0.2184,2.5746,4.7120,-0.0000,-0.0000,0.9800,0.0211,6015.4993,29.3181,448.9072,0.5909,0.2222,0.0000,0.8944,0.3167,22.7935,-28.3382
34.3677,STABLE,ASCEND,-0.1242,-0.0000,0.7822,0.0660,0.4808,0.5192,0.1711,0.0120,0.7809,5.6866,58.0000,0.0003,56.5117,27.8444,0.1711,0.1154,0.1731,0.2692,0.1538,0.0769,0.0769,0.0769,0.0577,234.0988,283.2401,0.0022,4.9244,3.0297,26.6749,-0.0011,-0.0000,0.2406,0.1908,0.4915,4.8529,3.6207,0.0010,0.3848,1.2232,0.0012,0.3586,0.9813,0.6274,0.8571,-0.0184,0.9997,0.1643,0.0283,0.1776,0.3795,-0.0013,1.0156,0.0900,-2.7013,-3.0351,0.0000,0.0000,0.9808,0.0232,5606.4054,28.5772,442.1752,0.5533,0.2643,0.0000,0.7833,0.3133,13.8746,-72.0542
34.4094,STABLE,ASCEND,-0.0400,0.0001,0.3242,0.0198,0.6000,0.4000,0.0872,0.0012,0.3568,2.4748,56.0000,0.0003,52.7565,23.9332,0.0872,0.0600,0.1600,0.1200,0.1400,0.0600,0.1600,0.1400,0.1600,229.4383,289.3420,0.0016,5.1958,1.7746,13.6557,0.0015,0.0000,0.2170,0.1857,0.5015,5.1865,0.5852,0.0009,0.4540,0.5114,0.0025,0.8773,0.5595,0.8954,1.8001,0.0294,0.9992,0.0937,0.3507,0.1427,0.4128,0.0008,1.0335,-0.2955,-6.4012,-6.6268,-0.0000,0.0001,1.0000,0.0223,4619.4886,26.5466,434.3382,0.4938,0.3158,0.0000,0.7833,0.3133,16.7830,-182.2591
34.4511,STABLE,ASCEND,0.0232,0.0001,0.3182,0.1240,0.5217,0.4783,0.2533,0.0622,0.8297,5.4346,55.0000,0.0003,52.2698,24.3760,0.2533,0.0217,0.3261,0.1087,0.1087,0.0435,0.1739,0.1304,0.0870,228.0717,286.0989,0.0014,3.6717,1.7307,17.5885,-0.0012,0.0000,0.1887,0.1635,0.5130,3.3096,0.5693,0.0132,0.4746,0.6430,0.0028,0.6174,0.5294,0.8233,1.4016,-0.0453,1.0011,-0.0405,-0.4680,0.2869,0.5545,-0.0031,0.9538,-0.0271,7.6347,8.7249,-0.0000,-0.0001,0.9783,0.0199,3686.7297,23.9946,400.3416,0.5199,0.3626,0.0000,0.7833,0.3833,-1.3289,-209.5970
34.4928,STABLE,ASCEND,-0.0238,0.0001,0.1378,0.1319,0.5185,0.4815,0.1252,0.0494,0.2013,0.9613,64.0000,0.0004,56.1386,26.5232,0.1252,0.0741,0.1481,0.0926,0.0926,0.2037,0.1481,0.1111,0.1296,231.5024,289.0990,0.0015,1.3328,0.7805,14.5956,-0.0010,0.0000,0.1097,0.0697,0.5033,2.5654,0.3730,0.0129,0.5097,0.3395,0.0009,0.1492,0.1885,0.2239,0.1107,0.0044,0.9996,0.0372,0.1285,0.1313,0.4761,-0.0014,1.0265,0.0696,-3.4940,-5.1032,0.0000,0.0001,1.0000,0.0191,3812.0996,24.3299,390.7812,0.6062,0.2276,0.0000,0.7833,0.3900,-0.7009,17.8664
34.5345,STABLE,ASCEND,-0.0734,-0.0112,0.5432,0.1271,0.3208,0.6792,0.2267,0.0410,0.6550,3.9503,58.0000,0.0003,61.1452,46.1604,0.2267,0.1509,0.1887,0.1321,0.1321,0.0943,0.1321,0.1132,0.0566,229.1839,289.8654,0.0017,1.6339,1.0059,12.6938,-0.0025,-0.0000,0.1377,0.1099,0.4921,3.3084,0.3032,0.0013,0.8679,0.3983,0.0009,0.2992,0.3083,0.2727,0.1390,0.1614,1.0009,-1.0013,0.3903,0.3075,1.0301,-0.0050,1.0035,-0.1249,-2.3767,0.1285,-0.0000,0.0000,1.0000,0.0197,4525.4211,25.2063,402.1838,0.6089,0.1480,0.0000,0.8056,0.3600,0.1615,71.4118
34.5762,STABLE,ASCEND,-0.0349,0.0016,0.6243,0.3181,0.5926,0.4074,0.3609,0.0508,0.9654,4.3218,63.0000,0.0004,59.6028,43.9852,0.3609,0.1481,0.1667,0.1852,0.1296,0.0741,0.1111,0.0556,0.1296,224.9448,291.1617,0.0021,1.8960,0.7883,11.1282,0.0000,0.0000,0.1241,0.1133,0.5078,4.3242,0.3148,0.0015,0.5842,0.1490,0.0010,0.3809,0.2291,0.3306,0.4497,0.0106,1.0016,-0.3222,-0.3995,0.4097,2.8046,-0.0042,1.0057,0.3210,-1.2257,-2.3977,0.0000,0.0000,1.0000,0.0185,5730.5863,25.2808,385.9680,0.6146,0.1682,0.0000,0.7833,0.3167,5.2560,63.0697
34.6179,ASCEND,ASCEND,0.4258,0.0008,1.5378,3.1841,0.5370,0.4630,0.6394,0.0502,1.9084,8.6506,63.0000,0.0004,66.6035,56.5710,0.6394,0.0556,0.1296,0.0370,0.2037,0.1296,0.2407,0.1481,0.0556,226.2431,293.6598,0.0023,2.6638,1.2639,10.0839,0.0002,0.0000,0.1202,0.1141,0.5025,1.6825,0.3655,0.0016,0.6514,0.4176,0.0006,0.4379,1.1210,0.2822,0.3990,-0.0308,1.0006,0.0165,-0.2716,0.6553,5.3916,0.0029,0.9799,-0.0005,2.6661,3.2767,-0.0000,-0.0000,0.9259,0.0184,6579.1880,25.2888,394.0982,0.6582,0.1843,0.0000,0.7833,0.4000,5.4226,-64.0269
34.6596,ASCEND,ASCEND,0.2659,-0.0000,1.1242,1.9825,0.4915,0.5085,0.7566,0.0021,1.9694,9.9399,70.0000,0.0004,78.0143,70.5404,0.7566,0.1017,0.1017,0.2034,0.1017,0.1356,0.2034,0.1017,0.0508,223.0337,281.0569,0.0018,4.3363,1.5727,11.7172,-0.0016,-0.0000,0.1361,0.0916,0.4989,2.4313,0.6702,0.0015,1.2195,0.4089,0.0008,0.9388,0.2971,0.4145,1.0805,0.0934,1.0001,-0.5695,0.3895,0.8329,3.7597,0.0032,1.0161,0.6110,-3.9516,-1.7905,0.0000,0.0000,0.9492,0.0185,7095.0070,25.0330,391.6073,0.6381,0.1803,0.0000,0.7833,0.3167,-0.0849,-151.2943
34.7013,ASCEND,ASCEND,0.9566,0.0007,2.8725,6.1156,0.5690,0.4310,1.2950,0.0418,3.3567,16.3865,64.0000,0.0004,85.6546,76.6640,1.2950,0.1552,0.0690,0.1724,0.0862,0.2069,0.0862,0.0690,0.1552,227.1127,276.1888,0.0034,6.6364,2.4829,16.4384,0.0002,-0.0000,0.1773,0.1430,0.4932,3.1802,0.8383,0.0053,2.1409,0.5079,0.0016,1.9381,0.3939,0.5018,1.2895,0.1511,1.0048,-1.8556,-0.8001,1.3287,8.6707,0.0025,1.0321,0.2541,-3.0870,-3.8807,0.0000,0.0001,0.9310,0.0184,7148.2460,25.4500,389.8240,0.6841,0.1469,0.0000,0.7833,0.3167,-7.1979,-123.7419
34.7430,STABLE,ASCEND,0.0212,-0.0001,1.6183,0.5592,0.3548,0.6452,0.9441,0.0007,3.0983,17.7470,73.0000,0.0004,90.5209,79.5829,0.9441,0.1613,0.0806,0.0645,0.0806,0.1290,0.2258,0.1613,0.0968,227.3107,266.1617,0.0031,3.9702,1.5273,10.7544,0.0013,0.0000,0.1323,0.1291,0.5139,2.1295,0.7120,0.0490,0.9100,0.5806,0.0022,0.7292,0.4121,0.2241,1.1007,0.0089,1.0000,-0.0720,-0.0064,0.9704,4.5321,-0.0008,0.9975,-0.2311,0.3128,-0.0768,-0.0000,0.0000,0.9516,0.0181,7305.5123,25.7895,382.2574,0.6919,0.1459,0.0000,0.7833,0.3167,-10.4070,-10.7859
34.7847,DESCEND,ASCEND,-0.2458,-0.0004,1.3018,0.1519,0.3871,0.6129,0.6595,0.0256,1.8670,8.8770,80.0000,0.0005,87.0738,75.7864,0.6595,0.0806,0.1452,0.0968,0.0806,0.0806,0.1452,0.1774,0.1935,231.3434,271.2710,0.0067,5.1180,2.3300,23.1440,0.0011,0.0000,0.1823,0.1616,0.5042,2.7574,2.8040,0.6882,0.5614,0.6741,0.0032,0.6597,0.7734,0.2331,0.1901,-0.0044,0.9995,0.1500,0.0467,0.7005,5.9184,-0.0015,1.0021,0.0335,0.8678,-0.2424,0.0000,0.0000,0.9355,0.0184,7142.6046,27.0953,391.5653,0.6807,0.1320,0.0000,0.8944,0.3400,-8.0976,96.4825
34.8265,DESCEND,ASCEND,-1.3535,-0.0002,4.1177,0.0101,0.4000,0.5692,2.1995,0.0010,5.8917,23.3537,83.0000,0.0005,91.0325,78.3517,2.1995,0.1538,0.1538,0.2308,0.0308,0.1231,0.1538,0.0923,0.0615,216.7521,272.4310,0.0059,11.7841,4.2900,25.4151,-0.0008,0.0000,0.2336,0.2007,0.5092,4.3293,9.2852,1.7406,0.8647,1.0832,0.0040,0.1833,0.2173,0.0409,0.4502,0.1421,0.9973,-0.1150,1.3803,2.2283,18.8900,-0.0082,1.0193,-1.1775,-0.7883,-3.3176,-0.0001,0.0001,0.8769,0.0190,7103.7253,27.6343,393.5877,0.6930,0.1343,0.0000,0.8778,0.3833,-2.3588,171.7014
34.8682,DESCEND,ASCEND,-1.3738,-0.0103,3.4514,0.0570,0.3770,0.6230,1.8084,0.0620,4.2267,16.1073,84.0000,0.0005,81.2679,70.5255,1.8084,0.1148,0.2131,0.1639,0.1311,0.0656,0.0820,0.1148,0.1148,208.6083,281.7919,0.0148,9.9464,3.1493,17.3245,-0.0027,-0.0000,0.1593,0.1543,0.4951,4.0060,8.3393,0.9819,0.4295,1.0474,0.0064,0.2654,0.2436,0.2836,0.2782,0.0381,0.9990,0.0715,0.4010,1.7943,13.1805,-0.0129,0.9418,-1.0482,7.4696,14.3756,-0.0000,-0.0001,0.9344,0.0205,6647.0477,28.0468,374.5387,0.6786,0.1817,0.0000,0.8944,0.3367,6.2251,208.5296
34.9099,DESCEND,ASCEND,-0.6856,-0.0003,1.4100,0.0481,0.3625,0.6375,1.0008,0.0024,1.5847,6.0424,85.0000,0.0005,125.0290,81.0341,1.0008,0.0875,0.2375,0.1625,0.0625,0.0625,0.1375,0.2000,0.0500,192.4759,254.4695,0.0082,4.3068,1.4848,10.8081,-0.0018,-0.0000,0.1105,0.0885,0.4857,2.1478,2.8512,0.6013,0.5306,1.1772,0.0047,0.2135,0.0571,0.1024,0.3651,0.1564,0.9910,1.2699,3.3340,1.0391,3.6052,0.0043,0.9835,-1.8216,1.8546,4.7799,-0.0001,0.0000,1.0000,0.0202,6382.1754,28.0363,379.5857,0.6508,0.2029,0.0000,0.7833,0.3133,15.0361,213.4335
34.9516,ASCEND,ASCEND,0.9470,0.0001,1.8314,5.1218,0.5366,0.3902,1.6278,0.0010,2.4732,7.4939,110.0000,0.0006,133.8884,57.3030,1.6278,0.1585,0.0610,0.0610,0.0854,0.1098,0.1098,0.3537,0.0610,165.8275,227.4354,0.0059,6.0605,1.9708,8.4259,-0.0003,0.0000,0.0853,0.0762,0.5039,1.3225,4.6117,1.5509,0.6853,0.9294,0.0051,0.2004,0.1750,0.0830,0.2901,-0.7104,1.0060,2.4592,-4.7426,1.2235,3.2357,0.0079,1.0052,-0.6121,3.0378,-4.7675,-0.0000,0.0000,1.0000,0.0197,6452.7139,27.7402,378.0295,0.6404,0.2081,0.0000,0.8944,0.3300,24.0290,185.0011
34.9933,ASCEND,ASCEND,2.9470,0.0096,3.6830,9.7351,0.6800,0.3200,4.5733,0.4967,4.9737,16.6563,108.0000,0.0006,146.1590,43.6188,4.5733,0.0900,0.0500,0.0600,0.0100,0.0300,0.1600,0.5800,0.0200,146.4385,213.1095,0.0090,10.1847,3.2543,12.9797,0.0000,0.0000,0.1250,0.1173,0.5102,2.2842,8.3654,2.0979,0.3754,1.4480,0.0048,0.2570,0.3417,0.1956,0.2005,-1.4858,1.0216,3.9179,-11.6340,2.0501,4.2753,-0.0013,1.0225,0.6602,4.3317,-11.9055,0.0000,-0.0000,0.9900,0.0191,6486.2615,27.1224,366.7462,0.6225,0.2186,0.0000,0.7833,0.3133,30.4683,187.3826
35.0350,ASCEND,ASCEND,3.2946,0.0009,4.5856,11.6059,0.6316,0.3684,5.4204,0.1571,6.3510,14.2233,103.0000,0.0006,151.0647,38.8040,5.4204,0.0526,0.1053,0.0737,0.0316,0.0632,0.1579,0.4947,0.0211,131.6313,192.8992,0.0093,13.1234,4.0336,14.8106,0.0015,0.0000,0.1645,0.1413,0.5157,2.7314,10.4296,2.0066,0.3813,1.8341,0.0039,0.3224,0.1851,0.3038,0.2908,-2.1690,1.0225,6.8223,-15.3108,2.6014,5.6118,0.0051,1.0263,1.6310,7.5304,-15.5763,0.0001,-0.0001,0.9579,0.0192,6520.3364,27.0067,374.6554,0.6110,0.2236,0.0000,0.8778,0.3700,39.6599,166.9863
35.0767,ASCEND,ASCEND,2.6347,0.0004,4.8002,11.5772,0.5955,0.3933,5.8784,0.0167,7.4234,17.0590,104.0000,0.0006,157.1159,40.2691,5.8784,0.0225,0.1011,0.1124,0.0449,0.0787,0.1685,0.3371,0.1348,121.4940,173.3626,0.0062,15.4197,4.6515,18.9660,-0.0034,0.0000,0.1879,0.1682,0.5181,3.2383,11.7554,1.6987,1.4641,1.2609,0.0029,0.6754,0.7635,0.2660,0.4463,-2.8610,1.0163,11.6723,-16.7029,3.3012,6.9755,0.0084,1.0260,2.0539,11.9877,-15.6741,0.0001,-0.0001,0.9663,0.0192,6712.8358,26.6212,371.2040,0.5896,0.2295,0.0000,0.7833,0.3967,44.3977,76.8916
35.1184,ASCEND,ASCEND,2.0843,0.0001,4.6701,13.4105,0.5190,0.3797,4.2425,0.0013,7.7192,20.8623,104.0000,0.0006,159.7068,45.2506,4.2425,0.2278,0.1013,0.0633,0.1013,0.1139,0.1266,0.0633,0.2025,113.2486,170.9896,0.0025,17.3078,4.7220,20.8013,-0.0059,0.0000,0.1985,0.0789,0.5017,6.0828,11.2559,1.7954,0.5281,0.2847,0.0010,0.1197,0.1071,0.1005,0.1642,0.0918,0.9990,-0.2823,0.6694,4.4160,20.7069,0.0315,1.0384,1.7054,16.5316,-15.7965,0.0001,-0.0000,0.9114,0.0188,6748.3553,26.2644,367.0870,0.5913,0.2287,0.0000,0.8944,0.3233,46.0739,-47.5894
35.1601,ASCEND,ASCEND,1.0296,0.0000,3.5699,11.5980,0.4366,0.3239,3.1131,0.0007,7.6084,24.5202,92.0000,0.0005,159.4891,46.3843,3.1131,0.3521,0.0563,0.0282,0.0845,0.1127,0.1408,0.0704,0.1549,121.7718,171.9233,0.0028,13.7203,4.6941,24.2509,-0.0045,0.0000,0.2188,0.1098,0.5099,5.0614,10.4297,1.9588,0.2588,0.0957,0.0014,0.2138,0.0267,0.1399,0.0862,0.0353,0.9998,-0.1400,0.1572,3.1632,23.7095,0.0154,0.9834,-0.2214,2.4838,3.1597,-0.0000,-0.0000,0.8592,0.0184,6800.5074,26.0356,353.5296,0.5892,0.2253,0.0000,0.8944,0.3300,40.4280,-189.1242
35.2018,ASCEND,ASCEND,0.4912,0.0000,2.4367,3.5290,0.5286,0.3571,2.6612,0.0005,7.8627,28.0032,92.0000,0.0005,163.1635,41.5357,2.6612,0.2714,0.1286,0.1143,0.0714,0.0571,0.1143,0.1000,0.1429,132.2341,159.4875,0.0025,8.3355,4.5767,29.5582,-0.0106,-0.0000,0.2165,0.0639,0.4953,6.9449,8.6030,1.8098,0.1487,0.0856,0.0018,0.0327,0.0003,0.0679,0.1118,0.0132,0.9998,-0.0291,0.1083,2.6804,27.7531,0.0079,0.9987,-0.0067,0.0971,0.1048,0.0000,-0.0000,0.8857,0.0187,6798.5104,26.2791,364.6196,0.5937,0.2180,0.0000,0.8056,0.3633,30.2978,-239.3757
35.2435,ASCEND,ASCEND,0.2597,0.0000,1.9061,0.0620,0.3846,0.4923,1.0802,0.0006,5.4897,32.1594,97.0000,0.0006,157.4362,48.0546,1.0802,0.2615,0.0462,0.0923,0.0308,0.1692,0.1692,0.1538,0.0769,123.5902,179.9036,0.0040,9.2719,4.7316,33.1097,-0.0085,-0.0000,0.2590,0.1289,0.4952,6.9452,7.5264,3.2757,0.5726,0.2276,0.0022,0.2944,0.0936,0.0656,0.0432,0.0442,0.9990,-0.0417,0.4689,1.1450,0.9162,0.0044,0.9998,0.0045,-0.0657,0.3749,0.0000,-0.0000,0.9692,0.0190,6821.5499,26.4786,365.7353,0.6097,0.2005,0.0000,0.8056,0.3633,20.4600,-256.6305
35.2852,ASCEND,ASCEND,0.6687,0.0000,2.8862,5.7763,0.5205,0.4795,3.9479,0.0015,10.1700,38.1465,102.0000,0.0006,165.1745,49.4990,3.9479,0.0822,0.1370,0.1507,0.0548,0.1370,0.2192,0.0685,0.1507,139.9848,168.6694,0.0070,9.5606,2.9902,20.4468,0.0035,0.0000,0.1862,0.2043,0.5027,5.2661,6.7895,1.7881,0.6265,0.3804,0.0034,0.2401,0.2319,0.2529,0.0863,0.0479,0.9994,-0.0972,0.3330,3.9964,35.0579,0.0097,0.9876,-0.8462,-1.3770,6.0898,-0.0000,0.0000,0.8630,0.0184,6815.9828,27.0778,368.1209,0.6288,0.1818,0.0000,0.8056,0.3633,8.8905,-226.7858
35.3270,STABLE,ASCEND,-0.2011,-0.0000,2.5625,1.0898,0.3231,0.5077,2.5480,0.0009,6.8555,36.8573,99.0000,0.0006,143.5704,38.2418,2.5480,0.2154,0.1538,0.0462,0.0769,0.1077,0.1692,0.1692,0.0615,153.1959,184.7000,0.0099,10.0709,3.5615,24.0978,0.0040,-0.0000,0.2049,0.2703,0.4997,3.2995,8.4763,2.1170,1.4354,0.4532,0.0050,0.3569,0.4071,0.2018,0.1093,0.1283,0.9992,-0.4440,0.7304,2.6293,15.7762,-0.0029,0.9845,1.2694,1.4813,1.8759,0.0001,-0.0001,0.8769,0.0196,6513.7937,27.8587,374.3860,0.6315,0.1686,0.0000,0.7833,0.3900,1.5423,-124.0772
35.3687,STABLE,ASCEND,-0.0264,-0.0001,2.5508,0.0686,0.4531,0.5312,1.9384,0.0009,7.2054,41.0393,114.0000,0.0007,138.1731,40.9122,1.9384,0.1719,0.2031,0.0938,0.0469,0.1562,0.2500,0.0469,0.0312,163.1946,192.6276,0.0126,10.4200,3.5603,23.9454,0.0022,0.0000,0.2366,0.2939,0.5106,3.1698,6.2873,4.0549,1.8391,0.6931,0.0082,0.4577,0.4380,0.1631,0.0967,0.0350,0.9998,-0.1451,0.1501,1.9690,5.8901,-0.0007,0.9730,0.5243,0.5457,7.3457,0.0000,-0.0001,0.9219,0.0194,6135.6372,28.5214,378.8860,0.6412,0.1625,0.0000,0.8056,0.3600,-1.4596,-62.5963
35.4104,STABLE,ASCEND,-0.0884,0.0002,0.9063,0.0134,0.6034,0.3966,0.8578,0.0017,2.7969,13.5818,130.0000,0.0008,116.7447,43.4245,0.8578,0.1034,0.2241,0.2586,0.0862,0.1034,0.1034,0.1034,0.0172,172.8495,213.1421,0.0258,12.2697,4.5964,30.4120,-0.0066,0.0000,0.3149,0.3594,0.5017,5.2642,3.3400,9.0269,4.3314,0.9539,0.1422,1.2741,0.6730,0.2151,0.1313,-0.0132,0.9995,0.1661,0.0784,0.8789,7.8801,0.0002,0.9608,0.5871,-4.5215,15.1677,0.0000,-0.0001,0.9483,0.0191,5547.6448,28.8398,369.5589,0.6208,0.1775,0.0000,0.8056,0.3633,-3.6793,-19.2795
35.4521,STABLE,ASCEND,0.3813,0.0000,1.9655,1.6402,0.5075,0.3731,1.4302,0.0009,5.9227,45.2606,107.0000,0.0006,128.3105,54.7906,1.4302,0.2388,0.1493,0.1642,0.0597,0.0597,0.1343,0.1194,0.0746,184.9749,210.7646,0.0146,8.2299,2.9621,20.6028,0.0013,0.0000,0.2782,0.3673,0.5003,4.5296,2.8211,5.8499,3.3300,0.5843,0.5394,0.6813,0.2288,0.0644,0.1060,0.0628,0.9993,-0.1339,0.5117,1.5027,7.4767,0.0041,1.0084,0.2810,-0.2104,-1.5150,0.0000,0.0000,0.9403,0.0197,5505.8630,29.0843,379.3521,0.5987,0.1899,0.0000,0.7833,0.3867,-3.0678,-35.9432
35.4938,STABLE,ASCEND,0.4711,0.0000,3.4220,0.2324,0.4839,0.4839,1.1215,0.0009,6.3911,49.3792,101.0000,0.0006,123.6567,43.6738,1.1215,0.1935,0.1613,0.1452,0.0323,0.0806,0.2258,0.1129,0.0484,190.2321,204.3988,0.0240,8.8636,3.1502,20.1247,-0.0020,-0.0000,0.2869,0.3653,0.4889,4.9700,3.4813,5.5579,4.1914,0.7518,0.3629,0.7891,0.0434,0.1468,0.0780,0.0200,1.0000,-0.0913,0.0832,1.1393,0.8157,0.0039,1.0015,0.6396,-0.1018,0.6176,0.0000,-0.0000,0.9677,0.0185,5342.6578,28.1152,372.1309,0.5596,0.2330,0.0000,0.7833,0.3867,-6.6775,0.6481
35.5355,ASCEND,ASCEND,-1.0412,-0.0002,4.0228,0.4171,0.4677,0.5323,3.2378,0.0985,11.2326,47.0700,88.0000,0.0005,116.7007,43.0414,3.2378,0.0806,0.2097,0.1290,0.0323,0.0806,0.1774,0.1290,0.1613,197.2367,211.9734,0.0281,8.9059,3.1042,17.6189,0.0005,-0.0000,0.2905,0.3662,0.4796,5.5372,3.9683,5.1194,4.4664,0.1635,0.4979,0.7313,0.2045,0.1190,0.0457,0.0263,1.0004,-0.2465,-0.0420,3.2701,42.2418,-0.0141,1.0017,0.0700,-0.4497,-0.0030,0.0000,0.0000,0.9194,0.0193,5576.5577,25.8557,300.0274,0.5342,0.2490,0.0000,0.7833,0.3867,-3.0137,0.2195
35.5772,ASCEND,ASCEND,-0.2518,0.0004,1.8379,0.2213,0.5469,0.4531,1.1504,0.0598,4.9320,33.5863,83.0000,0.0005,107.0060,58.0029,1.1504,0.1094,0.1406,0.1250,0.1250,0.0938,0.1250,0.1562,0.1250,200.0355,232.6663,0.0240,8.6831,3.0080,19.0403,0.0006,-0.0000,0.2952,0.3707,0.4843,3.7230,3.1459,4.0333,4.8780,0.3045,0.1530,1.0394,0.0956,0.1456,0.1484,-0.0102,1.0009,-0.1042,-0.2909,1.1724,4.2032,-0.0029,1.0063,0.7197,-0.5506,-0.7544,0.0000,0.0000,0.9688,0.0180,5670.7814,23.9805,277.2558,0.5247,0.2719,0.0000,0.8056,0.3600,-6.6592,-42.0138
35.6189,ASCEND,ASCEND,0.2233,0.0002,2.1177,4.5420,0.5370,0.4630,3.7481,0.1619,11.0333,47.9935,72.0000,0.0004,101.0489,53.4371,3.7481,0.1667,0.1667,0.1481,0.0556,0.0926,0.1667,0.1111,0.0926,198.1712,235.7523,0.0334,6.0899,2.5059,20.8931,-0.0000,-0.0000,0.2987,0.3094,0.4785,4.8012,3.1618,2.4418,2.5620,0.3152,0.0150,0.8155,0.2999,0.3529,0.1312,-0.0607,0.9999,0.3740,-0.1936,3.7402,25.4370,0.0028,1.0108,0.1916,0.4037,-2.2705,0.0000,0.0000,0.8704,0.0152,6091.1291,23.0494,260.8188,0.5549,0.2785,0.0000,0.8056,0.3600,-6.5184,12.0238
35.6606,ASCEND,ASCEND,0.1124,0.0003,0.5927,0.6026,0.5686,0.4314,0.3924,0.0328,1.4045,10.1284,70.0000,0.0004,83.5065,51.2063,0.3924,0.1373,0.2745,0.1569,0.0392,0.0196,0.0980,0.1765,0.0980,201.6612,252.8403,0.0173,5.2669,2.4131,22.0976,-0.0006,-0.0000,0.2991,0.2356,0.4969,5.0877,1.2819,3.0022,2.4857,0.0523,0.0202,0.5590,0.4563,0.1628,0.1754,-0.0841,1.0006,0.3392,-0.4816,0.4050,0.6727,0.0006,0.9830,0.4166,4.1611,3.8905,0.0000,-0.0000,0.9608,0.0133,6164.6865,22.0167,257.1488,0.5470,0.2930,0.0000,0.8056,0.3600,-5.6562,428.5636
35.7023,ASCEND,ASCEND,0.7667,0.0128,3.1539,2.0030,0.6216,0.3784,1.3452,0.0701,4.3055,25.6854,52.0000,0.0003,102.4340,67.5010,1.3452,0.1622,0.2162,0.1081,0.1081,0.1081,0.0541,0.2162,0.0270,200.7445,257.9452,0.0183,3.3365,1.4955,15.5174,0.0009,-0.0000,0.2221,0.1816,0.4821,5.4793,0.5257,1.5324,1.7970,0.0534,0.0289,0.4050,0.2516,0.4503,0.1647,-0.0978,1.0007,0.3428,-0.4901,1.3570,4.2712,0.0044,1.0001,0.7656,2.7998,-4.8959,0.0000,-0.0000,0.9730,0.0133,6365.5524,21.2376,242.8293,0.5640,0.2779,0.0000,0.8056,0.3633,29.2310,852.3778
35.7440,ASCEND,ASCEND,0.6593,0.0033,4.0392,1.3873,0.5641,0.4359,1.7769,0.0565,8.0188,50.8260,66.0000,0.0004,114.7531,79.0779,1.7769,0.1026,0.1795,0.1282,0.1282,0.1538,0.1026,0.1538,0.0513,198.2043,261.6358,0.0119,2.8197,1.6244,21.1184,-0.0010,-0.0000,0.2447,0.1474,0.4925,6.3279,0.1830,1.3273,1.5483,0.1697,0.0252,0.4793,0.3519,0.3108,0.1290,-0.0095,0.9999,0.1072,0.1708,1.8668,3.5919,0.0037,1.0128,0.1469,-0.1009,-1.0316,-0.0000,0.0000,0.9744,0.0139,6638.7631,20.8821,238.4350,0.5879,0.2508,0.0000,0.8056,0.3600,65.4463,792.7881
35.7858,ASCEND,ASCEND,3.2799,0.7296,7.4734,22.8371,0.8077,0.1923,6.1457,1.1939,12.7072,49.7057,52.0000,0.0003,175.8108,87.6897,6.1457,0.0769,0.0769,0.1154,0.0385,0.0385,0.2692,0.2692,0.1154,195.7349,235.3777,0.0152,9.8306,8.1309,86.7319,-0.0015,-0.0000,0.6745,0.3402,0.4924,15.2569,0.2924,0.5665,2.2635,5.8797,0.0048,0.9357,8.0039,0.5247,0.1701,-0.4950,1.0030,1.7061,-3.2906,6.0177,36.2442,0.0518,0.9947,0.3094,0.9127,-2.0930,-0.0000,-0.0000,0.8462,0.0125,5444.3814,20.9678,241.4871,0.6740,0.2987,0.0000,0.8056,0.2933,95.3627,609.3320
35.8275,ASCEND,ASCEND,1.3386,0.0031,5.0816,8.9995,0.5625,0.4375,2.9058,0.1056,7.4421,36.0086,42.0000,0.0002,130.0015,71.4772,2.9058,0.0625,0.1250,0.3125,0.0938,0.0938,0.0938,0.0938,0.1250,185.5897,244.0462,0.0112,5.6080,3.4109,49.7843,0.0022,-0.0000,0.3637,0.2279,0.4835,7.9377,0.5616,0.0321,1.9150,0.5703,0.0037,1.4268,3.6094,0.2763,0.0894,0.1414,0.9983,-0.4039,1.2308,2.8940,16.6525,0.0300,0.9658,-0.1638,-0.6594,3.4890,-0.0000,-0.0001,0.8750,0.0108,5433.6935,20.1748,221.8835,0.6741,0.2755,0.0000,0.8056,0.2900,116.2747,347.7637
35.8692,ASCEND,ASCEND,6.1225,0.0550,11.1326,28.3376,0.7692,0.2308,8.6242,0.1148,14.7755,36.0269,44.0000,0.0003,125.4979,81.9915,8.6242,0.2692,0.1154,0.1923,0.0000,0.0769,0.0385,0.0769,0.2308,197.4272,249.7837,0.0105,5.5653,3.2917,30.5311,-0.0011,-0.0000,0.3636,0.1567,0.4961,7.3085,0.2533,0.0338,3.7714,0.7602,0.0176,0.9899,1.3263,0.8523,0.0835,-0.0172,1.0004,-0.0386,-0.1341,8.6483,35.8869,0.1552,0.9982,-0.4321,-0.6394,0.5614,-0.0001,0.0000,0.7692,0.0112,5548.8963,19.8853,200.0551,0.6836,0.2505,0.0000,0.8944,0.3167,124.3720,106.3335
35.9109,ASCEND,ASCEND,9.2327,0.5463,14.0626,32.8054,0.6000,0.4000,16.1977,1.6551,19.1018,49.7151,44.0000,0.0003,84.7022,37.8438,16.1977,0.1500,0.0500,0.0500,0.2000,0.0500,0.0500,0.1000,0.3500,217.0066,265.6039,0.0115,5.3103,2.4653,19.3419,0.0015,-0.0000,0.2915,0.1740,0.4972,7.0802,0.8637,0.1248,0.8890,0.6538,0.0325,0.7962,0.3476,3.3618,0.0928,-0.1956,0.9980,1.3334,0.1574,16.3592,48.3064,0.2526,1.0843,1.2645,-5.9642,-28.6426,0.0001,0.0001,0.6000,0.0101,5126.0237,19.6362,185.2131,0.6571,0.2629,0.0000,0.8056,0.3567,125.1447,-65.0903
35.9526,ASCEND,ASCEND,13.9314,0.8854,19.9399,39.1887,0.6667,0.3333,29.6118,35.8335,19.8560,50.1150,39.0000,0.0002,73.4994,44.3535,29.6118,0.4667,0.0000,0.0667,0.0667,0.0000,0.0667,0.0000,0.3333,233.4035,283.1133,0.0118,3.9644,1.7143,15.0692,0.0021,-0.0000,0.2359,0.1635,0.4971,4.8840,1.5532,0.2061,0.8288,0.9520,0.0641,0.2226,0.1555,0.8801,0.1684,5.6898,0.8090,66.4352,83.4271,21.4781,62.8425,0.2750,1.4476,-150.7797,475.3690,559.2293,-0.0029,-0.0035,0.6000,0.0097,4924.5560,19.6386,187.0469,0.6210,0.3154,0.0000,0.8056,0.3500,118.9424,-228.5596
35.9943,ASCEND,ASCEND,2.8705,-0.0661,15.2454,23.5428,0.3333,0.6667,6.6726,0.4656,16.0498,58.3603,38.0000,0.0002,80.8940,42.1674,6.6726,0.2500,0.0000,0.0833,0.0000,0.1667,0.0833,0.1667,0.2500,243.1288,294.4328,0.0143,9.0588,3.2661,23.2957,0.0004,-0.0000,0.3529,0.2297,0.4876,7.2496,2.9389,0.0544,0.8939,0.9790,0.0284,0.4578,0.1224,4.2460,0.9154,-0.0595,0.9941,1.7348,1.5579,6.7129,33.9197,0.1841,1.4031,4.9636,-60.0294,-78.8791,0.0004,0.0006,0.8333,0.0089,4448.4982,19.4611,195.6158,0.4899,0.4349,0.0000,0.8944,0.3633,106.0790,-327.7545
36.0360,DESCEND,ASCEND,-0.1741,-0.0037,0.3264,0.0135,0.4444,0.5556,0.2749,0.0829,0.4543,1.5130,36.0000,0.0002,50.0962,17.0987,0.2749,0.1111,0.0000,0.3333,0.0000,0.0000,0.2222,0.2222,0.1111,222.6143,296.5196,0.0113,15.8876,6.1163,47.3068,0.0010,-0.0000,0.6197,0.2981,0.4792,17.8996,4.6128,0.2956,1.0254,0.7207,0.3938,0.5927,0.1214,4.5931,5.9295,0.1419,0.9994,-0.4462,0.6221,0.3544,0.9178,0.0028,0.9335,7.4620,-0.2734,11.3922,0.0004,-0.0004,1.0000,0.0092,4445.1851,18.6739,254.3130,0.3626,0.4328,0.0000,0.8056,0.3567,91.6022,-287.5498
36.0777,DESCEND,ASCEND,-0.6453,-0.0001,3.3395,0.0286,0.3704,0.6296,1.0455,0.0006,5.0996,27.0399,43.0000,0.0002,58.8722,59.5263,1.0455,0.0741,0.1111,0.2963,0.0741,0.0741,0.1111,0.2222,0.0370,222.9158,297.8215,0.0036,7.3405,3.6770,30.9613,0.0004,-0.0000,0.3629,0.1370,0.4895,10.7616,3.2439,0.8998,0.7499,0.9691,1.5678,0.2773,0.0777,0.0920,1.0677,-0.0083,1.0002,0.0035,-0.0925,1.0602,0.5250,-0.0043,1.0092,-0.0118,-1.3980,-1.4758,-0.0000,0.0000,0.9630,0.0096,5012.8860,19.5367,252.6646,0.4173,0.3980,0.0000,0.8056,0.3567,82.0926,-526.5436
36.1194,DESCEND,ASCEND,-0.1328,0.0000,0.5725,0.2286,0.5357,0.4643,0.3032,0.0009,0.8353,4.4001,40.0000,0.0002,54.8070,39.1256,0.3032,0.1071,0.1071,0.3214,0.0357,0.1071,0.1071,0.1429,0.0714,232.6982,306.7611,0.0069,7.9851,5.4707,43.7446,0.0043,0.0000,0.4590,0.1468,0.5074,12.8303,6.4957,0.9367,0.4223,1.7992,1.8616,0.2272,0.3523,0.1587,0.1652,-0.0384,0.9983,0.5743,0.3605,0.3355,0.8533,-0.0003,0.9870,0.0063,-0.5159,4.6565,-0.0000,-0.0000,1.0000,0.0094,5254.5468,19.5990,243.2606,0.5006,0.3532,0.0000,0.8056,0.3467,47.6797,-1104.1127
36.1611,ASCEND,ASCEND,0.1451,0.0000,0.7956,0.1199,0.5556,0.4444,0.2246,0.0010,0.7826,4.1524,37.0000,0.0002,57.2829,45.0684,0.2246,0.0370,0.1852,0.1852,0.1111,0.1111,0.2222,0.0741,0.0741,241.7855,304.4456,0.0138,6.8253,3.5213,43.9554,-0.0020,0.0000,0.4733,0.1848,0.5023,13.0651,1.8779,1.6117,0.3174,1.8241,1.3466,0.8446,0.9383,0.1471,0.3016,0.0461,0.9995,-0.1335,0.3467,0.2416,0.4334,0.0060,0.9106,-1.0023,11.2787,18.2879,-0.0001,-0.0002,1.0000,0.0086,5190.8234,19.6586,236.0965,0.5255,0.3119,0.0000,0.8056,0.3600,-10.0088,-1222.0942
36.2028,ASCEND,ASCEND,0.3547,0.0012,0.9522,2.8876,0.6786,0.3214,0.7711,0.0036,1.9314,8.1368,48.0000,0.0003,67.5905,67.3464,0.7711,0.1071,0.0714,0.2857,0.0357,0.1071,0.1071,0.2500,0.0357,238.8313,298.4744,0.0325,7.5271,3.4092,30.5733,-0.0016,-0.0000,0.4493,0.3063,0.4960,12.4739,2.4699,1.0797,1.6955,1.5810,0.0438,2.7812,1.1278,0.1438,0.4033,0.0764,1.0011,-0.6965,-0.0652,0.8065,4.7542,0.0032,1.0386,-0.8132,-3.6954,-13.7994,-0.0000,0.0001,0.9643,0.0099,4815.6544,20.5673,245.0379,0.4773,0.3204,0.0000,0.8056,0.3567,-54.2634,-779.3882
36.2445,ASCEND,ASCEND,0.6244,0.0002,3.3761,0.1977,0.6333,0.3667,0.7746,0.0290,3.6286,20.2938,63.0000,0.0004,68.4958,61.9652,0.7746,0.0667,0.0667,0.1667,0.1000,0.1000,0.1000,0.3333,0.0667,237.2312,303.6389,0.0607,9.9998,3.6845,32.8434,0.0018,-0.0000,0.3782,0.3808,0.4994,9.1478,4.0586,1.4785,2.5949,3.5920,0.1102,1.3326,1.0357,0.2252,0.0554,0.0047,1.0000,-0.0461,0.0203,0.7857,0.6033,0.0046,0.9955,-0.0610,0.6246,1.9831,0.0000,-0.0000,0.9667,0.0121,4357.7691,21.3956,249.0065,0.4221,0.3982,0.0000,0.8056,0.3567,-75.0228,-59.0610
36.2862,ASCEND,ASCEND,0.2236,0.0243,2.2982,1.6653,0.7083,0.2917,1.8875,0.0872,4.9041,24.1603,69.0000,0.0004,66.7810,51.4811,1.8875,0.1250,0.2083,0.2083,0.0417,0.0833,0.2083,0.0000,0.1250,228.3452,302.7415,0.1935,8.0565,3.1023,27.3431,0.0056,0.0000,0.3191,0.4294,0.5028,4.5045,3.3531,3.5122,1.3924,3.2919,0.6790,1.6072,0.7016,0.4290,0.5423,-0.0577,1.0010,0.0541,-0.4338,1.9210,6.5162,-0.0004,0.7306,-0.7435,34.3329,54.0852,-0.0000,-0.0006,0.9167,0.0150,4322.3110,23.8085,245.0146,0.4312,0.3864,0.0000,0.8056,0.3633,-59.1900,297.6798
36.3280,DESCEND,ASCEND,-2.1649,0.0156,8.0402,1.0353,0.6000,0.4000,7.7451,0.1077,17.2371,51.7835,121.0000,0.0007,85.1429,73.2362,7.7451,0.2333,0.1000,0.2000,0.0667,0.1000,0.1000,0.1667,0.0333,235.6223,285.8282,0.9313,10.7497,6.0874,64.8815,0.0004,0.0000,0.5693,0.6079,0.5037,9.6001,2.7529,4.8021,3.6329,4.3861,2.2836,1.8169,0.6213,0.9821,7.0516,-0.1900,1.0011,0.7489,-0.7620,7.7782,50.0694,-0.0265,1.1011,0.3034,-10.0455,-27.3870,0.0000,0.0002,0.8333,0.0217,4509.3390,27.3403,241.1007,0.4634,0.2802,0.0000,0.8056,0.3633,-50.1913,236.4040
36.3697,DESCEND,ASCEND,-11.2274,-0.0055,14.5914,2.2612,0.3704,0.6296,19.7868,3.0238,22.0008,60.6524,162.0000,0.0009,136.4712,68.2044,19.7868,0.4444,0.1296,0.1296,0.0741,0.0185,0.0926,0.0741,0.0370,247.7370,252.4911,1.8753,11.0683,3.7375,17.5010,-0.0026,0.0000,0.3513,0.5357,0.5001,3.2921,6.4932,5.1679,2.9090,6.5244,4.8611,1.9339,0.7257,0.5755,0.7832,0.1060,1.0037,-1.4071,-0.6927,20.2168,49.5285,-0.1277,0.8832,0.2440,59.6935,18.3756,-0.0000,-0.0003,0.6852,0.0268,4772.5188,29.8814,260.3755,0.4067,0.1628,0.0000,0.8056,0.3667,-39.4700,448.9119
36.4114,DESCEND,ASCEND,-4.5827,0.0002,19.2958,16.1469,0.5263,0.4737,20.5107,0.9463,29.1594,87.9036,182.0000,0.0011,131.8365,67.3243,20.5107,0.2368,0.1053,0.1579,0.0526,0.0526,0.0789,0.1316,0.1842,246.1970,236.7544,4.1198,18.5949,6.4228,31.6597,0.0080,0.0000,0.4871,0.7448,0.5035,5.1600,14.0919,10.7222,5.2735,8.6560,5.0289,4.6552,1.2851,1.7632,1.6560,1.2982,1.0044,-7.8869,3.4002,21.6511,84.2641,-0.0865,0.6272,-2.4034,57.2322,73.6292,-0.0001,-0.0007,0.5526,0.0326,4857.6841,33.0341,287.7425,0.3000,0.1054,45.0000,0.6167,0.4997,-12.7446,626.0171
36.4531,ASCEND,ASCEND,2.0688,0.0003,14.0780,24.8419,0.5233,0.4767,20.7075,26.0241,16.1048,39.9389,192.0000,0.0011,131.8495,45.1441,20.7075,0.5000,0.0233,0.0698,0.0233,0.0349,0.0465,0.0930,0.2093,250.3811,203.3993,6.4526,34.6694,12.0805,40.2394,-0.0156,-0.0000,0.7291,0.9370,0.4740,10.9491,15.0735,18.0361,17.6452,15.3880,21.3579,8.3431,0.3032,2.8529,0.6630,-5.0461,1.0012,42.4924,-15.6164,7.6970,25.1071,-0.0144,1.0996,6.2559,46.2062,-20.9750,0.0003,-0.0000,0.7093,0.0340,5003.1343,33.3861,286.5742,0.2937,0.1099,43.0651,0.4917,0.6981,12.7503,619.9769
36.4948,ASCEND,ASCEND,4.6573,0.0009,14.6837,25.3709,0.5732,0.4268,19.0977,24.2739,15.2609,38.1344,222.0000,0.0013,134.0580,40.6554,19.0977,0.4390,0.0366,0.0732,0.0488,0.0122,0.0732,0.0366,0.2805,254.1149,181.1185,5.6913,30.8577,10.3857,38.2078,-0.0134,-0.0000,0.6724,0.8541,0.4789,9.9129,12.6712,15.5026,12.4595,7.9174,20.4538,10.0858,0.9128,2.9049,1.6106,-5.1414,1.0014,41.6526,-21.6306,6.9008,16.3454,0.0159,0.9873,4.9936,47.7440,-18.1762,0.0000,-0.0001,0.6707,0.0335,5200.9030,32.4951,276.4288,0.3182,0.1068,47.0655,0.4444,0.7194,38.9718,635.0126
36.5365,ASCEND,ASCEND,5.2944,0.0002,15.1752,26.4239,0.5190,0.4810,17.2672,21.0767,14.4234,41.9552,186.0000,0.0011,135.0448,34.3834,17.2672,0.2025,0.0886,0.0506,0.0506,0.0759,0.0886,0.0633,0.3797,240.7681,174.1816,4.3173,29.2536,9.7434,36.3667,-0.0067,0.0000,0.6284,0.8952,0.5062,6.8446,19.8692,13.6538,5.9646,6.8223,17.5172,8.9652,0.7393,2.8915,1.1114,-4.8113,1.0018,39.7467,-26.1952,10.7111,30.9913,0.0492,1.3197,4.6705,-0.5525,-54.3397,0.0003,0.0005,0.5696,0.0266,5332.6424,30.2657,261.6402,0.3548,0.1069,52.0735,0.4444,0.6508,65.7209,607.2822
36.5782,ASCEND,ASCEND,5.4168,0.0076,11.1668,27.0028,0.6290,0.3710,14.0421,2.6138,15.4002,53.8212,202.0000,0.0012,133.2446,31.6507,14.0421,0.0968,0.0806,0.0806,0.0484,0.0161,0.0484,0.0806,0.5484,234.6507,181.5533,2.1868,32.3908,10.6325,35.8004,-0.0128,-0.0000,0.6066,0.8003,0.4882,5.5102,19.5789,15.2063,10.4498,3.1178,17.2068,9.1441,0.5017,2.2980,0.9322,-0.0541,0.9988,0.5899,0.1598,14.0083,33.7350,0.0643,1.1323,4.4362,30.0442,-37.6971,0.0003,0.0000,0.6774,0.0220,5370.5669,27.4242,239.4242,0.3970,0.1121,48.0418,0.3083,0.4886,89.6293,521.3722
36.6199,ASCEND,ASCEND,6.0126,0.0187,11.6180,26.9818,0.5357,0.4643,11.4173,0.6979,14.2343,35.3833,119.0000,0.0007,146.3034,21.8991,11.4173,0.1071,0.0179,0.0714,0.1250,0.0893,0.1429,0.1250,0.3214,235.6657,187.3669,0.6491,29.2038,9.3299,35.8233,-0.0130,-0.0000,0.5462,0.7070,0.4800,9.1177,13.0026,13.7968,9.1266,0.4140,10.8933,7.6168,0.3598,1.0234,0.7744,0.1483,0.9993,-0.7116,0.7793,11.6474,34.6495,0.0826,1.1066,0.5180,21.6384,-23.9015,0.0000,0.0002,0.7857,0.0180,5184.0180,25.2561,233.7072,0.4263,0.1533,45.0000,0.4583,0.5421,109.2120,346.6722
36.6616,ASCEND,ASCEND,6.8116,-0.0001,11.8485,28.7783,0.4773,0.5227,9.8377,0.2663,14.7743,37.7168,82.0000,0.0005,150.5075,34.3047,9.8377,0.0909,0.0227,0.0682,0.0682,0.0682,0.1136,0.2273,0.3409,236.4609,196.1745,0.1745,28.6241,10.3412,66.2502,0.0027,0.0000,0.6442,0.8005,0.5017,8.5062,10.5368,16.5775,12.4271,0.3283,8.2917,5.5754,0.2672,0.3947,1.0286,-0.0990,1.0004,0.4981,-0.6024,9.7377,34.1351,0.0725,1.1399,2.6785,20.3837,-37.2603,0.0002,0.0001,0.9091,0.0139,4876.6078,22.9656,234.5552,0.4332,0.2036,0.0000,0.8056,0.3667,118.5475,-226.7693
36.7033,ASCEND,ASCEND,1.1650,0.0006,5.3154,2.8415,0.5172,0.4828,2.5395,0.1087,6.7003,34.9770,58.0000,0.0003,107.1232,33.1140,2.5395,0.1034,0.1724,0.0690,0.1034,0.0345,0.0690,0.3448,0.1034,240.7330,229.8612,0.0608,21.4430,11.9092,117.3516,0.0021,-0.0000,0.7484,0.5791,0.4917,18.4416,11.3834,10.4739,4.1774,0.2515,3.4552,5.7307,0.1675,0.4889,1.4532,0.8253,1.0114,-6.7873,-0.5972,2.5424,6.7396,0.0107,1.1462,-1.6974,-4.3176,-16.1499,-0.0001,0.0004,0.8966,0.0122,4491.8962,20.5426,237.2059,0.4187,0.2860,0.0000,0.8944,0.3100,90.2957,-706.9891
36.7450,ASCEND,ASCEND,1.5167,0.0015,6.3705,11.5930,0.6207,0.3793,2.4660,0.0249,7.6115,30.8622,55.0000,0.0003,78.9066,27.1485,2.4660,0.1034,0.1724,0.1724,0.0690,0.1034,0.1034,0.0690,0.2069,242.4994,255.3522,0.0183,21.7109,7.1691,34.8757,-0.0023,0.0000,0.4558,0.4699,0.5043,7.1930,0.2771,8.3110,8.2622,0.0531,1.0618,6.1076,0.0448,0.3701,2.1511,0.0841,1.0018,-0.7912,-0.2429,2.5005,19.4285,0.0184,1.6463,0.4173,-83.7995,-132.6201,0.0001,0.0014,0.9655,0.0116,4427.7722,19.4625,233.4042,0.4015,0.3185,0.0000,0.8944,0.3033,59.5728,-637.5517
36.7867,ASCEND,ASCEND,0.8713,0.0000,5.3136,0.3245,0.5000,0.5000,1.2155,0.0018,5.2697,29.4065,41.0000,0.0002,80.2697,53.9627,1.2155,0.1333,0.1000,0.1667,0.1333,0.1000,0.1000,0.1333,0.1333,245.0302,264.9152,0.0063,13.3384,5.1895,32.1465,-0.0000,0.0000,0.3137,0.3361,0.5016,4.2910,0.3372,4.4350,8.0302,0.0315,0.0280,2.1910,0.0730,0.1559,1.3483,-0.1190,0.9970,1.3038,0.3607,1.3434,1.8567,0.0126,1.0120,-0.2010,2.2746,-0.2958,-0.0000,0.0000,0.9667,0.0104,4639.6881,18.9948,239.2209,0.4198,0.3500,0.0000,0.8056,0.3633,37.1132,-478.8691
36.8285,ASCEND,ASCEND,-0.2368,-0.0004,0.7251,0.0407,0.3750,0.6250,0.3628,0.0025,0.8860,4.4155,51.0000,0.0003,66.5587,50.2639,0.3628,0.0312,0.1250,0.2500,0.1562,0.0938,0.2188,0.1250,0.0000,233.1272,280.5470,0.0033,6.8204,2.9917,28.9027,-0.0010,-0.0000,0.2602,0.2347,0.4987,3.0512,0.4915,1.3000,4.3078,0.2405,0.0080,1.7837,0.2989,0.2251,0.9751,0.0300,0.9970,0.3776,0.9768,0.4239,1.4977,0.0017,1.1305,0.8172,-13.0676,-25.0862,0.0001,0.0003,0.9688,0.0115,5050.5312,18.4057,234.2688,0.4137,0.3472,0.0000,0.8056,0.3600,19.6272,-371.9429
36.8702,ASCEND,ASCEND,-0.0250,0.0002,1.5357,1.3906,0.5405,0.4595,0.9578,0.0234,1.8872,6.9447,41.0000,0.0002,89.0004,74.6657,0.9578,0.0270,0.1351,0.1351,0.0541,0.1622,0.1081,0.2703,0.1081,240.9426,278.5414,0.0027,3.3964,1.3084,12.5619,-0.0016,0.0000,0.1538,0.1154,0.5004,2.9008,0.5417,0.0205,1.5931,0.1290,0.0040,1.1433,0.1905,0.1977,0.2856,0.1326,1.0003,-0.8324,0.4527,0.9834,5.4169,-0.0006,1.0786,0.2390,-12.5343,-11.4306,0.0000,0.0002,0.8919,0.0106,5451.3565,18.1849,230.4746,0.4486,0.3401,0.0000,0.8056,0.3567,6.0870,-273.3739
36.9119,ASCEND,ASCEND,0.2951,0.0017,1.0315,2.0332,0.5143,0.4857,0.5092,0.0812,1.3244,6.9843,36.0000,0.0002,85.1867,74.1093,0.5092,0.0286,0.2000,0.1714,0.1429,0.0857,0.1429,0.1714,0.0571,238.3878,284.6799,0.0023,0.9560,0.6506,9.0897,-0.0001,0.0000,0.0876,0.0654,0.5031,1.7025,0.1126,0.0050,0.4855,0.0984,0.0015,0.5027,0.0741,0.1590,0.1993,0.0252,1.0003,-0.1694,0.0283,0.5170,2.4133,0.0036,0.9894,0.1604,0.2580,0.1038,0.0000,-0.0000,0.9714,0.0111,5653.2641,18.3334,222.9044,0.5254,0.2744,0.0000,0.8056,0.3567,-3.1768,-134.5275
36.9536,ASCEND,ASCEND,0.1287,-0.0000,0.7335,0.2755,0.5000,0.5000,0.2391,0.0046,0.8823,5.3752,36.0000,0.0002,88.7422,88.4864,0.2391,0.0556,0.1111,0.2778,0.1389,0.0278,0.1389,0.1944,0.0556,239.7621,298.7979,0.0019,0.5686,0.4912,8.2356,0.0001,-0.0000,0.0753,0.0452,0.4938,1.5236,0.0877,0.0033,0.3491,0.0930,0.0012,0.3004,0.0710,0.1144,0.0460,0.0058,1.0001,-0.0523,0.0210,0.2473,0.4832,0.0011,1.0124,0.0171,-3.9360,-3.0676,-0.0000,0.0000,0.9722,0.0130,5676.0154,18.6221,227.2115,0.5548,0.2233,0.0000,0.8056,0.3567,-5.1348,80.3946
36.9953,ASCEND,ASCEND,0.2744,-0.0001,0.8569,2.1283,0.4412,0.5588,0.4283,0.0011,1.0897,4.9649,37.0000,0.0002,84.5328,77.2631,0.4283,0.0882,0.0882,0.0882,0.0882,0.0588,0.1471,0.2941,0.1471,240.8375,288.8585,0.0012,1.4919,0.6560,6.7352,-0.0000,-0.0000,0.0818,0.0500,0.4970,1.5647,0.2712,0.0018,0.3875,0.1554,0.0011,0.4268,0.2770,0.1331,0.1270,0.1623,1.0011,-1.0695,0.3526,0.4786,2.3226,0.0018,0.9857,-1.1695,-0.0185,1.4416,-0.0001,0.0000,1.0000,0.0133,5732.6875,18.5243,218.8755,0.5619,0.1825,0.0000,0.8056,0.3567,3.5295,95.5282
37.0370,ASCEND,ASCEND,0.4330,0.0000,1.4948,1.7806,0.5143,0.4857,0.5719,0.0010,1.9269,10.6961,41.0000,0.0002,82.2941,79.9410,0.5719,0.0571,0.2571,0.0571,0.0571,0.1143,0.1714,0.2571,0.0286,257.8434,294.4844,0.0012,1.1133,0.6637,6.4401,-0.0009,-0.0000,0.0840,0.0355,0.4853,1.5489,0.1075,0.0023,0.3172,0.3231,0.0007,0.5183,0.0197,0.0950,0.1751,0.0253,1.0014,-0.4225,-0.3313,0.5851,2.1163,0.0036,0.9824,-1.3549,0.9386,0.5692,-0.0001,-0.0000,0.9714,0.0135,5681.2410,18.8481,228.3919,0.6262,0.1724,0.0000,0.8056,0.3567,2.8338,18.9578
37.0787,ASCEND,ASCEND,0.1609,0.0001,0.6802,0.8177,0.6316,0.3684,0.2732,0.0014,0.8333,5.0007,45.0000,0.0003,98.5211,82.2033,0.2732,0.1053,0.1316,0.1053,0.1579,0.1316,0.1579,0.0789,0.1316,267.9909,277.4742,0.0011,0.7043,0.4703,6.0478,0.0000,-0.0000,0.0620,0.0304,0.4998,1.6406,0.1989,0.0025,0.2226,0.0439,0.0009,0.3251,0.1504,0.0575,0.0734,-0.0130,1.0008,-0.1492,-0.2475,0.3158,0.9975,0.0003,1.0047,0.0540,-0.8191,-0.4151,0.0000,0.0000,0.9737,0.0134,5695.3912,18.8954,228.4252,0.6578,0.1570,0.0000,0.8056,0.3567,5.1109,52.7034
37.1204,ASCEND,ASCEND,0.2416,0.0008,0.6648,1.5635,0.5909,0.4091,0.5084,0.0098,1.0213,4.4656,45.0000,0.0003,126.9336,82.4585,0.5084,0.0455,0.1136,0.1364,0.1364,0.0682,0.1818,0.1591,0.1591,280.3127,253.5147,0.0015,0.8779,0.5299,8.0364,0.0003,-0.0000,0.0750,0.0444,0.4924,2.4562,0.2205,0.0020,0.2569,0.1796,0.0009,0.2518,0.1348,0.2152,0.0173,0.0531,1.0014,-0.6212,-0.0758,0.5663,2.9903,0.0021,1.0060,-0.1181,-1.8043,0.7162,0.0000,0.0000,1.0000,0.0132,5835.5859,18.7498,218.3779,0.6660,0.1482,0.0000,0.8056,0.3567,7.2302,45.6825
37.1621,ASCEND,ASCEND,0.2342,0.0004,0.5752,1.6273,0.6667,0.3095,0.6824,0.0015,1.2906,4.3383,44.0000,0.0003,134.5359,86.1214,0.6824,0.1190,0.1190,0.1429,0.1190,0.0952,0.1429,0.1190,0.1429,271.5437,249.9235,0.0007,0.8813,0.5365,5.1689,-0.0002,-0.0000,0.0667,0.0223,0.4973,1.1274,0.2471,0.0020,0.0490,0.2092,0.0006,0.3586,0.0344,0.0883,0.2399,0.2349,1.0013,-1.4758,0.5237,0.7318,2.8562,0.0032,1.0000,-0.2766,-1.4496,1.0725,0.0000,-0.0000,1.0000,0.0125,5894.8536,18.5592,210.7830,0.6644,0.1485,0.0000,0.8056,0.3600,8.9216,-16.3797
37.2038,ASCEND,ASCEND,0.2764,0.0003,0.9270,1.0224,0.6316,0.3421,0.4037,0.0012,1.3326,8.0056,43.0000,0.0002,127.6507,89.4821,0.4037,0.0789,0.1842,0.1316,0.1579,0.0789,0.2105,0.1316,0.0263,282.1750,257.4756,0.0013,0.8611,0.5580,6.5845,-0.0009,0.0000,0.0764,0.0480,0.5002,1.3358,0.1156,0.0022,0.3013,0.3973,0.0009,0.2659,0.0687,0.1147,0.0550,0.0734,1.0017,-0.7854,-0.2839,0.4128,0.9319,0.0028,1.0011,-0.0977,-0.5602,-0.4654,-0.0000,0.0000,0.9737,0.0123,5961.6116,18.9204,220.2369,0.6612,0.1515,0.0000,0.8056,0.3600,5.8638,219.9208
37.2455,ASCEND,ASCEND,0.2746,0.0001,0.8776,1.8154,0.5676,0.4054,0.7341,0.0013,1.7716,8.0934,41.0000,0.0002,131.1247,72.2462,0.7341,0.0811,0.2703,0.1081,0.1351,0.0541,0.2432,0.0811,0.0270,280.4109,234.1196,0.0011,0.9393,0.5760,6.3911,-0.0001,-0.0000,0.0774,0.0395,0.4939,1.9234,0.4519,0.0019,0.2075,0.0876,0.0008,0.3480,0.0642,0.0560,0.1694,0.1912,1.0015,-1.4267,0.3186,0.7367,3.0465,0.0025,0.9964,-0.4432,-1.3362,1.1621,-0.0000,0.0000,0.9459,0.0121,6106.9241,18.9684,220.2068,0.6333,0.1544,0.0000,0.8056,0.3600,27.2666,175.4430
37.2873,ASCEND,ASCEND,0.0181,0.0000,1.1071,0.3360,0.5128,0.4872,0.5035,0.0020,1.6672,9.6887,46.0000,0.0003,131.7852,66.9147,0.5035,0.1026,0.1538,0.1026,0.1282,0.0256,0.1538,0.2308,0.1026,270.9137,228.8222,0.0013,0.7232,0.5850,8.7616,-0.0005,-0.0000,0.0869,0.0439,0.4966,1.7806,0.1445,0.0023,0.1912,0.2115,0.0010,0.3734,0.0971,0.2069,0.0445,-0.0167,1.0000,0.0849,-0.0233,0.5377,2.0939,-0.0015,1.0075,0.0810,-0.6463,-0.0934,0.0000,0.0000,0.9744,0.0133,6304.3762,18.9392,220.0498,0.6431,0.1607,0.0000,0.8056,0.3600,20.4987,-175.1178
37.3290,STABLE,ASCEND,0.3181,0.0004,1.2175,3.8384,0.6053,0.3947,1.0880,0.0040,2.4742,8.8892,40.0000,0.0002,136.9143,71.9944,1.0880,0.0789,0.1316,0.1316,0.1316,0.1316,0.1842,0.1316,0.0789,255.0215,228.8287,0.0016,0.9539,0.4603,5.6508,-0.0001,0.0000,0.0866,0.0576,0.5015,1.9519,0.2551,0.0024,0.0853,0.1402,0.0007,0.2553,0.1396,0.2329,0.1890,0.0270,0.9993,-0.0545,0.3364,1.1327,7.7644,0.0046,0.9961,-0.0779,0.3187,0.7728,-0.0000,-0.0000,0.8947,0.0116,6575.7015,18.9766,222.4203,0.5656,0.1706,0.0000,0.8056,0.3633,12.6589,-499.2415
37.3707,STABLE,ASCEND,0.0646,0.0034,0.2512,0.5718,0.5172,0.4828,0.1768,0.0552,0.3537,1.5780,35.0000,0.0002,77.0972,20.0511,0.1768,0.1034,0.2414,0.1034,0.0690,0.0345,0.1724,0.0690,0.2069,250.6508,252.7758,0.0027,2.4321,1.1946,16.3631,-0.0019,-0.0000,0.1519,0.0973,0.4982,4.8047,0.6524,0.0054,0.3638,0.9970,0.0009,0.2250,0.3505,0.2247,0.4242,-0.0816,1.0010,0.2577,-0.5824,0.2109,0.8611,-0.0008,0.8899,-0.4529,12.8614,22.2759,-0.0000,-0.0002,1.0000,0.0096,7292.2878,19.2410,242.7691,0.5222,0.1739,0.0000,0.8056,0.3567,-21.1464,-829.3228
37.4124,STABLE,ASCEND,-0.0146,-0.0005,0.0738,0.0114,0.3704,0.6296,0.0230,0.0012,0.0766,0.4059,47.0000,0.0003,65.1921,21.9574,0.0230,0.1111,0.1111,0.1481,0.0370,0.0741,0.2222,0.2222,0.0741,245.6784,267.9581,0.0024,2.8165,1.5814,18.7473,-0.0005,-0.0000,0.1532,0.0919,0.4991,3.1097,2.2107,0.0976,0.1164,1.0081,0.0009,0.0852,0.1622,0.1457,0.0497,0.0045,0.9997,0.0449,0.1124,0.0372,0.0808,0.0002,1.0361,0.0945,-4.5991,-7.1454,0.0000,0.0001,1.0000,0.0111,7411.7136,20.2025,234.6961,0.5014,0.1632,0.0000,0.8056,0.3600,-56.5205,-906.3815
37.4541,STABLE,ASCEND,-1.4248,-0.0002,5.7922,0.0685,0.4688,0.5312,1.6708,0.0020,5.8738,32.2435,63.0000,0.0004,94.7789,76.1941,1.6708,0.1875,0.1875,0.1562,0.0625,0.0000,0.0938,0.1562,0.1562,235.6086,265.4798,0.0042,6.8574,3.3848,28.4479,-0.0032,-0.0000,0.2049,0.1639,0.4956,3.5226,5.6896,1.5039,0.0822,1.2018,0.0010,0.0882,0.4373,0.1800,0.0450,0.0093,1.0009,-0.2225,-0.2311,1.7290,7.6041,-0.0112,1.0076,-0.3226,1.6282,1.7589,-0.0000,0.0000,0.9375,0.0157,7362.3584,22.7005,261.3142,0.5200,0.1491,0.0000,0.8056,0.3600,-96.7537,-935.2928
37.4958,DESCEND,ASCEND,0.0381,0.0002,0.2036,0.3182,0.5667,0.4333,0.1245,0.0018,0.2609,1.1254,134.0000,0.0008,60.8874,22.4561,0.1245,0.0000,0.2667,0.1333,0.0667,0.0667,0.0333,0.3333,0.1000,240.3369,276.8412,0.0122,13.5474,4.7864,36.0541,-0.0069,-0.0000,0.3210,0.2836,0.4764,8.2202,11.0247,4.1052,0.0917,2.4454,0.0985,0.1251,0.9758,0.3346,0.1804,-0.0034,1.0008,-0.1397,-0.2358,0.1492,0.6620,-0.0005,0.9656,-0.1203,3.7739,7.0562,-0.0000,-0.0001,1.0000,0.0229,6966.2177,25.6348,279.9991,0.5395,0.1261,-45.0000,0.2194,0.3724,-134.5395,-807.2830
37.5375,DESCEND,ASCEND,-13.9433,-0.0261,17.1458,2.3259,0.3559,0.6441,16.2914,2.8237,17.4988,55.6209,138.0000,0.0008,143.5349,82.6674,16.2914,0.0508,0.5254,0.1525,0.0169,0.1017,0.0339,0.0678,0.0508,232.8324,266.6564,0.0553,16.7883,6.6127,35.0462,-0.0049,-0.0000,0.4218,0.4627,0.4760,8.9745,10.3318,11.5994,0.6120,4.0103,1.2645,0.2005,1.1406,0.4214,0.2362,0.3174,1.0029,-2.3806,0.5176,16.7629,37.5168,-0.1571,0.8611,-5.2364,28.5997,41.1112,-0.0003,-0.0000,0.6780,0.0260,6749.3891,28.0458,287.9411,0.5698,0.1280,-45.0000,0.2889,0.4620,-164.0945,-576.0638
37.5792,DESCEND,ASCEND,-9.0914,-0.0010,13.6234,0.0773,0.3023,0.6977,9.5082,0.0269,13.9405,31.8297,155.0000,0.0009,105.9267,74.7396,9.5082,0.0465,0.3953,0.0930,0.0698,0.0465,0.1395,0.0930,0.1163,240.7628,279.9334,0.1349,30.5274,10.5889,31.8319,-0.0106,-0.0000,0.5201,0.4846,0.4810,8.4422,18.5253,18.3148,1.0738,17.9027,2.3469,0.1236,1.4258,0.2612,0.1456,0.0916,0.9993,-0.3452,0.5183,9.5121,31.2137,-0.0858,0.8482,-2.1741,33.5432,41.9802,-0.0001,-0.0002,0.8837,0.0221,5737.4323,27.2347,279.7929,0.5328,0.1525,-28.1344,0.3583,0.5443,-182.5928,-306.7418
37.6209,DESCEND,ASCEND,-13.9517,-17.7327,9.9090,0.1453,0.1616,0.8384,16.2579,22.1435,10.5920,31.5331,169.0000,0.0010,151.9852,68.4956,16.2579,0.0808,0.7172,0.0505,0.0303,0.0202,0.0303,0.0505,0.0202,244.8709,278.1804,0.3952,24.3206,9.1181,25.0119,-0.0039,-0.0000,0.5091,0.5598,0.4779,7.8525,11.8262,18.0748,1.9902,18.4828,5.0396,0.2197,1.7671,0.3733,0.1733,-0.7263,0.9916,16.7204,17.8678,7.9042,21.5866,-0.1271,0.9279,-2.2436,25.0049,33.3121,-0.0001,0.0000,0.7374,0.0230,5635.6062,28.7867,280.9821,0.5673,0.1442,-27.8070,0.4083,0.5502,-189.6819,-14.9325
37.6626,DESCEND,ASCEND,-6.7875,-0.4561,7.8707,0.3351,0.2540,0.7460,7.7998,1.9518,8.4279,20.5622,197.0000,0.0011,135.7229,78.1174,7.7998,0.0952,0.5397,0.0476,0.0794,0.0476,0.0476,0.1111,0.0317,240.3267,271.9859,1.2836,19.2747,7.2680,20.2872,-0.0068,-0.0000,0.4631,0.5167,0.4720,7.5898,8.4183,16.4545,3.9227,12.3431,7.0225,0.5546,2.4321,0.7795,0.7643,-0.0559,0.9989,0.4744,0.1021,7.7299,19.8360,-0.0740,0.9611,-0.6927,16.8132,22.3232,-0.0000,0.0000,0.9048,0.0214,4875.0793,28.9508,290.2599,0.5002,0.2912,-45.0000,0.3389,0.5751,-183.8384,290.7190
37.7043,DESCEND,ASCEND,-6.9162,-8.8695,5.0908,0.4236,0.1543,0.8457,9.1355,10.1139,5.5377,17.2225,210.0000,0.0012,151.4886,62.0967,9.1355,0.1886,0.6343,0.0571,0.0000,0.0286,0.0171,0.0343,0.0400,234.2373,250.8907,1.5469,15.7082,5.6490,17.2933,-0.0147,-0.0000,0.3674,0.3735,0.4867,5.8344,7.1538,13.2247,6.5044,5.8969,7.1213,0.6183,1.1624,0.5399,0.0981,-2.3748,0.9963,12.2877,2.8639,3.2846,14.0540,-0.0359,0.9860,2.2465,13.0870,3.8306,-0.0000,-0.0000,0.7829,0.0281,4819.5184,31.6092,293.9116,0.4856,0.2889,-32.1593,0.3028,0.6576,-165.4311,589.1004
37.7460,DESCEND,ASCEND,-3.8871,-4.5285,4.4223,3.2221,0.2727,0.7273,6.5773,6.2142,4.5737,16.3912,223.0000,0.0013,141.7272,56.3256,6.5773,0.1364,0.4495,0.1263,0.0505,0.0960,0.0455,0.0303,0.0657,229.3468,218.4075,1.7301,14.0533,4.6856,16.4791,-0.0129,0.0000,0.2854,0.2481,0.5052,4.0060,5.8081,10.1814,6.8690,2.8057,6.4550,0.9344,1.1602,0.3874,0.1158,-3.1667,0.9965,10.2631,-2.9566,2.4350,12.8811,-0.0215,0.9955,3.1141,10.1138,-2.7609,-0.0000,0.0000,0.8384,0.0316,4800.7703,32.4126,306.9356,0.4781,0.2936,-39.1899,0.3556,0.6752,-134.6976,827.5523
37.7877,DESCEND,ASCEND,-1.8282,-1.2324,4.2346,5.1029,0.3624,0.6376,6.4884,6.6479,3.9885,15.8896,227.0000,0.0013,136.4938,56.9036,6.4884,0.0826,0.2569,0.1927,0.0963,0.0826,0.1055,0.0780,0.1055,223.6653,194.3565,2.3680,12.6136,4.2305,16.0781,-0.0092,-0.0000,0.2502,0.2518,0.4990,5.0993,5.2670,7.8544,7.3097,4.1971,5.9039,1.0389,2.0927,0.6370,0.3102,-3.4954,0.9975,8.6875,-6.8063,2.2200,12.7891,-0.0129,0.9979,3.5243,9.0704,-7.3551,-0.0000,0.0000,0.8624,0.0301,4802.1158,32.5740,300.0378,0.4724,0.2918,-30.8745,0.3194,0.7340,-96.3995,1095.0030
37.8295,DESCEND,ASCEND,-0.8523,-0.1152,4.2212,5.7125,0.4324,0.5676,6.6135,7.0282,3.8428,15.2647,240.0000,0.0014,131.7199,56.3421,6.6135,0.0631,0.1982,0.2162,0.1261,0.1036,0.0991,0.0946,0.0991,219.5419,180.8227,2.4758,12.2261,4.2294,16.2847,-0.0067,-0.0000,0.2539,0.2706,0.4945,3.9954,5.0895,6.7223,8.1039,5.3218,5.9164,1.6230,1.9502,0.5746,0.1871,-3.6693,0.9984,7.7905,-8.5934,2.4857,14.1078,-0.0083,0.9985,3.6419,8.6936,-9.2398,-0.0000,0.0000,0.8649,0.0333,4838.7942,33.5593,308.6587,0.4837,0.2751,-19.8954,0.3167,0.7444,-43.3561,833.8878
37.8712,DESCEND,ASCEND,-0.5090,-0.0051,4.0868,6.1616,0.4541,0.5459,6.7036,6.8709,3.7757,15.5364,257.0000,0.0015,129.2965,56.4368,6.7036,0.0742,0.1965,0.1965,0.1266,0.1179,0.1004,0.1223,0.0655,218.0750,169.7585,2.9940,12.0400,4.2811,15.8989,-0.0055,-0.0000,0.2497,0.2540,0.4982,3.8997,5.1527,6.1923,8.7061,5.8345,6.2199,1.9653,2.2215,0.7443,0.2899,-3.6329,0.9986,7.0918,-9.0627,2.4473,14.2504,-0.0044,0.9976,3.6025,8.1527,-9.5760,-0.0000,0.0000,0.8734,0.0397,4867.4405,35.3664,331.6894,0.4912,0.2649,-20.1858,0.3639,0.7245,-26.8393,439.4854
37.9129,DESCEND,ASCEND,-0.4445,0.0001,4.5538,6.5954,0.5119,0.4881,7.1972,7.4110,3.8184,15.4284,264.0000,0.0015,130.6584,55.1759,7.1972,0.0476,0.1944,0.1944,0.1508,0.1468,0.1310,0.0952,0.0397,218.2318,165.1015,3.7611,12.5482,4.4711,16.1632,-0.0060,-0.0000,0.2575,0.2312,0.4884,4.5954,5.1812,5.9188,9.2903,6.7142,7.1053,2.6669,2.3130,0.8951,0.3570,-3.6432,0.9984,6.0985,-9.3348,2.3583,15.0546,-0.0048,0.9965,3.5946,7.4865,-9.7896,-0.0000,0.0000,0.8849,0.0407,4853.0768,36.0760,349.3469,0.4811,0.2616,-13.0517,0.3639,0.7528,-6.6957,196.3949
37.9546,DESCEND,ASCEND,-0.3139,0.0006,5.4783,7.8526,0.5195,0.4805,7.4516,7.9111,3.9104,15.9369,266.0000,0.0015,130.4264,54.5420,7.4516,0.0469,0.1094,0.2617,0.1836,0.1523,0.1055,0.1055,0.0352,218.1101,168.3452,3.7033,12.7265,4.6255,15.9880,-0.0060,-0.0000,0.2741,0.2445,0.4993,5.1039,4.8223,5.6714,9.1272,7.4995,7.9338,3.3991,2.2767,1.0679,0.1321,-3.6592,0.9982,4.8865,-9.6440,2.6496,16.3455,-0.0024,0.9958,3.5880,6.3826,-9.8679,-0.0000,-0.0000,0.8672,0.0397,4850.5800,35.7429,337.0407,0.4752,0.2569,-16.9908,0.3389,0.7529,-10.4567,26.2988
37.9963,DESCEND,ASCEND,-0.5562,-0.0004,6.6495,9.4443,0.4818,0.5142,7.8316,8.2772,4.1199,15.9681,260.0000,0.0015,127.3891,52.1393,7.8316,0.0445,0.0688,0.2955,0.2227,0.1781,0.0729,0.0769,0.0405,219.7303,174.8050,4.0061,13.2507,4.8283,16.1413,-0.0036,0.0000,0.3014,0.2894,0.5130,5.5439,4.2150,5.7380,9.4750,8.0072,9.0615,4.9961,1.9239,1.0587,0.3220,-3.5092,0.9988,2.9744,-9.0352,2.7796,17.2282,-0.0054,0.9977,3.4257,4.6700,-9.3073,-0.0000,-0.0000,0.8543,0.0377,4859.6002,34.9211,315.6293,0.4709,0.2526,-6.0618,0.3778,0.7576,-4.5019,-62.7595
38.0380,DESCEND,ASCEND,-0.7132,-0.0000,7.6665,10.7062,0.4980,0.5020,8.3813,9.1520,4.4579,16.1529,256.0000,0.0015,128.5786,52.4668,8.3813,0.0201,0.0602,0.3213,0.2490,0.1888,0.0482,0.0884,0.0241,216.2750,181.8267,3.7156,13.6898,5.1278,16.7237,-0.0017,-0.0000,0.3009,0.3297,0.4985,4.2633,3.9488,6.0305,9.1312,8.9167,10.2722,5.1283,1.7737,0.6783,0.4365,-3.4919,0.9984,1.7432,-8.8182,2.9403,18.4059,-0.0054,0.9936,3.3171,3.7220,-8.4454,-0.0000,-0.0000,0.8675,0.0373,4858.3104,34.8886,315.0129,0.4690,0.2445,-31.8957,0.3472,0.7381,-15.6919,-71.2767
38.0797,DESCEND,ASCEND,-0.8051,-0.0001,9.0023,12.8383,0.4899,0.5101,9.1857,10.4840,5.1314,17.7393,257.0000,0.0015,127.9630,51.6441,9.1857,0.0121,0.0283,0.2955,0.3158,0.2227,0.0567,0.0607,0.0081,210.4519,187.4502,4.2753,15.0211,5.6330,17.1658,0.0007,0.0000,0.3207,0.3686,0.5033,4.1129,4.3210,6.5636,8.9748,10.3349,11.9886,6.2033,1.4734,0.5003,0.5127,-3.4910,0.9981,-0.0865,-8.7580,3.5204,20.3475,-0.0049,0.9976,3.3605,2.0933,-9.0154,-0.0000,-0.0000,0.8583,0.0360,4814.4231,34.5898,308.3189,0.4647,0.2370,-15.9848,0.4083,0.6657,-10.4476,123.9076
38.1214,DESCEND,ASCEND,-1.0279,-0.0002,10.6378,14.5648,0.4893,0.5107,10.9515,12.7200,5.5424,18.9014,260.0000,0.0015,122.6850,49.0680,10.9515,0.0043,0.0300,0.1545,0.4721,0.2446,0.0558,0.0258,0.0129,212.4273,185.9964,4.1214,16.8045,6.2542,19.5111,0.0019,0.0000,0.3606,0.4162,0.5054,5.2237,4.6356,7.3757,8.9631,10.7413,13.8560,7.5540,1.2059,0.5527,0.3227,-3.5272,0.9978,-2.0772,-9.1049,3.7456,22.5113,-0.0057,0.9960,3.3881,0.4145,-9.1646,-0.0000,-0.0000,0.8584,0.0344,4828.2557,34.0299,292.9520,0.4632,0.2308,-13.0517,0.3639,0.7528,-5.3559,84.9122
38.1631,STABLE,ASCEND,0.0787,0.0002,11.6859,16.3413,0.5109,0.4891,12.0648,14.0037,6.1134,21.8774,249.0000,0.0014,122.7053,50.8989,12.0648,0.0131,0.0262,0.1004,0.5066,0.2489,0.0655,0.0262,0.0131,216.1443,182.2375,4.4336,18.5702,6.9609,21.1285,0.0028,0.0000,0.3977,0.4849,0.5017,5.7473,5.8958,8.5402,9.7102,11.0734,15.8357,8.4531,0.6974,0.6012,0.0785,-3.5302,0.9980,-4.0767,-9.0626,4.5375,24.5282,-0.0048,0.9975,3.3948,-1.6087,-9.3292,-0.0000,-0.0000,0.8341,0.0330,4787.1950,33.7438,285.7149,0.4686,0.2233,-9.1302,0.4111,0.7562,-3.3645,74.3857
38.2048,ASCEND,ASCEND,0.2248,0.0000,12.7699,17.8108,0.5000,0.4956,13.3519,15.3221,6.4555,21.9916,252.0000,0.0015,122.2487,51.8496,13.3519,0.0088,0.0133,0.0973,0.5354,0.2389,0.0487,0.0310,0.0265,218.9927,177.3499,4.9640,19.7738,7.5159,21.8489,0.0042,0.0000,0.4233,0.5226,0.5090,5.9529,6.3174,9.5579,9.5131,12.8115,17.1107,9.5927,0.6633,0.6907,0.4506,-3.5037,0.9979,-5.5508,-8.6414,4.6692,25.8692,-0.0068,1.0000,3.3482,-3.6847,-8.8825,0.0000,-0.0000,0.8407,0.0318,4780.1813,33.9315,289.0393,0.4591,0.2165,-5.7970,0.4278,0.6600,0.8491,211.2731
38.2465,ASCEND,ASCEND,1.1988,0.0561,13.4439,18.9602,0.5933,0.4067,14.4200,16.9947,7.0358,23.2234,272.0000,0.0016,120.6526,53.2600,14.4200,0.0239,0.0287,0.0861,0.5837,0.2392,0.0191,0.0096,0.0096,228.0625,171.7566,5.2648,21.0458,8.1706,22.9204,0.0056,-0.0000,0.4491,0.5117,0.4966,6.2031,6.7594,10.5762,9.8753,13.4395,18.5597,10.9094,0.7290,0.8927,0.0441,-3.2690,0.9972,-7.4147,-7.3420,4.8930,26.6430,-0.0032,0.9958,3.1187,-4.6622,-7.7106,-0.0000,-0.0000,0.8421,0.0343,4699.9290,34.2422,289.9703,0.4615,0.2148,-17.0378,0.3694,0.6485,14.2592,481.7887
38.2882,ASCEND,ASCEND,0.2152,0.0010,13.9928,20.5258,0.5236,0.4764,15.1097,17.8819,7.7513,24.3504,300.0000,0.0017,123.7047,55.1193,15.1097,0.0283,0.0236,0.0472,0.6462,0.1981,0.0142,0.0283,0.0142,231.6316,168.6310,4.6491,22.5657,8.7928,24.6217,0.0063,-0.0000,0.4815,0.5377,0.4957,5.5879,7.3907,11.8357,8.8604,13.2199,20.1069,12.5842,0.7891,1.3237,0.2600,-3.1395,0.9968,-9.3997,-6.8427,6.1799,28.3160,-0.0066,0.9950,2.7812,-7.2707,-6.2272,-0.0000,-0.0000,0.8019,0.0344,4680.4164,34.4088,283.9533,0.4658,0.2145,-3.0802,0.4500,0.7444,41.0383,728.9853
38.3300,ASCEND,ASCEND,5.8421,0.0416,18.7584,42.0288,0.6458,0.3542,16.6570,7.8203,17.6501,53.6097,234.0000,0.0014,149.4957,51.5099,16.6570,0.0729,0.1354,0.1042,0.3854,0.0938,0.0833,0.0625,0.0625,227.6482,162.5298,2.7637,23.2583,7.5302,37.4239,0.0157,0.0000,0.4736,0.6459,0.5190,6.0886,6.5526,18.9870,6.4555,4.3775,9.1112,4.8242,0.5142,0.4664,0.0900,0.0250,1.0004,-0.2940,0.0581,16.6133,44.6735,0.0569,0.9962,-2.0132,-23.7030,3.1595,-0.0001,0.0001,0.4896,0.0355,4550.9954,34.6600,302.1899,0.5566,0.2212,-10.9948,0.3889,0.5942,75.0687,814.0556
38.3717,ASCEND,ASCEND,1.4736,0.0015,15.2925,23.4455,0.5819,0.4181,15.5690,19.5128,9.7776,26.7451,261.0000,0.0015,131.2452,52.1883,15.5690,0.0113,0.0565,0.0847,0.6102,0.1582,0.0169,0.0452,0.0169,229.0351,156.9326,5.3082,25.3957,10.2352,28.8149,0.0107,0.0000,0.5425,0.6607,0.5039,6.2753,9.1376,15.1126,7.9727,15.7124,23.8876,14.1000,1.7864,1.9207,0.0499,-2.3590,0.9985,-15.8393,-4.8453,8.8345,29.9434,-0.0110,0.9982,2.3851,-12.2790,-5.5067,0.0000,-0.0000,0.7175,0.0349,4539.5418,34.2769,292.1113,0.5374,0.2150,-12.0062,0.3694,0.7531,108.9441,775.1216
38.4134,ASCEND,ASCEND,3.0276,0.0345,15.1819,24.1726,0.6022,0.3978,16.3378,20.4244,10.0658,27.4463,271.0000,0.0016,130.0101,53.8869,16.3378,0.0276,0.0552,0.0552,0.5912,0.1768,0.0166,0.0608,0.0166,242.7149,151.3682,3.3334,25.9821,10.4079,27.2890,0.0106,-0.0000,0.5256,0.6604,0.4880,7.2641,10.3571,16.1274,7.6525,12.6019,24.5615,12.2400,0.4610,2.3238,0.1725,-2.4389,0.9955,-15.8395,-5.8143,8.9740,30.8962,0.0268,1.0023,2.3284,-14.8671,-5.7206,0.0000,-0.0001,0.7238,0.0340,4548.4401,34.1385,281.9536,0.5400,0.2024,61.8763,0.3222,0.4384,139.7268,633.1331
38.4551,ASCEND,ASCEND,7.0502,3.8547,13.9604,25.4905,0.6761,0.3239,16.7820,20.6018,10.5965,28.8414,249.0000,0.0014,135.9965,59.5131,16.7820,0.0284,0.0568,0.0284,0.5057,0.2557,0.0511,0.0511,0.0227,263.5102,147.1210,4.3102,26.6898,10.7238,28.3709,0.0095,-0.0000,0.5286,0.6562,0.4923,7.3197,12.1682,17.1564,6.8165,13.8673,25.3178,11.4129,0.7330,3.1701,0.1353,-2.5655,0.9946,-16.4850,-7.0232,10.1228,32.4531,0.0076,1.0052,2.1914,-15.7521,-6.7971,0.0000,-0.0000,0.7045,0.0333,4579.0877,34.3002,286.5807,0.5427,0.1958,8.0845,0.3694,0.5926,161.7579,526.2015
38.4968,ASCEND,ASCEND,10.4802,14.2164,13.0100,25.6671,0.7457,0.2543,17.2412,21.6887,10.7011,28.6762,275.0000,0.0016,146.9472,61.0247,17.2412,0.0462,0.0462,0.0347,0.4277,0.3121,0.0520,0.0578,0.0231,275.1255,143.6001,6.3491,27.1771,11.0645,28.6785,0.0096,-0.0000,0.5703,0.6916,0.4891,7.5571,14.1396,17.0815,7.6152,17.1856,25.7560,12.4558,1.8328,3.3379,0.3483,-2.1384,0.9968,-18.6245,-6.3009,9.7013,31.7650,0.0038,1.0015,1.9935,-16.5414,-6.6909,0.0000,-0.0000,0.7110,0.0333,4643.0012,34.1252,279.6230,0.5414,0.1805,69.0627,0.3250,0.4104,183.6207,454.4634
38.5385,ASCEND,ASCEND,11.4617,14.1076,12.5227,26.1766,0.7892,0.2108,17.4521,21.8507,10.9044,29.5009,249.0000,0.0014,146.0600,60.7930,17.4521,0.0542,0.0060,0.0301,0.4096,0.3675,0.0422,0.0542,0.0361,273.1526,145.4767,4.2194,27.2784,11.0696,28.8947,0.0092,-0.0000,0.5673,0.7102,0.4867,7.0886,12.6257,16.7985,7.0186,16.8964,26.1663,9.9702,1.1768,3.1214,0.2037,-2.2706,0.9997,-18.9760,-7.4623,9.9496,31.8312,0.0051,1.0027,1.8738,-17.3226,-7.0423,0.0000,0.0000,0.7108,0.0324,4754.7980,34.2499,288.2322,0.5453,0.1777,-1.9863,0.3889,0.5770,199.6678,297.1811
38.5802,ASCEND,ASCEND,9.5869,11.5655,13.3976,25.9645,0.6879,0.3121,16.8462,21.5296,10.8679,29.2883,268.0000,0.0016,147.1064,54.9401,16.8462,0.0318,0.0255,0.0446,0.3949,0.3503,0.0446,0.0701,0.0382,265.0087,144.6981,4.4860,27.1891,10.5026,29.0294,0.0146,0.0000,0.6050,0.7694,0.5099,7.5970,11.9631,15.4414,8.3259,14.0100,25.5208,7.6359,1.2684,2.9626,0.7315,-2.1879,1.0002,-19.6872,-7.5522,10.9815,32.1558,-0.0122,1.0035,1.9120,-18.3633,-7.0641,0.0000,0.0000,0.6624,0.0319,4818.9512,33.2079,277.8941,0.5506,0.1794,0.0000,0.8056,0.3833,208.4106,75.3576
38.6219,ASCEND,ASCEND,7.6488,8.9019,14.6019,25.8399,0.6398,0.3602,16.9324,21.5054,10.8893,29.1564,250.0000,0.0014,140.3302,49.6640,16.9324,0.0248,0.0311,0.0311,0.3913,0.3602,0.0994,0.0559,0.0062,247.1050,144.1703,3.3299,26.8604,10.4413,28.5775,0.0160,0.0000,0.6290,0.7952,0.5058,7.3454,10.6136,15.0434,9.9017,11.7166,24.5963,6.6911,1.3149,2.2531,0.6332,-2.0371,1.0014,-20.0685,-7.0270,10.6005,31.3657,0.0043,1.0142,1.9573,-19.3795,-7.6036,0.0000,0.0000,0.6770,0.0292,4862.0227,32.6295,281.8785,0.5461,0.1832,4.1596,0.5111,0.5515,205.9538,58.9479
38.6636,ASCEND,ASCEND,7.1058,3.8577,14.8883,25.5332,0.6570,0.3430,16.9445,21.0148,10.4360,29.3941,235.0000,0.0014,142.6399,48.5554,16.9445,0.0174,0.0349,0.0291,0.4070,0.3663,0.0581,0.0465,0.0407,243.3377,142.0813,2.3620,26.6155,10.4315,28.1552,0.0169,0.0000,0.6328,0.7907,0.5143,7.6021,11.7203,15.2764,8.8848,11.7466,22.7838,5.8302,1.5988,1.4911,0.3243,-2.0249,1.0024,-19.9295,-6.6397,10.4922,31.7691,-0.0339,1.0185,1.9866,-19.5935,-7.4806,0.0000,0.0000,0.6860,0.0269,4888.8052,30.9088,270.4086,0.5378,0.1883,45.0000,0.4028,0.3724,213.3278,-64.4337
38.7053,ASCEND,ASCEND,6.7507,0.2463,15.0385,25.8352,0.5776,0.4224,16.5786,20.8866,10.6643,28.2191,219.0000,0.0013,150.5107,47.6021,16.5786,0.0186,0.0248,0.0311,0.4286,0.3168,0.0497,0.0745,0.0559,243.7180,140.0591,1.9535,26.5019,10.3314,28.5168,0.0159,0.0000,0.6395,0.8019,0.5132,7.6281,12.4177,15.1058,7.1422,14.5423,20.8058,4.7809,1.7886,0.9816,0.1639,-1.8511,1.0046,-21.1150,-5.3682,10.5505,30.8133,-0.0220,1.0101,1.8785,-18.6773,-6.1312,0.0000,-0.0000,0.6770,0.0245,4891.0786,30.0097,259.7409,0.5314,0.1952,-45.0000,0.5250,0.3630,200.5790,-471.3985
38.7470,ASCEND,ASCEND,8.0840,2.1073,13.8462,25.6083,0.6538,0.3462,16.0192,20.6770,10.7889,28.2285,214.0000,0.0012,156.6631,52.3483,16.0192,0.0192,0.0641,0.0449,0.4744,0.2500,0.0449,0.0513,0.0513,253.1767,136.9947,1.8018,26.1362,10.1701,27.7792,0.0120,0.0000,0.6598,0.8302,0.5111,7.1700,13.7345,14.3567,5.3885,15.8166,18.6465,5.1772,1.5027,0.5583,0.2291,-1.9478,1.0030,-19.8516,-4.3778,10.7411,30.5149,-0.0175,1.0123,2.0043,-17.9892,-5.6238,0.0000,0.0000,0.6667,0.0222,4896.0895,29.2299,254.8977,0.5286,0.2000,0.0000,0.8944,0.3233,174.0053,-522.7639
38.7888,ASCEND,ASCEND,6.8531,0.4408,13.3435,26.0828,0.6395,0.3605,14.7980,19.8661,11.0394,28.1405,209.0000,0.0012,158.5743,53.2912,14.7980,0.0340,0.0272,0.0612,0.5170,0.1905,0.0816,0.0680,0.0204,246.1275,137.9802,1.5873,26.4254,9.8833,28.1345,0.0100,0.0000,0.6617,0.8635,0.5070,7.1752,12.3825,15.4174,3.8149,16.8888,17.0995,3.6366,1.1593,0.4787,0.1039,-1.7851,1.0009,-20.6711,-2.6884,12.6360,31.2256,-0.0162,1.0078,2.0820,-17.6195,-4.5935,0.0000,-0.0000,0.6054,0.0237,4913.7183,29.2439,263.1043,0.5506,0.2080,0.0000,0.8944,0.3167,156.9718,-302.2630
38.8305,ASCEND,ASCEND,6.0870,0.0167,13.3839,26.2004,0.5736,0.4264,14.8355,20.1428,11.3505,29.2321,186.0000,0.0011,149.7904,55.2196,14.8355,0.0465,0.0465,0.0388,0.5736,0.1085,0.0930,0.0775,0.0155,243.9501,133.6073,1.6913,26.4968,9.4956,29.4291,0.0106,0.0000,0.6599,0.8369,0.5182,7.3431,11.4152,15.2402,2.8861,15.0432,15.8832,2.9904,0.4741,0.2145,0.2820,-1.8838,0.9992,-20.4236,-2.1243,13.3112,32.0826,-0.0193,1.0017,2.0559,-16.9095,-3.8376,0.0000,-0.0000,0.5969,0.0236,4991.0882,28.7819,259.0014,0.5694,0.2140,0.0000,0.8944,0.3233,148.7916,-207.2300
38.8722,ASCEND,ASCEND,6.4765,0.1353,12.2331,26.1954,0.5897,0.4103,14.4540,19.7934,11.0155,29.1194,158.0000,0.0009,151.5863,55.5912,14.4540,0.0342,0.0513,0.0684,0.5983,0.0598,0.1026,0.0684,0.0171,241.4299,129.1500,1.4767,25.9056,9.4409,28.5478,0.0109,0.0000,0.6911,0.9468,0.5135,9.3721,10.9514,15.1783,6.9870,15.1247,14.3539,1.1386,0.5782,0.5780,0.3591,-1.8771,1.0023,-20.5592,-1.1293,13.3252,31.5523,-0.0186,1.0036,2.1271,-16.9410,-2.9606,0.0000,0.0000,0.5726,0.0213,5114.8796,27.8887,254.3662,0.5675,0.2148,0.0000,0.8944,0.3000,139.6853,-248.5578
38.9139,ASCEND,ASCEND,5.9621,1.4781,12.6728,26.3168,0.7155,0.2586,14.2289,19.4799,11.3038,29.8579,151.0000,0.0009,147.9249,57.2363,14.2289,0.0862,0.0862,0.0431,0.6638,0.0431,0.0345,0.0086,0.0345,236.4085,124.4479,0.4360,25.0439,8.9445,28.2820,0.0109,0.0000,0.6633,0.8415,0.5017,9.8339,10.1624,14.0206,6.5750,11.8049,12.1449,0.7493,0.1423,0.1103,0.3603,-1.9157,1.0033,-20.3861,-0.3547,12.7718,31.5047,-0.0210,0.9807,1.6219,-13.0538,-0.0688,-0.0001,-0.0000,0.5948,0.0216,5190.5360,27.7792,256.3635,0.5701,0.2228,0.0000,0.8944,0.3000,128.0577,-297.0760
38.9556,ASCEND,ASCEND,3.8113,0.1575,12.8989,25.9555,0.7130,0.2870,13.6019,19.0220,11.3216,28.8853,165.0000,0.0010,148.8322,56.0749,13.6019,0.0556,0.0833,0.1019,0.5926,0.0648,0.0370,0.0185,0.0463,224.9749,123.6337,0.4418,24.6919,8.6606,28.3633,0.0099,0.0000,0.6374,0.7922,0.5108,8.5898,10.2188,12.8129,7.3453,10.1719,11.0779,0.8155,0.3778,0.0678,0.2711,-1.8350,1.0027,-20.2618,0.9708,14.3720,31.8696,-0.0295,1.0414,1.5815,-36.1104,1.8085,0.0001,0.0001,0.6019,0.0208,5315.1209,27.5502,254.3413,0.5709,0.2214,0.0000,0.8056,0.3767,114.9043,-355.1806
38.9973,ASCEND,ASCEND,3.3556,0.0631,13.3181,25.5420,0.6404,0.3596,14.3127,20.0867,11.1132,27.7499,170.0000,0.0010,141.3493,57.6988,14.3127,0.0702,0.0526,0.0439,0.6053,0.0526,0.0877,0.0439,0.0439,197.6232,124.8711,0.5425,24.9433,8.6732,28.0077,0.0132,0.0000,0.6157,0.7898,0.5039,7.4379,10.7609,13.1291,7.2034,9.7740,9.4122,1.0638,0.2088,0.1516,0.2385,-1.7020,1.0006,-20.1020,2.1254,13.4423,31.4932,-0.0251,1.0028,1.8733,-15.6954,0.0962,-0.0000,0.0000,0.5789,0.0221,5474.0333,27.4963,249.2520,0.5716,0.2211,0.0000,0.8056,0.3767,98.4297,-385.4783
39.0390,ASCEND,ASCEND,5.9157,0.8388,13.2712,25.8426,0.6757,0.3153,14.1929,19.7102,11.1117,27.3946,173.0000,0.0010,147.5272,54.6603,14.1929,0.0450,0.0991,0.0721,0.6216,0.0090,0.0450,0.0631,0.0450,204.6046,116.6412,0.5210,25.0129,8.8453,28.3651,0.0209,0.0000,0.6048,0.7818,0.5099,7.5737,11.0121,13.6793,7.4482,9.7557,8.5648,0.8540,0.6140,0.3250,0.2037,-1.6529,1.0005,-20.0766,2.7991,13.1183,31.2934,-0.0155,0.9885,1.8186,-24.4185,3.7841,0.0001,-0.0001,0.6126,0.0249,5630.8745,28.1157,264.2734,0.5724,0.2229,-42.0318,0.1833,0.3186,82.7489,-242.3888
39.0807,ASCEND,ASCEND,3.0980,0.0017,15.5029,25.2038,0.6562,0.3438,14.8487,20.6916,11.1800,28.7653,181.0000,0.0010,148.6581,53.7873,14.8487,0.0625,0.0547,0.0781,0.6719,0.0234,0.0469,0.0391,0.0234,194.0961,119.9358,0.4177,25.2250,9.1410,28.0188,0.0254,0.0000,0.6363,0.8083,0.5155,7.9236,13.0677,14.9512,6.2737,10.3246,7.9711,1.5379,0.4975,0.0824,0.5071,-1.1817,0.9998,-21.0728,4.5282,11.8914,29.4991,-0.0277,1.0020,1.4408,-17.2259,2.1755,0.0000,-0.0000,0.6094,0.0256,5807.4960,28.6861,268.9387,0.5606,0.2240,0.0000,0.8778,0.3600,78.2105,-42.9576
39.1224,ASCEND,ASCEND,1.1891,0.0831,14.9062,22.9254,0.6032,0.3968,14.7514,20.5592,10.8089,27.6187,176.0000,0.0010,151.1011,62.4115,14.7514,0.0476,0.0317,0.1032,0.6429,0.0397,0.0556,0.0397,0.0397,205.1946,112.3448,0.4947,25.0285,9.2116,27.7866,0.0248,0.0000,0.6390,0.7884,0.5202,8.2661,14.6003,16.1977,5.3146,10.5299,7.2857,2.2003,0.5798,0.2352,0.4251,-1.4829,0.9927,-18.9692,3.3565,12.0965,30.6138,-0.0118,0.9976,1.5321,-22.4915,2.8576,0.0001,-0.0000,0.6270,0.0265,6011.4113,28.8278,258.7698,0.5670,0.2211,0.0000,0.8944,0.3033,79.1656,43.3807
39.1641,ASCEND,ASCEND,2.9094,0.1877,14.2554,24.1527,0.6964,0.3036,13.9758,19.9518,11.2329,27.1642,176.0000,0.0010,152.6761,63.8179,13.9758,0.0714,0.0982,0.1161,0.5804,0.0268,0.0268,0.0268,0.0536,197.5056,112.8065,0.5020,24.9537,9.0269,27.4847,0.0221,0.0000,0.6117,0.7849,0.5147,7.7619,14.7079,18.0041,4.8028,8.5055,7.9564,0.9206,0.4974,0.1887,0.3514,-1.0731,0.9956,-20.7812,4.6430,12.6448,29.6918,-0.0196,1.0054,0.8628,-31.3127,5.8819,0.0000,0.0000,0.6250,0.0261,6224.6823,28.4014,253.4646,0.5723,0.2189,0.0000,0.8944,0.3033,81.8291,157.4868
39.2058,ASCEND,ASCEND,3.6638,0.0002,11.7633,24.0715,0.5849,0.4151,11.7971,8.6180,11.4692,27.1606,161.0000,0.0009,159.8822,63.2534,11.7971,0.0566,0.0849,0.0377,0.5566,0.0660,0.0377,0.0943,0.0660,190.7394,117.0412,0.3659,24.9642,8.8653,28.0614,0.0184,0.0000,0.6136,0.7569,0.5115,7.7834,13.1651,18.5756,3.8328,7.2238,7.5281,1.0278,0.7753,0.1151,0.3968,0.0049,0.9988,0.3329,0.3117,11.8529,25.8782,0.0850,1.0340,0.2306,-39.4012,7.2087,0.0000,0.0001,0.6604,0.0240,6174.2507,27.5795,252.5462,0.5356,0.2699,0.0000,0.8944,0.3033,92.3026,273.3450
39.2475,ASCEND,ASCEND,3.3880,-0.0000,10.9639,23.4484,0.4945,0.5055,10.7769,0.4456,11.8156,26.5060,152.0000,0.0009,157.1791,68.9104,10.7769,0.0440,0.0330,0.0549,0.5385,0.0769,0.1099,0.0769,0.0659,203.0791,116.9121,0.2188,24.5031,8.3726,26.6890,0.0131,0.0000,0.6114,0.7290,0.5170,8.2740,12.3109,17.4246,2.4163,8.1603,5.5632,0.8391,0.5644,0.2005,0.2225,0.0070,1.0001,-0.0596,-0.0312,10.7814,25.8979,0.0896,1.0263,0.2081,-37.4574,6.8838,0.0000,0.0001,0.7692,0.0240,6202.9133,26.7644,246.6732,0.5045,0.3030,0.0000,0.8944,0.3000,104.6307,266.6629
39.2892,ASCEND,ASCEND,5.3270,0.0016,9.2167,23.7894,0.5789,0.4211,11.6955,7.7883,11.2619,26.1321,156.0000,0.0009,156.0497,62.7074,11.6955,0.0632,0.0105,0.0421,0.5263,0.0421,0.0947,0.1263,0.0947,218.2267,118.8792,0.2530,23.5987,7.6087,26.3413,0.0109,0.0000,0.5398,0.6089,0.5191,6.5669,10.9979,15.0110,2.2159,5.8491,3.4560,1.2796,0.5044,0.5251,0.3234,-1.6878,0.9963,-19.5864,1.7363,16.4610,31.8708,-0.0068,1.0102,0.9478,-30.3567,4.6396,0.0001,0.0000,0.6842,0.0208,6154.9015,25.7269,240.3440,0.4426,0.3257,0.0000,0.8944,0.3000,114.5467,235.2577
39.3310,ASCEND,ASCEND,6.7736,0.2054,11.2728,24.5703,0.7565,0.2435,11.9768,18.0587,11.1802,26.6306,143.0000,0.0008,162.5306,58.0538,11.9768,0.0696,0.0696,0.0609,0.5652,0.0348,0.0696,0.0609,0.0696,236.0612,112.7980,0.0956,23.1289,7.5860,26.6956,0.0117,0.0000,0.5130,0.5225,0.5111,6.2447,11.2014,13.6194,3.1408,5.2017,1.9862,0.6200,0.1213,0.4072,0.1773,-1.1560,1.0002,-20.6730,3.4291,13.9841,28.7634,-0.0126,0.9848,-2.2660,-27.2461,13.1821,-0.0001,0.0001,0.6174,0.0209,6379.6346,25.7291,239.7285,0.4445,0.3078,0.0000,0.8944,0.3000,124.2551,340.6814
39.3727,ASCEND,ASCEND,6.4641,0.0062,9.0257,23.4948,0.6235,0.3765,9.9778,2.4463,10.7933,25.3836,147.0000,0.0009,166.9605,48.1232,9.9778,0.1176,0.0471,0.0941,0.4235,0.1059,0.0588,0.1059,0.0471,230.2727,125.3656,0.2003,22.4217,7.2149,25.9859,0.0101,0.0000,0.5251,0.5404,0.5187,6.8249,11.1583,12.4007,3.0604,5.8273,1.9483,1.0575,0.3865,0.4803,0.3272,0.1519,0.9984,-0.2412,0.9987,9.8712,23.8830,0.1139,1.1333,3.1105,-50.9152,-6.2056,0.0002,0.0003,0.7412,0.0199,6136.1137,25.3933,251.5361,0.4062,0.3092,0.0000,0.8944,0.3167,142.9652,274.7272
39.4144,ASCEND,ASCEND,5.6544,0.0131,10.9410,22.4101,0.7130,0.2870,11.2227,16.8606,10.6664,24.6817,138.0000,0.0008,163.9104,49.5092,11.2227,0.0522,0.0957,0.0435,0.5739,0.0435,0.0348,0.0435,0.1130,226.7024,123.0120,0.0560,21.5350,7.0041,24.5903,0.0102,0.0000,0.4773,0.4752,0.5301,5.8292,11.1164,11.2057,2.4582,6.4858,1.0777,0.4599,0.1594,0.3655,0.0138,-1.4250,1.0014,-18.2226,3.2411,13.1932,28.1397,-0.0261,0.9391,-2.1997,-17.4377,14.1881,-0.0001,-0.0000,0.6348,0.0193,6171.8813,24.8776,238.4624,0.4068,0.2955,0.0000,0.8944,0.3167,147.1719,-11.3369
39.4561,ASCEND,ASCEND,6.1845,0.0043,8.1523,20.7911,0.6023,0.3977,10.4108,4.9305,10.9079,55.5538,107.0000,0.0006,173.1670,43.0434,10.4108,0.0227,0.1250,0.0682,0.4318,0.0455,0.0909,0.1136,0.1023,220.7636,122.6663,0.1277,20.5458,6.6483,25.4249,0.0104,0.0000,0.4937,0.5263,0.5185,10.2117,11.0767,10.1935,1.9305,5.5809,1.8715,0.3038,0.3136,0.4336,0.1722,-0.0169,0.9980,0.4552,0.4681,10.4504,22.7637,0.1024,1.0387,0.1203,-32.8847,7.1352,0.0000,0.0001,0.7500,0.0186,5714.6429,24.1954,247.0972,0.3689,0.3021,0.0000,0.8944,0.3133,142.0195,-213.3908
39.4978,ASCEND,ASCEND,5.1369,0.0016,8.3836,19.8133,0.6979,0.3021,9.0465,1.5445,9.6537,24.3307,132.0000,0.0008,167.8035,47.8292,9.0465,0.0312,0.0938,0.0417,0.5417,0.1042,0.0729,0.0729,0.0417,204.7460,123.1610,0.0347,19.4520,6.4990,24.3799,0.0077,0.0000,0.4824,0.4571,0.5111,9.7037,11.4144,9.9430,0.7257,4.6123,2.1819,0.3526,0.0735,0.1815,0.0848,-0.0431,0.9992,0.3346,0.0493,9.1364,22.5750,0.0798,1.0200,0.4233,-25.9142,6.7348,0.0000,0.0001,0.7188,0.0183,5714.0363,24.1841,245.9635,0.3703,0.2874,0.0000,0.8944,0.3133,129.3716,-352.2388
39.5395,ASCEND,ASCEND,5.3740,0.0080,7.5644,18.5352,0.6237,0.3763,9.1711,7.9865,8.8011,21.0444,117.0000,0.0007,172.4489,45.4002,9.1711,0.0430,0.0968,0.0430,0.5161,0.0753,0.0968,0.0753,0.0538,207.2813,120.2417,0.0333,18.1642,5.8047,23.9499,0.0074,0.0000,0.4218,0.4141,0.5165,9.6785,11.5917,6.9606,0.5183,3.9311,1.6643,0.4363,0.2178,0.1276,0.1065,0.1365,0.9998,-0.7032,0.4066,9.0160,19.5417,0.0805,1.0262,0.4693,-26.7511,7.7199,0.0000,0.0001,0.8065,0.0186,5272.4267,23.4751,255.2553,0.3511,0.2905,0.0000,0.8944,0.3133,112.6370,-481.7092
39.5812,ASCEND,ASCEND,4.7311,0.0041,7.3021,17.5915,0.6374,0.3626,9.0130,8.4620,8.3842,19.5626,111.0000,0.0006,167.3130,49.0506,9.0130,0.0769,0.0769,0.0330,0.5604,0.0989,0.0769,0.0440,0.0330,190.9008,122.0730,0.0255,16.9415,5.3205,21.6138,0.0062,0.0000,0.3272,0.3449,0.5231,5.4836,10.6518,6.1588,0.1465,4.0932,0.5285,0.3794,0.2112,0.2295,0.0994,-1.7457,1.0019,-13.3638,4.6944,13.5517,27.1926,-0.0344,1.0503,-0.0071,-24.1844,5.5949,0.0000,0.0002,0.7582,0.0161,4880.6980,22.9192,249.1532,0.3325,0.2954,0.0000,0.8056,0.2933,89.1890,-514.1181
39.6229,ASCEND,ASCEND,3.3064,0.0046,7.6686,16.0114,0.5859,0.4141,8.9634,6.7149,8.3281,22.6295,130.0000,0.0008,162.5910,54.6975,8.9634,0.0505,0.0808,0.0303,0.5253,0.1212,0.0707,0.0505,0.0707,180.2872,125.6664,0.0217,17.0564,5.3500,20.9994,0.0070,0.0000,0.3271,0.3398,0.5152,5.8360,10.6992,6.1420,0.2335,4.1748,0.6589,0.3068,0.2723,0.1765,0.2680,-1.5780,0.9970,-12.6293,5.6660,12.3794,26.1130,-0.0250,1.0371,1.3274,-27.3708,6.1210,0.0001,0.0001,0.7677,0.0169,4836.0700,23.2458,254.9036,0.3313,0.2923,0.0000,0.8056,0.3767,69.7509,-411.5193
39.6646,ASCEND,ASCEND,0.5540,-0.0003,8.1685,15.2590,0.4340,0.5660,8.5964,6.8566,8.2417,22.9028,126.0000,0.0007,156.5836,62.9435,8.5964,0.0283,0.0377,0.0849,0.5566,0.1038,0.0660,0.0472,0.0755,153.2445,132.7089,0.0241,16.6497,5.3418,21.9393,0.0062,0.0000,0.3288,0.3370,0.5029,5.3245,11.0548,5.4913,0.3420,4.3946,0.8580,0.3394,0.2596,0.3541,0.2452,-1.6185,0.9938,-11.9557,5.5610,12.1169,25.7660,-0.0117,1.0124,0.9895,-20.7904,7.4677,0.0001,0.0000,0.8113,0.0167,4764.9201,23.2593,253.4044,0.3267,0.2807,0.0000,0.8944,0.2933,54.8614,-305.9991
39.7063,ASCEND,ASCEND,1.6440,0.0004,7.2034,15.1792,0.5794,0.4206,8.3488,7.2852,8.0405,21.6777,124.0000,0.0007,161.0661,63.5356,8.3488,0.0280,0.1028,0.0748,0.5327,0.0654,0.0467,0.0841,0.0654,168.2354,125.3734,0.0239,16.0460,5.0811,20.6975,0.0035,0.0000,0.3269,0.3410,0.5048,5.1594,10.7870,5.0198,0.5189,3.7423,0.7327,0.1368,0.1426,0.3474,0.3320,-0.0446,0.9995,0.3399,-0.0648,8.4615,18.5750,0.0224,0.9891,-0.1117,-15.9411,9.0573,-0.0000,0.0000,0.7850,0.0156,4660.6539,22.7544,238.2983,0.3226,0.2702,0.0000,0.8944,0.3133,44.2255,-225.6520
39.7480,ASCEND,ASCEND,0.0019,-0.0003,5.9952,9.3360,0.4516,0.5484,7.6611,2.7729,8.0084,21.6291,118.0000,0.0007,160.1085,65.0095,7.6611,0.0430,0.0645,0.0323,0.5484,0.0860,0.1398,0.0645,0.0215,161.8164,133.7630,0.0181,15.6096,4.7143,21.6712,0.0024,-0.0000,0.3584,0.3449,0.4980,6.3444,9.2339,4.6380,1.0932,2.9066,0.3384,0.3239,0.2568,0.1723,0.1830,-0.0940,0.9998,0.2327,-0.2876,7.8078,18.8329,-0.0047,0.9880,1.5525,-17.1112,6.6270,0.0001,-0.0000,0.8495,0.0146,4530.4546,22.1993,231.1604,0.3228,0.2861,0.0000,0.8056,0.2933,36.0383,-146.1319
39.7897,ASCEND,ASCEND,1.1155,0.0001,6.1487,10.9559,0.5100,0.4900,7.6004,1.3147,8.0563,20.7344,125.0000,0.0007,161.8750,64.4323,7.6004,0.0400,0.0500,0.0500,0.5200,0.1000,0.1400,0.0500,0.0500,174.9096,124.8006,0.0156,15.6109,4.7521,20.6257,0.0041,0.0000,0.3745,0.3495,0.5277,6.0012,9.3172,3.6816,1.9979,2.8380,0.6419,0.2662,0.1941,0.1315,0.1343,0.0272,0.9997,-0.1472,0.1696,7.5361,18.1452,0.0113,0.9828,-1.5915,-15.6064,10.4017,-0.0001,0.0001,0.8300,0.0147,4370.8355,22.1880,235.8769,0.3059,0.3250,0.0000,0.8944,0.3100,32.0357,-76.8202
39.8315,ASCEND,ASCEND,1.2750,0.0009,6.2287,11.2026,0.6000,0.3818,7.6367,3.6898,7.5942,20.2208,117.0000,0.0007,164.1344,64.8128,7.6367,0.0636,0.1091,0.0545,0.5273,0.1091,0.0545,0.0636,0.0182,170.4163,124.3262,0.0210,14.9026,4.5925,20.3744,0.0039,0.0000,0.3640,0.3548,0.5169,6.0101,9.2752,2.3793,1.9164,3.5003,0.8088,0.1824,0.2362,0.1402,0.2287,0.0621,0.9992,-0.3647,0.4386,7.4612,18.0576,0.0356,0.9939,1.4123,-17.6960,5.6117,0.0000,0.0000,0.7727,0.0154,4252.7131,21.9691,232.8875,0.2959,0.3513,0.0000,0.8056,0.3967,29.6302,-31.9127
39.8732,ASCEND,ASCEND,2.1508,0.0005,6.6652,13.2808,0.5833,0.3854,7.4734,3.9265,7.5422,20.2818,110.0000,0.0006,161.3899,61.3137,7.4734,0.0729,0.1146,0.0417,0.5000,0.0729,0.0938,0.0833,0.0208,172.0980,124.4353,0.0227,14.5851,4.4047,19.8522,0.0027,0.0000,0.3530,0.3251,0.5218,5.9650,8.7691,2.0706,1.2858,3.8102,0.6820,0.4143,0.0857,0.1888,0.2130,-0.0202,0.9990,0.3016,0.1626,7.5324,17.9282,0.0588,0.9647,-1.2879,-12.1229,9.1972,-0.0001,-0.0000,0.7604,0.0149,4073.6300,21.6889,231.6658,0.2742,0.3831,0.0000,0.8944,0.3133,29.3736,24.2968
39.9149,ASCEND,ASCEND,1.7705,0.0001,6.7206,12.9681,0.5300,0.4700,6.7922,2.7888,7.2558,19.8894,101.0000,0.0006,168.6785,60.1692,6.7922,0.0400,0.0600,0.1100,0.4800,0.0900,0.0700,0.1400,0.0100,171.7888,126.2946,0.0165,14.1906,4.4646,19.8048,0.0025,-0.0000,0.3680,0.2987,0.4853,5.9808,8.1584,2.7480,1.7718,3.4082,0.6761,0.1353,0.8227,0.0954,0.0215,0.1074,0.9996,-0.3854,0.7146,6.6850,17.8249,0.0429,1.0269,-0.7363,-18.1789,5.6571,-0.0000,0.0001,0.7900,0.0160,4133.3720,21.9828,232.2262,0.2766,0.3921,0.0000,0.8944,0.3167,31.6570,34.8651
39.9566,ASCEND,ASCEND,2.0608,0.0000,6.6563,12.4561,0.5000,0.4091,6.4471,0.9941,7.1315,19.3657,97.0000,0.0006,167.5388,50.8854,6.4471,0.1250,0.0455,0.0227,0.5114,0.0909,0.0909,0.0795,0.0341,183.1189,123.3187,0.0223,13.3468,4.2500,19.1958,0.0013,0.0000,0.3529,0.3212,0.5059,5.5826,7.7751,2.5801,1.7697,3.7740,0.8125,0.0979,0.0102,0.1835,0.1827,0.0198,0.9998,-0.1879,0.0966,6.4127,17.2714,0.0417,0.9919,1.6139,-15.5333,5.4842,0.0001,-0.0000,0.8409,0.0158,4004.8431,21.9524,235.7560,0.2591,0.4061,0.0000,0.8056,0.3700,32.2820,-64.5235
39.9983,ASCEND,ASCEND,1.3549,0.0005,5.8904,10.6857,0.5889,0.4111,6.1196,2.1756,6.6230,19.1913,97.0000,0.0006,164.0259,54.2944,6.1196,0.0444,0.0778,0.1000,0.4444,0.1444,0.0889,0.0778,0.0222,161.0762,135.8088,0.0270,12.7873,4.1428,20.1927,0.0018,0.0000,0.3390,0.3433,0.5123,5.9876,7.8154,2.2849,1.5763,3.8463,0.9411,0.3010,0.4200,0.0925,0.0427,0.0665,1.0003,-0.5452,0.2270,5.9856,17.4347,0.0272,0.9807,2.2784,-13.8737,6.0999,0.0001,-0.0001,0.8111,0.0167,4119.4783,22.2209,227.7916,0.2684,0.4080,0.0000,0.8944,0.3167,26.2746,-134.8674
40.0400,ASCEND,ASCEND,0.4130,0.0004,5.3545,8.7310,0.5542,0.4458,5.1656,0.3401,6.3739,19.1155,88.0000,0.0005,161.0337,58.6194,5.1656,0.1084,0.0964,0.0602,0.4217,0.1325,0.1084,0.0361,0.0361,143.0403,148.3167,0.0300,12.5808,4.1795,18.5364,0.0034,0.0000,0.3342,0.3421,0.5157,5.2661,8.1804,3.2475,1.4648,3.5713,0.7594,0.4302,0.3209,0.0872,0.4173,0.0168,0.9999,-0.1107,0.1283,5.1459,17.4456,0.0150,0.9622,-1.3150,-10.0642,7.5487,-0.0001,-0.0000,0.7831,0.0165,4157.3601,22.6977,238.8889,0.2726,0.4123,0.0000,0.8944,0.3167,21.0318,-238.8582
40.0817,STABLE,ASCEND,0.0613,0.0007,4.4619,5.9764,0.6203,0.3797,4.2497,0.3256,5.7231,18.2330,105.0000,0.0006,163.0068,57.5570,4.2497,0.0886,0.0759,0.1772,0.4051,0.0506,0.0633,0.0380,0.1013,136.6006,161.7668,0.0359,12.1912,4.0938,18.0676,0.0015,0.0000,0.3173,0.3302,0.5050,5.1381,7.7264,4.1468,1.2650,3.3973,1.2383,0.9133,0.2158,0.0812,0.0136,0.1858,1.0000,-1.0365,0.9371,4.0327,14.8681,0.0053,0.9289,-0.8964,-9.2394,11.0384,-0.0001,-0.0001,0.7848,0.0177,4272.1167,23.6560,240.5739,0.3028,0.4004,0.0000,0.8944,0.3200,6.3499,-398.3263
40.1234,DESCEND,ASCEND,-0.8997,0.0008,5.6912,6.5855,0.5730,0.4270,5.8352,4.2410,5.9485,17.1666,101.0000,0.0006,155.9726,57.4757,5.8352,0.0674,0.1011,0.2697,0.3820,0.0449,0.0112,0.0449,0.0787,138.2510,169.6066,0.0627,12.6362,4.4135,17.6953,0.0018,0.0000,0.3261,0.3669,0.5064,4.6013,7.6160,5.7486,1.9125,3.8034,2.1282,0.6615,0.4331,0.2109,0.4657,-0.0586,0.9996,0.3209,-0.0207,5.9076,16.5822,-0.0100,0.9989,0.5073,-14.6994,8.2471,0.0000,0.0000,0.7191,0.0173,4330.8261,23.5692,226.4307,0.3066,0.3875,0.0000,0.8944,0.3200,-12.1953,-470.2313
40.1651,DESCEND,ASCEND,-0.8241,0.0002,5.7891,6.8905,0.5294,0.4706,5.6283,2.1283,6.2791,19.0415,106.0000,0.0006,153.5523,55.9784,5.6283,0.0824,0.1294,0.2235,0.3176,0.0588,0.0706,0.0824,0.0353,138.1704,174.2682,0.0650,13.0301,4.5746,18.3499,0.0026,0.0000,0.3235,0.3771,0.5119,4.1839,7.3828,6.1944,2.6571,4.1432,2.9250,0.4525,0.0855,0.1588,0.3194,0.1131,1.0006,-0.7307,0.2764,5.4921,17.0463,-0.0173,0.9884,-0.2998,-6.0689,5.5327,-0.0000,0.0000,0.6706,0.0176,4424.8068,23.9252,217.1841,0.3154,0.3828,0.0000,0.8944,0.3200,-32.8753,-438.5254
40.2068,DESCEND,ASCEND,-1.6104,-0.0010,5.5415,5.0506,0.4409,0.5591,5.8988,5.4344,5.6680,18.7208,111.0000,0.0006,157.2762,59.3812,5.8988,0.1183,0.1075,0.2903,0.2688,0.0753,0.0538,0.0215,0.0645,134.8298,184.2013,0.1329,14.1230,4.7362,18.0703,0.0033,0.0000,0.3285,0.3837,0.5039,4.9090,7.4577,6.9583,3.3561,4.2625,3.7645,0.3265,0.4753,0.2060,0.3652,1.1571,0.9972,-5.6021,5.5570,4.7870,15.1130,-0.0197,1.0051,1.6633,-10.5192,5.3231,0.0001,-0.0000,0.7097,0.0178,4483.5463,24.6393,224.2347,0.3261,0.3851,0.0000,0.8944,0.2967,-48.7756,-378.0972
40.2485,DESCEND,ASCEND,-2.0108,-0.0002,4.8502,3.5267,0.4419,0.5581,4.7422,0.5545,5.7866,17.3271,117.0000,0.0007,160.9553,55.5914,4.7422,0.0814,0.0814,0.3721,0.2093,0.0581,0.0581,0.1163,0.0233,137.9212,188.4345,0.1195,14.7431,4.9768,20.8660,0.0031,0.0000,0.3315,0.3659,0.5058,4.2329,7.3257,7.3540,3.9897,4.0610,4.7070,0.4352,0.0651,0.1892,0.1694,-0.0048,1.0011,-0.1710,-0.3214,4.8327,16.2854,-0.0293,0.9988,1.7589,-7.7376,5.1331,0.0001,-0.0000,0.8372,0.0193,4663.5393,25.3367,224.7310,0.3456,0.3778,0.0000,0.8944,0.3167,-64.4149,-293.0182
40.2903,DESCEND,ASCEND,-3.1498,-0.0013,5.8010,3.7734,0.3861,0.6139,6.4918,6.9583,6.0834,18.1927,179.0000,0.0010,154.7677,59.5668,6.4918,0.0495,0.0990,0.4653,0.1881,0.0594,0.0198,0.0495,0.0693,137.7370,189.4803,0.2436,14.8151,5.1791,17.9586,0.0030,0.0000,0.3350,0.3723,0.5027,3.8590,7.5075,7.6896,5.1543,3.3724,5.9840,0.9469,0.1008,0.3851,0.2567,-1.7131,0.9958,-4.1338,4.7215,8.7927,20.6803,-0.0137,0.9904,2.1147,-6.0549,4.9797,0.0001,-0.0001,0.7327,0.0219,4787.2379,26.6825,233.2563,0.3676,0.3710,0.0000,0.8944,0.3100,-73.2182,-135.8239
40.3320,DESCEND,ASCEND,-4.3892,-1.9361,6.1219,3.0494,0.2979,0.7021,7.7497,8.8195,5.8801,18.0843,174.0000,0.0010,155.6598,61.5816,7.7497,0.0709,0.0426,0.5035,0.2270,0.0426,0.0496,0.0426,0.0213,134.4186,194.4834,0.3896,14.9465,5.2979,17.8048,0.0035,0.0000,0.3409,0.3770,0.5105,4.5018,7.5356,7.3668,5.7878,4.3347,6.3289,1.3138,0.4858,0.7507,0.4996,-1.6228,0.9930,-3.7698,4.8113,6.8734,18.9788,-0.0091,0.9953,1.7621,-7.8646,5.6322,0.0001,0.0000,0.7801,0.0225,4941.7723,27.5477,235.3272,0.3937,0.3578,0.0000,0.8944,0.3100,-75.7448,-28.0074
40.3737,DESCEND,ASCEND,-4.3291,-1.6973,6.4129,4.2180,0.3187,0.6813,8.3591,9.1870,5.6903,16.2279,228.0000,0.0013,150.0629,62.0639,8.3591,0.0563,0.0688,0.4437,0.3312,0.0125,0.0375,0.0187,0.0312,139.6324,185.2439,0.5934,14.4894,5.3190,16.0211,0.0040,0.0000,0.3318,0.3602,0.5137,4.8354,7.4841,7.2593,6.0707,5.6283,7.0583,1.4340,0.3252,0.8374,0.3785,-1.5079,0.9948,-4.7453,4.5012,5.9906,18.0287,-0.0130,0.9979,1.4466,-3.6517,3.6563,0.0000,-0.0000,0.6750,0.0238,5029.4431,28.6047,236.4060,0.4234,0.3527,0.0000,0.8944,0.3100,-75.5545,80.2085
40.4154,DESCEND,ASCEND,-3.1239,-0.4318,7.2180,8.5625,0.4000,0.6000,8.6890,10.2069,5.7070,16.6123,249.0000,0.0014,146.2597,66.2003,8.6890,0.0650,0.0400,0.2950,0.4800,0.0150,0.0400,0.0400,0.0250,147.7187,175.8926,0.7538,14.3384,5.4533,16.6140,0.0053,0.0000,0.3223,0.3840,0.5024,4.3480,7.6218,7.6894,6.3119,6.8416,8.5248,1.3792,0.1782,0.6085,0.3247,-1.4075,0.9964,-6.1078,3.8441,5.8127,18.3387,-0.0027,0.9968,1.3568,-4.4423,3.3707,0.0000,-0.0000,0.6800,0.0241,5104.2470,29.3773,233.3257,0.4394,0.3352,-24.0755,0.2278,0.3432,-69.0541,199.7703
40.4571,DESCEND,ASCEND,-2.0384,-0.0004,8.1022,11.9420,0.4652,0.5348,8.8896,10.6263,5.7459,15.4813,239.0000,0.0014,141.3357,62.9965,8.8896,0.0478,0.0478,0.1217,0.6609,0.0304,0.0261,0.0391,0.0261,160.7029,163.1036,0.6291,14.3167,5.5737,15.8510,0.0040,-0.0000,0.3533,0.3852,0.4868,4.9661,7.6565,7.6333,6.2000,7.5562,9.3933,1.2710,0.8281,0.4955,0.0454,-1.4169,0.9960,-6.6268,3.0741,5.3185,18.4846,-0.0028,0.9914,1.1444,-5.0014,2.9806,-0.0000,-0.0000,0.7087,0.0247,4999.1198,29.7098,241.1583,0.4341,0.3284,-45.0000,0.2944,0.4525,-58.8903,334.0023
40.4988,DESCEND,ASCEND,-2.0115,-0.0003,8.5209,11.9807,0.4673,0.5327,8.8404,10.9737,5.8549,17.1869,272.0000,0.0016,139.3045,58.0736,8.8404,0.0201,0.0452,0.0804,0.7085,0.0603,0.0402,0.0402,0.0050,171.6622,153.2215,0.8134,14.4212,5.6424,16.2112,0.0039,0.0000,0.3542,0.3995,0.5047,4.9819,7.8153,7.6992,6.4629,8.2084,9.5333,1.4320,0.4920,0.8183,0.0934,-1.1769,0.9964,-8.5642,2.4971,5.8898,17.7064,-0.0126,0.9942,1.1991,-6.1235,1.7510,-0.0000,-0.0000,0.6834,0.0270,5191.9757,30.7334,248.8831,0.4696,0.2866,-35.0419,0.3000,0.6270,-41.1928,424.7233
40.5405,DESCEND,ASCEND,-0.3769,0.0006,9.3686,13.6229,0.5350,0.4650,9.5361,12.1995,5.9172,16.5783,259.0000,0.0015,139.5393,60.2167,9.5361,0.0329,0.0329,0.0782,0.7366,0.0370,0.0288,0.0288,0.0247,179.6911,148.5878,0.9749,14.8524,5.8979,16.6480,0.0065,0.0000,0.3760,0.4223,0.5158,5.6043,8.0575,7.9577,6.6087,9.1135,10.1644,1.4794,0.9259,1.1027,0.0674,-1.2608,0.9982,-9.5361,0.6795,5.4456,18.0855,-0.0051,0.9969,1.2421,-7.4568,-0.0437,-0.0000,-0.0000,0.7037,0.0279,5162.8823,30.6364,253.1401,0.4587,0.2801,-34.9669,0.3028,0.6223,-23.4613,438.4399
40.5822,ASCEND,ASCEND,0.1694,0.0001,9.9657,14.4661,0.5268,0.4732,10.0480,12.8798,6.2104,17.7605,263.0000,0.0015,138.8603,58.7538,10.0480,0.0134,0.0446,0.0446,0.6562,0.1205,0.0223,0.0536,0.0446,193.9714,146.8631,0.8942,15.3915,6.1251,17.5211,0.0083,0.0000,0.3969,0.4646,0.5042,5.7863,8.2007,8.0423,6.5543,9.3643,10.2685,1.3324,0.9334,1.6105,0.0093,-1.4652,0.9978,-9.8309,-1.3044,5.7444,19.2032,-0.0042,0.9974,1.2880,-8.1264,-1.6540,-0.0000,0.0000,0.7143,0.0266,5189.8751,30.0644,243.0372,0.4576,0.2745,-35.0137,0.3444,0.7204,-4.6196,403.3586
40.6239,ASCEND,ASCEND,0.1391,-0.0001,17.6738,30.3344,0.4962,0.5038,16.9384,21.7325,13.6914,37.5355,200.0000,0.0012,139.2532,66.9312,16.9384,0.0226,0.0526,0.0301,0.4361,0.1955,0.1128,0.1128,0.0376,201.5127,153.0113,2.1493,31.9191,11.3820,35.6410,0.0205,0.0000,0.6752,0.8276,0.5218,13.0200,13.9398,16.7822,7.5268,18.2155,18.2834,3.0710,0.9544,0.6763,0.9070,-3.6354,1.0087,-24.2132,-9.9993,20.4739,45.0202,-0.0083,1.0043,3.4838,-17.4164,-9.0743,0.0000,0.0000,0.5188,0.0237,5234.5557,29.4366,249.7383,0.4929,0.2599,-28.9024,0.3167,0.7311,10.1855,259.6072
40.6656,ASCEND,ASCEND,1.1972,0.0001,9.5955,15.8460,0.5230,0.4770,9.6570,12.0532,6.5539,18.4562,197.0000,0.0011,138.1296,60.9829,9.6570,0.0115,0.0517,0.0402,0.4770,0.2471,0.0862,0.0517,0.0345,205.2949,152.8400,0.7976,16.2160,6.2920,18.9876,0.0101,0.0000,0.4369,0.5376,0.5094,5.9678,7.7291,9.0540,5.8588,11.1400,10.2349,0.8794,1.6535,0.6740,0.0392,-2.1041,0.9989,-9.5993,-5.5853,7.6602,21.8082,0.0011,0.9989,1.9459,-7.7210,-5.9080,-0.0000,0.0000,0.6437,0.0216,5274.6099,28.8563,243.5520,0.4909,0.2508,-25.9744,0.2639,0.7230,17.0360,89.1215
40.7073,ASCEND,ASCEND,1.3011,0.0020,9.5784,15.2024,0.5325,0.4675,9.8514,12.1678,6.4175,24.7316,203.0000,0.0012,135.7367,60.0871,9.8514,0.0355,0.0473,0.0414,0.5030,0.2308,0.0533,0.0769,0.0118,202.8091,154.5527,0.6898,15.6325,6.0657,20.0300,0.0104,0.0000,0.3995,0.5069,0.5207,6.0322,7.0604,8.8781,6.1001,10.9739,9.3146,0.7586,0.9637,0.4734,0.1071,-2.0743,0.9988,-9.1809,-4.6568,7.4141,21.7686,0.0021,1.0002,2.1202,-6.8151,-6.1397,-0.0000,0.0000,0.6627,0.0227,5276.7177,29.1453,246.0672,0.4956,0.2429,-21.9974,0.2028,0.5429,17.6197,-17.1313
40.7490,ASCEND,ASCEND,1.3764,0.0008,9.3907,15.0091,0.5325,0.4675,9.0167,11.5776,6.0600,17.5199,198.0000,0.0011,136.2280,57.7950,9.0167,0.0178,0.0355,0.0533,0.5385,0.1953,0.0533,0.0769,0.0296,217.1958,149.2078,0.5902,14.9407,5.7495,17.4587,0.0073,0.0000,0.3759,0.4559,0.5121,6.1598,6.0737,8.5631,5.8422,9.6182,8.5005,0.7428,1.8163,0.3594,0.0090,-2.1430,1.0004,-8.3064,-4.2417,6.7445,21.2195,-0.0023,0.9967,2.0453,-6.3850,-4.2408,-0.0000,0.0000,0.6805,0.0227,5280.8938,28.9328,245.1073,0.4952,0.2379,-23.8831,0.2806,0.7327,15.6070,-56.4267
40.7907,ASCEND,ASCEND,0.0549,0.0001,8.6847,13.4308,0.5059,0.4765,8.1590,11.1725,5.7631,16.2622,190.0000,0.0011,136.2018,58.2588,8.1590,0.0353,0.0294,0.1235,0.5294,0.1294,0.0588,0.0471,0.0471,213.7032,151.2359,0.4210,13.8593,5.3713,16.3431,0.0057,0.0000,0.3355,0.3886,0.5127,5.4608,5.4008,8.2357,6.1283,8.6982,7.6489,0.7440,1.1326,0.1648,0.0037,-2.0887,1.0002,-7.0764,-3.0791,6.6551,20.3776,-0.0057,1.0029,2.2385,-4.8242,-4.6697,-0.0000,0.0000,0.6647,0.0224,5293.7262,29.2500,250.8413,0.5066,0.2355,-29.8422,0.3139,0.7302,12.9128,-109.2888
40.8325,STABLE,ASCEND,0.1635,0.0001,8.0516,12.1934,0.5141,0.4859,7.5928,10.4917,5.3477,14.9908,205.0000,0.0012,137.9376,57.7798,7.5928,0.0339,0.0508,0.2034,0.4859,0.0904,0.0452,0.0678,0.0226,221.1775,145.6544,0.5746,13.0115,5.0328,15.0841,0.0047,0.0000,0.2976,0.3650,0.5022,5.0379,4.3777,8.1594,6.2845,7.8273,7.2076,1.2271,0.8089,0.1447,0.0728,-2.0119,0.9988,-5.4355,-1.6938,6.0884,19.0064,-0.0092,0.9895,2.0149,-1.8834,-2.4416,-0.0000,-0.0000,0.6723,0.0222,5244.8441,29.2229,247.5862,0.4963,0.2354,-20.8929,0.2639,0.6636,6.4904,-139.6293
40.8742,DESCEND,ASCEND,-0.4862,0.0001,7.5717,11.1986,0.5156,0.4844,7.4104,9.7687,4.9804,14.5157,223.0000,0.0013,136.6727,57.2133,7.4104,0.0469,0.0417,0.2865,0.4635,0.0469,0.0312,0.0417,0.0417,218.2458,145.5565,0.4854,12.4673,4.7875,14.5427,0.0035,0.0000,0.2760,0.3207,0.5145,4.6164,3.8802,8.2974,6.1049,7.2090,6.8242,1.0530,0.5996,0.1857,0.0964,-1.7003,0.9987,-4.8450,0.4733,5.1748,17.2756,-0.0120,0.9951,1.8767,-2.2617,-1.0030,-0.0000,-0.0000,0.6979,0.0225,5230.1012,29.3755,248.1080,0.4944,0.2304,-24.0151,0.2944,0.7371,1.2654,-130.9469
40.9159,DESCEND,ASCEND,-0.7486,-0.0001,7.1597,10.2403,0.4833,0.5167,7.2759,9.3058,4.8323,13.7854,219.0000,0.0013,138.8743,57.4008,7.2759,0.0335,0.0383,0.3876,0.4019,0.0431,0.0335,0.0335,0.0287,215.7551,144.8053,0.8128,12.4113,4.6990,13.7192,0.0035,0.0000,0.2691,0.3253,0.5033,4.7765,3.5090,8.3182,6.2653,7.0027,7.1191,1.7522,0.4802,0.2356,0.3566,-1.5779,0.9988,-4.2245,1.5133,4.8043,16.0465,-0.0131,0.9849,1.6651,0.1582,0.3652,-0.0000,-0.0000,0.7081,0.0230,5178.4630,29.7854,251.0567,0.4899,0.2251,-26.9958,0.3361,0.5948,-4.4327,-136.4583
40.9576,DESCEND,ASCEND,-0.5483,0.0003,7.2261,10.5764,0.5343,0.4657,7.2802,9.4093,4.8927,13.9886,247.0000,0.0014,135.6869,57.5557,7.2802,0.0392,0.0294,0.3627,0.4314,0.0490,0.0294,0.0441,0.0147,217.2031,142.7892,0.7422,12.4540,4.7738,13.9245,0.0037,0.0000,0.2665,0.3204,0.5021,5.1121,3.5301,8.2852,6.8481,7.1146,7.5767,1.4738,0.4080,0.3678,0.2221,-1.6718,0.9979,-3.6545,1.2595,4.7266,16.0544,-0.0125,1.0164,1.4801,-14.2013,2.9837,0.0000,0.0001,0.7794,0.0238,5132.1648,30.2079,254.5027,0.4877,0.2256,-34.9427,0.3528,0.6344,-10.1175,-103.8455
40.9993,DESCEND,ASCEND,-0.2878,0.0001,7.1930,10.6982,0.5302,0.4698,7.2751,9.1647,4.8332,14.0192,255.0000,0.0015,136.6097,57.8115,7.2751,0.0431,0.0388,0.3836,0.4095,0.0259,0.0431,0.0259,0.0302,216.6217,140.7884,0.7938,12.0216,4.7323,13.3426,0.0041,0.0000,0.2652,0.3199,0.5205,4.9301,3.5211,8.4233,6.4023,7.1209,7.7823,1.5601,0.4064,0.4768,0.2755,-1.4728,0.9988,-4.4411,1.6776,4.4014,15.9605,-0.0127,0.9943,1.5281,-2.0550,0.9121,-0.0000,-0.0000,0.7284,0.0241,5144.5310,30.2155,248.3000,0.4864,0.2205,-24.0151,0.2944,0.7371,-13.0951,-42.2133
41.0410,DESCEND,ASCEND,-0.1597,0.0003,7.3596,10.9142,0.5297,0.4703,7.5529,9.5381,4.7789,14.3953,259.0000,0.0015,134.8793,58.1223,7.5529,0.0212,0.0678,0.2966,0.5000,0.0339,0.0254,0.0297,0.0254,210.1834,143.7488,1.2846,12.4306,4.7905,13.9999,0.0034,0.0000,0.2836,0.3779,0.5075,4.2425,3.5974,8.3627,6.1447,7.3285,8.3867,1.9122,1.2946,0.4742,0.3401,-1.4735,0.9977,-4.7099,1.5440,4.6927,16.3049,-0.0100,0.9944,1.5083,-2.4238,0.7264,-0.0000,-0.0000,0.7119,0.0246,5129.6537,30.8891,258.1931,0.4853,0.2166,-15.0916,0.3889,0.6145,-13.6388,3.4035
41.0827,DESCEND,ASCEND,-0.4959,-0.0002,7.4378,10.7787,0.4675,0.5325,7.7730,9.9332,4.7751,15.7885,283.0000,0.0016,135.3961,57.3963,7.7730,0.0325,0.0610,0.3008,0.5041,0.0366,0.0203,0.0244,0.0203,207.3741,146.6041,1.4564,12.4057,4.8295,13.8810,0.0042,0.0000,0.2792,0.3623,0.5061,3.0449,3.7153,8.4615,6.6208,7.4094,8.7687,2.4938,0.4279,0.2676,0.3767,-1.4859,0.9991,-5.1033,1.0790,4.4461,15.8462,-0.0115,0.9914,1.4923,-2.2251,0.4783,-0.0000,-0.0000,0.7195,0.0255,5116.2485,31.2983,254.1353,0.4828,0.2148,-5.0080,0.3694,0.6491,-12.8112,-14.7668
41.1244,DESCEND,ASCEND,-0.5856,-0.0012,7.7683,11.4817,0.4636,0.5364,8.0863,10.1252,4.8218,14.1353,276.0000,0.0016,134.6868,57.7652,8.0863,0.0307,0.0498,0.2414,0.5747,0.0192,0.0192,0.0460,0.0192,207.5835,148.9719,1.8978,13.0436,5.0130,14.5009,0.0042,0.0000,0.2725,0.3693,0.5089,3.0170,3.9857,8.3349,7.2136,7.7195,9.5892,2.5754,0.9212,0.2173,0.3491,-1.7314,0.9986,-4.9031,0.0732,4.6336,16.8185,-0.0082,0.9960,1.6186,-2.8607,-0.2565,-0.0000,-0.0000,0.7203,0.0256,5123.2066,31.1088,246.2242,0.4822,0.2115,-16.8955,0.3806,0.7455,-14.8706,-33.8400
41.1661,DESCEND,ASCEND,-0.6753,-0.0001,8.1221,11.5557,0.4859,0.5141,8.4484,10.6201,5.1017,15.7704,290.0000,0.0017,130.5050,56.6120,8.4484,0.0241,0.0562,0.2008,0.6145,0.0241,0.0361,0.0201,0.0241,204.7788,151.7488,1.7103,13.5706,5.2791,15.2178,0.0046,0.0000,0.2842,0.3615,0.5024,3.5491,4.0911,8.3665,7.7258,8.1478,10.1480,2.9781,0.5824,0.4263,0.2378,-1.8341,0.9987,-5.0666,-0.2586,4.6288,18.0711,-0.0095,0.9744,1.5036,0.3396,0.4320,-0.0001,-0.0000,0.7430,0.0261,5100.1657,31.2945,246.1299,0.4813,0.2090,-16.8955,0.3750,0.7455,-15.6341,-25.0562
41.2078,DESCEND,ASCEND,-0.3890,0.0002,8.4805,12.5710,0.5056,0.4944,8.9188,11.0206,5.3140,15.9139,282.0000,0.0016,133.0414,57.4673,8.9188,0.0372,0.0335,0.2230,0.6022,0.0372,0.0223,0.0186,0.0260,214.2643,147.8982,1.3817,14.1716,5.5943,16.5507,0.0043,0.0000,0.2937,0.3409,0.5079,4.0496,4.1178,8.5176,7.6225,8.8331,10.7262,3.7546,0.5925,0.2766,0.1487,-1.9176,0.9982,-5.2155,-0.5144,4.6646,17.9739,-0.0103,0.9854,1.7313,-1.7025,-0.2863,-0.0000,-0.0000,0.7546,0.0265,5125.3254,31.8934,250.2995,0.4796,0.1998,-5.1479,0.3889,0.7430,-16.9607,-9.0002
41.2495,DESCEND,ASCEND,-0.6490,0.0001,8.7089,12.5968,0.5078,0.4922,9.3256,11.7564,5.5537,16.6810,274.0000,0.0016,128.2591,56.6134,9.3256,0.0234,0.0430,0.2109,0.6055,0.0430,0.0234,0.0312,0.0195,208.8550,151.8443,1.4732,14.8447,5.8185,16.4659,0.0042,0.0000,0.3043,0.3669,0.5140,4.0681,4.0807,8.7248,7.6513,9.1965,11.5962,4.1102,0.9640,0.4157,0.1648,-1.9368,0.9988,-5.5766,-0.2988,4.6127,18.6844,-0.0119,0.9775,1.7588,0.0098,-0.2712,-0.0000,-0.0001,0.7773,0.0273,5068.9148,32.1361,248.6374,0.4774,0.2028,-14.0362,0.3944,0.7422,-16.3848,-150.5908
41.2912,DESCEND,ASCEND,-0.5439,0.0094,9.0764,13.2086,0.5331,0.4669,9.8936,12.2162,5.5672,17.0343,307.0000,0.0018,127.2770,56.5517,9.8936,0.0311,0.0506,0.1712,0.6459,0.0233,0.0272,0.0272,0.0233,205.8106,154.1554,2.8495,15.1793,5.9486,17.1887,0.0036,0.0000,0.3376,0.4431,0.5031,4.2728,4.3571,9.1658,7.8777,9.2871,12.2942,5.1609,1.4207,0.7776,0.1233,-1.8522,0.9984,-6.0601,0.6188,4.6365,19.7543,-0.0109,0.9943,1.7994,-3.7900,0.0435,-0.0000,-0.0000,0.7626,0.0267,5024.5021,32.1063,241.5673,0.4685,0.2031,-4.8918,0.4528,0.7427,-29.5225,58.1228
41.3330,DESCEND,ASCEND,-0.8074,0.0002,9.1293,13.8645,0.5125,0.4875,10.1165,12.5218,5.8338,18.4567,296.0000,0.0017,130.8311,58.5289,10.1165,0.0323,0.0394,0.1792,0.6380,0.0251,0.0394,0.0143,0.0323,203.7695,157.6364,2.5086,15.7897,6.3037,18.2135,0.0057,0.0000,0.3529,0.4370,0.5052,4.6540,4.7142,9.5904,8.0817,9.2857,13.3996,5.4609,1.4711,0.7437,0.6018,-1.8013,0.9987,-6.6776,0.8833,4.9720,19.2524,-0.0087,0.9940,1.7344,-3.8193,0.4198,-0.0000,-0.0000,0.7419,0.0316,4939.5388,32.9949,258.2329,0.4632,0.2108,-4.8699,0.4194,0.7460,-11.5364,493.6081
41.3747,DESCEND,ASCEND,-0.3820,0.0009,9.7388,14.7057,0.5197,0.4803,10.6405,13.4361,6.2010,18.0566,322.0000,0.0019,129.5733,57.5802,10.6405,0.0179,0.0358,0.1290,0.7204,0.0179,0.0358,0.0251,0.0179,205.8645,157.7411,2.8551,16.6137,6.6875,18.2384,0.0049,0.0000,0.3628,0.4436,0.5066,4.4122,5.4803,10.2370,8.4754,9.3010,14.4004,6.4579,1.7993,1.0916,0.3077,-1.8888,0.9990,-7.5512,0.4660,5.3593,20.7548,-0.0075,0.9806,1.5491,-2.5863,1.0884,-0.0000,-0.0000,0.7527,0.0317,4918.0910,33.1559,256.6349,0.4591,0.2132,-19.9831,0.3833,0.5072,11.6527,582.3446
41.4164,ASCEND,ASCEND,0.5263,0.0153,10.3930,15.6225,0.5819,0.4181,11.4872,14.5403,6.5732,19.3151,313.0000,0.0018,128.3603,56.3202,11.4872,0.0209,0.0523,0.0523,0.7631,0.0279,0.0070,0.0488,0.0279,213.1707,152.8353,3.1998,17.2704,7.0733,18.8987,0.0065,-0.0000,0.3842,0.4683,0.4978,4.3875,6.2766,10.7724,8.3625,10.1088,15.3833,6.9924,2.1154,1.2500,0.0566,-1.5819,0.9986,-9.4971,1.0961,5.2170,20.8627,-0.0079,0.9966,1.5260,-7.1460,0.6599,-0.0000,-0.0000,0.7596,0.0316,4901.4991,33.3254,251.3677,0.4562,0.2172,-22.0059,0.3722,0.6939,37.0408,597.3073
41.4581,ASCEND,ASCEND,1.3104,0.3342,11.3123,17.0253,0.6170,0.3830,12.3660,15.8357,6.9620,19.7905,298.0000,0.0017,128.2084,54.9847,12.3660,0.0248,0.0390,0.0461,0.7872,0.0319,0.0248,0.0319,0.0142,216.4969,152.2198,4.6110,18.4051,7.5223,19.8178,0.0060,-0.0000,0.4150,0.5096,0.4968,4.6896,7.1648,11.6812,8.3290,11.8879,16.8282,7.5056,2.6773,1.6618,0.0434,-1.7528,0.9984,-10.5951,-0.2701,5.7610,22.5186,-0.0052,0.9974,1.3393,-9.8195,0.8282,-0.0000,-0.0000,0.7518,0.0304,4905.0054,33.4481,260.8289,0.4599,0.2071,-20.0485,0.3472,0.7487,61.4780,548.0438
41.4998,ASCEND,ASCEND,2.4170,0.2427,12.4233,18.6160,0.6196,0.3804,13.5385,17.0830,7.7315,21.5547,322.0000,0.0019,126.6400,53.2416,13.5385,0.0039,0.0196,0.0353,0.7843,0.0510,0.0314,0.0431,0.0314,229.1220,149.3466,4.2162,19.9642,8.1991,21.6179,0.0073,-0.0000,0.4290,0.5233,0.4912,5.8162,8.3333,12.5992,7.9786,12.9489,18.4519,7.5471,2.6844,1.3844,0.1251,-1.5678,0.9985,-13.2679,-0.9601,6.0747,23.2239,-0.0047,0.9995,1.3698,-11.3004,-0.8185,-0.0000,0.0000,0.7569,0.0302,4933.6882,33.4295,262.3363,0.4743,0.1968,-19.0829,0.3778,0.6525,82.7568,522.4144
41.5415,ASCEND,ASCEND,2.8935,0.3744,13.3091,20.1863,0.6030,0.3970,14.4841,18.2534,8.2887,24.2316,306.0000,0.0018,131.7546,54.9595,14.4841,0.0225,0.0337,0.0187,0.6592,0.1348,0.0337,0.0524,0.0449,234.5784,148.4514,4.2912,21.6045,8.7612,23.4109,0.0081,-0.0000,0.4505,0.5667,0.4963,6.5762,10.5766,13.8401,7.0519,13.6234,20.1239,7.5109,2.0862,1.0597,0.1174,-1.8123,0.9972,-14.2461,-3.4137,7.2148,25.8469,-0.0069,0.9966,1.4795,-12.4366,-2.6693,-0.0000,-0.0000,0.7378,0.0304,5011.4355,33.5340,269.9886,0.4907,0.1835,-15.9100,0.3361,0.7417,105.0561,488.1695
41.5832,ASCEND,ASCEND,13.2435,0.2462,18.2349,43.5201,0.6465,0.3535,20.2139,17.8271,19.6314,50.2212,272.0000,0.0016,152.3882,47.6993,20.2139,0.0808,0.0303,0.0707,0.3737,0.2323,0.0909,0.0808,0.0404,243.9985,151.3138,3.6196,31.9934,10.4364,47.5398,0.0083,-0.0000,0.5770,0.7574,0.4925,13.3628,10.6617,20.2626,3.0593,8.6088,22.3738,4.5255,0.7511,0.8232,1.1098,0.0958,1.0011,-0.7323,-0.1628,20.0673,45.8597,0.2103,1.1543,4.9704,-74.3247,-23.0152,0.0003,0.0002,0.4848,0.0304,5219.0233,32.4305,268.6233,0.6117,0.1385,-22.1194,0.4694,0.5577,123.4783,405.3537
41.6249,ASCEND,ASCEND,5.5952,2.1477,13.5850,23.1626,0.6089,0.3911,15.3730,19.6361,9.6010,25.5986,253.0000,0.0015,131.8353,58.6324,15.3730,0.0279,0.0447,0.0223,0.3855,0.3687,0.0391,0.0782,0.0335,238.5919,151.2061,2.7039,24.1531,9.7161,26.0067,0.0112,0.0000,0.5184,0.5909,0.5046,6.3695,12.7093,14.4005,7.3357,16.4122,20.8467,4.9939,1.3376,0.6707,0.2978,-2.2844,0.9967,-15.8671,-7.5941,9.9819,29.7496,-0.0013,1.0000,1.8525,-14.2604,-7.1236,-0.0000,0.0000,0.6816,0.0298,5289.2843,32.2016,268.1475,0.5950,0.1321,-25.9249,0.4389,0.5337,138.8694,281.6435
41.6666,ASCEND,ASCEND,5.1449,0.2382,12.7917,22.8817,0.5906,0.4094,14.1304,18.5184,9.8677,26.8105,262.0000,0.0015,132.0965,58.1252,14.1304,0.0351,0.0175,0.0409,0.3801,0.3626,0.0526,0.0760,0.0351,232.6393,153.2984,1.5492,23.5128,9.3011,25.5404,0.0086,0.0000,0.4960,0.6022,0.5090,6.9667,9.8981,13.2407,6.8994,15.9899,19.0827,3.6996,0.4504,0.3271,0.2440,-2.1662,0.9992,-16.5389,-6.9778,10.7422,29.1963,-0.0116,1.0071,1.9872,-14.6587,-7.6522,0.0000,0.0000,0.6374,0.0291,5379.6424,31.7213,267.7146,0.6021,0.1291,-13.6987,0.4306,0.5489,146.9721,111.3865
41.7083,ASCEND,ASCEND,4.5689,1.3231,13.0306,21.8930,0.6075,0.3925,13.9314,18.8427,9.0807,24.2455,257.0000,0.0015,133.5887,57.1400,13.9314,0.0269,0.0376,0.0269,0.4624,0.2581,0.0753,0.0914,0.0215,234.3683,152.9390,1.3731,22.3032,8.5613,24.0396,0.0100,0.0000,0.4828,0.6217,0.5054,6.2566,9.2630,12.5934,7.2439,13.3499,16.8205,2.1367,0.3815,0.5032,0.3300,-2.0069,0.9994,-15.9316,-5.4325,9.4775,28.1362,-0.0062,1.0028,2.0338,-13.3627,-6.6161,0.0000,0.0000,0.6667,0.0265,5416.5380,30.7516,257.8390,0.5884,0.1279,-23.1458,0.4167,0.4749,148.1609,0.6584
41.7500,ASCEND,ASCEND,4.8114,1.1454,12.3206,20.5003,0.6650,0.3350,12.8978,17.3618,8.7584,22.5214,233.0000,0.0013,138.1038,57.0555,12.8978,0.0305,0.0305,0.0305,0.5482,0.2030,0.0254,0.0914,0.0406,231.1938,152.0264,0.7275,20.8209,8.1312,23.7129,0.0110,0.0000,0.4548,0.5756,0.5080,5.7563,9.4823,12.0614,6.2630,12.7884,14.4386,1.6586,0.5623,0.1955,0.1040,-1.8430,0.9998,-15.0056,-3.8212,8.6581,25.6363,-0.0105,1.0023,1.7376,-12.8125,-4.6035,-0.0000,0.0000,0.6650,0.0263,5445.0681,29.9852,250.5526,0.5847,0.1260,-22.1803,0.4028,0.4680,147.0270,-143.3569
41.7918,ASCEND,ASCEND,5.8130,6.1836,11.2405,19.2863,0.6974,0.3026,12.2453,16.7975,8.2039,21.5547,235.0000,0.0014,141.4335,56.2014,12.2453,0.0103,0.0564,0.0308,0.6513,0.1128,0.0205,0.0872,0.0308,239.8305,147.8335,0.7061,19.2824,7.6066,21.2849,0.0101,0.0000,0.3991,0.5171,0.5116,5.5171,9.3372,11.4647,5.6999,12.2127,12.4045,1.7088,0.3863,0.1945,0.0673,-1.6433,0.9998,-14.0537,-2.0979,8.0497,23.8310,-0.0067,1.0070,1.6602,-12.1258,-3.6439,0.0000,0.0000,0.6769,0.0242,5422.4179,29.6368,252.8258,0.5757,0.1278,0.0000,0.8944,0.3100,136.2025,-327.8664
41.8335,ASCEND,ASCEND,5.1280,3.9090,10.6872,18.3677,0.6897,0.3103,11.2293,15.7528,8.0431,20.3903,231.0000,0.0013,145.5870,56.2716,11.2293,0.0591,0.0394,0.0345,0.6847,0.0591,0.0443,0.0690,0.0099,236.6229,143.9596,0.3178,18.3694,7.3064,20.3206,0.0098,0.0000,0.3945,0.5049,0.5136,4.3655,9.5310,10.5777,5.8767,11.0963,11.0791,1.6547,0.3197,0.0757,0.0412,-1.3251,0.9986,-13.6523,-0.1688,7.8795,22.1427,-0.0113,1.0002,1.2632,-11.2735,-1.4015,-0.0000,0.0000,0.6601,0.0227,5419.1944,29.2785,253.4892,0.5659,0.1278,-13.8912,0.5028,0.3193,119.6774,-477.4097
41.8752,ASCEND,ASCEND,5.1746,4.4270,10.4701,17.7918,0.6884,0.3015,11.1338,15.2113,7.6101,19.4316,233.0000,0.0013,148.2052,57.2945,11.1338,0.0452,0.0302,0.0452,0.6734,0.0352,0.0754,0.0503,0.0452,240.9436,138.3425,0.2639,17.6207,7.0564,19.3670,0.0085,0.0000,0.3844,0.5038,0.5093,4.1170,9.5189,10.2992,4.8914,11.7112,10.1771,1.6691,0.3394,0.1968,0.0263,-1.2007,0.9993,-13.3248,0.6711,7.3461,21.3256,-0.0081,0.9995,1.0683,-11.0891,-0.2146,-0.0000,0.0000,0.6683,0.0233,5381.7716,29.1261,256.1683,0.5590,0.1312,0.0000,0.8944,0.3100,96.3786,-162.5221
41.9169,ASCEND,ASCEND,4.4856,1.0439,10.0316,17.1570,0.6931,0.3069,10.6203,14.7397,7.4269,18.5759,222.0000,0.0013,146.5692,57.1321,10.6203,0.0347,0.0396,0.0396,0.7030,0.0347,0.0594,0.0594,0.0297,228.8569,138.3549,0.3211,17.1142,6.8168,18.2673,0.0073,0.0000,0.3905,0.4863,0.5063,4.3142,9.2244,10.4571,4.2083,11.6028,9.4300,1.6965,0.2734,0.1339,0.0235,-1.0867,0.9985,-12.9816,1.0987,7.2458,20.3760,-0.0096,1.0035,1.0277,-11.3872,-0.0110,0.0000,0.0000,0.6584,0.0229,5346.2697,29.1576,253.8606,0.5573,0.1283,0.0000,0.8944,0.3100,106.1204,109.5227
41.9586,ASCEND,ASCEND,4.3830,0.4023,9.8716,16.9756,0.6455,0.3545,10.3841,14.8594,7.5442,17.9951,214.0000,0.0012,145.1910,57.5227,10.3841,0.0582,0.0370,0.0582,0.6772,0.0317,0.0635,0.0423,0.0317,220.1179,138.2804,0.2488,16.9031,6.7021,18.5284,0.0077,0.0000,0.3911,0.4742,0.5214,4.4256,9.1038,10.8849,3.0676,11.9753,9.0474,1.3185,0.3913,0.1172,0.0076,-0.8235,0.9993,-13.7292,1.6787,7.3115,19.3100,-0.0087,1.0014,0.9001,-11.4454,0.2703,0.0000,-0.0000,0.6402,0.0232,5304.5351,29.0616,255.7149,0.5550,0.1302,0.0000,0.8944,0.3067,105.5146,-51.1523
42.0003,ASCEND,ASCEND,4.3928,0.0463,9.7794,16.8354,0.6229,0.3771,10.2849,14.8513,7.6084,18.2814,217.0000,0.0013,142.1944,56.5686,10.2849,0.0571,0.0286,0.0457,0.6971,0.0229,0.0343,0.0514,0.0629,218.1754,142.7795,0.2871,16.7349,6.5764,17.9293,0.0102,0.0000,0.3890,0.4896,0.5077,5.2081,8.1124,10.8695,3.3523,11.1355,8.6979,0.9009,0.3269,0.2269,0.0278,-0.8012,0.9983,-13.6205,1.4862,7.2228,19.1930,-0.0026,0.9882,-0.1410,-25.2706,6.6266,-0.0000,-0.0000,0.7371,0.0229,5309.1569,28.4948,247.9089,0.5618,0.1296,0.0000,0.8944,0.3067,101.8534,-94.8282
42.0420,ASCEND,ASCEND,2.4433,0.0009,9.4948,16.3240,0.5730,0.4270,9.7478,14.3046,7.3241,20.5734,202.0000,0.0012,141.8356,56.5501,9.7478,0.0486,0.0649,0.0811,0.6378,0.0324,0.0432,0.0649,0.0270,206.0653,145.0405,0.3358,16.2967,6.3708,17.4807,0.0094,0.0000,0.4034,0.5104,0.5134,5.3928,8.1373,10.5963,2.9013,11.3932,8.2000,0.7051,0.3969,0.2172,0.0093,-0.8399,1.0003,-13.5657,0.6723,7.8140,18.9306,-0.0112,0.9871,-0.2025,-21.4049,7.3586,0.0000,-0.0001,0.6486,0.0223,5355.3384,28.2627,258.2792,0.5659,0.1315,0.0000,0.8944,0.3067,97.6043,-111.9615
42.0837,ASCEND,ASCEND,3.3567,0.5532,9.1360,15.9109,0.6384,0.3616,9.9250,14.2460,7.0160,17.8797,199.0000,0.0012,142.4554,56.4552,9.9250,0.0226,0.0169,0.0282,0.6667,0.0621,0.0508,0.0847,0.0678,208.1853,143.1082,0.3817,15.9046,6.1479,17.3831,0.0114,0.0000,0.3946,0.5189,0.5071,5.0049,8.1022,10.5001,2.7890,10.7679,7.6072,0.5148,0.2948,0.1993,0.0713,-0.7392,0.9989,-13.3846,0.8194,7.0830,18.7609,-0.0021,1.0011,0.7661,-11.4660,-0.2036,-0.0000,0.0000,0.6271,0.0223,5395.4914,27.7311,252.8904,0.5678,0.1325,0.0000,0.8944,0.2967,92.5140,-85.1323
42.1254,ASCEND,ASCEND,3.9152,0.1450,8.1180,15.4674,0.6648,0.3352,9.1244,12.9686,6.7772,16.6160,189.0000,0.0011,148.7194,55.9530,9.1244,0.0391,0.0335,0.1006,0.6369,0.0838,0.0670,0.0223,0.0168,216.1418,140.2625,0.2971,15.2674,5.8667,16.5045,0.0116,0.0000,0.3817,0.4785,0.5172,4.3228,7.7209,9.5076,3.0462,10.1929,6.7000,0.5871,0.1779,0.2272,0.0957,-0.7486,1.0006,-13.0896,0.0331,7.1420,17.5036,-0.0046,1.0137,0.2835,-22.7523,1.8946,0.0000,0.0000,0.6983,0.0214,5458.9491,27.3585,249.2914,0.5691,0.1376,0.0000,0.8944,0.2967,90.5029,-52.5300
42.1671,ASCEND,ASCEND,5.2808,1.8651,6.4524,14.4759,0.6761,0.3239,8.2304,11.8357,6.3780,15.6083,171.0000,0.0010,156.2128,50.4356,8.2304,0.0282,0.0211,0.0423,0.5775,0.0563,0.0915,0.1197,0.0634,222.8293,136.7783,0.2563,14.2863,5.4672,15.7448,0.0108,0.0000,0.3780,0.4528,0.5081,4.1983,7.4869,8.2933,2.6632,9.6971,5.6285,0.2418,0.4493,0.3150,0.3388,-0.7656,1.0034,-12.5475,-0.2902,7.2914,16.6615,-0.0048,0.9703,-0.8792,-11.3245,5.5918,-0.0001,-0.0001,0.6690,0.0212,5260.1268,26.4104,238.8297,0.5698,0.1831,0.0000,0.8944,0.2933,88.1321,-64.8929
42.2088,ASCEND,ASCEND,3.9538,0.7530,6.9793,13.7984,0.7383,0.2617,7.8851,11.4054,5.9228,14.8298,172.0000,0.0010,154.6690,50.2244,7.8851,0.0470,0.0537,0.0671,0.6577,0.0403,0.0470,0.0604,0.0268,225.5085,137.2915,0.2476,13.5112,5.2095,15.0543,0.0111,0.0000,0.3521,0.4108,0.5170,4.5309,7.0221,8.1492,3.4260,8.7349,5.0778,0.1091,0.3659,0.1983,0.2655,-0.6742,1.0019,-11.7720,0.0581,6.5659,15.5056,-0.0055,1.0098,0.2448,-20.4538,2.9559,0.0000,-0.0001,0.7919,0.0236,5341.0860,27.7624,275.3381,0.5621,0.1910,0.0000,0.8944,0.3000,85.0897,-68.3641
42.2505,ASCEND,ASCEND,2.8259,0.1400,6.7293,12.1070,0.7436,0.2564,7.0504,10.2677,5.3742,12.9954,166.0000,0.0010,153.5936,51.5907,7.0504,0.0385,0.0513,0.1026,0.5962,0.0641,0.0577,0.0577,0.0321,221.7209,134.1190,0.1054,12.1399,4.7645,12.9963,0.0105,0.0000,0.3078,0.3450,0.5129,4.2310,7.0515,7.5771,2.9188,7.8205,4.4557,0.0867,0.1205,0.0733,0.4287,-0.6943,1.0011,-10.2629,-0.1248,5.8070,14.2013,-0.0082,1.0079,0.4921,-15.5992,0.7845,0.0000,0.0000,0.8397,0.0238,5395.7650,27.5608,286.8955,0.5595,0.1923,0.0000,0.8944,0.3067,82.4294,-85.7581
42.2922,ASCEND,ASCEND,3.4249,1.5244,5.8893,11.5442,0.5956,0.4044,6.4311,9.3098,5.0131,12.5398,188.0000,0.0011,156.2622,48.6742,6.4311,0.0294,0.0294,0.0441,0.6324,0.0735,0.0809,0.0956,0.0147,221.8506,132.6466,0.2340,11.4647,4.4154,13.1371,0.0082,-0.0000,0.2916,0.3410,0.4995,3.6875,6.6008,6.8971,2.7043,7.1748,3.8737,0.1700,0.1836,0.2484,0.3150,-0.7965,1.0016,-9.3619,-0.2477,6.0059,14.2548,-0.0021,1.0208,0.4727,-18.9632,1.3501,0.0000,-0.0000,0.8897,0.0217,5161.5994,26.9736,276.4059,0.5263,0.2393,0.0000,0.8944,0.3133,77.9361,-88.2476
42.3340,ASCEND,ASCEND,2.6830,1.2121,5.7529,10.1373,0.7062,0.2938,6.1697,8.2465,4.2577,11.1133,186.0000,0.0011,153.7863,53.2256,6.1697,0.0395,0.0847,0.0734,0.6610,0.0678,0.0339,0.0226,0.0169,232.5555,124.9282,0.0746,10.0014,3.8926,11.0652,0.0066,0.0000,0.2493,0.2623,0.5310,3.6540,5.6170,6.1144,2.7793,6.0631,3.1082,0.1137,0.0526,0.0707,0.2420,-0.8752,0.9993,-7.3930,-0.1711,4.7064,13.0930,-0.0038,1.0029,0.4952,-11.8483,1.4369,0.0000,-0.0000,0.8757,0.0222,5219.1021,27.1045,289.1889,0.5199,0.2352,0.0000,0.8944,0.3133,75.0681,-155.1482
42.3757,ASCEND,ASCEND,2.6706,2.0773,5.2532,9.3985,0.7356,0.2644,5.5313,7.2250,3.9340,10.2208,187.0000,0.0011,159.3173,54.6265,5.5313,0.0230,0.0402,0.1092,0.6379,0.0747,0.0632,0.0172,0.0345,244.7291,118.2590,0.0554,9.3420,3.5827,10.5689,0.0057,0.0000,0.2347,0.2484,0.5250,3.2415,5.0767,5.3624,2.4397,5.7589,2.5903,0.3151,0.0882,0.0457,0.0745,-0.9951,0.9993,-6.3309,-0.4335,4.5593,12.8739,-0.0057,0.9825,0.2047,-8.5474,3.0532,-0.0000,-0.0000,0.9138,0.0209,5271.8258,26.6286,277.2569,0.5217,0.2359,0.0000,0.8944,0.3200,64.9941,-249.0936
42.4174,ASCEND,ASCEND,2.3267,1.4339,4.9680,9.1340,0.7200,0.2800,4.9925,6.2492,3.6946,10.7829,191.0000,0.0011,156.9694,56.0237,4.9925,0.0343,0.0743,0.0686,0.6000,0.0743,0.0571,0.0686,0.0229,235.8571,117.4679,0.0526,8.7453,3.2923,10.5274,0.0040,0.0000,0.2115,0.2190,0.5086,2.9353,4.3889,4.9272,1.9295,5.3586,2.3302,0.2806,0.0385,0.0582,0.3843,-1.1962,1.0001,-5.1963,-0.9810,4.3881,12.6866,-0.0076,0.9924,0.7569,-9.6313,2.5738,0.0000,-0.0001,0.8800,0.0217,5297.9609,26.6556,274.3718,0.5174,0.2352,0.0000,0.8944,0.3167,54.2895,-243.9018
42.4591,ASCEND,ASCEND,1.7857,0.8444,4.5662,7.9307,0.7086,0.2914,4.5862,5.3124,3.2089,9.2610,182.0000,0.0011,153.1820,55.5785,4.5862,0.0457,0.0571,0.1314,0.6057,0.0686,0.0686,0.0057,0.0171,228.5883,119.0750,0.0759,7.9225,2.9335,9.3120,0.0032,-0.0000,0.1936,0.2179,0.4973,2.8074,3.9078,4.6542,2.0184,4.8570,1.9069,0.5994,0.0582,0.0663,0.2288,-1.2624,0.9991,-3.9988,-0.9639,4.0614,12.1301,-0.0078,1.0050,0.5221,-11.0056,2.3164,0.0000,-0.0000,0.9086,0.0220,5347.0899,26.7598,275.8087,0.5167,0.2340,0.0000,0.8056,0.3767,44.6487,-178.0889
42.5008,ASCEND,ASCEND,2.1137,0.6847,4.7329,7.2683,0.6601,0.3399,3.9013,4.2315,4.2655,42.5491,177.0000,0.0010,157.7230,49.9813,3.9013,0.0458,0.0392,0.0719,0.5752,0.1176,0.0588,0.0327,0.0588,217.1740,123.3963,0.0911,7.1286,2.6592,9.6007,0.0030,-0.0000,0.1996,0.2242,0.4979,4.8489,3.4000,3.8837,2.0606,4.3679,1.6684,0.5531,0.2346,0.0553,0.0790,-1.1993,1.0015,-3.4272,-0.9458,4.4717,11.3728,-0.0000,0.9959,0.5168,-5.8786,2.2893,0.0000,-0.0001,0.9020,0.0213,5140.1916,26.2028,276.5621,0.4840,0.2663,0.0000,0.8944,0.3233,39.4340,-138.3387
42.5425,ASCEND,ASCEND,1.1289,0.4321,3.5293,6.2302,0.6875,0.2557,3.5061,3.7559,2.6436,8.2363,179.0000,0.0010,158.0069,54.4763,3.5061,0.0852,0.0625,0.1989,0.4830,0.0568,0.0455,0.0227,0.0455,226.7979,115.7841,0.0603,6.4633,2.3234,8.1676,0.0016,0.0000,0.1798,0.1882,0.5063,4.1656,2.6622,3.4040,1.5347,3.8081,1.3414,0.7408,0.0127,0.0613,0.3313,-1.2221,0.9982,-2.1080,-0.7129,3.5886,10.6411,-0.0056,1.0038,0.3355,-5.4721,1.1385,0.0000,0.0000,0.9602,0.0225,5185.5704,26.4232,273.1955,0.4830,0.2620,0.0000,0.8944,0.3033,33.1089,-170.5489
42.5842,ASCEND,ASCEND,1.4240,0.5009,5.8176,10.4208,0.7222,0.2778,5.7394,6.0162,4.3943,14.2755,173.0000,0.0010,150.7885,53.5823,5.7394,0.0370,0.0864,0.1667,0.5370,0.0617,0.0309,0.0309,0.0494,214.2294,123.8080,0.1567,10.8514,3.7532,14.2839,0.0030,0.0000,0.2878,0.3066,0.5061,5.5898,4.4445,5.6172,3.0040,5.4470,2.0538,1.0886,0.0833,0.1712,0.1819,-2.2220,0.9973,-3.1452,-1.2683,6.3464,18.9240,-0.0143,1.0061,2.0094,-8.6284,0.0700,0.0001,0.0000,0.7407,0.0223,5254.7691,26.2584,262.8150,0.4836,0.2700,0.0000,0.8944,0.3000,25.2073,-150.8680
42.6259,ASCEND,ASCEND,0.4605,0.1069,2.3792,4.1201,0.6279,0.3314,2.3800,2.5575,1.7306,5.8208,178.0000,0.0010,152.0976,54.1897,2.3800,0.0640,0.0698,0.1628,0.5058,0.0698,0.0640,0.0233,0.0407,212.2665,121.0854,0.0775,4.2658,1.5455,6.0172,0.0016,-0.0000,0.1210,0.1423,0.4957,2.3472,1.7645,2.4170,1.0993,2.4196,0.9038,0.7458,0.0023,0.1334,0.3999,0.2882,1.0007,-2.1292,1.1710,1.9442,4.3809,-0.0029,1.0012,0.4675,-4.1524,1.0562,0.0000,-0.0000,1.0000,0.0222,5270.8576,26.5783,266.0467,0.4834,0.2711,0.0000,0.8944,0.3033,20.5240,-107.3554
42.6676,ASCEND,ASCEND,0.4591,0.1878,2.0096,3.2017,0.6761,0.3068,2.0331,2.2357,1.4750,6.0094,178.0000,0.0010,155.4957,53.3522,2.0331,0.0455,0.0455,0.1477,0.6023,0.0909,0.0227,0.0398,0.0057,221.1976,119.8717,0.0840,3.6042,1.3473,5.1394,0.0020,0.0000,0.1081,0.1301,0.5065,2.1384,1.7172,2.0996,0.9494,2.0856,0.8289,0.6195,0.0310,0.0613,0.4101,0.1778,1.0022,-2.5104,0.6961,1.5912,3.4191,-0.0072,0.9990,0.3606,-2.7587,0.3651,0.0000,0.0000,0.9943,0.0225,5285.3212,26.6394,262.5991,0.4825,0.2733,0.0000,0.8944,0.3033,16.2521,-80.2417
42.7093,ASCEND,ASCEND,0.5669,0.7069,1.7742,2.8496,0.7381,0.2619,1.9149,2.1485,1.1733,7.6663,189.0000,0.0011,155.6606,51.6663,1.9149,0.0179,0.0357,0.1488,0.5119,0.1964,0.0179,0.0238,0.0476,230.4140,123.2949,0.3234,3.0751,1.1326,4.8636,0.0017,-0.0000,0.1172,0.1716,0.4886,1.7189,1.5537,1.9794,1.0053,2.1640,0.8192,0.4523,0.2141,0.1996,0.2290,0.0898,1.0009,-1.8737,0.4537,1.3627,2.5193,-0.0036,0.9970,0.2729,-2.3163,0.2622,0.0000,-0.0000,0.9881,0.0261,5299.4726,28.9661,300.7326,0.4770,0.2809,0.0000,0.8944,0.3167,13.8305,-43.3030
42.7510,ASCEND,ASCEND,0.3168,0.2153,1.2667,1.9602,0.6417,0.3476,1.2732,1.5096,0.7616,2.2626,191.0000,0.0011,149.5556,51.7259,1.2732,0.0214,0.0374,0.0642,0.3369,0.4278,0.0588,0.0321,0.0214,220.8711,131.0113,0.2686,2.0304,0.7895,4.4076,0.0013,0.0000,0.0706,0.0751,0.5169,1.5531,1.1241,1.4047,0.7324,1.5238,0.8690,0.3453,0.1487,0.1849,0.0524,-0.0255,1.0007,-1.1713,-0.1544,0.8953,1.3694,-0.0023,0.9967,0.2138,-1.5192,-0.2288,0.0000,-0.0000,1.0000,0.0255,5317.4568,28.5663,274.0253,0.4765,0.2795,0.0000,0.8944,0.3167,12.6399,-30.5502
42.7927,ASCEND,ASCEND,0.4212,0.0991,0.9784,1.6626,0.6596,0.3245,1.1249,1.2408,0.6855,3.7661,200.0000,0.0012,150.8421,48.5419,1.1249,0.0160,0.0213,0.1064,0.1968,0.4362,0.1543,0.0532,0.0160,217.5885,142.8344,0.2523,1.8887,0.7256,4.6114,0.0011,0.0000,0.0708,0.0823,0.5274,1.6859,1.2005,1.0258,0.6559,1.5472,0.6808,0.3048,0.2515,0.1070,0.0051,-0.0892,1.0012,-0.8790,-0.8663,0.7697,1.2187,-0.0000,0.9976,0.2496,-1.0740,-0.9731,0.0000,-0.0000,1.0000,0.0256,5323.2207,28.5137,270.1631,0.4773,0.2802,0.0000,0.8944,0.3167,11.2821,-15.2166
42.8345,ASCEND,ASCEND,0.5515,0.4215,0.7324,1.4696,0.7337,0.2513,1.1035,1.3215,0.7616,3.4579,201.0000,0.0012,147.4879,47.4776,1.1035,0.0251,0.0452,0.0754,0.0653,0.1759,0.5578,0.0352,0.0201,205.7248,148.4016,0.1436,1.9437,0.7140,4.7860,0.0001,0.0000,0.0687,0.0721,0.5101,2.1066,1.3935,0.8477,0.2281,1.5346,0.5624,0.2442,0.2202,0.0667,0.0060,-0.1519,1.0020,-0.5101,-1.6022,0.6526,1.1687,-0.0006,0.9982,0.2792,-0.4105,-1.7616,0.0000,-0.0000,1.0000,0.0253,5320.2336,28.3433,264.6517,0.4767,0.2786,0.0000,0.8944,0.3167,11.3706,-18.3068
42.8762,ASCEND,ASCEND,0.6335,0.6533,0.6265,1.4087,0.8788,0.1212,1.2584,1.3464,0.8382,4.3605,233.0000,0.0013,150.3239,47.5692,1.2584,0.0303,0.0404,0.0657,0.0707,0.0253,0.3636,0.3485,0.0556,191.6221,167.7408,0.2113,2.1962,0.7929,4.8912,-0.0002,0.0000,0.0753,0.0752,0.5200,2.2025,1.4254,0.8922,0.3121,1.7135,0.5650,0.2632,0.3714,0.1576,0.0314,-0.2715,1.0019,0.2073,-2.1834,0.5729,1.2957,0.0013,0.9988,0.3740,0.3446,-2.2560,0.0000,-0.0000,1.0000,0.0243,5310.8087,28.1452,245.9290,0.4742,0.2794,0.0000,0.8944,0.3167,9.7550,-27.1347
42.9179,ASCEND,ASCEND,0.5452,0.7229,0.7895,1.5305,0.7380,0.2620,1.4635,1.6707,0.7839,3.7543,233.0000,0.0013,141.6929,56.9984,1.4635,0.0961,0.0349,0.0262,0.0087,0.0393,0.0218,0.5677,0.2052,169.5377,154.2120,0.2533,2.1439,0.8066,3.7507,-0.0015,0.0000,0.0594,0.0542,0.5020,2.0688,1.7026,1.2498,0.7027,1.6083,0.4932,0.3081,0.1558,0.0819,0.0076,-0.3378,1.0017,1.1515,-2.3848,0.3957,1.0571,0.0005,1.0016,0.4328,1.2363,-2.6299,0.0000,-0.0000,1.0000,0.0245,5296.8655,28.2522,260.1663,0.4708,0.2799,0.0000,0.8944,0.3167,9.1071,-52.3845
42.9596,ASCEND,ASCEND,0.3453,0.1593,1.2392,1.9268,0.6228,0.3772,1.9189,2.2333,0.9199,4.1237,234.0000,0.0014,137.5536,60.4601,1.9189,0.1009,0.0175,0.0965,0.0395,0.0175,0.0351,0.3333,0.3596,169.2459,134.4338,0.3165,2.6242,1.0179,4.1237,-0.0026,-0.0000,0.0784,0.0736,0.4938,2.0708,2.1474,1.8198,0.9723,1.7682,0.6521,0.4788,0.2561,0.1221,0.0210,-0.4585,1.0011,2.1087,-2.6707,0.4134,1.2598,0.0004,1.0024,0.5332,2.2027,-2.8704,0.0000,-0.0000,1.0000,0.0244,5286.9088,27.9332,238.0479,0.4713,0.2811,0.0000,0.8944,0.3200,5.3853,-134.3587
43.0013,ASCEND,ASCEND,0.1204,0.0093,1.6853,2.4564,0.5455,0.4545,2.2918,2.6453,1.1493,4.4732,237.0000,0.0014,135.4844,63.2206,2.2918,0.1948,0.0346,0.0303,0.0606,0.0130,0.0260,0.1645,0.4762,173.4522,117.5227,0.3355,3.1717,1.2277,4.7866,-0.0040,-0.0000,0.1020,0.1014,0.4687,2.4073,2.4356,2.2920,1.4155,1.8667,0.7101,0.5570,0.1812,0.1084,0.0589,-0.5763,1.0006,3.0044,-2.7623,0.4815,1.8885,-0.0010,1.0031,0.6022,2.9341,-2.8515,0.0000,-0.0000,0.9957,0.0231,5263.0135,27.6208,225.9132,0.4687,0.2812,0.0000,0.8944,0.3200,-2.1006,-322.7298
43.0430,DESCEND,ASCEND,-0.2902,-0.0263,2.3034,3.2085,0.4530,0.5470,2.8234,3.3963,1.3963,5.1791,236.0000,0.0014,136.9089,63.9655,2.8234,0.2521,0.0427,0.0769,0.0299,0.0214,0.0214,0.0556,0.5000,192.9459,98.6754,0.3836,3.8346,1.5165,7.2612,-0.0047,-0.0000,0.1186,0.1121,0.4811,3.1889,2.8326,3.0648,1.8790,2.2212,1.1271,0.6437,0.1318,0.1156,0.0660,-0.6472,0.9990,4.0962,-2.5849,0.6145,2.1197,0.0014,1.0066,0.7221,3.6387,-2.9229,0.0000,-0.0000,1.0000,0.0240,5233.3941,27.8937,236.0662,0.4645,0.2835,0.0000,0.8944,0.3200,-21.5358,-313.3885
43.0847,DESCEND,ASCEND,-0.6510,-0.2405,2.7782,3.6381,0.4130,0.5870,3.2555,3.9320,1.6534,6.4817,241.0000,0.0014,138.3656,64.6179,3.2555,0.3000,0.0391,0.0478,0.0478,0.0217,0.0174,0.0478,0.4783,211.0249,88.4793,0.2592,4.4015,1.7591,7.0877,-0.0050,-0.0000,0.1306,0.1179,0.4852,3.4641,3.3022,3.4589,2.0353,2.2975,1.2231,0.8036,0.0632,0.0432,0.0390,-0.7752,0.9989,4.9231,-2.6999,0.6595,2.5836,0.0002,1.0069,0.8408,4.4776,-2.9390,0.0000,-0.0000,0.9957,0.0230,5207.0731,27.2301,214.3905,0.4635,0.2854,0.0000,0.8944,0.3200,-28.2425,-12.2139
43.1264,DESCEND,ASCEND,-0.8155,-0.3333,3.3262,4.5967,0.3863,0.6137,3.7850,4.6354,1.9568,5.8104,243.0000,0.0014,139.1450,64.9996,3.7850,0.3391,0.0258,0.0472,0.0386,0.0172,0.0429,0.0215,0.4678,224.5467,83.2853,0.2267,5.2424,2.0659,7.8805,-0.0057,-0.0000,0.1522,0.1308,0.4807,4.0569,3.5492,4.1668,2.4829,2.4545,1.3947,0.9047,0.0569,0.1033,0.0351,-0.8948,0.9989,5.8293,-2.8494,0.8418,3.6159,0.0019,1.0119,0.9428,4.6825,-3.2070,0.0000,0.0000,0.9957,0.0249,5136.6552,27.4380,214.1903,0.4567,0.2891,0.0000,0.8944,0.3200,-22.5546,207.9279
43.1681,DESCEND,ASCEND,-1.1609,-2.0405,3.6731,5.0411,0.3974,0.5940,4.3667,5.1312,2.1291,9.4597,239.0000,0.0014,142.1717,66.5124,4.3667,0.4188,0.0427,0.0598,0.0128,0.0342,0.0214,0.0171,0.3932,241.7851,80.8101,0.4609,5.9070,2.3132,8.7670,-0.0063,-0.0000,0.1717,0.1712,0.4884,3.6868,3.9992,4.6941,3.1828,2.7767,1.7727,1.2456,0.0309,0.1554,0.2296,-0.9627,0.9969,6.7580,-2.5392,0.9195,3.1424,0.0030,1.0123,1.1110,5.2771,-3.2427,0.0000,0.0000,0.9915,0.0239,5098.7252,27.1218,198.0537,0.4542,0.2925,0.0000,0.8944,0.3200,-10.8978,340.0838
43.2098,DESCEND,ASCEND,-1.5599,-2.6871,3.8241,5.5565,0.3991,0.6009,4.6127,5.5657,2.2955,7.2759,240.0000,0.0014,144.4218,67.2562,4.6127,0.4893,0.0343,0.0343,0.0644,0.0215,0.0172,0.0215,0.3176,256.8158,85.1221,0.4734,6.2869,2.4835,7.6382,-0.0063,-0.0000,0.1714,0.1799,0.4868,1.8771,4.3619,5.0293,3.5092,2.9217,1.8237,1.1517,0.1310,0.1093,0.1307,-1.0280,0.9957,7.4809,-2.2576,1.0113,3.4519,0.0024,1.0140,1.1669,5.5125,-2.9745,0.0000,0.0000,0.9914,0.0235,5060.2658,27.2928,196.3781,0.4510,0.2962,0.0000,0.8944,0.3200,5.8141,435.0390
43.2515,DESCEND,ASCEND,-1.7569,-2.9659,3.8331,5.7378,0.3882,0.6118,4.7639,5.6967,2.3421,8.4475,254.0000,0.0015,148.6785,68.7859,4.7639,0.5190,0.0506,0.0759,0.0422,0.0253,0.0211,0.0084,0.2574,272.5396,88.0277,0.5465,6.6557,2.5670,8.5062,-0.0066,-0.0000,0.1837,0.1943,0.4770,1.9211,4.3436,5.0181,3.8056,2.7875,1.9775,1.4838,0.0681,0.1225,0.2081,-1.1006,0.9965,7.5495,-2.3810,1.0236,3.9267,0.0006,1.0105,1.0983,6.2432,-2.4142,0.0000,0.0000,0.9958,0.0230,4989.2499,27.1598,184.0096,0.4449,0.2987,-30.0101,0.3250,0.4465,25.3917,465.0113
43.2933,DESCEND,ASCEND,-0.4905,-0.0008,1.3509,0.2480,0.4706,0.5294,1.7070,0.0738,4.7530,21.5809,188.0000,0.0011,170.3315,18.4320,1.7070,0.0294,0.1176,0.1765,0.1176,0.1176,0.1471,0.2059,0.0882,257.6492,153.6237,0.6967,19.1376,6.5891,33.2855,-0.0080,0.0000,0.3920,0.5487,0.5263,4.9127,14.4452,10.5544,4.9900,5.4946,2.0749,1.5933,0.5723,0.4348,1.3487,0.0386,0.9997,-0.2032,0.2461,1.7210,9.9045,-0.0060,0.9222,0.8512,10.4643,18.8311,0.0001,-0.0002,0.9412,0.0419,4491.0228,32.1290,274.9101,0.3331,0.2615,-11.9685,0.2944,0.7394,44.6037,455.5442
43.3350,ASCEND,ASCEND,7.1646,9.5320,10.6006,19.9688,0.7246,0.2754,13.5195,18.2082,8.1820,21.2506,194.0000,0.0011,145.3190,52.5737,13.5195,0.0240,0.0539,0.0419,0.4551,0.3174,0.0539,0.0359,0.0180,225.0652,138.5970,0.0094,19.9176,7.9232,21.2569,0.0103,0.0000,0.4310,0.3106,0.5123,5.9998,13.5795,14.7571,6.2022,9.0675,2.7999,0.0283,0.2238,0.1181,0.0026,-0.8141,0.9967,-17.1354,-1.6216,6.9271,22.4346,-0.0043,0.9912,0.4877,-14.3086,-1.6436,-0.0000,-0.0000,0.6946,0.0392,4491.5554,30.7401,237.9442,0.3350,0.2381,-11.9685,0.2889,0.7394,63.3917,422.6026
43.3767,ASCEND,ASCEND,6.1548,8.1888,11.1893,19.3220,0.6970,0.3030,13.1049,17.6705,8.0783,20.1988,211.0000,0.0012,137.1289,56.1929,13.1049,0.0000,0.0303,0.0667,0.5273,0.2848,0.0606,0.0242,0.0061,209.2666,130.4979,0.0108,19.2524,7.5413,20.2563,0.0084,-0.0000,0.4278,0.3158,0.4956,6.4479,13.2078,13.9161,5.6508,7.7961,2.1556,0.0060,0.1570,0.0946,0.0108,-0.7220,0.9975,-16.9264,-1.4606,6.7861,21.4526,-0.0004,1.0349,0.8145,-33.3853,-2.6718,0.0001,0.0000,0.7152,0.0362,4479.5067,29.2946,219.0084,0.3337,0.2275,-16.7925,0.2972,0.5884,79.8559,293.6474
43.4184,ASCEND,ASCEND,4.0778,0.1640,11.4125,18.5101,0.6215,0.3785,12.3548,16.8820,7.9860,30.1564,209.0000,0.0012,137.4762,57.3866,12.3548,0.0056,0.0282,0.0282,0.6554,0.1638,0.0678,0.0395,0.0113,202.6161,127.2271,0.0084,18.3031,7.1031,19.2329,0.0074,-0.0000,0.4156,0.2986,0.4818,4.8758,12.4406,13.3891,5.7564,6.6472,1.5151,0.0135,0.0603,0.0974,0.0094,-0.6016,0.9983,-16.3832,-0.7269,6.8845,20.0959,-0.0016,0.9936,0.1391,-25.3878,1.9922,-0.0000,-0.0000,0.8192,0.0332,4500.6141,28.0544,203.3827,0.3403,0.2189,-9.7998,0.3000,0.7442,87.8868,95.1903
43.4601,ASCEND,APOGEE,3.4827,0.2425,11.5732,17.5862,0.6474,0.3410,12.2560,16.6648,7.5801,19.3521,197.0000,0.0011,134.1766,59.4366,12.2560,0.0636,0.0289,0.0809,0.6705,0.0636,0.0462,0.0347,0.0116,197.2833,120.7378,0.0052,17.6315,6.8612,19.5047,0.0059,0.0000,0.4162,0.3173,0.5061,5.0333,12.4659,12.8109,5.5270,5.9280,1.0642,0.0097,0.1599,0.1301,0.0013,-0.3462,0.9981,-16.3216,0.5285,6.1673,18.8219,0.0004,1.0012,0.1407,-23.7976,0.9568,-0.0000,0.0000,0.8613,0.0302,4498.9541,27.2685,191.2229,0.3468,0.2154,-10.8458,0.2694,0.7263,87.7963,-219.3490
43.5018,ASCEND,APOGEE,2.5101,0.0196,11.0682,16.9953,0.5930,0.4070,11.1743,16.0415,7.5248,18.7660,196.0000,0.0011,135.7392,62.5301,11.1743,0.0581,0.0349,0.0174,0.7035,0.0640,0.0814,0.0349,0.0058,184.9280,118.7700,0.0046,16.8990,6.4828,18.4208,0.0031,-0.0000,0.4020,0.2525,0.4972,4.3271,11.2842,11.9365,5.5700,4.9632,0.7962,0.0016,0.0820,0.1231,0.0058,-0.0990,0.9998,-16.2252,1.5453,6.3170,16.9618,-0.0057,1.0063,-0.0059,-23.6799,1.7039,0.0000,0.0000,0.8547,0.0278,4489.3446,26.1986,177.6734,0.3481,0.2136,-11.0535,0.2667,0.7302,69.5894,-560.5690
43.5435,ASCEND,APOGEE,1.4001,0.0005,11.2883,16.6528,0.5366,0.4634,10.8077,15.9631,7.6678,19.0158,182.0000,0.0011,135.5507,66.9295,10.8077,0.0122,0.0427,0.0244,0.6890,0.0671,0.1098,0.0427,0.0122,178.1524,113.3876,0.0042,16.6646,6.3287,18.9695,0.0034,-0.0000,0.3897,0.2576,0.4958,5.2074,10.3719,11.2620,5.5681,4.5342,0.5892,0.0320,0.1566,0.0961,0.0053,0.1811,1.0003,-16.5139,3.4083,6.0480,16.2137,-0.0085,0.9978,-0.4064,-23.3197,5.0376,-0.0000,0.0000,0.8780,0.0247,4493.6294,25.3663,176.0620,0.3493,0.2027,-11.0197,0.2750,0.6452,41.0355,-765.6646
43.5852,ASCEND,APOGEE,0.7188,0.0005,10.8003,16.4444,0.5706,0.4294,10.4765,16.1166,7.7784,18.0989,189.0000,0.0011,132.8884,65.8690,10.4765,0.0368,0.0736,0.0613,0.6871,0.0184,0.0613,0.0429,0.0184,166.6831,117.1114,0.0031,16.7691,6.3367,18.7729,0.0016,0.0000,0.3777,0.2533,0.5005,4.4749,10.3333,11.0212,5.4981,4.3460,0.5187,0.0854,0.0232,0.1272,0.0212,0.4521,0.9981,-16.2010,6.1730,6.2806,15.9882,-0.0191,1.0032,-0.3766,-21.5009,6.1622,0.0000,0.0000,0.8650,0.0231,4505.4920,24.7670,171.6724,0.3525,0.2015,-13.9649,0.3194,0.6492,5.7202,-916.6964
43.6269,DESCEND,APOGEE,-0.8722,0.0003,11.4997,16.9763,0.5429,0.4514,11.1428,17.0484,8.2203,19.8243,186.0000,0.0011,137.1818,69.0510,11.1428,0.0400,0.1029,0.0743,0.6457,0.0343,0.0343,0.0457,0.0229,156.6526,117.6069,0.0037,17.6726,6.7345,18.7240,0.0015,-0.0000,0.3572,0.2542,0.4802,4.3482,11.2064,11.0531,5.5953,5.1538,0.6499,0.0063,0.0073,0.0935,0.0344,0.8004,0.9992,-16.8373,9.8077,6.2937,17.3419,-0.0260,0.9933,-1.1027,-23.4169,12.5450,-0.0000,0.0000,0.8114,0.0234,4537.9579,24.8535,174.3430,0.3568,0.2012,-14.1115,0.3306,0.6152,-35.4322,-799.2835
43.6686,DESCEND,APOGEE,-3.3238,-0.0050,11.2641,16.2551,0.4500,0.5500,12.0548,17.9323,8.5944,23.2593,182.0000,0.0011,137.8592,73.6609,12.0548,0.0437,0.0875,0.0875,0.6625,0.0437,0.0187,0.0250,0.0312,135.1326,130.7091,0.0059,18.7959,7.1167,20.0870,0.0005,-0.0000,0.3544,0.2909,0.4799,3.9404,12.3687,10.8885,6.1759,6.8777,0.8704,0.0087,0.1373,0.0730,0.0256,1.2681,0.9974,-16.7250,14.2203,6.0598,17.1580,-0.0258,0.9457,-2.4324,-15.8925,19.7264,-0.0001,0.0001,0.8375,0.0239,4592.5953,24.8759,172.1334,0.3615,0.2049,-17.0533,0.3389,0.5683,-60.9534,-605.2581
43.7103,DESCEND,APOGEE,-4.4312,-0.0220,10.8863,16.1003,0.4392,0.5608,12.5474,18.3451,9.0478,21.5736,172.0000,0.0010,140.2660,75.9261,12.5474,0.0338,0.1351,0.3514,0.3716,0.0270,0.0068,0.0203,0.0541,131.2509,141.6656,0.0164,20.4742,7.5793,21.5777,-0.0014,-0.0000,0.3552,0.2911,0.4834,3.8521,12.8629,11.1285,6.1728,8.8017,1.2796,0.0538,0.0981,0.1296,0.0446,1.9194,0.9981,-17.4076,19.3276,6.7439,18.4859,-0.0369,0.9503,-2.9235,-17.1328,23.9511,-0.0002,0.0001,0.8243,0.0243,4643.6222,24.8180,171.7031,0.3604,0.2049,-18.1100,0.3889,0.5576,-85.9208,-580.7396
43.7520,DESCEND,DESCEND,-6.2648,-1.0241,10.7544,14.4553,0.4338,0.5662,13.5639,18.8573,9.5895,23.2460,165.0000,0.0010,140.9297,77.2528,13.5639,0.0441,0.0956,0.4706,0.2647,0.0147,0.0221,0.0515,0.0368,123.3582,162.3584,0.0276,21.8949,8.0193,23.8174,-0.0019,-0.0000,0.3800,0.3624,0.4799,5.3391,12.2547,11.2929,5.7628,12.0195,2.1162,0.0762,0.4926,0.1648,0.4422,2.3982,0.9966,-17.1225,22.9138,6.4182,18.3646,-0.0460,0.9647,-3.9130,-21.1331,31.6724,-0.0001,0.0001,0.8162,0.0227,4673.0176,24.7051,170.6618,0.3491,0.1901,-21.0634,0.4250,0.5287,-109.3967,-467.3175
43.7937,DESCEND,DESCEND,-3.7699,-0.0310,12.2801,18.5097,0.4632,0.5368,14.1170,18.6347,9.8417,33.5765,165.0000,0.0010,140.5577,78.6130,14.1170,0.0368,0.1029,0.4779,0.2721,0.0147,0.0441,0.0368,0.0147,129.2308,159.5690,0.0352,22.9785,8.4421,26.5071,0.0008,-0.0000,0.3748,0.3640,0.4861,5.6898,9.3787,11.5543,7.1155,15.1016,3.3841,0.0373,0.7217,0.1321,0.0210,2.7955,0.9969,-17.6402,25.2793,6.5282,18.6578,-0.0335,1.0326,-2.9708,-26.5757,26.9057,0.0000,0.0002,0.7794,0.0228,4719.3573,24.6343,175.1959,0.3408,0.1694,-23.1986,0.4444,0.5585,-124.9029,-227.4301
43.8355,DESCEND,DESCEND,-3.5697,-0.0012,13.0853,20.4056,0.4706,0.5294,14.2018,18.7468,9.7902,26.6995,184.0000,0.0011,137.3657,75.5467,14.2018,0.0368,0.0588,0.4853,0.2500,0.0515,0.0515,0.0515,0.0147,131.0038,168.7752,0.0398,22.7989,8.4847,29.0345,-0.0015,-0.0000,0.4092,0.4482,0.4836,5.8135,6.7439,11.5728,8.3361,17.3754,4.5132,0.0914,0.6763,0.1416,0.0025,3.2104,0.9983,-18.9819,26.7901,6.3628,19.5207,-0.0361,1.0057,-3.8013,-25.7024,29.5835,-0.0001,0.0002,0.7868,0.0219,4729.1099,24.5243,176.4050,0.3264,0.1405,-34.0578,0.3750,0.7202,-128.3682,101.3738
43.8772,DESCEND,DESCEND,-5.0254,-0.6468,13.1232,20.5218,0.4067,0.5933,14.7427,18.3545,8.8980,26.2572,185.0000,0.0011,141.2715,76.3932,14.7427,0.0867,0.0533,0.4067,0.3400,0.0200,0.0400,0.0333,0.0200,131.8625,171.9990,0.0613,20.6827,7.9183,24.6464,0.0030,-0.0000,0.3839,0.4682,0.4834,4.2988,4.9314,11.1857,8.3673,16.0398,5.5317,0.1301,1.4136,0.2982,0.0037,3.3681,1.0005,-20.0338,26.1008,5.2530,17.4200,-0.0435,1.0434,-3.6506,-31.4328,28.6498,0.0000,0.0002,0.7467,0.0230,4727.0450,24.6865,189.0010,0.3084,0.1430,-29.0017,0.3333,0.7013,-116.4467,544.6339
43.9189,DESCEND,DESCEND,-5.3267,-1.6776,12.3448,19.0442,0.3856,0.6144,13.9085,17.8822,8.3377,26.3403,170.0000,0.0010,137.8231,71.3105,13.9085,0.0131,0.1046,0.3333,0.4444,0.0196,0.0392,0.0261,0.0196,138.7867,167.0099,0.0698,19.7588,7.6130,25.8298,0.0089,0.0000,0.3739,0.4566,0.5017,5.7373,4.7123,11.5224,8.0844,13.8039,6.1541,0.1761,1.3482,0.2113,0.0187,3.2758,0.9997,-20.3600,24.0841,4.9888,17.0865,-0.0389,0.9969,-3.8509,-24.0500,26.9548,-0.0000,0.0001,0.7712,0.0222,4723.2733,24.6990,195.8665,0.3014,0.1370,-32.1459,0.3194,0.7204,-82.9366,925.5136
43.9606,DESCEND,DESCEND,-4.2336,-0.0997,12.0175,17.4379,0.3973,0.6027,12.8635,17.0363,8.0837,23.6069,191.0000,0.0011,134.5378,67.8411,12.8635,0.0616,0.0890,0.1986,0.5548,0.0068,0.0342,0.0411,0.0137,149.4095,157.8472,0.0644,18.6984,6.9983,23.5115,0.0083,-0.0000,0.3544,0.4097,0.4992,5.2788,3.6485,11.8693,6.7954,10.0208,6.3440,0.1762,1.4815,0.0766,0.1275,2.8691,1.0000,-20.6809,19.7757,4.4559,16.6278,-0.0292,1.0302,-3.4238,-34.2399,23.5749,0.0000,0.0001,0.8082,0.0223,4726.4844,24.4690,197.2335,0.2963,0.1763,-44.0019,0.3917,0.6766,-39.2434,1079.9143
44.0023,DESCEND,DESCEND,-1.3547,-0.0003,19.7453,34.3241,0.4667,0.5333,18.2767,20.8004,17.2773,40.5230,172.0000,0.0010,126.3210,72.2965,18.2767,0.1143,0.0476,0.0762,0.5048,0.0667,0.0857,0.0286,0.0762,157.2811,161.0772,0.0801,37.3197,12.8836,40.7548,0.0149,-0.0000,0.6457,0.7060,0.4998,10.3095,4.9561,25.0427,11.0995,11.8602,12.4536,0.1090,0.6188,0.0620,0.0764,0.0924,0.9984,0.2112,0.9034,18.3453,39.1248,-0.0495,1.1464,-5.0633,-94.8370,9.7424,-0.0002,0.0006,0.7143,0.0208,4739.4907,23.4229,193.5962,0.3010,0.2017,-33.7851,0.4694,0.5575,7.1462,1089.1370
44.0440,ASCEND,DESCEND,1.6363,-0.0002,10.5327,19.2965,0.4936,0.5064,13.3441,19.3249,8.9804,24.4355,162.0000,0.0009,125.5178,63.6868,13.3441,0.0000,0.0385,0.0513,0.3205,0.4423,0.0769,0.0385,0.0321,170.6207,156.0089,0.0658,20.1158,7.3113,21.6556,0.0126,-0.0000,0.4532,0.4851,0.4969,6.2068,4.9896,14.7233,3.1574,9.2673,5.0794,0.0760,1.7905,0.2432,0.0709,0.8041,1.0045,-22.2862,1.9459,6.9612,20.0658,-0.0023,0.9795,-1.6664,-27.6135,7.8634,-0.0000,-0.0001,0.6859,0.0214,4745.2363,23.3345,199.7357,0.3120,0.2205,-34.8622,0.3667,0.7231,51.6088,928.3014
44.0857,ASCEND,DESCEND,4.8984,0.1624,9.9049,20.7661,0.6084,0.3916,13.5459,20.3414,9.4746,30.4957,167.0000,0.0010,126.4476,57.7479,13.5459,0.0210,0.0559,0.0420,0.0280,0.6084,0.1608,0.0490,0.0350,179.0720,150.8220,0.0465,20.7720,7.6127,28.1311,0.0140,0.0000,0.4838,0.4933,0.5146,6.1405,7.3520,14.5966,2.3456,11.1534,3.6372,0.0661,1.6631,0.2035,0.1397,0.3074,1.0027,-21.6676,-2.0165,8.2117,20.9922,0.0062,1.0725,1.1347,-43.6599,-9.5110,0.0001,0.0000,0.7622,0.0227,4792.3276,23.2939,208.0014,0.3241,0.2296,-34.9920,0.3917,0.6103,84.5820,728.6099
44.1274,ASCEND,DESCEND,7.3974,1.5490,9.5730,21.5492,0.6842,0.3158,13.9473,20.1262,9.6881,24.9694,151.0000,0.0009,132.0584,52.5334,13.9473,0.0150,0.0677,0.0226,0.0451,0.6541,0.1128,0.0451,0.0376,187.9901,148.6960,0.0203,21.0611,7.5337,24.1237,0.0090,0.0000,0.4402,0.4083,0.5035,6.0369,7.9838,13.3990,1.2589,11.7118,2.0232,0.1393,1.4173,0.2100,0.0334,-0.4317,1.0066,-20.8803,-6.2456,8.9804,22.5050,0.0137,1.0734,1.6390,-41.8266,-12.4515,0.0001,0.0000,0.7143,0.0192,4816.9628,22.8264,199.4342,0.3415,0.2513,-47.0096,0.3333,0.5377,112.3870,518.4626
44.1691,ASCEND,DESCEND,8.4910,6.0108,8.9558,20.7052,0.8145,0.1855,12.6098,18.1760,9.0162,21.2231,155.0000,0.0009,146.0397,38.5941,12.6098,0.0403,0.0484,0.0484,0.0323,0.6532,0.0645,0.0726,0.0403,211.8647,152.3240,0.0152,19.5629,6.9698,22.6004,0.0137,0.0000,0.4044,0.3768,0.5150,5.7010,7.9102,10.8232,0.8859,11.8885,0.6594,0.1015,1.0997,0.2335,0.1499,-0.9411,1.0065,-18.3538,-7.4343,8.7266,22.7381,0.0061,1.1673,4.1600,-54.0462,-27.1111,0.0003,0.0002,0.7258,0.0206,4854.2119,22.3594,192.4796,0.3720,0.2555,-30.7704,0.2722,0.5082,127.8305,121.8347
44.2108,ASCEND,DESCEND,5.8362,2.7552,6.6369,17.0609,0.7905,0.2095,8.9740,13.0522,7.2462,20.6871,127.0000,0.0007,158.7130,35.6816,8.9740,0.0381,0.0667,0.0476,0.0667,0.5524,0.1143,0.0667,0.0476,215.5290,150.8938,0.0099,15.5803,5.4520,20.5443,0.0116,0.0000,0.3271,0.3158,0.5117,4.9368,8.3729,6.4617,0.8321,8.8236,0.0993,0.2027,0.7012,0.1016,0.2589,-1.2401,1.0062,-13.8320,-6.7419,9.5301,19.5940,-0.0052,1.0670,2.3426,-28.4351,-11.4601,0.0001,0.0000,0.8000,0.0209,5186.0858,22.7257,222.0796,0.4470,0.2200,-33.8305,0.3917,0.3772,122.5500,-394.0902
44.2525,ASCEND,DESCEND,4.2721,1.7956,4.9085,12.0185,0.8900,0.1100,6.1344,8.5838,5.1773,15.2018,120.0000,0.0007,157.5895,30.4545,6.1344,0.0200,0.0800,0.1100,0.2000,0.4900,0.0700,0.0200,0.0100,217.1168,149.4314,0.0100,11.2510,3.8106,15.3841,0.0071,0.0000,0.2352,0.2156,0.5068,3.7811,6.7069,3.7206,0.4356,5.5919,0.0052,0.1658,0.1556,0.2250,0.1698,-1.6541,1.0026,-8.3441,-5.1707,7.6331,17.3205,-0.0127,1.0327,1.8141,-15.9270,-6.2284,0.0001,0.0000,0.8900,0.0221,5469.7629,23.9329,255.0151,0.4972,0.1928,-29.0938,0.3194,0.4730,94.9568,-857.0714
44.2942,ASCEND,DESCEND,1.7505,0.3071,3.0782,6.9852,0.7117,0.2883,3.7295,4.5352,2.8826,8.1985,127.0000,0.0007,144.7394,39.2357,3.7295,0.0450,0.0270,0.0721,0.4054,0.2432,0.1081,0.0541,0.0450,185.7776,140.4135,0.0031,6.3944,2.2084,9.2701,0.0032,0.0000,0.1390,0.1343,0.5047,2.1053,3.6244,2.4168,0.7236,2.7728,0.0023,0.1526,0.4005,0.1244,0.1994,-1.6757,0.9968,-2.5273,-2.0494,5.0635,13.5127,-0.0063,1.0239,1.8252,-9.8217,-2.2881,0.0001,-0.0000,0.8919,0.0222,5475.7759,24.0603,266.5794,0.4999,0.1949,-38.9275,0.2389,0.4456,51.0560,-1161.5334
44.3360,DESCEND,DESCEND,-0.8350,-0.0001,2.8358,3.5410,0.3984,0.5122,2.9509,3.1695,2.6221,11.7547,129.0000,0.0007,137.5820,47.3166,2.9509,0.1057,0.0650,0.5041,0.1463,0.0163,0.0732,0.0488,0.0407,168.6022,135.0914,0.0020,5.6695,2.0079,12.4264,-0.0005,0.0000,0.1004,0.0814,0.5110,2.7154,2.5833,2.7610,1.3878,1.1722,0.0036,0.1145,0.0044,0.0619,0.4789,-1.5279,0.9975,0.7628,0.8899,3.5144,11.0357,-0.0139,1.0106,1.4613,-3.3924,1.3003,0.0001,0.0000,0.9919,0.0226,5519.4962,24.5165,258.8676,0.5143,0.2085,-22.7297,0.2889,0.5349,-1.9345,-1302.4666
44.3777,DESCEND,DESCEND,-3.2068,-2.3220,3.1471,0.0026,0.1694,0.8306,4.2531,4.9148,3.3445,12.1488,141.0000,0.0008,140.4254,36.0489,4.2531,0.0484,0.6774,0.0968,0.0323,0.0484,0.0161,0.0565,0.0242,165.9641,175.8578,0.0035,7.9053,2.7176,12.2978,-0.0031,-0.0000,0.1417,0.0897,0.4861,2.2251,4.6459,4.0609,1.8147,1.6580,0.0051,0.0723,0.0217,0.0352,0.0288,0.1536,0.9805,3.3840,7.3224,2.1752,5.6114,0.0025,1.0078,0.9558,-0.1958,5.4655,0.0000,0.0000,0.9677,0.0224,5531.5307,24.8771,258.7332,0.5345,0.2088,-24.7467,0.3417,0.4698,-57.5914,-1271.8565
44.4194,DESCEND,DESCEND,-5.2589,-6.1008,3.9901,0.0024,0.1460,0.8540,6.7582,8.3650,4.2946,14.1723,145.0000,0.0008,149.3008,43.3116,6.7582,0.0365,0.7591,0.0365,0.0584,0.0292,0.0219,0.0365,0.0219,176.3464,196.2428,0.0052,10.3001,3.6922,13.3403,-0.0042,0.0000,0.1928,0.1169,0.5007,3.5818,6.2206,6.0795,2.4936,3.4290,0.0177,0.0572,0.3045,0.0626,0.0299,-0.6916,0.9996,4.6367,6.9951,3.2663,10.1208,-0.0352,0.9989,0.2176,3.3625,9.7418,0.0000,0.0000,0.9708,0.0231,5554.9022,25.0109,245.2117,0.5409,0.2019,-23.0089,0.3500,0.5287,-108.0285,-1066.1362
44.4611,DESCEND,DESCEND,-6.9452,-8.7762,4.6873,0.0039,0.1418,0.8582,8.3651,10.7899,4.8698,12.6943,145.0000,0.0008,157.3477,51.8857,8.3651,0.0213,0.7801,0.0638,0.0355,0.0142,0.0284,0.0213,0.0355,192.4221,226.9326,0.0116,11.8459,4.4863,13.9736,-0.0039,0.0000,0.2342,0.1627,0.5014,4.1995,7.1845,7.9268,3.0140,5.2388,0.1671,0.0626,0.4000,0.0852,0.0272,-0.2388,0.9953,5.6606,10.0918,3.3948,10.2369,-0.0445,1.0400,0.9096,1.4213,7.9297,0.0001,0.0001,0.9433,0.0239,5560.6194,25.6597,258.0763,0.5430,0.2001,-31.9029,0.2611,0.5929,-146.5250,-743.6305
44.5028,DESCEND,DESCEND,-7.9346,-10.2148,5.2231,0.0051,0.1844,0.8156,9.3458,12.2342,5.6726,27.3643,161.0000,0.0009,157.8768,58.3593,9.3458,0.0213,0.8014,0.0922,0.0355,0.0142,0.0071,0.0213,0.0071,202.7588,248.9973,0.0162,13.0575,5.1211,24.5654,-0.0025,0.0000,0.2639,0.1844,0.5053,4.9259,7.8290,9.1954,3.4250,7.1008,0.5418,0.0548,0.2160,0.0806,0.0167,-0.3689,0.9943,6.4402,11.4379,3.8697,11.7795,-0.0598,1.0116,-0.1390,3.8428,13.5316,0.0001,0.0001,0.9929,0.0253,5557.7355,26.1060,259.3322,0.5244,0.1977,-25.0169,0.2528,0.7173,-170.0597,-481.3956
44.5445,DESCEND,DESCEND,-7.6990,-9.3764,5.7744,0.0301,0.1789,0.8211,8.9331,12.7302,6.0768,14.5869,154.0000,0.0009,159.8671,71.8285,8.9331,0.0569,0.7398,0.0488,0.0325,0.0244,0.0325,0.0488,0.0163,212.1950,269.9801,0.0474,13.8332,5.5506,26.1213,-0.0012,-0.0000,0.2913,0.2551,0.4953,5.3981,8.3034,9.4361,4.3874,8.3681,1.2442,0.2102,0.2176,0.1390,0.2559,0.0453,0.9911,5.3830,13.6361,4.4647,11.7097,-0.0739,0.9791,-1.3318,5.9423,20.0941,-0.0000,0.0001,0.9675,0.0250,5193.5516,26.2623,277.6301,0.4549,0.2296,-32.0054,0.3111,0.6289,-186.6814,-266.5453
44.5862,DESCEND,DESCEND,-8.0354,-9.7805,5.6661,0.0932,0.1579,0.8421,9.4067,12.8547,5.9670,22.3367,161.0000,0.0009,164.3055,72.9839,9.4067,0.0066,0.8026,0.0263,0.0461,0.0461,0.0329,0.0197,0.0197,212.8406,279.9425,0.0339,13.9447,5.6080,22.5021,-0.0019,-0.0000,0.2969,0.2643,0.4974,4.9343,7.6283,9.0396,4.4501,9.7172,2.2774,0.0671,0.6295,0.1648,0.0180,0.0942,0.9944,4.0944,13.9762,4.5158,13.0545,-0.0719,0.9940,-1.3395,2.9329,19.4939,0.0000,0.0001,0.9342,0.0246,5141.0281,26.4188,265.7256,0.4274,0.2366,-32.0054,0.3111,0.6918,-192.2940,-65.2776
44.6279,DESCEND,DESCEND,-7.9189,-9.8440,5.4450,0.0702,0.1503,0.8497,9.1103,12.4792,5.6737,14.0731,169.0000,0.0010,165.4534,77.6693,9.1103,0.0196,0.7320,0.0915,0.0392,0.0392,0.0327,0.0327,0.0131,213.4804,293.3506,0.1017,13.5579,5.4241,21.8595,-0.0016,-0.0000,0.3028,0.2860,0.4916,4.6553,6.8494,8.4499,4.5892,10.1166,3.3334,0.1727,0.8575,0.1202,0.0588,0.3706,0.9960,2.4239,14.3135,4.3736,12.6982,-0.0589,0.9742,-1.7150,4.1072,22.4492,-0.0000,0.0001,0.9542,0.0259,5082.1951,26.9447,280.6973,0.3897,0.2399,-25.8664,0.3056,0.7335,-192.1266,38.4394
44.6696,DESCEND,DESCEND,-7.6559,-9.6514,5.2047,0.0136,0.1456,0.8544,8.7923,12.0437,5.3287,13.1363,176.0000,0.0010,166.4860,79.7341,8.7923,0.0253,0.6962,0.1203,0.0253,0.0316,0.0443,0.0190,0.0380,212.0468,307.4305,0.0714,12.7922,5.0543,14.2889,-0.0022,-0.0000,0.2801,0.2707,0.4806,4.7518,4.7296,7.1556,4.4256,9.9849,4.5566,0.1979,1.1512,0.1757,0.0296,0.5299,0.9970,0.6455,14.1427,4.0392,12.1663,0.0010,0.9751,-2.3583,1.9590,23.7119,-0.0001,0.0001,0.9684,0.0271,5014.2725,27.2791,278.8933,0.3570,0.2583,-27.9651,0.3806,0.7322,-189.0875,87.5268
44.7113,DESCEND,DESCEND,-7.2007,-9.0399,4.6175,0.1681,0.1353,0.8647,8.6073,11.1592,4.7610,18.2212,184.0000,0.0011,167.9934,82.6324,8.6073,0.0706,0.5588,0.2706,0.0176,0.0059,0.0235,0.0294,0.0235,208.3764,305.6765,0.2474,11.9730,4.8105,18.9077,0.0006,-0.0000,0.2708,0.3171,0.4901,3.7130,4.7282,5.8340,4.4489,9.4399,5.4922,0.5916,1.7967,0.3062,0.2986,0.5479,0.9979,-0.6571,13.5088,3.7338,11.5838,-0.0062,1.1041,0.2000,-10.6989,6.9455,0.0002,0.0003,0.8059,0.0275,4940.2860,28.1258,278.4707,0.3221,0.2666,-32.0888,0.3833,0.7279,-184.8254,103.8839
44.7530,DESCEND,DESCEND,-7.0881,-8.7809,4.5270,0.0613,0.1329,0.8671,8.6197,11.2134,4.8341,18.2694,191.0000,0.0011,164.1170,84.4446,8.6197,0.0347,0.0809,0.7399,0.0231,0.0347,0.0289,0.0231,0.0347,200.9857,299.1999,0.2218,11.9484,4.7631,13.9838,0.0001,-0.0000,0.2636,0.3031,0.4855,3.5040,4.4616,5.4024,4.4034,8.7610,6.6710,0.6852,1.9759,0.2585,0.2796,0.5204,0.9990,-1.8498,13.1349,3.6204,11.4423,-0.0380,0.9993,-1.8820,-5.1557,20.9413,-0.0000,0.0001,0.9075,0.0293,4903.7164,28.8314,278.1007,0.2928,0.2621,-22.9597,0.3944,0.7349,-180.4219,94.1783
44.7947,DESCEND,DESCEND,-7.1489,-8.9928,4.4776,0.0038,0.0872,0.9128,8.4624,11.0606,4.7399,12.2550,193.0000,0.0011,160.5369,87.3924,8.4624,0.0349,0.0698,0.7733,0.0116,0.0349,0.0407,0.0233,0.0116,193.7452,300.0797,0.3621,11.9815,4.8618,14.5562,0.0018,-0.0000,0.2591,0.2881,0.4958,4.3061,5.1315,5.4489,4.6142,8.3559,7.6761,1.0239,2.6303,0.1762,0.1575,0.4447,0.9991,-2.6867,12.8576,3.5044,11.3459,-0.0462,0.9949,-1.9559,-6.5951,21.0599,-0.0000,0.0001,0.8953,0.0306,4827.6495,29.9276,291.2904,0.2567,0.2661,-24.0151,0.4167,0.7371,-176.9694,88.0394
44.8365,DESCEND,DESCEND,-6.8085,-8.6265,4.5226,0.0058,0.1230,0.8770,8.5292,10.9253,4.8335,17.6749,206.0000,0.0012,156.9684,88.3195,8.5292,0.0428,0.0856,0.7540,0.0160,0.0267,0.0214,0.0107,0.0428,185.1256,289.0680,0.4041,12.0189,4.9051,14.9614,0.0031,-0.0000,0.2558,0.2944,0.4767,3.9588,5.4466,5.5772,4.6144,7.5462,8.5177,1.2934,3.0819,0.4007,0.1008,0.4598,1.0001,-4.2817,12.4326,3.6494,11.4056,-0.0580,1.0490,-0.7136,-15.0630,14.5388,0.0001,0.0001,0.7861,0.0332,4778.2882,30.6511,292.8459,0.2363,0.2711,-28.9264,0.4583,0.7236,-173.0779,112.1580
44.8782,DESCEND,DESCEND,-7.3530,-9.3381,4.6175,0.1844,0.1075,0.8925,9.0074,11.2750,4.6633,16.2582,204.0000,0.0012,166.1189,92.9836,9.0074,0.0054,0.0430,0.8280,0.0161,0.0323,0.0215,0.0323,0.0215,168.1739,296.7815,0.5765,12.0861,4.9759,13.2534,0.0033,-0.0000,0.2691,0.3101,0.4944,4.2593,6.1326,5.9675,4.6802,6.4683,9.0895,1.5825,3.2049,0.8708,0.1014,0.4878,0.9992,-5.4353,12.4394,3.2976,11.1538,-0.0009,0.9975,-0.3878,-3.4596,11.0879,-0.0000,-0.0000,0.7473,0.0347,4885.5359,31.5150,294.8336,0.2179,0.2772,-19.9085,0.4306,0.6559,-167.6135,122.1291
44.9199,DESCEND,DESCEND,-7.2233,-8.8244,4.6818,0.0012,0.1058,0.8942,8.9450,11.4208,4.8429,15.7345,212.0000,0.0012,164.6422,93.3884,8.9450,0.0370,0.0476,0.7884,0.0212,0.0317,0.0265,0.0106,0.0370,155.1610,286.0964,0.6645,12.2514,5.0620,13.1193,0.0046,-0.0000,0.2654,0.3255,0.4855,4.1755,6.6564,6.4452,4.8640,6.1859,9.3536,1.9684,2.5828,0.9449,0.1847,0.5326,1.0000,-7.2055,12.1380,3.3849,11.4188,-0.0536,0.9882,-0.8202,-2.9841,10.2934,-0.0001,0.0000,0.7566,0.0363,4840.3193,32.1288,294.5768,0.2078,0.2849,-21.9149,0.4667,0.6252,-162.8903,62.5057
44.9616,DESCEND,DESCEND,-6.6497,-8.5345,5.0048,0.7167,0.1556,0.8444,8.8545,11.3021,4.6878,13.7716,213.0000,0.0012,155.6196,86.2691,8.8545,0.0500,0.0278,0.6444,0.1444,0.0333,0.0278,0.0667,0.0056,149.8679,266.8374,1.0586,11.9810,4.9657,13.7917,0.0058,-0.0000,0.2735,0.3599,0.4988,3.5642,6.9720,6.9704,4.9210,5.5471,8.8697,2.0756,2.4203,1.2247,0.1988,0.4084,0.9984,-7.9103,10.5739,3.4269,11.0655,-0.0295,0.9868,-0.5141,-4.9190,10.0255,-0.0000,-0.0000,0.7500,0.0420,5084.1379,33.7299,309.9143,0.2004,0.2726,-23.0255,0.4472,0.7244,-162.3995,157.7047
45.0033,DESCEND,DESCEND,-5.8720,-6.2357,5.6955,1.4416,0.1827,0.8173,8.8358,11.4953,4.7787,12.6125,221.0000,0.0013,150.0888,83.8193,8.8358,0.0406,0.0508,0.0711,0.7310,0.0406,0.0406,0.0102,0.0152,136.4852,251.3022,0.7362,12.1553,5.1344,13.1644,0.0076,-0.0000,0.2933,0.3710,0.4975,3.6323,6.9238,8.0753,5.4974,4.8595,9.1436,2.2341,2.0507,1.2207,0.0897,0.2080,0.9980,-9.2975,8.1943,3.8162,11.4287,-0.0126,0.9979,-0.3311,-7.4414,7.7763,0.0000,-0.0000,0.7157,0.0436,5095.6159,33.9344,298.1044,0.2045,0.2754,-31.9209,0.4500,0.7187,-149.7351,551.0744
45.0450,DESCEND,DESCEND,-5.0191,-3.1541,7.0421,4.3952,0.2487,0.7513,8.7612,12.5576,5.7577,14.8049,228.0000,0.0013,144.1615,76.1467,8.7612,0.0582,0.0582,0.0529,0.6984,0.0317,0.0423,0.0423,0.0159,138.4834,229.2018,1.0146,13.3981,5.5349,15.3119,0.0096,0.0000,0.3247,0.4202,0.5181,4.2386,6.3868,8.6678,6.3759,4.1375,10.1350,2.4987,1.8166,1.5233,0.1784,0.1417,0.9987,-11.7466,6.3566,5.1589,13.6114,-0.0073,0.9548,-0.5518,-10.2287,8.8450,-0.0001,0.0000,0.6720,0.0471,5487.6526,35.0512,323.5621,0.2142,0.2651,-28.0879,0.4194,0.7292,-116.4307,768.2088
45.0867,DESCEND,DESCEND,-3.9871,-0.5622,8.5818,11.7758,0.3938,0.6062,10.4158,14.3817,6.4053,17.1319,233.0000,0.0013,135.8731,68.8605,10.4158,0.0207,0.0311,0.0933,0.6788,0.0466,0.0570,0.0570,0.0155,151.1103,206.0174,1.3595,15.3947,6.3617,16.8338,0.0133,0.0000,0.3787,0.4963,0.5019,4.9470,7.8312,10.6532,7.2333,4.4174,12.1114,2.4839,2.6150,1.4173,0.3312,-0.1058,0.9987,-13.7112,3.8867,5.6631,16.0456,-0.0020,1.0066,0.0034,-12.7611,3.6320,0.0000,0.0000,0.6632,0.0514,5863.4239,36.0865,335.4778,0.2316,0.2483,-33.9813,0.4333,0.7276,-85.6537,863.3320
45.1284,DESCEND,DESCEND,-3.4177,-0.0392,10.2130,16.6224,0.4133,0.5867,12.3135,16.2914,7.2543,18.6719,328.0000,0.0019,132.0438,63.9725,12.3135,0.0459,0.0255,0.0561,0.6990,0.0357,0.0561,0.0561,0.0255,155.7406,189.7686,0.9910,18.0600,7.3450,19.3111,0.0139,0.0000,0.4527,0.5279,0.5084,5.2089,8.5582,12.3665,7.4925,6.4190,14.3079,2.1042,3.1338,1.3175,0.1737,-0.5478,1.0000,-15.5989,0.8098,6.6614,19.0175,0.0045,0.9975,0.2574,-13.1071,1.2681,-0.0000,-0.0000,0.6786,0.0501,6041.4970,35.4351,315.4788,0.2519,0.2448,-27.8304,0.3944,0.7426,-44.4144,943.4906
45.1701,DESCEND,DESCEND,-2.0985,-0.0013,11.9590,18.6576,0.4899,0.5101,14.6004,18.0042,8.0894,22.5607,294.0000,0.0017,129.8521,62.3532,14.6004,0.0162,0.0081,0.0526,0.6478,0.1012,0.0810,0.0648,0.0283,163.2567,176.7398,1.4314,21.5137,8.2476,22.5412,0.0157,0.0000,0.5010,0.6221,0.5101,6.3149,10.0045,14.0996,7.3264,7.7276,16.4139,1.9955,3.5427,0.9253,0.1783,-1.2704,0.9970,-16.2726,-2.4368,7.7385,24.4052,0.0063,1.0049,0.7097,-14.9762,-1.6478,0.0000,0.0000,0.6964,0.0470,6266.0928,34.2313,297.2757,0.2786,0.2495,-33.0888,0.4528,0.6167,-6.9509,1016.5386
45.2118,ASCEND,DESCEND,0.2430,0.2903,14.2343,22.5907,0.5762,0.4238,16.3053,20.2718,9.4257,25.8763,262.0000,0.0015,123.0636,59.8437,16.3053,0.0286,0.0238,0.0190,0.5905,0.1381,0.0857,0.0571,0.0571,166.0607,171.0293,1.1490,24.0523,9.1384,25.1735,0.0169,0.0000,0.5402,0.6588,0.5140,6.5848,11.6959,15.4817,6.8859,10.4773,16.6786,0.9677,3.9977,0.4902,0.3564,-1.1402,1.0052,-21.0732,-2.4486,9.1914,26.7337,-0.0089,1.0049,1.0501,-16.4715,-3.4688,-0.0000,0.0000,0.6619,0.0450,6550.6699,33.6508,299.5704,0.3081,0.2570,-37.0342,0.4778,0.6973,40.3818,916.9631
45.2535,ASCEND,DESCEND,6.4027,0.9932,13.6435,26.1570,0.6467,0.3533,15.0017,19.9290,11.4462,28.4249,238.0000,0.0014,130.2759,60.1469,15.0017,0.0060,0.0240,0.0659,0.6347,0.0539,0.0838,0.0958,0.0359,175.9403,169.0992,0.5691,26.3537,9.8726,27.9473,0.0182,0.0000,0.5529,0.6810,0.5150,6.9943,12.1244,16.0881,6.3565,12.5669,16.0305,0.3701,3.0690,0.5123,0.0460,-1.7986,1.0098,-21.3652,-1.7982,12.7673,30.4642,-0.0172,1.0266,2.0662,-18.6932,-4.7626,0.0000,0.0001,0.5749,0.0399,6587.3310,32.2352,296.2107,0.3298,0.2746,-35.9689,0.4583,0.7208,69.5391,558.2566
45.2952,ASCEND,DESCEND,7.3545,0.1064,14.1997,27.9341,0.6183,0.3817,14.6764,20.3009,12.6126,30.1637,277.0000,0.0016,133.1065,57.5408,14.6764,0.0534,0.0458,0.0534,0.5649,0.0305,0.0840,0.0992,0.0687,184.7837,168.5886,0.2835,27.5050,10.2788,29.8038,0.0161,0.0000,0.5654,0.6964,0.5071,8.9487,12.0510,16.5708,6.4093,13.5177,14.1098,0.3526,2.7229,0.2639,0.1898,-2.0589,1.0069,-21.1127,0.4646,14.7890,33.4290,-0.0231,1.0077,2.0796,-17.6002,-1.4542,-0.0000,0.0000,0.5420,0.0372,6636.6072,30.7294,287.2452,0.3493,0.3058,-32.9574,0.3500,0.7230,86.9497,255.5141
45.3370,ASCEND,DESCEND,2.9243,0.2152,17.5436,28.2551,0.6421,0.3579,16.5550,22.7246,12.1412,29.5611,231.0000,0.0013,143.9210,56.9409,16.5550,0.0737,0.0474,0.0474,0.6421,0.0684,0.0579,0.0211,0.0421,199.6273,160.0273,0.4156,27.7289,10.5236,29.6025,0.0166,0.0000,0.5629,0.6997,0.5131,7.1724,12.5245,16.2877,7.8675,16.4120,11.6199,0.2836,2.8639,0.1173,0.3115,-1.7080,1.0020,-21.5534,3.3490,12.8615,32.6535,-0.0143,0.9642,1.2753,-14.1556,3.4937,-0.0001,-0.0001,0.5895,0.0350,6954.7124,30.0554,280.3059,0.3618,0.3048,-33.1356,0.3722,0.5732,90.8533,159.5415
45.3787,ASCEND,DESCEND,6.3908,0.0022,11.9055,28.1198,0.6000,0.4000,9.5569,0.5107,12.6164,30.0103,270.0000,0.0016,153.6945,39.9586,9.5569,0.0824,0.1176,0.0706,0.4118,0.0235,0.1176,0.0941,0.0824,212.2165,175.3039,0.3436,27.8309,10.3679,31.3040,0.0144,0.0000,0.5812,0.7498,0.5223,6.6922,13.3609,15.7043,8.4435,16.0350,9.8471,0.1624,1.7476,0.1950,0.0512,-0.1563,0.9969,1.6344,0.2541,9.8172,29.7260,0.1161,1.0263,0.8671,-3.2588,-6.0381,0.0000,0.0000,0.6588,0.0257,6858.4747,28.0333,270.9911,0.3732,0.3810,-31.0248,0.3583,0.5368,100.2581,307.0757
45.4204,ASCEND,DESCEND,3.5556,0.0802,16.7844,30.3717,0.6425,0.3575,16.6176,23.5339,13.4823,33.5717,234.0000,0.0014,145.1792,54.9553,16.6176,0.0391,0.1229,0.1061,0.5978,0.0503,0.0279,0.0391,0.0168,218.2161,159.5837,0.3125,28.6583,10.5371,31.3921,0.0134,0.0000,0.6059,0.8087,0.5086,6.3518,14.0723,15.9354,7.8938,15.8234,8.8375,0.2544,0.5236,0.1842,0.1686,-0.9216,1.0028,-23.7120,11.2589,14.4211,32.4843,-0.0199,0.9928,1.4027,-16.1486,7.4467,-0.0000,-0.0000,0.5419,0.0259,7232.6198,27.4807,253.4409,0.3765,0.3672,-31.7453,0.5056,0.5448,116.4685,229.1664
45.4621,ASCEND,DESCEND,5.7629,0.0009,10.8781,29.0378,0.5412,0.4588,9.3191,1.0904,13.6982,41.5245,166.0000,0.0010,158.2071,42.6764,9.3191,0.0353,0.0706,0.1059,0.2941,0.1529,0.1294,0.1176,0.0941,219.1089,176.9810,0.5652,31.7792,11.2748,36.5534,0.0189,0.0000,0.6725,0.9093,0.5124,7.6221,13.0632,19.5761,7.3932,17.7033,7.7167,0.3319,0.6764,0.2099,0.1976,-0.0092,0.9976,0.4903,0.5825,9.3586,33.0183,0.0915,0.9962,0.0650,1.1501,1.2059,0.0000,-0.0000,0.6706,0.0272,7215.9722,27.5567,253.9063,0.3575,0.4045,-30.0865,0.3306,0.4854,119.3744,13.0494
45.5038,ASCEND,DESCEND,-0.9898,0.0002,11.6785,18.8512,0.5149,0.4851,11.8096,0.6969,15.2136,35.6492,243.0000,0.0014,151.0479,49.1722,11.8096,0.1089,0.0990,0.1683,0.3861,0.0495,0.0396,0.0693,0.0792,223.8080,175.8853,0.2804,33.0056,11.6192,35.1980,0.0286,0.0000,0.7196,0.9013,0.5159,9.3451,11.5954,25.9995,7.7174,13.6178,8.5610,0.1046,0.4020,0.2036,0.1315,0.0948,1.0000,-0.4955,0.4514,11.7136,34.4533,-0.0576,1.0114,-0.0906,-6.6534,-1.1666,-0.0000,0.0000,0.6139,0.0316,7645.8252,28.9305,254.3873,0.3622,0.4029,11.2435,0.0917,0.5642,117.5571,-6.7600
45.5455,ASCEND,DESCEND,2.3184,-0.0002,10.1444,25.3773,0.4691,0.5309,8.1094,0.5962,13.9271,48.1995,189.0000,0.0011,160.5676,48.9151,8.1094,0.1358,0.0494,0.0864,0.2963,0.0617,0.1111,0.1481,0.1111,223.5916,183.6188,0.3253,36.0939,12.2835,46.3041,0.0282,0.0000,0.7226,0.8315,0.5173,10.0551,9.7208,30.3114,7.3706,7.4755,10.4298,0.3315,0.3235,0.1611,0.3677,-0.0339,0.9983,0.5596,0.3271,8.1725,39.1703,0.0508,0.9890,-0.4309,2.1085,2.4805,-0.0000,-0.0000,0.6790,0.0322,7742.3909,28.7927,242.0010,0.3484,0.3961,-30.1673,0.2583,0.6169,118.8106,33.9925
45.5872,ASCEND,DESCEND,4.7811,0.0068,14.2605,34.9500,0.6190,0.3810,14.9245,3.7802,17.3673,39.4719,194.0000,0.0011,143.6256,46.9000,14.9245,0.0381,0.0571,0.0952,0.4476,0.1333,0.1143,0.0857,0.0286,222.0675,172.7877,0.2286,38.0406,13.5762,55.2699,0.0283,0.0000,0.8188,0.8859,0.5201,10.8790,14.9525,28.9519,7.6519,10.4493,11.5489,0.1496,0.5414,0.2393,0.3365,-0.0265,1.0011,-0.1938,-0.5348,14.9994,39.3020,0.1326,0.9885,-0.2581,0.0872,-0.9819,-0.0000,-0.0000,0.5333,0.0351,8049.3939,29.4315,238.3551,0.3632,0.3547,-34.1285,0.4083,0.3624,120.3926,2.3488
45.6289,ASCEND,DESCEND,10.1382,0.0022,14.2107,37.3872,0.6857,0.3143,16.6938,3.2889,19.0820,42.7414,153.0000,0.0009,136.9714,38.8156,16.6938,0.0571,0.0857,0.0714,0.4571,0.1143,0.1143,0.0857,0.0143,197.5763,168.3805,0.4817,39.4791,13.3944,54.1690,0.0201,0.0000,0.9147,1.0933,0.5048,11.4910,14.3969,27.9169,5.1105,12.7902,9.0812,1.1329,0.9411,0.5643,5.7023,0.0143,0.9972,0.4608,0.9569,16.7068,40.9437,0.2109,1.0704,-3.6393,-67.7868,17.8017,-0.0002,0.0005,0.6714,0.0309,7457.0295,28.5543,232.1647,0.3939,0.3467,-33.9965,0.2806,0.5187,119.0065,-166.1822
45.6706,ASCEND,DESCEND,8.2578,0.1751,19.4016,42.5239,0.6780,0.3220,21.3468,11.7508,20.1498,47.1728,104.0000,0.0006,132.0873,41.4722,21.3468,0.0000,0.0847,0.1186,0.5424,0.0508,0.1186,0.0339,0.0508,198.3774,162.5311,0.3295,40.5233,13.1822,50.2826,0.0143,0.0000,0.9081,0.9886,0.5221,13.7597,18.1927,23.1436,3.1175,15.1546,6.8591,0.4202,1.2006,0.6170,2.6555,1.2302,1.0038,-43.3715,13.9468,20.2649,38.3632,-0.0802,0.9771,-1.4168,-54.1004,17.3758,-0.0000,0.0000,0.6441,0.0249,6907.9001,26.0299,203.7100,0.4440,0.3831,0.0000,0.9000,0.3667,106.5302,-236.5945
45.7123,ASCEND,DESCEND,3.2679,-0.0001,9.1242,21.0046,0.4737,0.5263,10.2050,0.0930,15.9140,42.9170,64.0000,0.0004,129.6477,26.2835,10.2050,0.0789,0.0263,0.0789,0.2105,0.1579,0.2632,0.1579,0.0263,187.7185,184.4609,0.1379,39.6954,12.7579,55.3405,0.0179,0.0000,0.9472,1.0868,0.5111,13.3463,25.8729,16.9726,1.9683,12.9970,3.5982,0.2857,1.4722,2.7119,4.2687,-0.3305,1.0046,0.8359,-2.6413,10.4003,43.9076,0.0731,0.9883,-1.3712,-55.1203,12.9369,-0.0001,0.0001,0.7895,0.0177,6213.2133,23.2982,189.0529,0.4674,0.3012,0.0000,0.8111,0.3667,99.2706,-252.0544
45.7540,ASCEND,DESCEND,4.5170,0.0745,14.1352,29.5675,0.5938,0.4062,21.6787,26.0907,17.9047,43.3822,75.0000,0.0004,122.9140,25.6460,21.6787,0.0000,0.0625,0.1250,0.3750,0.2188,0.1562,0.0312,0.0312,169.5301,195.6689,0.0711,37.4335,11.9164,56.3151,0.0072,0.0000,0.9404,0.9868,0.5116,13.6529,24.2863,12.2689,1.7967,12.9252,2.0841,0.1081,0.9648,5.0441,0.4702,0.2160,1.0047,-1.9401,-0.7800,21.4981,41.3762,0.0787,0.9969,-3.2987,-59.0963,14.4553,-0.0001,-0.0000,0.5625,0.0156,5865.8392,20.3975,164.0369,0.4585,0.2789,0.0000,0.8111,0.3700,85.5047,-273.2406
45.7957,ASCEND,DESCEND,2.8980,0.0378,16.8136,25.6635,0.6774,0.3226,21.4826,33.2448,17.6321,41.7483,65.0000,0.0004,127.4189,25.2758,21.4826,0.0323,0.0645,0.1290,0.4839,0.1613,0.1290,0.0000,0.0000,153.2401,203.4649,0.0262,34.9523,10.7911,47.3783,0.0001,0.0000,0.9045,0.8262,0.5069,13.5114,20.6529,9.0127,0.4768,9.9850,0.2736,0.0689,0.7739,6.2017,0.2635,1.0379,0.9943,-39.5361,6.9551,17.6887,35.3968,-0.0271,0.9911,-1.4316,-38.8149,8.8147,-0.0000,-0.0000,0.5161,0.0140,5164.0551,19.1125,163.3900,0.4144,0.3679,0.0000,0.9000,0.3067,76.4777,-457.1671
45.8375,ASCEND,DESCEND,-2.2498,0.0067,11.3101,13.1571,0.5000,0.5000,18.2132,19.6810,15.6581,39.9459,46.0000,0.0003,129.4229,38.6904,18.2132,0.0333,0.0667,0.0333,0.4000,0.2333,0.1333,0.0333,0.0667,141.8406,216.4942,0.0123,22.9726,8.1900,40.3101,0.0022,0.0000,0.7749,0.6226,0.5151,12.5026,14.7504,4.7843,0.4366,6.6033,0.0101,0.0332,0.4023,5.0945,0.1110,1.3149,0.9994,-6.8330,4.0102,17.4925,35.7096,-0.0374,0.9699,-1.6215,-32.6398,8.8785,-0.0000,-0.0000,0.5333,0.0113,4843.0267,18.7994,178.3566,0.3817,0.4295,0.0000,0.8111,0.3633,47.3693,-680.2929
45.8792,ASCEND,DESCEND,-0.6668,0.0028,11.6483,11.6434,0.5500,0.4500,15.6223,11.8227,15.6592,36.6905,38.0000,0.0002,134.8719,45.4149,15.6223,0.0000,0.0500,0.0000,0.3500,0.1000,0.2500,0.1500,0.1000,140.2266,212.5766,0.0060,17.8630,6.4857,36.9606,0.0053,0.0000,0.6392,0.5855,0.5071,10.9539,11.8291,3.2459,0.2679,3.9610,0.0134,0.0448,0.6575,3.1366,0.1187,0.3006,1.0056,-2.4381,-0.8534,15.2809,37.3529,-0.0240,0.9700,-1.4260,-32.3510,8.3570,0.0000,-0.0001,0.6500,0.0131,4520.2957,18.8276,209.8831,0.3181,0.4525,-0.9316,0.8389,0.4101,19.7300,-600.6338
45.9209,ASCEND,DESCEND,1.0000,0.0104,2.8156,8.3542,0.7083,0.2917,2.6604,0.1338,7.1152,31.7051,32.0000,0.0002,122.5170,48.5780,2.6604,0.0000,0.2083,0.1250,0.1250,0.0833,0.0833,0.2500,0.1250,159.2735,230.6463,0.0029,13.5319,5.1782,37.2517,0.0065,0.0000,0.4946,0.4233,0.5098,8.0643,10.3748,1.4652,0.2522,2.1887,0.0019,0.0676,0.7615,1.0010,0.1395,0.1231,1.0008,-0.7948,0.1183,2.7018,14.2132,0.0097,1.1571,0.4333,-6.6000,-42.9982,0.0000,0.0003,0.9167,0.0130,4455.8892,18.2749,217.5988,0.3134,0.4612,0.0000,0.8111,0.3633,-2.7335,-329.5677
45.9626,ASCEND,DESCEND,0.2414,-0.0001,1.2800,0.0991,0.4000,0.6000,0.3834,0.0028,1.7244,9.6278,57.0000,0.0003,91.3514,43.7791,0.3834,0.1333,0.0667,0.2000,0.0333,0.1333,0.1333,0.2333,0.0667,169.9934,257.1085,0.0018,9.2460,3.8145,33.5487,0.0039,0.0000,0.3690,0.2066,0.5042,7.6112,7.1547,1.6102,0.2609,0.9809,0.0009,0.0453,0.0963,0.0646,0.1428,-0.0712,0.9997,0.4347,-0.1319,0.4146,0.4410,0.0027,0.9980,0.1605,0.4390,-0.0055,0.0000,-0.0000,0.9667,0.0130,4805.1666,18.7668,219.8593,0.3538,0.4414,0.0000,0.8111,0.3633,-7.7615,-1.6748
46.0043,ASCEND,DESCEND,0.6921,0.0007,2.2782,7.2438,0.6250,0.3750,1.4143,0.0125,2.8378,10.5517,52.0000,0.0003,95.5624,52.9442,1.4143,0.2000,0.1500,0.2000,0.1000,0.1250,0.1250,0.0750,0.0250,163.9718,268.6179,0.0020,7.0184,3.5719,32.9153,0.0095,0.0000,0.3201,0.2473,0.5032,5.1032,7.0240,0.7529,0.1803,0.6888,0.0011,0.0432,0.3279,0.4247,0.0787,-0.1144,1.0056,-0.6784,-2.1361,1.4932,8.2477,0.0042,0.9652,0.4698,-1.0455,5.2867,0.0000,-0.0001,0.9000,0.0128,5125.2353,19.0755,209.4785,0.3997,0.4044,0.0000,0.8111,0.3667,-2.8732,62.7636
46.0460,ASCEND,DESCEND,0.2055,0.0001,0.7880,2.5769,0.6279,0.3721,1.5415,0.0087,5.0991,32.6768,52.0000,0.0003,109.3007,61.6003,1.5415,0.1163,0.1628,0.2326,0.2093,0.0698,0.1163,0.0698,0.0233,159.9896,262.8359,0.0016,3.9916,1.6959,15.2390,0.0041,0.0000,0.1733,0.1703,0.5035,2.4745,3.4968,0.6255,0.3020,0.3363,0.0008,0.2170,0.1263,0.0720,0.0953,0.0487,0.9992,-0.0773,0.5737,1.6180,5.9272,-0.0000,1.0636,-0.2280,-1.9125,-11.9662,-0.0000,0.0002,0.9302,0.0139,5135.6455,19.8601,224.0091,0.4205,0.3948,0.0000,0.8111,0.3600,-2.5259,119.9938
46.0877,ASCEND,DESCEND,0.2010,0.0011,0.5206,0.7305,0.6098,0.3902,0.3908,0.0337,0.6801,3.5514,71.0000,0.0004,98.2480,51.5261,0.3908,0.0488,0.2195,0.2195,0.0732,0.1951,0.0488,0.1463,0.0488,171.1446,264.1371,0.0018,3.4480,1.3995,11.0427,0.0029,0.0000,0.1577,0.1652,0.5116,2.8333,2.7619,0.5892,0.4676,0.1640,0.0009,0.0810,0.1392,0.3574,0.1007,0.0117,1.0015,-0.4704,-0.2634,0.4361,1.2245,-0.0014,0.9965,-0.2538,-1.2960,-0.0173,-0.0000,-0.0000,1.0000,0.0139,5379.5625,20.2160,224.5158,0.4703,0.3496,0.0000,0.8111,0.2900,7.1362,239.0394
46.1294,ASCEND,DESCEND,0.1180,-0.0007,0.5461,0.7501,0.4681,0.5319,0.4327,0.0644,0.9792,5.5503,61.0000,0.0004,107.3491,67.2915,0.4327,0.0638,0.1489,0.1489,0.1277,0.1915,0.1064,0.0851,0.1277,178.6780,269.2526,0.0018,4.0434,1.9757,27.8035,0.0025,0.0000,0.2522,0.1414,0.5074,9.9349,2.6791,1.4897,0.6557,0.0473,0.0009,0.1475,0.0660,0.3019,0.1800,-0.0648,0.9997,0.4148,-0.0003,0.4943,1.3728,0.0003,0.9875,0.1507,0.4971,1.7860,0.0000,-0.0000,0.9787,0.0148,5406.3611,20.1130,207.0186,0.5015,0.3222,0.0000,0.8111,0.3600,17.4139,90.7261
46.1711,ASCEND,DESCEND,0.3214,0.0012,1.2657,1.1871,0.5814,0.4186,0.7655,0.0546,3.1323,20.5941,56.0000,0.0003,106.6168,74.2033,0.7655,0.0698,0.2093,0.1628,0.1163,0.0698,0.0698,0.2326,0.0698,168.3824,275.2572,0.0016,6.0236,2.1777,19.4477,-0.0002,0.0000,0.1979,0.1364,0.5129,4.6316,3.9676,1.2520,0.5561,0.0330,0.0010,0.0259,0.0885,0.2661,0.1491,-0.0651,1.0007,0.1486,-0.3490,0.8136,1.3877,0.0015,0.9936,-0.0193,-0.0835,0.1512,-0.0000,-0.0000,0.9767,0.0149,5600.2470,19.8434,191.1946,0.5433,0.2854,0.0000,0.8111,0.3700,14.7043,-55.8523
46.2128,ASCEND,DESCEND,0.3087,0.0039,0.9885,1.8614,0.6585,0.3415,0.6147,0.0269,1.7923,10.7953,55.0000,0.0003,102.4150,83.6582,0.6147,0.0244,0.0976,0.2195,0.0732,0.1707,0.0976,0.2195,0.0976,164.2939,290.3652,0.0017,9.0441,3.4302,26.8246,-0.0019,0.0000,0.2426,0.1127,0.5067,8.2373,7.0737,1.2871,0.0916,0.2562,0.0009,0.0244,0.0916,0.2133,0.1457,-0.0979,1.0010,0.2806,-0.6296,0.6152,2.5587,0.0020,1.0008,0.1814,0.5019,-2.0837,0.0000,-0.0000,0.9756,0.0153,5674.1463,19.7859,196.6474,0.5734,0.2662,0.0000,0.8111,0.2900,12.7549,-11.3132
46.2545,ASCEND,DESCEND,1.6587,-0.0121,6.4668,14.1125,0.3902,0.6098,3.1788,0.0844,8.2323,42.1389,51.0000,0.0003,99.0546,81.4153,3.1788,0.1220,0.1463,0.1951,0.0488,0.0488,0.1707,0.1707,0.0976,168.3142,297.8086,0.0017,21.3874,8.2697,52.0965,-0.0011,-0.0000,0.4573,0.2041,0.4969,10.6959,18.0604,1.5566,0.1359,0.7916,0.0009,0.1377,0.5621,0.3106,0.1212,-0.1528,0.9950,1.9779,1.2012,3.2983,19.6917,0.0139,1.2965,-1.0122,5.2671,-64.9023,-0.0001,0.0007,0.8780,0.0148,5631.0105,18.9890,184.7078,0.6191,0.2445,0.0000,0.8111,0.2900,13.7606,0.9676
46.2962,ASCEND,DESCEND,0.7913,0.0004,3.6882,5.3815,0.6429,0.3571,2.4748,0.0110,7.0140,31.1085,49.0000,0.0003,94.4721,76.3733,2.4748,0.2143,0.0476,0.2857,0.0476,0.0238,0.0952,0.1667,0.1190,172.1839,300.4892,0.0012,9.2734,5.5097,39.6821,0.0032,0.0000,0.3410,0.1207,0.5079,10.8506,10.3787,0.5670,0.1797,0.4261,0.0010,0.1339,0.3598,0.1334,0.3469,0.0246,0.9971,0.5771,1.0420,2.6182,21.7349,0.0104,1.0084,0.2261,2.8110,-2.1981,0.0000,0.0000,0.9286,0.0141,5426.7448,18.5547,182.9448,0.6219,0.2514,0.0000,0.8111,0.3667,12.8356,-15.8549
46.3380,ASCEND,DESCEND,0.6820,-0.0008,3.7528,1.3004,0.4146,0.5854,1.2312,0.0153,6.0621,39.3127,47.0000,0.0003,82.5672,67.6105,1.2312,0.1220,0.1220,0.1463,0.0976,0.0732,0.1220,0.2195,0.0976,181.1421,301.3074,0.0012,2.0431,5.2924,48.0525,0.0033,-0.0000,0.2868,0.0843,0.4791,8.3753,8.5317,0.0013,0.1307,0.1395,0.0009,0.0720,0.0726,0.2247,0.3130,-0.1000,1.0008,0.4104,-0.5910,1.2585,2.0260,-0.0006,1.0006,0.1328,-0.2772,-1.4354,-0.0000,-0.0000,0.9756,0.0156,5496.1437,18.6048,176.9665,0.6716,0.2207,0.0000,0.8111,0.3600,12.4380,-25.1772
46.3797,ASCEND,DESCEND,0.0520,0.0003,0.6169,1.0243,0.6585,0.3415,0.3561,0.0117,0.7281,3.1514,50.0000,0.0003,81.7003,66.4062,0.3561,0.0732,0.1220,0.1463,0.0732,0.0732,0.1463,0.3171,0.0488,183.4348,306.5990,0.0011,1.2365,2.3736,25.8575,0.0006,-0.0000,0.1651,0.0484,0.4927,5.0834,3.0032,0.0012,0.0489,0.2059,0.0010,0.0597,0.1191,0.1756,0.1680,-0.2073,1.0017,0.8150,-1.3002,0.4303,1.4145,-0.0028,0.9997,0.3770,0.8708,-0.9696,0.0000,-0.0000,1.0000,0.0156,5466.4698,18.7387,179.0815,0.6970,0.1973,0.0000,0.8111,0.3700,10.7354,-51.4008
46.4214,ASCEND,DESCEND,0.1042,0.0015,0.5022,0.4841,0.5652,0.4348,0.3255,0.0158,0.7889,4.3506,53.0000,0.0003,107.8392,90.8255,0.3255,0.0435,0.0435,0.1522,0.3261,0.0870,0.0652,0.1522,0.1304,184.1966,295.6821,0.0010,0.7250,0.4960,6.2701,0.0002,-0.0000,0.0634,0.0414,0.4942,1.2770,0.2581,0.0009,0.0443,0.0759,0.0007,0.0541,0.3336,0.0958,0.3226,-0.0004,1.0003,-0.1119,-0.1602,0.3643,1.7766,0.0024,0.9926,-0.0924,-0.3461,0.4664,-0.0000,-0.0000,1.0000,0.0152,5126.1524,18.3164,170.1891,0.6861,0.2225,0.0000,0.8111,0.2900,8.1503,-66.5464
46.4631,STABLE,DESCEND,0.1235,0.0001,0.4079,0.7227,0.5800,0.4200,0.2506,0.0030,0.5477,3.2178,54.0000,0.0003,121.6071,78.2999,0.2506,0.0400,0.1600,0.1600,0.0600,0.0800,0.1200,0.2400,0.1400,179.1069,264.0556,0.0009,0.5115,0.3114,4.1412,0.0001,-0.0000,0.0579,0.0328,0.4938,1.7721,0.0980,0.0010,0.0600,0.0626,0.0007,0.1394,0.0519,0.1598,0.1917,-0.0467,1.0006,0.1754,-0.3010,0.2808,0.9746,0.0002,0.9941,-0.1846,0.2369,0.1946,-0.0000,-0.0000,1.0000,0.0160,5099.4809,18.6387,176.9917,0.6911,0.1814,0.0000,0.8111,0.2900,5.1844,-74.1879
46.5048,STABLE,DESCEND,-0.0129,-0.0000,0.5043,0.6849,0.4808,0.5192,0.4075,0.0208,0.9121,4.8818,57.0000,0.0003,128.9214,73.5900,0.4075,0.1346,0.1154,0.1346,0.1538,0.0192,0.1346,0.2115,0.0962,167.3111,255.0285,0.0008,0.6545,0.4889,5.2654,0.0009,-0.0000,0.0548,0.0363,0.4913,1.4683,0.1432,0.0008,0.1334,0.1069,0.0007,0.0564,0.2755,0.0858,0.3000,-0.1340,1.0005,0.6249,-0.7358,0.4771,1.8022,0.0010,0.9961,-0.0568,0.6975,-0.5378,-0.0000,-0.0000,1.0000,0.0164,4820.8797,18.4505,176.6587,0.7000,0.1902,0.6437,0.8972,0.2967,1.9618,-79.3053
46.5465,STABLE,DESCEND,0.0253,0.0001,0.5791,0.9823,0.5273,0.4727,0.2941,0.0212,0.6408,3.2493,57.0000,0.0003,130.3694,69.2437,0.2941,0.0909,0.1818,0.1091,0.0909,0.1091,0.1636,0.1455,0.1091,158.7635,248.5973,0.0009,0.6159,0.4024,5.0551,-0.0001,-0.0000,0.0585,0.0334,0.4872,1.1325,0.0577,0.0011,0.3139,0.0323,0.0007,0.1336,0.0529,0.1460,0.1929,0.0366,1.0008,-0.1818,-0.0937,0.3849,1.6135,-0.0018,0.9985,-0.2529,-0.0415,0.2151,-0.0000,0.0000,1.0000,0.0168,4929.0491,18.8511,179.8448,0.7017,0.1400,0.0000,0.8111,0.3700,-1.4310,-35.8220
46.5882,STABLE,DESCEND,-0.0429,0.0009,0.7800,0.9991,0.6296,0.3704,0.7819,0.0692,1.5627,7.0562,56.0000,0.0003,135.7227,77.1889,0.7819,0.0741,0.1852,0.1296,0.1111,0.0000,0.1481,0.2593,0.0926,152.4742,251.3548,0.0009,0.8798,0.5427,6.6576,-0.0000,-0.0000,0.0682,0.0471,0.4980,1.2778,0.2101,0.0011,0.2498,0.1030,0.0005,0.0739,0.2101,0.1907,0.2518,-0.0985,1.0005,0.4090,-0.6367,0.7761,4.1393,-0.0012,1.0054,0.1468,0.7961,-1.8973,0.0000,0.0000,0.9630,0.0156,4762.4431,18.5179,174.4946,0.7012,0.1508,0.0000,0.8111,0.3700,-1.0263,13.0497
46.6299,STABLE,DESCEND,0.0503,0.0005,0.2057,0.3983,0.5882,0.4118,0.1750,0.0027,0.5025,3.3377,55.0000,0.0003,124.0225,65.4282,0.1750,0.1765,0.1569,0.1373,0.0784,0.0784,0.1176,0.1765,0.0784,154.3372,250.3686,0.0011,0.6777,0.4919,6.9706,-0.0001,-0.0000,0.0580,0.0337,0.4933,0.8920,0.1115,0.0012,0.4017,0.0190,0.0009,0.1477,0.0407,0.1136,0.2503,-0.0086,1.0003,0.0013,-0.0614,0.2133,0.6890,-0.0008,0.9976,-0.0599,-0.1376,0.1724,-0.0000,-0.0000,1.0000,0.0160,4976.6997,18.9690,178.9582,0.7037,0.1100,0.0000,0.8111,0.3667,-0.3425,29.9585
46.6716,STABLE,DESCEND,-0.0073,0.0005,0.1628,0.1949,0.5510,0.4490,0.1431,0.0291,0.2442,1.2549,59.0000,0.0003,127.9432,65.7324,0.1431,0.1633,0.1837,0.0816,0.1429,0.0816,0.0408,0.2857,0.0204,140.5284,252.2017,0.0011,0.8628,0.5401,4.9548,-0.0001,-0.0000,0.0659,0.0456,0.4981,0.9533,0.1051,0.0014,0.3971,0.1193,0.0009,0.2803,0.0552,0.0940,0.2572,-0.0333,1.0001,0.1909,-0.1878,0.1657,0.5146,0.0002,0.9962,-0.0642,0.1241,-0.0451,-0.0000,-0.0000,1.0000,0.0170,4997.9600,18.9695,180.4348,0.7048,0.1140,0.0000,0.8111,0.2900,1.4727,53.8001
46.7133,STABLE,DESCEND,0.1353,0.0331,0.4937,0.7992,0.7000,0.3000,0.4204,0.2472,0.6385,3.6604,53.0000,0.0003,136.6660,76.1944,0.4204,0.1800,0.1200,0.1000,0.1000,0.0600,0.1200,0.2000,0.1200,143.9199,250.3204,0.0012,0.4372,0.3034,5.2555,0.0003,0.0000,0.0636,0.0465,0.5034,1.4377,0.1154,0.0014,0.0789,0.0627,0.0008,0.0662,0.2079,0.1713,0.0543,-0.0636,1.0010,0.2136,-0.5931,0.3967,1.1559,0.0003,1.0000,0.0975,0.1543,-0.9922,-0.0000,-0.0000,1.0000,0.0129,5102.9692,18.6205,164.3495,0.6955,0.1041,0.0000,0.8111,0.2900,4.1454,70.9372
46.7550,STABLE,DESCEND,-0.0314,0.0007,0.4154,0.3603,0.5957,0.4043,0.2412,0.0434,0.6366,4.2218,47.0000,0.0003,140.9174,75.9235,0.2412,0.1915,0.1489,0.0638,0.1702,0.0851,0.1064,0.2128,0.0213,141.3925,249.3378,0.0012,0.4227,0.2323,4.1070,0.0001,0.0000,0.0473,0.0382,0.5068,1.7582,0.0539,0.0014,0.1090,0.0738,0.0009,0.0888,0.0620,0.1733,0.0500,-0.0254,1.0003,0.0647,-0.2089,0.2506,0.7566,-0.0004,0.9977,-0.0147,0.0454,-0.1807,-0.0000,0.0000,1.0000,0.0132,5264.1565,18.4255,157.0700,0.7044,0.1038,0.0000,0.8111,0.2900,7.3901,55.1662
46.7967,STABLE,DESCEND,0.0693,0.0013,0.4405,0.9564,0.6591,0.3409,0.3419,0.0168,0.7717,3.5820,52.0000,0.0003,127.4072,71.9086,0.3419,0.1364,0.2273,0.1364,0.0682,0.0000,0.1136,0.1818,0.1364,139.4973,261.6164,0.0011,0.6465,0.4249,5.5193,0.0005,-0.0000,0.0578,0.0361,0.4997,1.0123,0.3132,0.0016,0.2914,0.0241,0.0008,0.0994,0.0843,0.1208,0.0876,0.0343,1.0004,-0.2475,-0.0018,0.3632,1.8895,-0.0001,0.9933,-0.1484,-0.4112,0.5908,-0.0000,-0.0000,1.0000,0.0141,5556.2250,18.7929,163.0200,0.7050,0.1073,1.2873,0.9000,0.2967,8.7471,-78.3006
46.8385,STABLE,DESCEND,0.0199,-0.0000,0.5286,0.0653,0.5000,0.5000,0.4883,0.0305,1.0012,4.4094,46.0000,0.0003,126.5183,75.5643,0.4883,0.1739,0.1304,0.1739,0.1087,0.0217,0.1522,0.1957,0.0435,154.4605,256.5268,0.0014,1.1250,0.6436,10.7814,0.0006,0.0000,0.0840,0.0623,0.5048,1.8362,0.2556,0.0019,0.4851,0.1960,0.0008,0.2733,0.0638,0.1418,0.1247,0.0375,0.9997,-0.2241,0.2880,0.5459,2.6314,-0.0002,0.9941,0.0156,-0.8409,0.0819,-0.0000,-0.0000,1.0000,0.0132,5790.2830,18.8067,163.9746,0.7045,0.1112,0.0000,0.8111,0.2900,0.8585,-250.1894
46.8802,STABLE,DESCEND,0.2765,0.0010,0.9098,2.9158,0.5349,0.4651,0.5942,0.0187,1.3777,5.6251,48.0000,0.0003,110.5243,71.1821,0.5942,0.1395,0.0930,0.1163,0.1628,0.0465,0.1163,0.2791,0.0465,163.1126,266.6258,0.0016,1.1970,2.4423,32.8574,-0.0002,0.0000,0.1791,0.0668,0.5092,4.2404,0.1269,0.0033,2.8384,0.0421,0.0010,0.1494,0.1794,0.1547,0.2715,-0.0042,1.0004,-0.0443,-0.0925,0.6104,3.9284,0.0017,1.0034,0.2668,0.1695,-1.7530,0.0000,-0.0000,1.0000,0.0133,6004.5420,18.8424,170.1961,0.6912,0.1133,0.6437,0.8972,0.2967,-12.1228,-319.9525
46.9219,STABLE,DESCEND,-0.0157,-0.0001,0.4858,0.7242,0.4651,0.5349,0.3211,0.0233,0.7802,3.8807,56.0000,0.0003,112.7919,75.9538,0.3211,0.1395,0.0930,0.0930,0.0930,0.0698,0.2558,0.1163,0.1395,165.6367,270.3270,0.0016,1.8095,3.7899,44.1859,-0.0014,0.0000,0.2239,0.0788,0.5035,5.4702,0.1405,0.0149,5.7283,0.0673,0.0008,0.2297,0.0529,0.1106,0.2057,0.0964,1.0006,-0.6107,0.2364,0.4012,1.3742,-0.0030,0.9890,-0.2400,-0.8936,1.3009,-0.0000,-0.0000,1.0000,0.0140,6215.8291,19.4116,171.0191,0.6893,0.1128,0.0000,0.8278,0.3600,-25.8309,-350.9030
46.9636,DESCEND,DESCEND,-0.3360,0.0005,2.4496,0.6704,0.6122,0.3878,0.8982,0.0221,3.6143,25.3758,69.0000,0.0004,131.4695,77.6002,0.8982,0.1020,0.2449,0.2449,0.0816,0.0612,0.1429,0.0816,0.0408,169.0203,256.2769,0.0021,4.9914,4.0805,33.3130,-0.0035,-0.0000,0.2153,0.0958,0.4918,3.5681,0.2480,0.0458,7.8454,0.1604,0.0010,0.4465,0.0346,0.0827,0.1725,0.0463,1.0005,-0.3940,0.1353,0.9519,2.0795,-0.0045,1.0013,0.0800,-1.0795,0.6566,-0.0000,0.0000,0.9796,0.0151,6396.6838,20.1655,177.9481,0.6622,0.1174,0.0000,0.8111,0.3700,-41.3940,-319.4010
47.0053,DESCEND,DESCEND,-1.7982,-0.0009,5.0508,0.1435,0.4182,0.5818,2.6712,0.1049,7.1169,23.6304,77.0000,0.0004,148.8777,83.7100,2.6712,0.2182,0.0545,0.1818,0.1818,0.0909,0.0909,0.1455,0.0364,178.3255,249.6043,0.0023,11.3076,3.9646,23.4239,0.0106,0.0000,0.2322,0.1456,0.5073,3.9008,0.0201,0.2572,8.6127,0.0726,0.0009,0.9057,0.1481,0.1944,0.0298,-0.0080,0.9997,0.1734,0.0469,2.6982,23.2747,-0.0124,0.9999,0.0971,-0.0123,0.0663,0.0000,0.0000,0.8909,0.0172,6284.0394,20.4955,181.4675,0.6771,0.1233,0.0000,0.8111,0.3700,-52.4743,-198.9495
47.0470,DESCEND,DESCEND,-3.5282,-0.0011,6.2429,0.3312,0.4603,0.5397,5.6081,0.0894,8.8429,22.1996,88.0000,0.0005,168.7399,74.5941,5.6081,0.0476,0.1429,0.1746,0.2063,0.0635,0.0794,0.1746,0.1111,188.1086,228.5556,0.0028,14.8395,4.5941,22.0779,0.0123,0.0000,0.2586,0.1712,0.5080,6.2940,0.0839,1.4197,9.9358,0.2397,0.0013,1.1174,0.1308,0.1539,0.0346,-0.0142,1.0001,0.0784,-0.0684,5.6300,21.7339,-0.0279,0.9152,-0.1195,0.8813,4.3732,-0.0000,-0.0002,0.9206,0.0181,6121.7091,21.2939,193.2122,0.6627,0.1299,0.0000,0.8111,0.3700,-57.9897,-30.0073
47.0887,DESCEND,DESCEND,-5.0170,-0.0011,6.5888,0.1341,0.3750,0.6250,7.5133,0.4215,9.2453,20.5400,103.0000,0.0006,173.8603,43.9396,7.5133,0.0972,0.1250,0.1667,0.2778,0.2083,0.0278,0.0833,0.0139,188.1122,194.1311,0.0019,15.5902,4.5559,20.6449,0.0140,0.0000,0.2651,0.1843,0.5002,5.7281,0.5704,3.7670,8.5642,0.0412,0.0011,1.3014,0.0271,0.0474,0.2168,0.0234,0.9992,-0.0659,0.4910,7.4471,19.7430,-0.0463,0.9318,-0.2794,-0.3363,4.0719,-0.0000,-0.0002,0.9722,0.0189,6203.9814,21.9470,195.4099,0.6522,0.1381,23.9162,0.2417,0.4193,-54.9774,144.7990
47.1304,DESCEND,DESCEND,-3.2175,-0.0577,4.9356,0.2585,0.2857,0.7143,7.1858,0.7361,8.6942,31.3847,104.0000,0.0006,177.5704,29.8163,7.1858,0.0357,0.1071,0.0714,0.1190,0.3571,0.0833,0.2024,0.0238,210.2306,163.0751,0.0031,16.6905,4.8905,19.3352,0.0203,0.0000,0.2927,0.2554,0.5172,6.9229,1.3525,5.7442,8.7791,0.1482,0.0011,1.2419,0.2355,0.2017,0.0555,-0.0257,0.9995,0.3041,-0.0041,7.2596,18.9876,-0.0358,0.9318,-1.3699,-4.3019,6.2192,-0.0001,-0.0001,0.8929,0.0183,5940.8211,21.7864,186.6483,0.6319,0.1750,23.0913,0.2472,0.4675,-45.9110,289.7087
47.1721,DESCEND,DESCEND,-1.5195,-0.0347,5.0608,8.3938,0.3093,0.6907,7.5431,1.5199,7.9367,19.3195,124.0000,0.0007,172.7326,30.3686,7.5431,0.0825,0.0619,0.1340,0.0722,0.4536,0.0619,0.0825,0.0515,235.0610,148.1833,0.0028,15.9113,4.9188,17.2415,0.0173,0.0000,0.3219,0.2293,0.5040,7.5321,1.9704,6.5690,8.7840,0.2309,0.0009,1.0705,0.0941,0.2472,0.0216,-0.0504,0.9986,0.5208,0.2396,7.6613,17.3715,-0.0186,0.9530,-1.7856,-8.6993,4.1623,-0.0001,-0.0000,0.8763,0.0177,5799.6140,21.5027,180.6087,0.6210,0.2072,20.0561,0.1917,0.6707,-30.8108,434.8973
47.2138,DESCEND,DESCEND,-0.7422,0.0015,5.0551,7.7983,0.5556,0.4444,10.6977,1.7573,14.2240,32.9715,101.0000,0.0006,171.4173,39.0233,10.6977,0.0494,0.0864,0.2716,0.0247,0.2963,0.1481,0.0741,0.0494,251.4729,144.7680,0.0027,30.6880,8.8347,39.7432,0.0155,-0.0000,0.4666,0.4138,0.4979,13.1478,0.6931,11.5963,18.0232,0.0056,0.0010,2.4056,0.0346,0.2971,0.3320,-0.2482,0.9993,1.3090,-0.5310,11.1749,33.7853,-0.0088,0.8854,-4.2104,1.3730,3.4054,-0.0002,-0.0002,0.8272,0.0165,6092.2767,21.2933,181.6982,0.6268,0.2152,17.9279,0.1333,0.4765,-9.6334,513.0975
47.2555,ASCEND,DESCEND,1.7896,0.0300,3.7700,10.1728,0.6429,0.3571,6.8498,0.7341,7.9924,18.2535,100.0000,0.0006,168.8841,40.3017,6.8498,0.0595,0.0595,0.1190,0.0595,0.0476,0.3929,0.1786,0.0833,268.3340,151.2311,0.0025,16.4527,4.9092,21.3326,0.0084,0.0000,0.2414,0.2311,0.5028,7.1152,1.4252,5.4223,10.3039,0.0659,0.0013,1.4707,0.0339,0.1652,0.2326,-0.0235,1.0003,0.0501,-0.1047,6.9145,17.5828,0.0277,0.9503,-1.8160,2.4883,-3.5989,-0.0001,-0.0001,0.9048,0.0160,6295.3050,20.9587,178.7840,0.6383,0.2086,0.0000,0.8111,0.3700,11.9901,515.5462
47.2972,ASCEND,DESCEND,2.5819,0.0002,4.7426,12.8660,0.5570,0.4430,5.8877,0.1835,7.8095,18.6785,89.0000,0.0005,167.8192,45.3478,5.8877,0.0380,0.0633,0.0759,0.0633,0.1013,0.4051,0.1772,0.0759,296.5958,165.4509,0.0014,15.6511,4.4834,24.0267,0.0063,0.0000,0.2151,0.1780,0.5011,7.3407,0.8007,3.4555,10.0377,0.0592,0.0008,1.0592,0.0154,0.1094,0.0577,-0.0209,0.9999,0.1793,-0.0939,5.9432,17.8230,0.0400,1.0102,-0.5617,-10.8279,-13.9794,-0.0001,0.0000,0.8861,0.0149,6208.5492,19.9436,167.6022,0.6376,0.2350,15.0271,0.1389,0.5143,33.3718,448.5582
47.3390,ASCEND,DESCEND,3.5020,0.0289,5.4091,14.4504,0.7051,0.2949,5.8735,0.3709,7.6580,18.4156,83.0000,0.0005,169.8702,47.5614,5.8735,0.0385,0.0641,0.1154,0.1154,0.0641,0.3974,0.1282,0.0769,306.8199,176.5314,0.0019,13.1607,3.9267,18.6088,0.0026,0.0000,0.2015,0.1715,0.5090,3.7236,0.4143,2.0547,8.4897,0.0374,0.0009,0.9984,0.0288,0.1736,0.2748,-0.1516,1.0008,0.6145,-0.9028,6.0766,18.3087,0.0452,0.9494,-2.6618,2.9317,-0.6461,-0.0001,-0.0001,0.8718,0.0150,6442.3763,19.6198,164.7941,0.6507,0.2206,1.2873,0.9000,0.2967,49.4073,278.3710
47.3807,ASCEND,DESCEND,2.6550,0.0003,4.8680,14.7764,0.6712,0.3151,4.4238,0.0023,6.9971,18.2399,79.0000,0.0005,170.7880,52.1735,4.4238,0.1096,0.0000,0.2329,0.1233,0.0959,0.3288,0.0548,0.0548,323.1333,176.7601,0.0012,10.5273,3.5004,22.3089,0.0029,0.0000,0.1801,0.1002,0.5013,4.2830,0.0918,1.4012,7.3039,0.0558,0.0009,0.6759,0.0358,0.0206,0.0098,-0.0381,0.9992,0.3390,0.1170,4.5384,17.4703,0.0367,0.9510,-2.3767,1.9735,-0.0646,-0.0001,-0.0001,0.9452,0.0138,6368.2878,19.1065,163.5047,0.6064,0.2410,0.6437,0.8972,0.2967,56.5926,27.7975
47.4224,ASCEND,DESCEND,2.4752,0.0004,4.3844,11.6498,0.5507,0.4493,3.7477,0.3884,5.7152,16.3839,72.0000,0.0004,166.1863,56.7406,3.7477,0.1449,0.0580,0.0725,0.0580,0.0435,0.3623,0.1449,0.1159,333.5166,199.9762,0.0015,6.5348,2.6985,19.0568,0.0012,0.0000,0.1436,0.1016,0.5108,2.9722,0.0798,0.9726,5.1582,0.0754,0.0010,0.3631,0.0925,0.1446,0.1220,0.0856,0.9997,-0.2124,0.3428,3.7028,14.4482,0.0300,0.9505,-2.1193,2.7438,0.7577,-0.0001,-0.0000,0.9855,0.0132,6322.1716,18.3637,156.4965,0.5767,0.2360,0.0000,0.8111,0.2900,51.7261,-165.7848
47.4641,ASCEND,DESCEND,1.6281,0.0009,3.2872,9.4860,0.5938,0.4062,2.2337,0.0137,4.2364,13.5490,66.0000,0.0004,157.1513,63.7574,2.2337,0.0469,0.0781,0.0781,0.1094,0.2031,0.2812,0.1094,0.0938,338.6377,220.4768,0.0011,3.6105,1.6138,12.7561,0.0012,0.0000,0.1000,0.0642,0.5056,1.5581,0.0606,0.5520,2.8826,0.0102,0.0009,0.2947,0.0261,0.1030,0.0245,-0.0263,1.0000,0.0461,-0.0565,2.3125,11.7908,0.0167,0.9722,-1.5392,-1.0863,-0.3108,-0.0001,-0.0000,1.0000,0.0131,6474.6348,18.4182,158.4943,0.5837,0.2406,1.3169,0.9000,0.2901,42.7634,-243.5761
47.5058,ASCEND,DESCEND,0.2875,-0.0005,1.0625,2.1796,0.4407,0.5593,0.6162,0.0100,1.8465,12.9296,62.0000,0.0004,142.3744,65.9619,0.6162,0.1356,0.1356,0.0678,0.0847,0.0847,0.1695,0.1695,0.1525,327.2221,236.0936,0.0011,1.4926,0.7676,10.4697,0.0002,0.0000,0.0749,0.0540,0.5048,1.7697,0.1179,0.2399,1.1806,0.0372,0.0008,0.1642,0.0461,0.1052,0.0458,0.0688,1.0010,-0.5569,-0.1167,0.6635,2.2003,0.0033,0.9928,-0.4502,0.4853,0.3598,-0.0000,0.0000,0.9831,0.0136,6295.8231,18.1965,158.9619,0.5523,0.1951,0.0000,0.8111,0.2900,31.4077,-310.4513
47.5475,ASCEND,DESCEND,0.1540,-0.0005,0.9736,2.4974,0.4833,0.5167,0.8043,0.0411,2.0296,7.6309,63.0000,0.0004,140.8032,65.8393,0.8043,0.1000,0.1000,0.1000,0.0833,0.1000,0.2167,0.1833,0.1167,314.5298,242.3361,0.0003,1.0497,0.9952,8.0253,0.0007,0.0000,0.0663,0.0322,0.5141,1.7641,0.0221,0.2166,1.5708,0.0133,0.0005,0.0774,0.0648,0.1199,0.0307,0.0400,1.0002,-0.2297,0.0410,0.8191,7.1015,0.0004,0.9857,-0.7996,-3.5269,1.3327,-0.0001,0.0000,1.0000,0.0135,6388.5223,18.2326,161.0621,0.5533,0.1928,0.0000,0.8111,0.3667,16.8665,-298.4098
47.5892,STABLE,DESCEND,-0.0594,-0.0023,0.4063,0.1470,0.3818,0.6182,0.3771,0.0310,1.0499,5.7026,58.0000,0.0003,134.2913,71.2135,0.3771,0.0545,0.1636,0.1455,0.1091,0.0727,0.0545,0.2909,0.1091,297.7018,250.5722,0.0012,0.8669,0.5507,6.1914,0.0010,0.0000,0.0709,0.0470,0.5029,1.7043,0.0422,0.1726,0.6152,0.0157,0.0009,0.1260,0.0885,0.2309,0.0385,0.0258,0.9994,0.0941,0.2596,0.4159,1.6179,0.0007,0.9862,-0.3796,-0.2775,1.1505,-0.0000,-0.0000,1.0000,0.0132,6190.9729,18.0212,159.3181,0.5301,0.1617,0.0000,0.8111,0.3667,6.5154,-210.6670
47.6309,STABLE,DESCEND,-0.0450,-0.0003,0.2735,0.1251,0.4286,0.5536,0.2156,0.0227,0.7294,3.9330,58.0000,0.0003,127.6222,72.4753,0.2156,0.1429,0.0179,0.1607,0.2143,0.1429,0.1250,0.1071,0.0893,280.7392,258.3288,0.0012,0.4557,0.5672,5.4731,0.0004,0.0000,0.0604,0.0192,0.5018,0.9911,0.0544,0.2179,0.6794,0.0097,0.0011,0.0139,0.0235,0.1194,0.0203,-0.0070,1.0001,-0.0238,-0.0974,0.2295,0.5927,-0.0004,0.9904,-0.0966,-0.0134,0.6848,-0.0000,-0.0000,1.0000,0.0130,6254.4180,18.3488,165.0862,0.5326,0.1621,0.0000,0.8111,0.3667,-0.7066,-102.7338
47.6726,STABLE,DESCEND,-0.1026,-0.0016,0.3917,0.1150,0.3448,0.6552,0.3824,0.0321,0.8717,4.7761,63.0000,0.0004,121.5686,75.6551,0.3824,0.0690,0.1034,0.0690,0.1897,0.1034,0.1552,0.2069,0.1034,270.9454,266.3665,0.0015,1.0343,0.5431,6.4838,0.0004,0.0000,0.0876,0.0510,0.5050,2.5871,0.1025,0.1950,0.7593,0.0153,0.0010,0.0653,0.0568,0.2530,0.0329,0.0260,1.0000,-0.2170,0.0123,0.4252,1.6842,-0.0011,1.0011,-0.1554,-0.9095,0.0955,-0.0000,0.0000,1.0000,0.0129,6239.9886,18.2977,166.5381,0.5157,0.1435,0.0000,0.8111,0.3667,-2.0543,-19.5277
47.7143,STABLE,DESCEND,0.0466,0.0004,0.6644,1.6712,0.5263,0.4737,0.6758,0.1049,1.6826,11.3176,62.0000,0.0004,122.6245,68.0033,0.6758,0.0877,0.0877,0.1053,0.1404,0.2105,0.1754,0.1053,0.0877,272.5110,265.4085,0.0011,0.9195,0.4793,5.6118,0.0001,-0.0000,0.0733,0.0521,0.4935,1.4929,0.2134,0.1494,0.6279,0.0172,0.0007,0.0771,0.0207,0.1532,0.0303,0.0960,1.0007,-0.6495,0.1671,0.7442,2.9800,0.0013,1.0160,-0.1350,-5.0701,-3.8072,-0.0000,0.0000,0.9298,0.0129,6177.7014,18.6783,175.3481,0.5179,0.1304,0.0000,0.8111,0.3667,-2.3355,30.3765
47.7560,STABLE,DESCEND,0.0080,-0.0028,0.6623,0.6119,0.4655,0.5345,0.5776,0.0796,1.3026,7.0969,62.0000,0.0004,129.0436,72.6333,0.5776,0.1034,0.0862,0.1034,0.0862,0.1552,0.2069,0.1207,0.1379,275.4822,264.5867,0.0012,1.1770,0.6418,7.6300,0.0004,0.0000,0.0824,0.0631,0.5055,2.0159,0.3571,0.2091,0.7381,0.0207,0.0006,0.0696,0.0467,0.2117,0.0427,-0.0173,0.9994,0.2875,0.0931,0.6084,3.5119,0.0007,1.0003,-0.4832,-1.6632,3.3118,-0.0000,0.0000,0.9828,0.0127,6090.2357,18.9128,177.7851,0.5090,0.1297,0.0000,0.8111,0.3667,0.4796,85.0923
47.7977,STABLE,DESCEND,0.0437,-0.0015,0.7518,0.9001,0.4444,0.5556,0.5746,0.0677,1.1859,6.0423,62.0000,0.0004,127.0650,63.6004,0.5746,0.0741,0.1481,0.1667,0.1111,0.0556,0.2593,0.0926,0.0926,275.3242,256.4211,0.0015,1.5975,0.8157,9.7175,0.0003,0.0000,0.1105,0.0793,0.5064,2.0354,0.5773,0.3140,0.9433,0.0350,0.0009,0.0933,0.0305,0.2676,0.0626,0.0590,0.9990,-0.1225,0.4898,0.5894,2.9499,0.0013,1.0539,-0.1238,-16.3937,-10.3284,-0.0000,0.0001,0.9074,0.0129,5979.6199,19.0189,186.2898,0.4945,0.1321,0.6437,0.8972,0.2967,4.7626,80.1377
47.8395,ASCEND,DESCEND,0.2082,-0.0002,0.9000,2.2809,0.4746,0.5254,0.5482,0.0039,1.3233,6.0460,62.0000,0.0004,127.5734,73.2519,0.5482,0.0339,0.1525,0.1356,0.0508,0.1356,0.1695,0.1356,0.1864,275.4350,261.8289,0.0011,2.0545,1.0022,11.2452,-0.0000,-0.0000,0.1101,0.0675,0.4691,2.0536,0.8051,0.3242,1.1252,0.0259,0.0010,0.0406,0.0076,0.2664,0.0301,-0.0543,0.9994,0.4731,-0.0416,0.6347,4.5290,0.0019,1.0014,-0.2705,0.7903,0.3159,-0.0000,0.0000,0.9831,0.0128,5862.5744,18.9049,186.6682,0.4771,0.1370,0.0000,0.8111,0.2900,7.1644,26.7081
47.8812,ASCEND,DESCEND,0.2400,-0.0002,1.5027,3.8751,0.5000,0.5000,1.2297,0.1099,2.2270,9.0433,62.0000,0.0004,132.7683,70.6877,1.2297,0.1071,0.0893,0.0893,0.1250,0.0357,0.1607,0.3036,0.0893,273.5376,255.1809,0.0015,2.7867,1.2259,12.1316,-0.0003,-0.0000,0.1279,0.1152,0.4986,1.9452,1.0704,0.3828,1.5062,0.0550,0.0008,0.1443,0.1343,0.2688,0.1610,-0.0533,1.0011,0.0080,-0.7178,1.2998,7.3491,-0.0005,1.0115,0.1788,2.2095,-2.0013,0.0000,0.0000,0.9286,0.0127,5729.2579,19.0367,192.6839,0.4666,0.1463,0.0000,0.8111,0.3667,6.9905,49.5270
47.9229,ASCEND,DESCEND,0.1501,-0.0003,1.3856,2.9576,0.3860,0.5965,0.9489,0.0025,2.2822,10.0122,64.0000,0.0004,130.4158,74.5210,0.9489,0.0877,0.1228,0.1579,0.0702,0.0702,0.2456,0.1228,0.1228,272.8241,258.1324,0.0011,3.3511,1.4110,13.3034,0.0000,0.0000,0.1217,0.0945,0.5026,1.8185,1.3139,0.4479,1.8364,0.1376,0.0010,0.0331,0.0256,0.1342,0.0661,-0.0431,1.0009,0.0012,-0.5256,1.0301,6.2355,-0.0016,1.0554,-0.7117,-25.7516,-9.3088,-0.0000,0.0002,0.8772,0.0136,5817.3661,19.4869,189.9730,0.4768,0.1330,0.0000,0.8111,0.2900,11.2958,-169.2224
47.9646,DESCEND,DESCEND,-0.3238,-0.0180,2.2697,3.1442,0.3833,0.6167,1.9910,0.3931,3.8989,16.3394,71.0000,0.0004,147.1790,85.3661,1.9910,0.0833,0.1000,0.0833,0.1000,0.0333,0.2000,0.2500,0.1500,265.6909,250.7791,0.0019,3.8645,1.9009,17.4811,-0.0000,-0.0000,0.1494,0.1190,0.4883,3.2270,2.7292,0.5457,1.4519,0.1213,0.0009,0.1245,0.0297,0.1972,0.2031,-0.0606,1.0006,0.2283,-0.6901,2.0869,10.5749,-0.0012,1.0082,0.1422,1.4499,-0.7673,0.0000,0.0000,0.8500,0.0144,5658.5131,19.7496,196.9294,0.4601,0.1576,0.0000,0.8111,0.3667,-7.1255,-504.1891
48.0063,DESCEND,DESCEND,-0.5037,-0.0003,2.7400,3.8464,0.3966,0.6034,2.0586,0.0093,4.0731,17.7546,73.0000,0.0004,140.7727,83.6791,2.0586,0.1379,0.1379,0.1552,0.1034,0.0517,0.1552,0.1552,0.1034,261.9846,258.4861,0.0014,6.3320,2.4348,20.4991,-0.0008,0.0000,0.1659,0.1212,0.5017,2.4824,4.0392,0.7406,1.6134,0.1296,0.0008,0.0632,0.1781,0.0831,0.4530,-0.0700,1.0004,0.2754,-0.4744,2.1784,10.1738,-0.0024,0.9654,-0.6808,6.2628,9.3131,-0.0000,-0.0000,0.8448,0.0143,5832.2802,20.2856,197.2133,0.4938,0.1709,0.0000,0.8111,0.2900,-30.7620,-631.9412
48.0480,DESCEND,DESCEND,-1.1568,-0.0106,3.7496,3.2682,0.4444,0.5556,3.0292,0.2278,5.1773,24.9813,71.0000,0.0004,145.8180,97.3754,3.0292,0.0741,0.1852,0.1111,0.1111,0.0926,0.0926,0.2407,0.0926,252.4895,268.9279,0.0029,7.5924,3.2782,26.9195,0.0008,-0.0000,0.1955,0.1611,0.4911,3.1892,6.6522,0.9484,1.2463,0.2773,0.0010,0.2129,0.1232,0.2123,0.1472,0.0134,1.0035,-0.8260,-1.2075,3.2179,12.5664,-0.0108,0.9472,-2.5512,7.7098,14.1128,-0.0001,-0.0000,0.9074,0.0151,5925.5808,22.1004,260.4889,0.5127,0.1709,1.2873,0.9000,0.2967,-59.8399,-738.4963
48.0897,DESCEND,DESCEND,-2.4917,-0.0014,4.7651,0.6216,0.4138,0.5862,3.7778,0.2186,6.4409,29.1431,80.0000,0.0005,144.0121,95.4780,3.7778,0.0000,0.3621,0.2069,0.0517,0.0862,0.0862,0.1379,0.0690,243.6886,270.6784,0.0027,10.4474,3.9464,27.9743,0.0013,-0.0000,0.2200,0.1096,0.4928,4.5116,9.1215,1.3956,0.9768,0.2277,0.0008,0.0325,0.0688,0.1087,0.0981,0.0399,1.0005,-0.3939,-0.0864,3.8357,14.6445,-0.0181,0.9356,-3.4074,6.6166,18.2448,-0.0002,-0.0000,0.8793,0.0170,5847.4202,23.0483,270.6510,0.5048,0.2001,0.0000,0.8111,0.3633,-92.3649,-790.0729
48.1314,DESCEND,DESCEND,-4.3859,-0.0446,5.6867,0.5850,0.2714,0.7286,5.7218,1.0138,7.0179,32.9708,85.0000,0.0005,162.9900,97.0550,5.7218,0.0714,0.3143,0.2571,0.0429,0.0714,0.1000,0.1000,0.0429,221.4703,273.2417,0.0022,13.3238,4.4901,29.8740,0.0007,-0.0000,0.2336,0.1365,0.4871,4.3712,11.3320,1.8017,1.1746,0.6095,0.0007,0.1176,0.0847,0.1236,0.1581,0.7678,0.9670,3.6887,13.7639,3.5839,11.1477,0.0183,0.9519,-3.2800,4.7529,19.1425,-0.0001,0.0001,0.9286,0.0194,5970.8479,23.6394,267.1102,0.5292,0.2154,0.0000,0.8111,0.2900,-125.7452,-787.1053
48.1731,DESCEND,DESCEND,-6.0129,-1.0920,6.5088,0.0948,0.2179,0.7821,7.6143,3.4036,8.0693,33.6703,87.0000,0.0005,166.2527,91.0399,7.6143,0.0769,0.2564,0.3077,0.0513,0.0641,0.1154,0.0769,0.0513,197.6992,274.1473,0.0030,15.5878,5.0123,28.5957,-0.0018,-0.0000,0.2371,0.1523,0.4946,5.5971,12.9986,2.4563,1.1253,1.6844,0.0009,0.1177,0.0706,0.1706,0.1708,1.1216,0.9550,2.8597,17.8974,4.1890,13.1050,0.0285,0.9340,-3.6543,5.5413,21.4442,-0.0002,0.0000,0.9359,0.0192,5920.2688,23.6318,260.2157,0.5211,0.2341,0.0000,0.8111,0.3667,-158.0226,-721.3760
48.2148,DESCEND,DESCEND,-12.8674,-1.1755,14.1983,0.2713,0.2500,0.7500,16.0953,7.2900,16.8484,44.3405,88.0000,0.0005,145.4493,79.9528,16.0953,0.0588,0.2647,0.3676,0.0588,0.0441,0.0441,0.1029,0.0588,180.0593,272.8290,0.0051,35.5054,11.5865,55.5405,-0.0180,-0.0000,0.5584,0.3096,0.4816,14.7878,28.0300,8.9608,3.6933,7.2002,0.0013,0.0807,0.2556,0.1342,0.2381,0.1290,0.9986,-0.4175,0.8996,15.7981,39.2910,-0.1239,0.9450,-11.0591,0.7910,48.4783,-0.0005,0.0005,0.7353,0.0206,5808.4706,24.0718,275.0755,0.5316,0.2499,-33.9591,0.2222,0.3938,-185.9199,-550.6107
48.2565,DESCEND,DESCEND,-8.3541,-12.9992,7.4370,0.0850,0.2184,0.7816,10.5674,13.4422,9.1809,24.3667,91.0000,0.0005,147.3698,61.7278,10.5674,0.0460,0.3218,0.3678,0.0115,0.0345,0.1264,0.0575,0.0345,160.3538,259.1068,0.0046,19.0254,6.1280,29.0775,-0.0055,-0.0000,0.2955,0.2246,0.4948,4.4311,12.5004,4.2319,1.1191,8.2915,0.0020,0.1731,0.3369,0.1045,0.2935,4.0414,0.9959,-6.8241,24.8266,6.7587,18.4676,-0.1322,0.9667,-6.2323,-1.9514,28.3497,-0.0003,0.0002,0.9540,0.0202,5796.8887,24.1574,273.3319,0.5216,0.2554,-45.0000,0.3333,0.3488,-203.9527,-308.5067
48.2982,DESCEND,DESCEND,-8.9101,-13.4278,7.3429,0.0114,0.2159,0.7841,10.9346,14.9042,9.0524,22.2603,95.0000,0.0005,137.4432,50.8636,10.9346,0.0341,0.3182,0.4091,0.0455,0.0114,0.1023,0.0568,0.0227,145.4547,252.6001,0.0058,19.1402,6.3195,26.7115,0.0005,0.0000,0.3359,0.2747,0.5033,6.3728,11.8188,5.2916,0.6654,10.3711,0.0777,0.0752,0.6755,0.1667,0.1096,3.3284,0.9902,-6.1079,24.5264,5.4895,15.7198,-0.1170,0.9766,-6.1914,-3.4394,28.0184,-0.0003,0.0003,0.9545,0.0202,5797.9108,24.2704,274.4096,0.5092,0.2599,-40.8461,0.2972,0.4230,-211.6545,1.4804
48.3400,DESCEND,DESCEND,-8.3875,-11.8781,6.8001,0.1032,0.1935,0.8065,10.5200,14.6397,8.2546,20.3163,102.0000,0.0006,135.0541,55.2411,10.5200,0.0430,0.2688,0.4624,0.0430,0.0215,0.0645,0.0753,0.0215,136.3597,246.3008,0.0084,17.7108,5.9719,23.0044,0.0027,-0.0000,0.3306,0.3021,0.4966,5.4841,9.6612,5.7146,0.5277,11.1814,0.2773,0.1004,0.8799,0.1183,0.3703,3.0422,0.9821,-5.6565,24.1909,4.4780,12.9991,-0.0727,0.9801,-4.7803,-4.7655,26.4169,-0.0002,0.0002,0.9570,0.0211,5804.0548,24.5015,272.3397,0.5008,0.2636,-44.0290,0.3417,0.4173,-203.8292,338.0068
48.3817,DESCEND,DESCEND,-7.6845,-10.0513,6.3132,0.0463,0.1789,0.8211,9.4725,13.7679,7.4972,18.5527,103.0000,0.0006,130.0505,57.2906,9.4725,0.0421,0.1684,0.5263,0.0632,0.0316,0.1053,0.0526,0.0105,128.2565,245.6920,0.0065,15.8699,5.4474,19.0986,0.0026,-0.0000,0.2953,0.2743,0.4996,5.3724,7.5832,5.6669,0.3110,10.8840,0.5744,0.0621,1.2796,0.0721,0.0271,2.6492,0.9706,-4.7613,23.1792,3.2565,8.4978,-0.0389,0.9909,-4.4927,-7.2529,24.1769,-0.0002,0.0002,0.9368,0.0219,5814.6081,24.7216,276.7664,0.4922,0.2704,-47.0214,0.3722,0.4009,-183.4591,632.5875
48.4234,DESCEND,DESCEND,-6.7421,-7.7876,5.5916,0.1245,0.2021,0.7979,8.5083,12.8627,6.5247,15.9035,106.0000,0.0006,131.9684,62.5375,8.5083,0.0638,0.0851,0.6064,0.0319,0.0532,0.0532,0.0851,0.0213,117.7310,245.5686,0.0097,14.0678,4.9742,19.4350,0.0047,-0.0000,0.2699,0.2667,0.4917,4.5323,7.8764,5.6439,0.5277,9.4081,0.6972,0.0700,1.1992,0.1153,0.0095,1.8522,0.9998,-8.7027,16.5895,4.2522,11.4321,-0.0543,0.9898,-3.4770,-9.3056,19.8421,-0.0002,0.0002,0.9468,0.0210,5861.8747,24.8632,267.3319,0.4847,0.2770,-37.0617,0.3222,0.5973,-151.0609,886.5719
48.4651,DESCEND,DESCEND,-4.8937,-3.8662,5.3183,0.3999,0.2222,0.7778,7.9177,12.4217,6.0828,14.2410,110.0000,0.0006,125.6602,61.9726,7.9177,0.0505,0.1010,0.6263,0.0303,0.0303,0.0606,0.0606,0.0404,113.2653,226.6900,0.0089,12.8300,4.5740,14.5196,0.0066,-0.0000,0.2384,0.2434,0.4899,4.1186,7.5225,5.7957,0.5369,7.6896,0.9710,0.1241,0.4629,0.0956,0.5020,1.0086,1.0005,-9.2507,12.5819,4.2620,10.9971,-0.0367,1.0077,-2.4621,-14.4128,15.5489,-0.0001,0.0002,0.8990,0.0219,5970.7250,25.0918,276.1717,0.4864,0.2774,-50.0862,0.3667,0.4520,-109.5043,1008.2566
48.5068,DESCEND,DESCEND,-2.6522,-0.1116,5.8060,7.3158,0.3333,0.6569,7.2594,11.6182,6.0107,13.5273,110.0000,0.0006,123.7272,62.5082,7.2594,0.0490,0.0784,0.1176,0.5098,0.0784,0.1078,0.0490,0.0098,112.4427,204.2722,0.0049,12.5349,4.3512,13.6659,0.0060,0.0000,0.2066,0.2266,0.5020,3.0969,6.9653,5.2154,0.1341,6.8305,1.0727,0.0325,0.2955,0.0447,0.3618,0.0084,1.0006,-9.2509,8.3728,5.7734,12.7545,-0.0251,1.0452,-0.5649,-21.6008,9.2320,0.0000,0.0002,0.8333,0.0224,5890.4484,25.1017,278.1931,0.4775,0.2973,-50.0241,0.3750,0.4306,-66.9555,794.7426
48.5485,DESCEND,DESCEND,-1.3335,-0.0032,6.6307,12.0494,0.3505,0.6495,7.6607,11.7484,6.2405,14.3538,111.0000,0.0006,125.6300,66.3488,7.6607,0.0412,0.0309,0.0515,0.6495,0.0619,0.1031,0.0412,0.0206,109.6773,189.1300,0.0113,13.2538,4.5609,14.3055,0.0038,0.0000,0.2307,0.2453,0.5048,3.3295,6.8542,5.5118,0.2802,7.7804,1.0878,0.3924,0.9506,0.0956,0.3317,-0.5503,1.0017,-10.3284,5.3732,6.6363,15.5719,-0.0050,1.0216,-1.2960,-19.0957,10.3237,-0.0000,0.0000,0.7732,0.0225,6072.3591,25.1332,285.0297,0.4876,0.2896,-37.0492,0.3806,0.4260,-43.2095,614.5716
48.5902,ASCEND,DESCEND,0.3281,-0.0005,6.9419,14.2070,0.4796,0.5204,7.5939,10.0547,6.4189,15.7309,105.0000,0.0006,130.5703,70.0836,7.5939,0.0204,0.0510,0.0816,0.5816,0.0816,0.0612,0.0510,0.0714,112.7141,178.9748,0.0099,13.9829,4.7072,15.7691,0.0037,0.0000,0.2482,0.2761,0.5010,2.7823,6.8030,5.5976,0.4906,8.3969,0.9520,0.3924,0.5928,0.1232,0.4302,-1.1904,1.0039,-10.2733,2.7297,8.1832,18.4889,-0.0036,1.1014,2.2647,-33.2221,-2.5983,0.0001,0.0002,0.7653,0.0223,6294.0167,24.5794,273.6860,0.4985,0.2709,-36.9683,0.3889,0.3880,-15.6900,561.0790
48.6319,ASCEND,DESCEND,0.5546,-0.0002,6.8781,13.9487,0.4674,0.5217,7.1013,8.5833,6.2811,14.8744,103.0000,0.0006,133.8873,73.5648,7.1013,0.0326,0.0652,0.0435,0.5326,0.0543,0.1196,0.0870,0.0652,108.3988,168.2997,0.0032,13.3747,4.4917,16.0017,0.0026,0.0000,0.2284,0.2329,0.5058,2.5887,6.4621,4.3246,0.0917,8.3654,0.6983,0.0159,0.7888,0.0798,0.0665,-1.5074,1.0024,-9.4170,1.7086,9.3035,19.8108,0.0011,1.1035,2.8916,-32.2076,-3.8153,0.0002,0.0002,0.7609,0.0220,6264.3834,24.4668,282.9245,0.4942,0.2852,-35.8377,0.3917,0.3701,3.5939,366.6784
48.6736,ASCEND,DESCEND,1.5242,0.0004,6.2883,13.1255,0.5281,0.4719,6.2917,7.9264,5.6926,13.8915,97.0000,0.0006,140.6196,72.0898,6.2917,0.0674,0.0787,0.0674,0.5506,0.0674,0.1011,0.0449,0.0225,120.4938,160.6791,0.0054,12.2075,4.0508,13.8820,0.0017,-0.0000,0.2067,0.2285,0.4961,2.5564,6.0540,4.5450,0.3299,7.1486,0.4828,0.1915,0.4828,0.1396,0.4386,-1.5262,1.0015,-8.1689,1.4397,9.0490,18.8481,0.0090,1.0101,0.7942,-16.1238,4.0939,0.0000,0.0000,0.8090,0.0197,6495.0565,24.1653,280.1208,0.5037,0.2793,-45.0000,0.3222,0.4054,14.8971,204.2468
48.7153,ASCEND,DESCEND,1.4222,0.0011,5.8631,12.1569,0.5385,0.4615,5.8077,6.5430,5.4648,16.5084,99.0000,0.0006,136.2127,65.0579,5.8077,0.0513,0.0897,0.0513,0.5256,0.0769,0.0513,0.0769,0.0769,122.9325,163.4833,0.0130,11.4316,3.8685,19.6591,-0.0005,-0.0000,0.2276,0.2472,0.4944,2.9821,5.6350,4.2321,0.7134,6.6762,0.3156,0.1336,0.3050,0.1484,0.0866,-1.6211,1.0044,-7.1343,1.4986,8.9774,19.0546,-0.0017,1.0474,1.8215,-19.8268,1.4308,0.0001,0.0001,0.8846,0.0204,6507.1908,24.3255,288.3203,0.4919,0.2846,-34.7349,0.4111,0.3042,20.6314,52.1519
48.7570,ASCEND,DESCEND,0.0356,-0.0011,5.4325,9.9806,0.4096,0.5904,5.2984,7.4396,4.6651,11.7140,99.0000,0.0006,136.4048,61.0837,5.2984,0.0120,0.0361,0.1687,0.5422,0.0843,0.0723,0.0723,0.0120,123.4048,163.6442,0.0036,9.9922,3.3959,14.1185,0.0008,-0.0000,0.1816,0.1691,0.4997,2.1850,4.8620,4.1605,0.9252,5.4083,0.2732,0.0477,0.1443,0.1160,0.0229,-1.3277,1.0001,-5.7289,2.2410,6.9638,16.1260,-0.0043,1.0101,0.8533,-11.2000,3.8448,0.0000,0.0000,0.9036,0.0229,6487.3187,24.3924,287.0441,0.4905,0.2990,-32.7352,0.3833,0.3329,19.2475,-81.3568
48.7987,STABLE,DESCEND,0.2766,-0.0001,4.6288,8.9742,0.4767,0.5233,4.9344,6.0812,4.0810,11.0662,96.0000,0.0006,139.2579,60.5433,4.9344,0.0581,0.0349,0.1395,0.4884,0.0116,0.1047,0.0814,0.0814,132.8081,155.1901,0.0033,9.0768,3.1600,11.2305,0.0019,0.0000,0.1625,0.1588,0.5045,2.1461,4.5233,4.1210,1.2244,4.8062,0.2496,0.0898,0.1718,0.1083,0.2084,1.1325,0.9979,-5.9428,5.3017,3.5147,9.7945,0.0068,1.0335,1.2393,-14.7141,2.7415,0.0001,0.0000,0.9070,0.0213,6641.9465,24.7160,285.3796,0.4862,0.2980,0.0000,0.8389,0.3500,13.8449,-130.4935
48.8405,DESCEND,DESCEND,-0.1790,-0.0007,4.1712,8.2225,0.4643,0.5357,4.4583,4.8739,4.0628,10.2884,96.0000,0.0006,140.2401,62.2692,4.4583,0.0476,0.0357,0.1548,0.4643,0.0595,0.0357,0.1310,0.0714,123.2237,162.0731,0.0037,8.7609,3.0983,11.9281,0.0020,-0.0000,0.1633,0.1754,0.4912,2.2404,4.6850,4.0388,1.7610,4.4954,0.2171,0.0885,0.2119,0.0477,0.0383,-0.5236,1.0031,2.1219,-3.1583,5.6284,11.9579,-0.0106,1.0157,0.6467,-11.7521,4.6299,0.0000,0.0000,0.8810,0.0225,6564.8895,24.5083,289.9564,0.4775,0.3104,-30.0686,0.3528,0.3659,8.3621,-128.3390
48.8822,DESCEND,DESCEND,-0.3317,-0.0002,3.9379,7.7585,0.4878,0.5122,4.2810,4.1668,3.9005,10.0542,92.0000,0.0005,139.9386,64.4311,4.2810,0.0488,0.0854,0.1585,0.4146,0.0366,0.1098,0.0976,0.0488,129.3284,146.7134,0.0072,8.5483,3.0174,11.6788,0.0011,-0.0000,0.1641,0.1883,0.4875,2.4030,4.7720,4.2241,1.3920,4.1208,0.2631,0.0704,0.1663,0.1654,0.0412,1.5720,0.9929,-7.1883,8.0756,3.4207,12.7743,-0.0144,1.0019,-0.0821,-9.8713,6.9416,0.0000,0.0000,0.8780,0.0223,6518.8461,24.5034,288.9069,0.4648,0.3171,-23.1142,0.1361,0.2972,3.1393,-78.0726
48.9239,DESCEND,DESCEND,-0.1677,0.0009,4.0961,7.3180,0.5730,0.4270,4.2863,4.4678,3.8576,10.4194,98.0000,0.0006,140.6285,66.6053,4.2863,0.0562,0.1348,0.4382,0.1348,0.0112,0.0225,0.1236,0.0787,126.5668,138.5308,0.0018,8.5464,3.0995,10.8116,0.0009,0.0000,0.1565,0.1500,0.5000,2.2197,4.9524,4.3597,1.7124,4.0077,0.3226,0.0257,0.0498,0.0653,0.0860,1.4417,0.9999,-7.9990,7.0664,3.6733,12.2060,-0.0086,0.9983,-0.0213,-8.3653,7.6936,0.0000,0.0000,0.8539,0.0227,6652.0198,24.7935,290.1475,0.4639,0.3173,-28.2374,0.3667,0.4086,1.8496,-31.4822
48.9656,STABLE,DESCEND,0.4635,-0.0003,5.2071,7.8946,0.4767,0.5233,4.2852,1.2838,5.1999,31.5272,93.0000,0.0005,145.3881,68.2722,4.2852,0.0930,0.0698,0.3837,0.0930,0.0465,0.0930,0.0930,0.1279,124.6311,138.2836,0.0102,9.1672,3.1223,13.4679,-0.0002,0.0000,0.1733,0.1913,0.5029,2.5433,4.7209,3.9623,1.4241,4.3290,0.2831,0.1671,0.0886,0.0700,0.1556,1.7424,0.9976,-9.0985,8.6490,4.6622,13.8123,-0.0032,1.0270,0.0232,-13.1208,6.5797,-0.0000,0.0001,0.7907,0.0212,6562.0251,24.3398,279.8776,0.4372,0.3329,-27.9236,0.3750,0.3773,0.5132,-22.5461
49.0073,ASCEND,DESCEND,-0.0017,-0.0005,4.7168,8.6074,0.4535,0.5465,4.5211,2.3042,4.4385,10.0891,91.0000,0.0005,144.0930,68.0059,4.5211,0.0581,0.0581,0.5465,0.0465,0.0465,0.0465,0.0930,0.1047,126.3960,133.2282,0.0100,9.3320,3.1777,10.5391,0.0004,0.0000,0.1737,0.1861,0.5005,2.2364,4.5486,3.9091,1.8385,4.6058,0.4331,0.1384,0.0747,0.0651,0.2313,1.8414,0.9974,-9.4813,9.5072,4.0479,13.0575,-0.0100,1.0017,-0.3428,-10.3184,9.0094,-0.0000,0.0000,0.8256,0.0207,6467.3214,24.3882,277.9481,0.4279,0.3302,-29.9536,0.4278,0.4540,-0.0311,18.2259
49.0490,ASCEND,DESCEND,0.1619,0.0002,5.1399,9.6451,0.5125,0.4875,5.0900,2.5604,4.9489,12.0633,93.0000,0.0005,142.2065,68.1241,5.0900,0.0750,0.1125,0.5875,0.0625,0.0500,0.0000,0.0500,0.0625,125.5878,137.2182,0.0021,10.3754,3.6546,12.0149,-0.0003,-0.0000,0.1947,0.2088,0.4872,2.2082,5.2321,4.9797,1.6435,5.4408,0.6226,0.0313,0.0371,0.0560,0.4853,-0.2352,0.9956,2.2951,0.6517,5.3965,11.5964,0.0232,1.0025,-0.3046,-11.4574,9.4712,-0.0000,0.0001,0.8875,0.0210,6607.7087,24.6133,282.9890,0.4224,0.3270,-33.6901,0.4944,0.3365,2.0335,26.9096
49.0907,ASCEND,DESCEND,0.4495,-0.0001,4.8170,9.7354,0.4810,0.5190,4.7455,1.5345,5.3739,12.7791,90.0000,0.0005,150.2748,66.3388,4.7455,0.0759,0.0759,0.4430,0.0886,0.0633,0.1013,0.0886,0.0633,135.0099,137.2888,0.0089,11.2368,3.7417,13.4630,0.0012,-0.0000,0.2238,0.2783,0.4980,2.5139,5.0796,4.7715,1.7122,5.6976,0.6412,0.3552,0.1357,0.0618,0.1897,-0.1007,0.9980,1.0557,0.3053,4.8871,12.5461,0.0184,1.0145,-1.0934,-14.3561,10.6046,-0.0000,0.0001,0.8228,0.0198,6445.1231,24.2409,279.3686,0.4037,0.3380,-34.8457,0.5083,0.3209,2.2136,64.4683
49.1324,ASCEND,DESCEND,0.5498,0.0000,5.7788,11.5952,0.4557,0.3671,5.2173,1.5717,5.8904,14.3943,91.0000,0.0005,154.6328,70.4395,5.2173,0.2025,0.1139,0.2911,0.2785,0.0506,0.0127,0.0380,0.0127,133.8978,131.2427,0.0037,12.2489,3.8561,14.2932,0.0020,-0.0000,0.2422,0.2914,0.4966,3.1269,5.3153,4.8411,1.3306,5.4461,0.8604,0.1713,0.0834,0.0768,0.0054,0.0467,0.9984,0.1440,0.8892,5.0995,12.8230,0.0192,1.0223,-1.1378,-17.1985,10.6880,-0.0000,0.0001,0.7975,0.0192,6372.0598,23.9171,263.5810,0.3937,0.3431,-24.2858,0.1806,0.2999,7.4113,132.2175
49.1741,ASCEND,DESCEND,0.4803,-0.0000,7.2329,13.5520,0.4821,0.5000,7.1192,0.0919,11.3303,29.1309,78.0000,0.0005,163.2848,66.2847,7.1192,0.0357,0.1964,0.1607,0.3393,0.0536,0.1250,0.0714,0.0179,139.6980,137.7700,0.0100,25.5169,7.7802,29.1338,0.0039,0.0000,0.4803,0.5236,0.5105,6.0442,9.6867,11.1418,1.4694,10.3743,1.7548,0.3409,0.0743,0.0972,0.4482,0.0761,1.0003,-0.5602,0.2907,7.0590,27.6864,0.0083,0.8747,-4.6823,-13.0845,33.2660,-0.0002,-0.0000,0.8036,0.0186,6462.6405,23.4508,251.1768,0.3871,0.3491,0.0000,0.8111,0.2900,13.2427,117.6882
49.2158,ASCEND,DESCEND,-0.1184,-0.0000,4.9808,10.2845,0.3906,0.5000,5.7139,1.1925,6.7074,15.9861,88.0000,0.0005,157.6522,64.7429,5.7139,0.1406,0.1250,0.0469,0.4062,0.1094,0.0312,0.0469,0.0938,140.3067,130.8135,0.0058,13.8795,4.5342,15.8989,0.0143,0.0000,0.3120,0.3807,0.5027,3.7534,5.6744,6.9407,2.1327,5.9262,1.1286,0.1908,0.0886,0.0553,0.2369,0.1730,0.9982,-0.4811,1.2288,5.4573,14.5605,0.0079,0.9764,-1.9912,-11.5012,12.8216,-0.0001,0.0001,0.8438,0.0194,6413.7139,23.8145,257.3574,0.3840,0.3420,-33.1579,0.4472,0.2986,17.2284,73.4897
49.2575,ASCEND,DESCEND,-0.1013,-0.0007,6.2612,11.9536,0.4267,0.5733,6.6487,2.8014,6.9940,16.1963,89.0000,0.0005,159.2898,63.7131,6.6487,0.0400,0.0267,0.1200,0.5067,0.0800,0.1067,0.0933,0.0267,148.8450,128.8806,0.0102,14.7791,5.1297,16.3925,0.0154,0.0000,0.3707,0.4349,0.5165,4.9516,6.6112,8.3702,3.1483,6.1010,1.5064,0.2445,0.0178,0.0974,0.7692,0.2694,0.9984,-1.0813,1.5708,6.1954,14.5629,0.0059,0.9806,-1.0599,-14.2052,11.0172,-0.0001,0.0000,0.8400,0.0198,6701.9000,24.3144,261.4244,0.3980,0.3337,-25.1330,0.1778,0.2982,19.3730,58.2626
49.2992,ASCEND,DESCEND,1.1961,0.0006,6.2050,14.0051,0.5606,0.3788,6.2510,1.2362,7.1985,16.5977,88.0000,0.0005,163.9527,65.7400,6.2510,0.1061,0.1515,0.0758,0.3636,0.0303,0.1364,0.1061,0.0303,154.9407,115.2359,0.0190,15.4287,5.0972,19.3676,0.0110,0.0000,0.4019,0.4686,0.5081,6.2369,6.6343,8.3963,2.7689,5.1784,1.1081,0.4277,0.0037,0.3551,1.7000,0.4305,1.0015,-2.6747,1.1151,5.8764,14.6428,0.0185,0.9812,-1.1592,-15.8799,10.2756,-0.0001,0.0001,0.8333,0.0209,6705.6482,24.6498,257.5883,0.4062,0.3324,-3.7782,0.0694,0.3541,22.0885,23.0692
49.3410,ASCEND,DESCEND,1.5399,0.0003,6.1835,15.0727,0.5385,0.4615,6.7497,2.4336,7.8197,30.2713,91.0000,0.0005,158.1532,61.1221,6.7497,0.0154,0.0769,0.1385,0.4000,0.0462,0.1231,0.0923,0.1077,160.7001,118.4500,0.0619,15.8006,5.1066,22.8750,0.0103,0.0000,0.4098,0.4685,0.5145,4.7823,7.4499,7.7524,2.2512,4.6706,1.1196,0.4779,0.0327,0.2307,2.2398,3.2885,0.9883,-15.4075,14.0391,6.3656,21.9707,0.0200,1.0615,0.2284,-28.6977,3.7235,0.0000,0.0002,0.7538,0.0191,6328.2529,24.7684,251.9872,0.4236,0.3642,0.0000,0.8389,0.4600,21.2973,-5.6084
49.3827,ASCEND,DESCEND,2.2364,0.0008,5.8961,15.0916,0.5606,0.4394,7.0786,4.3666,7.6473,21.1333,79.0000,0.0005,164.9926,59.4759,7.0786,0.0455,0.0606,0.0909,0.4091,0.0606,0.1061,0.1667,0.0606,174.3648,122.6445,0.0685,16.4869,5.5798,23.2978,0.0086,0.0000,0.4637,0.5006,0.5166,6.0315,8.9409,7.8206,1.9385,5.2030,1.5012,0.3182,0.1680,0.1920,3.1099,-0.1380,1.0004,0.6088,-0.5406,7.2511,17.9416,0.0874,1.0293,-0.3266,-25.4216,4.7576,0.0000,0.0001,0.7576,0.0169,6022.6056,24.3930,249.6062,0.4372,0.3828,-29.1975,0.1750,0.3895,21.6206,36.9619
49.4244,ASCEND,DESCEND,1.1015,0.0007,5.5699,15.5419,0.6140,0.3860,6.2048,0.7122,7.4727,18.2222,73.0000,0.0004,168.7962,50.8578,6.2048,0.0702,0.1404,0.1053,0.3158,0.1053,0.1053,0.0526,0.1053,173.9692,137.9542,0.0682,16.6484,5.4744,19.4488,0.0090,0.0000,0.4630,0.5166,0.5080,5.5852,9.9058,6.1692,1.4989,5.6111,1.2654,0.4160,0.2833,0.3077,3.0536,-0.3575,1.0008,1.7529,-1.5075,6.6251,18.8723,0.0476,0.9854,-1.0577,-19.2054,5.9984,-0.0001,0.0000,0.7719,0.0163,6012.7654,23.6626,235.6358,0.4496,0.3602,-35.6553,0.4667,0.3774,24.3806,63.4492
49.4661,ASCEND,DESCEND,0.2253,0.0002,8.5660,15.5231,0.5455,0.4545,6.8298,0.3648,8.5849,30.4212,70.0000,0.0004,167.5659,44.5966,6.8298,0.0727,0.0545,0.1273,0.3273,0.0727,0.1636,0.0909,0.0909,179.7146,139.4964,0.0364,16.8672,5.5593,25.6810,0.0070,-0.0000,0.5191,0.4825,0.4972,7.4230,10.8710,5.8301,1.6590,4.6678,0.8173,0.2445,0.1434,0.2471,1.9759,-0.2719,0.9987,1.6912,-0.6752,7.1051,19.1759,0.0284,0.9851,-0.7252,-19.0321,4.8494,-0.0000,0.0000,0.7455,0.0151,5901.2407,23.1301,243.5957,0.4579,0.3367,-27.0216,0.1417,0.3742,26.9134,44.0818
49.5078,ASCEND,DESCEND,0.0758,0.0001,5.1772,8.1883,0.5500,0.4500,2.7917,0.0053,6.2463,29.1965,59.0000,0.0003,163.5285,35.9382,2.7917,0.0750,0.1750,0.1750,0.1250,0.0500,0.1250,0.2500,0.0250,196.6344,150.4517,0.0278,16.7348,5.4411,22.2389,0.0061,0.0000,0.4683,0.4141,0.5096,7.6281,11.4349,4.9849,1.0486,4.7196,0.4033,0.1873,0.0438,0.3807,1.3629,0.0205,1.0002,-0.1650,-0.0031,2.8118,16.8767,0.0145,0.9940,0.0619,1.2419,-1.1370,0.0000,-0.0000,0.8000,0.0132,5693.2636,22.1869,235.3145,0.4760,0.3183,0.0000,0.8111,0.3600,28.0577,-138.5320
49.5495,ASCEND,DESCEND,0.2021,0.0048,2.4281,3.8786,0.5312,0.4688,2.9544,0.0614,5.8492,21.0774,59.0000,0.0003,138.2592,34.7354,2.9544,0.0625,0.0312,0.2188,0.2188,0.0625,0.2812,0.0938,0.0312,195.0753,187.7855,0.0299,16.3810,5.2634,24.6808,0.0080,0.0000,0.4120,0.4425,0.5141,5.3420,11.3393,3.9800,0.4321,4.7355,0.2286,0.2807,0.4940,0.5912,1.5704,0.1017,0.9996,-0.5699,0.5201,2.9769,16.2097,0.0052,0.9856,-0.1154,3.9616,1.0519,-0.0000,-0.0000,0.7812,0.0129,5658.6648,21.7793,227.4023,0.4850,0.2997,0.0000,0.8111,0.3600,15.3575,-315.6935
49.5912,STABLE,DESCEND,0.0512,0.0001,2.3333,4.6659,0.5278,0.4722,3.3373,0.0191,5.4216,16.2055,56.0000,0.0003,132.4252,29.3203,3.3373,0.0000,0.1111,0.1667,0.3333,0.1667,0.1111,0.0278,0.0833,193.3043,198.4497,0.0137,14.6394,4.5144,23.1406,0.0028,0.0000,0.3858,0.3909,0.5076,5.9139,8.3511,5.0610,0.4580,3.8170,0.2353,0.2480,0.0180,0.5779,0.4611,-0.1396,0.9963,1.4179,0.6427,3.4794,16.1309,0.0047,0.9996,0.3698,-16.7713,3.5780,0.0000,0.0000,0.8611,0.0113,5364.1010,20.3683,210.8390,0.4894,0.2845,0.0000,0.8111,0.3600,1.7236,-396.3921
49.6329,STABLE,DESCEND,0.6738,0.0285,2.4179,4.7997,0.5946,0.4054,4.1741,0.2283,5.9438,15.3191,59.0000,0.0003,134.1835,40.6773,4.1741,0.0541,0.1081,0.1622,0.2973,0.1081,0.1351,0.0541,0.0811,185.3051,207.2882,0.0183,11.5805,3.8633,24.8493,0.0002,0.0000,0.2968,0.3198,0.5014,3.7060,7.2449,2.4904,0.3739,2.9804,0.5080,0.1136,0.1105,0.9124,0.4104,-0.0009,1.0049,-1.1906,-1.6194,4.3448,14.5921,0.0043,1.0035,-0.0929,-18.5167,9.1158,0.0000,0.0001,0.8649,0.0114,5315.3647,20.1040,200.9449,0.4692,0.2605,0.0000,0.8111,0.3667,-17.7082,-520.0646
49.6746,DESCEND,DESCEND,-0.1359,0.0001,2.1604,4.0568,0.5000,0.5000,3.9536,0.1040,5.4387,14.1264,67.0000,0.0004,131.5945,43.3633,3.9536,0.0952,0.1190,0.4524,0.1190,0.0476,0.0952,0.0714,0.0000,179.3481,215.5518,0.0154,10.9145,3.6829,29.6698,-0.0005,-0.0000,0.2944,0.3090,0.4984,7.7012,6.5160,2.5434,0.9204,3.1606,0.1410,0.0546,0.3309,0.8502,0.3763,0.1294,0.9997,-0.7601,0.5845,3.8911,12.8149,-0.0023,1.0321,-0.4867,-17.4779,10.8608,-0.0000,0.0002,0.8571,0.0118,5241.7126,19.9616,198.0724,0.4475,0.2461,0.0000,0.8111,0.3633,-41.6584,-581.6504
49.7163,DESCEND,DESCEND,-2.0668,-0.0013,4.6705,2.5638,0.4694,0.5306,5.5587,0.8431,6.3388,22.0491,68.0000,0.0004,132.9150,50.5286,5.5587,0.0816,0.2449,0.4082,0.0816,0.0816,0.0408,0.0408,0.0204,170.6878,227.2239,0.0295,12.4877,3.9908,25.0586,0.0001,-0.0000,0.3156,0.3673,0.4886,6.0141,6.3002,4.2509,1.1621,4.2037,0.0760,0.0614,0.4340,1.3432,0.4150,-0.0145,1.0010,-0.0998,-0.3010,5.6125,14.5723,-0.0269,0.9644,0.4589,-5.5153,16.6709,0.0000,-0.0001,0.7959,0.0118,5229.0493,20.0669,183.7943,0.4211,0.2446,0.0000,0.8111,0.3633,-66.2276,-602.3111
49.7580,DESCEND,DESCEND,-4.0485,-0.2149,5.5187,0.0100,0.2857,0.7143,5.9711,0.7399,6.9857,20.2894,119.0000,0.0007,123.2473,54.3300,5.9711,0.0536,0.1964,0.4107,0.0357,0.1071,0.0179,0.1071,0.0714,163.2987,250.0651,0.0291,13.6742,4.2799,19.0010,-0.0005,-0.0000,0.3807,0.4271,0.4807,4.6098,6.6879,4.7260,1.3200,5.1724,0.3301,0.1431,0.7313,0.8085,0.2551,0.0392,0.9967,0.3674,1.0976,5.7644,15.7790,-0.0478,0.9957,-1.3322,-4.3339,17.8843,-0.0001,0.0002,0.9464,0.0121,5193.3772,19.9485,179.9138,0.3858,0.2315,0.0000,0.8111,0.3500,-91.9012,-672.0358
49.7997,DESCEND,DESCEND,-6.8969,-5.2112,7.2216,0.0038,0.2128,0.7872,10.6979,13.3300,8.7667,39.8307,70.0000,0.0004,133.3808,79.5714,10.6979,0.0213,0.3830,0.4468,0.0000,0.0000,0.0213,0.0851,0.0426,157.7636,253.8863,0.0508,15.1718,5.0566,28.9160,-0.0005,-0.0000,0.5319,0.6070,0.4933,6.6143,7.3326,5.0843,1.5366,6.8302,1.3278,0.1881,0.5380,2.3598,0.8311,2.1491,0.9301,0.7072,26.9434,7.2213,30.0580,0.0173,0.9442,-2.2265,0.0736,27.8693,-0.0001,0.0001,0.7660,0.0148,5039.3857,19.4886,201.0824,0.3247,0.2137,-29.1406,0.3806,0.4313,-122.2865,-628.5943
49.8415,DESCEND,DESCEND,-5.2830,-0.2407,6.4079,0.0993,0.2500,0.7500,7.1208,0.4067,7.9982,21.3027,116.0000,0.0007,124.5809,80.3542,7.1208,0.1167,0.4333,0.1500,0.0667,0.0333,0.1000,0.0833,0.0167,165.9067,276.5797,0.0314,17.0063,5.6239,33.3162,0.0004,-0.0000,0.5482,0.5935,0.4941,8.1832,7.2745,5.9592,2.4441,9.3540,2.5328,0.0881,0.6793,0.1861,0.0945,0.0411,0.9999,-0.2046,0.1467,7.1101,18.7222,-0.0686,0.8730,-4.5152,11.9500,40.2889,-0.0002,-0.0001,0.8333,0.0149,4796.4069,19.8980,214.4617,0.2853,0.2201,-30.0333,0.4833,0.4928,-144.3364,-613.4738
49.8832,DESCEND,DESCEND,-8.4518,-11.0726,7.9419,0.0988,0.1702,0.8298,10.4233,14.7470,8.7898,28.0416,119.0000,0.0007,147.9331,85.5288,10.4233,0.0745,0.3936,0.3085,0.0319,0.0851,0.0319,0.0213,0.0532,171.2832,279.1121,0.0731,18.0534,6.1946,31.2783,0.0012,-0.0000,0.6060,0.6828,0.4829,11.7591,7.9270,7.9293,3.1987,10.6059,3.7981,0.1636,1.2102,0.2166,0.0344,0.4750,0.9907,0.2472,20.6183,8.5839,16.5542,-0.1484,0.9852,-2.5461,-4.3687,27.7965,-0.0002,0.0002,0.7553,0.0158,4866.0990,20.9499,217.1669,0.2688,0.2356,-29.9587,0.4917,0.5540,-173.4605,-559.0713
49.9249,DESCEND,DESCEND,-8.1948,-10.0133,8.0803,0.2809,0.1461,0.8539,10.4470,14.9980,8.7186,30.5538,111.0000,0.0006,147.0766,85.9247,10.4470,0.0674,0.2360,0.4607,0.0225,0.0562,0.0787,0.0562,0.0225,174.8684,277.9592,0.2982,18.0333,6.5223,26.4534,0.0003,-0.0000,0.5837,0.6983,0.4841,6.9379,9.1981,9.1299,3.5121,10.7932,5.1797,0.5138,1.9396,0.2400,0.1752,0.3434,0.9933,-0.6705,19.8018,8.8320,16.9433,-0.1538,0.9904,-1.8233,-5.1443,26.9344,-0.0000,0.0001,0.8202,0.0182,5056.8971,22.3927,215.1763,0.2639,0.2594,-31.0248,0.5306,0.5368,-190.9723,-256.8288
49.9666,DESCEND,DESCEND,-7.8660,-8.5493,7.6077,0.2989,0.2727,0.7273,9.6048,14.2092,8.2495,21.3010,170.0000,0.0010,145.1784,83.0888,9.6048,0.0909,0.1705,0.5455,0.0682,0.0341,0.0227,0.0341,0.0341,174.4525,282.1370,0.5102,17.3201,6.4826,21.4198,0.0016,-0.0000,0.5436,0.6716,0.4695,7.1055,9.2970,9.7385,3.6121,10.4153,6.2901,0.7279,2.8040,0.2885,0.2579,0.6776,0.9926,-2.5833,19.7358,7.8767,15.6502,-0.1541,1.0785,-0.0740,-14.0597,17.5122,0.0002,0.0003,0.6932,0.0220,5307.9445,24.3521,220.5733,0.2541,0.2694,-39.0284,0.4083,0.5664,-194.8843,64.0472
50.0083,DESCEND,DESCEND,-7.2966,-7.2633,7.4623,0.5898,0.2644,0.7356,9.1413,12.8317,7.9251,29.8955,213.0000,0.0012,155.3716,87.3272,9.1413,0.1149,0.1494,0.5517,0.0115,0.0345,0.0460,0.0230,0.0690,175.2950,275.5551,0.7498,16.6424,6.6124,20.4118,0.0023,-0.0000,0.4813,0.5998,0.4859,5.9887,12.0394,10.1524,3.8804,10.8324,6.6624,0.8304,2.9517,0.3818,0.1676,-0.1426,1.0008,0.7183,-0.6951,9.3280,18.1860,-0.0835,0.9028,-3.1054,4.1344,31.3424,-0.0002,-0.0000,0.7126,0.0300,5793.6494,27.8372,222.1026,0.2422,0.2924,-38.9458,0.4056,0.6257,-185.6297,298.8218
50.0500,DESCEND,DESCEND,-7.5932,-10.7982,6.9155,1.0205,0.2093,0.7907,9.8852,13.9781,6.6637,17.1319,234.0000,0.0014,167.1913,77.7202,9.8852,0.0853,0.0388,0.6744,0.0078,0.0543,0.0465,0.0465,0.0465,163.2002,265.0701,1.0050,15.0082,6.2061,22.4021,0.0044,-0.0000,0.4017,0.4959,0.4893,5.2504,11.3318,10.2307,4.0289,10.6346,7.0111,0.9543,2.4699,0.7246,0.1715,0.4114,0.9928,-4.8301,15.5029,5.7572,14.5724,-0.0635,0.9619,-0.5551,-5.2599,18.9916,-0.0000,-0.0000,0.7907,0.0408,6297.2593,31.3539,249.1832,0.2413,0.3064,-33.9214,0.5194,0.6869,-169.9576,505.4715
50.0917,DESCEND,DESCEND,-5.5129,-4.7014,6.3462,1.6022,0.3279,0.6721,8.1083,11.8094,6.4027,27.5693,317.0000,0.0018,161.9026,72.3625,8.1083,0.1066,0.0820,0.6393,0.0164,0.0328,0.0328,0.0492,0.0410,158.5867,251.8586,1.2495,13.9362,5.8704,18.9427,0.0072,0.0000,0.3315,0.4433,0.5005,4.4833,11.0325,10.4972,4.0047,9.1947,7.4940,1.3328,2.2085,1.0147,0.2302,0.1179,0.9929,-6.1804,12.3870,6.8077,15.4946,-0.0364,0.9628,-0.0822,-7.9368,16.1768,-0.0000,-0.0000,0.7951,0.0509,6683.0281,35.5643,259.6539,0.2476,0.3533,-33.0239,0.4083,0.7156,-143.4650,677.6722
50.1334,DESCEND,DESCEND,-7.8227,-0.0459,11.1850,2.9327,0.3556,0.6444,12.0895,5.2276,12.1476,28.7042,339.0000,0.0020,146.0442,68.7594,12.0895,0.0667,0.1667,0.0778,0.4111,0.0222,0.1111,0.0889,0.0556,169.2323,242.0535,2.9632,26.7814,10.9727,31.6835,0.0189,-0.0000,0.5311,0.7695,0.4981,6.4602,18.9653,21.0788,8.1578,12.9898,17.5514,2.4914,2.6041,1.9913,0.3582,0.6528,1.0112,-5.8502,-0.8445,12.1124,28.3917,-0.1390,0.8443,-5.6176,-10.6544,48.5778,-0.0003,-0.0001,0.6889,0.0657,6953.0165,38.9994,295.1647,0.2637,0.4251,-35.1510,0.5250,0.6890,-113.4284,868.4854
50.1751,DESCEND,DESCEND,-1.8387,-0.0016,7.9622,12.3947,0.4561,0.5439,10.4922,13.0946,5.5286,16.0831,349.0000,0.0020,143.0957,59.4339,10.4922,0.0351,0.0211,0.0421,0.7754,0.0456,0.0456,0.0211,0.0140,170.8479,210.8834,2.4486,14.8786,6.2440,20.0518,0.0141,-0.0000,0.4012,0.5237,0.4980,4.7549,9.6492,10.9877,5.9820,10.6480,10.9844,1.5778,2.5487,1.0692,0.1820,-0.6836,0.9968,-10.7533,3.3074,4.5494,16.6923,-0.0030,0.9968,0.3767,-9.2581,3.3801,-0.0000,0.0000,0.7439,0.0646,7017.9584,38.5723,273.5191,0.2727,0.3939,-40.0137,0.4222,0.7051,-71.0188,953.4223
50.2168,DESCEND,DESCEND,-1.3026,0.0001,8.5602,12.4870,0.5139,0.4861,11.2408,13.8171,5.8117,18.5656,345.0000,0.0020,137.6650,57.9322,11.2408,0.0382,0.0312,0.0208,0.7708,0.0486,0.0382,0.0451,0.0069,172.2487,187.4387,2.2742,15.9503,6.6666,20.2331,0.0134,0.0000,0.4235,0.4831,0.5114,5.2062,9.8956,11.3769,5.8081,11.6801,11.8299,1.2576,2.5744,0.9543,0.3468,-0.7082,0.9981,-12.4044,1.6270,5.0966,17.6480,-0.0079,0.9960,0.4177,-10.1991,1.7172,-0.0000,0.0000,0.7153,0.0635,7011.4497,38.4033,278.7073,0.2852,0.3783,-43.9584,0.3750,0.6483,-33.8971,869.8339
50.2585,ASCEND,DESCEND,0.1203,0.0003,9.5791,15.0027,0.5179,0.4821,11.9010,14.6654,6.0871,19.5791,343.0000,0.0020,129.4585,56.2064,11.9010,0.0107,0.0250,0.0143,0.7500,0.0857,0.0571,0.0357,0.0214,175.2069,171.3997,2.8655,16.8405,6.9084,20.5552,0.0148,0.0000,0.4554,0.5306,0.5074,7.9443,10.3217,12.1718,5.8531,12.5473,11.7330,1.1163,3.1994,1.0144,0.3921,-0.8109,0.9984,-13.2505,0.4897,5.1853,18.3620,-0.0050,1.0002,0.6793,-11.2012,-0.0539,-0.0000,0.0000,0.7393,0.0611,6921.7619,37.0943,268.4839,0.2975,0.3610,-35.9097,0.4056,0.7161,1.5398,775.3387
50.3002,ASCEND,DESCEND,1.0274,0.0013,10.1172,16.5079,0.5379,0.4621,12.2801,15.0685,6.3155,19.1497,320.0000,0.0019,127.6878,54.8167,12.2801,0.0217,0.0217,0.0289,0.7617,0.0614,0.0686,0.0289,0.0072,184.0939,156.3216,1.7536,17.4948,7.1704,20.8130,0.0144,-0.0000,0.4585,0.5394,0.4944,8.5654,10.6881,12.5476,5.4080,13.1625,11.1531,0.8455,3.2054,0.5018,0.1805,-1.0553,1.0001,-13.5026,-0.8135,5.2943,19.5564,-0.0070,1.0040,0.8902,-11.7745,-1.0809,0.0000,0.0000,0.7473,0.0560,6877.4969,35.6599,260.8302,0.3094,0.3409,-38.0832,0.3889,0.7242,30.7791,567.4179
50.3420,ASCEND,DESCEND,3.6676,1.5462,9.1977,16.7291,0.6174,0.3826,12.0979,14.7904,6.6324,33.3873,288.0000,0.0017,124.0081,57.0798,12.0979,0.0087,0.0261,0.0652,0.6826,0.1000,0.0522,0.0565,0.0087,182.3467,144.8509,1.1546,17.6736,7.2369,19.2662,0.0136,0.0000,0.4675,0.5186,0.5219,5.6360,11.3134,12.9833,4.6125,13.8512,10.3414,0.6378,2.6539,0.3779,0.2730,-1.3753,1.0005,-13.1594,-1.4241,6.3910,21.0684,-0.0010,1.0057,1.1873,-11.5055,-1.9105,0.0000,0.0000,0.7087,0.0516,6414.6908,34.4540,252.1431,0.3209,0.3361,-35.9689,0.3806,0.7208,48.8719,288.7867
50.3837,ASCEND,DESCEND,3.5533,1.6709,9.4568,16.7673,0.6356,0.3644,12.0166,14.8521,6.5264,19.2255,283.0000,0.0016,124.0137,56.9427,12.0166,0.0267,0.0267,0.0533,0.7378,0.0578,0.0533,0.0267,0.0178,177.2143,139.2880,0.9485,17.7263,7.2000,19.2430,0.0150,0.0000,0.4394,0.5065,0.5098,5.4531,10.9892,13.2006,4.7207,13.8188,9.6797,0.2941,2.5515,0.2778,0.2670,-1.2596,1.0015,-13.3424,-0.2763,6.0373,20.5843,-0.0109,0.9994,1.1042,-11.1448,-0.7394,-0.0000,-0.0000,0.7156,0.0485,6047.0804,33.3828,247.6813,0.3280,0.3254,-31.9209,0.4556,0.7187,54.8687,57.7863
50.4254,ASCEND,DESCEND,3.0486,1.4601,10.0938,17.1184,0.5972,0.4028,12.4763,15.3790,6.5649,21.6790,272.0000,0.0016,124.6527,58.8682,12.4763,0.0185,0.0231,0.0278,0.7454,0.0278,0.0648,0.0509,0.0417,175.0969,134.8996,1.0759,17.7808,7.1850,21.2225,0.0162,0.0000,0.4338,0.5555,0.5133,5.1731,11.6770,13.0187,5.3380,13.0748,9.4199,0.6671,1.5256,0.5154,0.2987,-1.1202,1.0004,-13.1604,2.0318,6.3434,21.1082,0.0012,0.9994,1.0988,-10.4829,0.8469,-0.0000,0.0000,0.7222,0.0473,5821.1527,32.7798,246.2173,0.3308,0.3206,-31.9209,0.4500,0.7187,53.6923,-295.3674
50.4671,ASCEND,DESCEND,1.5806,0.2534,10.8024,17.7537,0.5650,0.4350,12.4991,15.4760,7.0210,20.8712,276.0000,0.0016,127.3179,62.3658,12.4991,0.0179,0.0224,0.0314,0.7444,0.0493,0.0673,0.0583,0.0090,163.5991,135.5058,0.4944,18.4723,7.4893,20.7319,0.0162,0.0000,0.3914,0.5022,0.5103,5.3397,11.6192,13.6364,5.4741,13.4617,9.0137,0.2517,1.0574,0.4280,0.0913,-1.0001,1.0002,-12.9559,5.2488,6.7684,21.2601,-0.0089,1.0036,1.0926,-10.3614,3.3185,-0.0000,0.0000,0.7085,0.0463,5525.1569,32.9340,254.9083,0.3292,0.3222,-30.9638,0.4528,0.7192,30.2301,-537.2968
50.5088,ASCEND,DESCEND,0.4271,0.0045,11.4544,18.6479,0.5315,0.4685,13.0339,16.8104,7.8143,21.3311,314.0000,0.0018,126.8832,63.1638,13.0339,0.0360,0.0360,0.0270,0.7387,0.0360,0.0360,0.0631,0.0270,155.1799,140.5343,0.7049,19.6776,8.0608,21.3829,0.0162,0.0000,0.3762,0.4879,0.5022,4.6078,12.2000,14.9877,6.5211,14.3585,9.0828,0.3191,0.8579,0.5007,0.2948,-1.2377,1.0040,-12.3592,7.3671,7.4121,23.2251,-0.0219,0.9966,0.8242,-9.9729,7.2628,-0.0000,-0.0000,0.6937,0.0475,5176.7760,33.5487,259.7315,0.3214,0.3375,-33.0349,0.3472,0.7276,8.8728,-565.9280
50.5505,DESCEND,DESCEND,-1.4302,-0.0584,12.0175,19.3015,0.4449,0.5551,13.5951,18.2318,8.2145,21.6022,338.0000,0.0020,129.9147,66.4519,13.5951,0.0286,0.0408,0.0531,0.7469,0.0245,0.0531,0.0367,0.0163,149.1080,143.8119,0.6912,20.5222,8.5332,21.8042,0.0180,0.0000,0.3951,0.5192,0.5104,4.8614,13.0237,16.6902,7.4237,14.1267,9.3001,0.7395,0.9464,0.4246,0.1251,-0.9567,0.9957,-12.0670,10.0387,7.3521,23.1282,-0.0145,0.9924,0.6576,-9.7210,9.5916,-0.0000,-0.0000,0.6857,0.0491,4863.4420,34.4262,272.8049,0.3121,0.3532,-30.0686,0.3778,0.7318,-16.9777,-583.7802
50.5922,DESCEND,DESCEND,-2.8859,-0.0002,12.1564,19.3955,0.4788,0.5212,13.3664,18.3550,8.8089,22.1328,351.0000,0.0020,134.3685,69.7809,13.3664,0.0579,0.0502,0.0502,0.7104,0.0309,0.0232,0.0347,0.0425,140.3943,146.4276,0.4464,20.7536,8.7970,22.1643,0.0187,0.0000,0.4138,0.4975,0.5216,5.6368,13.4793,17.2161,8.0176,14.3189,9.2906,1.0081,0.8531,0.1555,0.0168,-0.4676,0.9959,-13.5476,11.3903,7.4423,21.8847,-0.0212,0.9930,0.6609,-10.2400,9.5857,-0.0000,-0.0000,0.6718,0.0505,4854.6022,34.9723,269.0972,0.3116,0.3452,-29.0291,0.3778,0.7281,-39.8242,-557.8931
50.6339,DESCEND,DESCEND,-2.6678,-0.0000,12.5948,19.3469,0.4765,0.5126,13.4215,18.6850,8.8149,26.3818,337.0000,0.0020,136.1583,70.8715,13.4215,0.0542,0.0361,0.0722,0.7040,0.0325,0.0181,0.0397,0.0433,136.4206,146.4868,0.5767,20.8709,8.8716,25.1174,0.0195,0.0000,0.4110,0.4983,0.5156,4.8861,13.5384,17.2711,7.9040,14.5731,9.9171,1.1890,0.8513,0.0835,0.0192,-0.2337,0.9955,-14.5815,11.3315,7.4021,21.1121,-0.0193,0.9933,0.2554,-11.0663,10.0617,-0.0000,-0.0000,0.6643,0.0538,4968.1421,36.5712,278.2011,0.3140,0.3281,-13.9705,0.1861,0.7042,-63.5153,-439.1742
50.6756,DESCEND,DESCEND,-3.4233,-0.0134,12.8145,19.8220,0.4280,0.5720,14.0646,19.2821,8.7401,23.0508,363.0000,0.0021,139.1878,71.8942,14.0646,0.0545,0.0350,0.0506,0.7237,0.0156,0.0350,0.0389,0.0467,134.4239,147.8293,0.8903,20.9994,8.9158,22.9882,0.0178,0.0000,0.4188,0.5131,0.5048,5.3053,14.1581,17.7417,7.9915,14.3748,10.0052,1.1027,1.2049,0.1798,0.0965,-0.1633,0.9955,-15.8419,10.4855,7.0242,21.2378,-0.0114,0.9913,0.0642,-12.6763,9.6673,-0.0000,-0.0000,0.6848,0.0584,5032.8413,38.6228,300.4467,0.3226,0.3208,-29.8422,0.3694,0.7302,-76.4587,-156.9602
50.7173,DESCEND,DESCEND,-3.9716,-0.3619,13.1995,19.9844,0.3670,0.6330,14.7530,20.1976,8.9038,21.8398,351.0000,0.0020,135.6182,70.6865,14.7530,0.0375,0.0337,0.0300,0.7228,0.0375,0.0936,0.0225,0.0225,136.8405,146.9798,0.7732,21.3871,9.0384,22.5530,0.0186,0.0000,0.4355,0.4849,0.5113,6.1738,14.2098,18.6049,7.1104,14.1538,10.5391,0.4531,0.7094,0.4959,0.1009,-0.1858,0.9970,-17.4690,9.0820,7.0101,21.7892,-0.0098,0.9947,-0.0244,-15.0031,8.9283,-0.0000,-0.0000,0.6966,0.0579,4902.5184,38.9614,296.4418,0.3265,0.3263,-30.0686,0.3722,0.7318,-76.6084,128.1720
50.7590,DESCEND,DESCEND,-2.9261,-0.2203,13.5151,20.2991,0.4075,0.5925,14.8866,20.5992,9.0893,22.8701,334.0000,0.0019,133.6873,67.8153,14.8866,0.0264,0.0264,0.0453,0.7132,0.0453,0.0830,0.0415,0.0189,148.9758,142.2089,0.6637,21.8232,9.0938,23.1059,0.0212,0.0000,0.4394,0.4826,0.5140,6.4264,14.0825,19.5866,6.7260,12.6252,10.1282,0.1527,0.8547,0.2350,0.0630,-0.0107,0.9979,-19.4007,7.9298,7.5201,22.1785,-0.0076,0.9935,-0.1272,-16.3769,7.7145,-0.0000,0.0000,0.6679,0.0587,4727.8025,38.6546,295.9405,0.3296,0.3291,-28.1786,0.3694,0.7412,-65.7670,355.1261
50.8007,DESCEND,DESCEND,-1.8672,-0.0278,13.9354,20.9651,0.4367,0.5633,14.7902,21.0357,9.5268,23.4556,311.0000,0.0018,133.9407,64.9804,14.7902,0.0367,0.0122,0.0163,0.7061,0.0367,0.1184,0.0408,0.0327,159.0817,136.5940,0.4983,22.2414,9.2995,23.3650,0.0250,0.0000,0.4553,0.5154,0.4986,6.6723,14.5023,20.2454,7.8241,13.0759,9.3598,0.0958,1.4910,0.2445,0.0254,0.0301,0.9991,-20.6750,6.4039,7.8973,22.0011,-0.0134,0.9959,-0.1141,-17.4232,6.0886,-0.0000,-0.0000,0.6571,0.0619,4660.2349,39.0626,315.3606,0.3255,0.3122,-28.0725,0.3556,0.7367,-46.9849,545.5161
50.8425,DESCEND,DESCEND,-0.8202,-0.0349,14.3961,21.6380,0.4476,0.5524,15.2418,21.0910,9.5944,27.6958,322.0000,0.0019,134.9325,63.4514,15.2418,0.0040,0.0403,0.0202,0.6935,0.0524,0.1048,0.0565,0.0282,167.7953,127.0154,0.4100,22.9226,9.3620,23.9042,0.0259,-0.0000,0.4664,0.5427,0.4959,6.7321,13.0419,20.1231,7.5268,14.0993,8.6078,0.1210,1.3690,0.3074,0.0544,-0.0470,0.9984,-21.1974,5.0648,8.2803,22.6660,-0.0135,0.9982,-0.0586,-18.2552,4.4997,-0.0000,0.0000,0.6532,0.0607,4542.9852,38.3254,316.6826,0.3214,0.2868,-29.8422,0.3361,0.7302,-20.2618,651.0398
50.8842,DESCEND,DESCEND,-1.0033,-0.0764,14.3226,21.6422,0.3917,0.6083,15.7205,21.8504,9.6180,26.1700,295.0000,0.0017,130.7708,64.1488,15.7205,0.0167,0.0042,0.0208,0.6750,0.0583,0.1042,0.0708,0.0500,171.6108,123.8806,0.2385,23.1330,9.4717,25.2539,0.0289,0.0000,0.4619,0.5344,0.5091,6.5652,13.8701,19.8648,6.8640,14.5993,7.1305,0.0522,1.2311,0.2302,0.1369,-0.1179,0.9994,-21.7046,3.8506,8.3740,23.5638,-0.0203,0.9993,-0.0194,-19.0738,3.5493,-0.0000,0.0000,0.6500,0.0576,4468.8870,37.2294,312.2885,0.3235,0.2893,-29.9729,0.3250,0.7273,7.3226,645.8950
50.9259,ASCEND,DESCEND,1.4121,0.0086,14.3498,21.9259,0.5300,0.4700,15.9334,21.7178,9.5280,24.4377,242.0000,0.0014,128.0299,66.6784,15.9334,0.0184,0.0184,0.0369,0.7143,0.0184,0.1198,0.0553,0.0184,173.6757,118.8914,0.1685,23.2079,9.3387,24.3921,0.0275,0.0000,0.4669,0.5190,0.5132,6.5414,14.8794,19.0348,5.8163,14.2996,5.4493,0.1240,1.2419,0.2780,0.0873,-0.1019,0.9992,-21.8679,3.6511,7.9381,22.9931,-0.0129,1.0074,0.0423,-19.1157,2.3665,-0.0000,0.0001,0.6728,0.0540,4390.4298,36.1832,307.3687,0.3250,0.2872,-21.0567,0.2194,0.7144,33.6166,602.3916
50.9676,ASCEND,DESCEND,3.5228,0.0310,13.0373,21.9610,0.5700,0.4300,14.7160,21.3036,9.9300,25.3318,275.0000,0.0016,130.7764,68.9020,14.7160,0.0200,0.0200,0.0500,0.6850,0.0300,0.1000,0.0550,0.0400,179.5119,118.7353,0.0610,22.5632,9.0592,24.5982,0.0274,0.0000,0.4460,0.5051,0.5143,6.7287,15.0471,17.5754,4.9092,13.7992,4.0193,0.1170,1.2652,0.1568,0.0503,-0.1046,1.0001,-21.6605,3.2626,8.6033,22.6230,-0.0080,0.9565,-1.4806,-14.9568,5.5956,-0.0003,0.0001,0.6000,0.0506,4340.2131,35.1113,307.7460,0.3289,0.2859,-27.8563,0.2889,0.7277,57.5721,484.8435
51.0093,ASCEND,DESCEND,3.6083,0.0533,12.8134,21.4480,0.5566,0.4434,14.2584,20.5893,9.5809,27.0142,255.0000,0.0015,132.4213,69.1424,14.2584,0.0236,0.0236,0.0425,0.6604,0.0566,0.1132,0.0566,0.0236,180.2986,113.5488,0.0373,22.1414,8.5896,23.8272,0.0239,0.0000,0.3974,0.4334,0.5202,6.3674,15.3021,16.2983,4.0044,11.9738,2.4328,0.1913,0.7686,0.1714,0.0345,-0.1406,0.9983,-20.6364,3.5445,8.7238,22.3660,-0.0111,1.0291,0.0999,-20.5193,1.2798,-0.0000,0.0002,0.5943,0.0483,4271.7416,33.5505,290.7865,0.3577,0.3187,-25.8664,0.2833,0.7335,74.0606,296.2835
51.0510,ASCEND,DESCEND,3.9584,0.1270,12.6824,20.5148,0.6350,0.3650,13.5434,19.8956,9.2207,23.6185,239.0000,0.0014,133.1622,72.7790,13.5434,0.0350,0.0750,0.0500,0.6500,0.0300,0.1050,0.0350,0.0200,174.0453,110.7515,0.0113,20.8792,7.9732,22.0061,0.0206,0.0000,0.3623,0.3799,0.5074,5.6196,14.2798,14.7535,3.2530,11.0108,1.0069,0.1772,0.6765,0.0769,0.0336,-0.2245,0.9987,-19.6150,3.1788,8.2620,21.6394,-0.0050,1.0040,0.1416,-17.6564,2.0104,-0.0000,0.0001,0.6250,0.0453,4465.4446,32.8761,297.1169,0.3942,0.3088,-14.8422,0.1694,0.6897,82.2871,77.6429
51.0927,ASCEND,DESCEND,3.9562,0.1859,11.3560,19.2226,0.6117,0.3883,12.0555,18.1295,8.6291,22.3522,244.0000,0.0014,135.3872,73.6698,12.0555,0.0291,0.0388,0.0728,0.6359,0.0437,0.1068,0.0485,0.0243,167.5351,109.1105,0.0061,19.2573,7.3038,20.3401,0.0160,0.0000,0.3301,0.3062,0.5078,4.6941,13.4618,12.6046,2.3438,9.8142,0.3926,0.0209,0.4506,0.0991,0.0191,-0.1819,0.9992,-18.2259,3.0965,7.9611,19.8290,-0.0071,0.9853,-0.3743,-23.6511,5.3988,-0.0000,0.0000,0.7184,0.0420,4454.2100,31.5523,288.2195,0.3984,0.3054,-19.0344,0.2194,0.7052,80.5373,-186.7797
51.1344,ASCEND,DESCEND,2.8521,0.0120,10.2811,17.2581,0.5735,0.4167,10.9466,16.3726,7.7577,18.4248,223.0000,0.0013,133.9608,73.4698,10.9466,0.0343,0.0147,0.0686,0.6471,0.0588,0.1029,0.0392,0.0343,153.3342,115.3980,0.0034,17.6864,6.4955,18.7378,0.0124,0.0000,0.2836,0.2791,0.5069,4.1618,12.6789,11.0202,1.6945,7.4706,0.1757,0.0014,0.3914,0.3373,0.0093,-0.1710,0.9976,-16.2007,3.5704,7.3434,18.3307,-0.0172,1.0089,-0.1457,-26.1855,4.8639,0.0000,0.0000,0.7304,0.0387,4456.1554,29.9126,267.6848,0.3976,0.3056,-19.9831,0.2167,0.7023,66.7066,-450.9626
51.1761,ASCEND,DESCEND,2.0692,0.0284,9.3252,15.5956,0.6500,0.3500,9.6526,14.3413,7.1455,17.2516,199.0000,0.0012,132.0408,74.4876,9.6526,0.0444,0.0556,0.1000,0.6000,0.0500,0.0722,0.0333,0.0444,143.7294,116.1354,0.0054,15.9880,5.8639,17.9683,0.0107,-0.0000,0.2469,0.2509,0.4895,3.6518,11.6271,9.8509,1.7691,6.4949,0.0906,0.1819,0.1802,0.1634,0.0844,-0.2327,0.9962,-14.0260,4.4426,7.1535,17.1929,-0.0122,0.9892,-0.3091,-19.1844,6.4620,-0.0000,0.0000,0.8167,0.0358,4711.3620,29.2051,254.6613,0.4341,0.2780,-18.8594,0.2139,0.7115,42.9195,-739.5761
51.2178,ASCEND,DESCEND,0.3582,0.0007,8.4040,13.5876,0.5562,0.4438,8.7380,13.0153,6.5515,16.0405,196.0000,0.0011,128.9399,78.1380,8.7380,0.0562,0.0674,0.0506,0.6517,0.0337,0.0787,0.0225,0.0393,126.4970,121.0434,0.0022,14.4494,5.3578,15.7694,0.0095,0.0000,0.2132,0.1788,0.5332,2.8428,10.8561,8.6550,1.6949,5.2687,0.0648,0.1272,0.0880,0.0598,0.0066,-0.2577,0.9958,-11.6446,6.0146,6.2593,15.7647,-0.0104,0.9858,-0.9611,-16.9954,9.0801,-0.0001,0.0001,0.8539,0.0349,4740.9626,28.7139,261.0238,0.4470,0.2774,-19.1130,0.2167,0.7126,5.0136,-912.0331
51.2595,DESCEND,DESCEND,-0.9111,-0.0001,7.7867,12.7502,0.4678,0.5322,8.2134,12.0563,6.1531,14.3618,196.0000,0.0011,128.3403,80.2180,8.2134,0.0292,0.0760,0.0643,0.6433,0.0409,0.0643,0.0526,0.0292,116.3175,129.4863,0.0028,13.6787,5.1135,15.2455,0.0057,0.0000,0.1821,0.1263,0.5039,3.1595,10.1416,8.3002,1.9964,4.8601,0.0700,0.0164,0.0482,0.0396,0.0128,-0.1162,0.9973,-9.6511,8.1773,5.5457,13.8038,-0.0195,0.9720,-0.6664,-11.1155,11.3157,-0.0001,0.0000,0.9064,0.0351,4748.3441,28.4608,256.5378,0.4590,0.2649,-18.9542,0.2000,0.6978,-33.1593,-876.1272
51.3012,DESCEND,DESCEND,-2.2960,-0.0010,7.2160,11.4754,0.4225,0.5615,8.5946,11.7830,5.6765,14.0359,219.0000,0.0013,132.3221,83.0977,8.5946,0.0642,0.0695,0.6791,0.0695,0.0267,0.0321,0.0321,0.0267,108.6810,134.6003,0.0030,13.1752,4.9948,14.3929,0.0037,0.0000,0.1783,0.1374,0.5029,3.7888,10.0672,7.8920,2.0076,5.2338,0.1097,0.1934,0.0074,0.1817,0.0220,0.1645,0.9952,-7.5626,10.7243,4.6337,11.8647,-0.0199,0.9775,-0.1436,-9.7266,12.9628,-0.0000,0.0000,0.9305,0.0351,4791.4845,28.4414,254.0080,0.4669,0.2542,-15.0184,0.2028,0.7075,-68.0700,-809.2579
51.3430,DESCEND,DESCEND,-5.0072,-4.4672,6.5299,4.5924,0.3014,0.6986,9.1042,12.6018,5.9177,15.4005,222.0000,0.0013,136.2835,81.5069,9.1042,0.0335,0.1244,0.6746,0.0287,0.0287,0.0287,0.0287,0.0526,94.2454,164.2181,0.0049,13.7753,5.3289,15.4910,0.0008,0.0000,0.1778,0.1328,0.5001,5.5256,10.4263,8.2159,2.3031,6.7338,0.2258,0.3152,0.0328,0.0654,0.0437,0.4091,0.9945,-6.1669,12.9864,4.4267,11.7460,-0.0317,1.0268,-0.0723,-8.6424,9.9514,-0.0000,0.0003,0.7751,0.0356,4836.4879,28.9692,256.6949,0.4766,0.2443,-27.0356,0.2806,0.7260,-100.6649,-700.9325
51.3847,DESCEND,DESCEND,-6.5808,-7.6827,6.2784,2.1390,0.2327,0.7673,9.8067,13.5078,6.0115,15.0867,239.0000,0.0014,140.9030,82.8061,9.8067,0.0495,0.0990,0.6881,0.0446,0.0099,0.0297,0.0297,0.0495,87.8101,189.2537,0.0087,14.4210,5.6227,15.1665,-0.0019,-0.0000,0.1964,0.1547,0.4824,6.1734,10.7493,8.1990,2.5716,8.2416,0.4463,0.2641,0.4706,0.0343,0.2515,0.3330,0.9946,-5.1143,14.3380,4.8481,12.6285,-0.0345,0.9701,-1.7711,-8.1237,20.8158,-0.0001,0.0001,0.9010,0.0361,4889.3964,29.5308,264.2120,0.4862,0.2347,-31.0086,0.3194,0.7312,-126.5395,-511.3591
51.4264,DESCEND,DESCEND,-6.9235,-8.9809,6.1076,1.0549,0.1909,0.8091,9.8991,13.8286,6.3013,15.6400,245.0000,0.0014,147.6191,84.3923,9.8991,0.0318,0.1045,0.6773,0.0455,0.0227,0.0545,0.0364,0.0273,92.2689,198.3455,0.0069,14.8530,5.8370,15.9295,-0.0036,-0.0000,0.2125,0.1516,0.4900,4.8043,11.0658,7.9036,2.4859,9.6369,0.8737,0.0183,0.3606,0.0664,0.0156,0.9487,0.9951,-5.7833,16.0988,4.5891,13.0548,-0.0294,0.9707,-1.3341,-6.5031,19.4193,-0.0001,0.0001,0.8818,0.0379,4881.7962,29.6511,257.2501,0.4863,0.2308,-24.0525,0.2917,0.6461,-143.3207,-327.7273
51.4681,DESCEND,DESCEND,-7.2081,-9.5417,6.4980,1.7108,0.1970,0.8030,10.5598,14.0865,6.2277,17.0918,233.0000,0.0013,139.0202,79.5362,10.5598,0.0542,0.1330,0.6552,0.0542,0.0197,0.0296,0.0443,0.0099,96.3060,206.8156,0.0188,15.4816,6.0536,17.3241,-0.0046,-0.0000,0.2305,0.1888,0.4851,5.4518,11.2101,7.5143,2.5933,10.9961,1.4683,0.1503,0.5292,0.0714,0.2875,1.2991,0.9960,-7.1838,17.4202,4.6466,13.5552,-0.0341,0.9905,-1.8828,-9.8417,19.8295,-0.0001,0.0001,0.9113,0.0387,4908.6737,30.2664,271.4187,0.4708,0.2376,-25.8592,0.3417,0.7260,-153.8774,-131.5115
51.5098,DESCEND,DESCEND,-5.8940,-5.4895,6.9952,3.3636,0.2619,0.7333,10.0225,13.4060,6.4812,18.8743,257.0000,0.0015,134.4918,76.9588,10.0225,0.0476,0.1619,0.6286,0.0810,0.0190,0.0095,0.0429,0.0095,99.8923,202.3331,0.0061,15.7041,6.1793,18.5915,-0.0031,-0.0000,0.2213,0.1524,0.4719,4.4536,11.0455,6.8756,2.8502,11.9279,2.0906,0.0013,0.5198,0.0474,0.0003,1.2967,0.9969,-8.3980,16.9445,5.2597,15.6912,-0.0262,0.9611,-3.2134,-9.5737,25.7601,-0.0001,0.0001,0.8429,0.0384,4896.8886,30.5036,273.3533,0.4707,0.2373,-36.1420,0.3667,0.7347,-154.2910,46.1094
51.5515,DESCEND,DESCEND,-5.9531,-6.4664,7.2888,3.8903,0.2976,0.7024,9.6192,13.2912,6.5000,17.9978,246.0000,0.0014,141.3616,83.1696,9.6192,0.0634,0.1122,0.5512,0.1317,0.0195,0.0195,0.0488,0.0537,98.3125,207.2087,0.0099,15.5185,6.1590,20.4643,-0.0017,-0.0000,0.2377,0.1952,0.4840,4.6137,11.0001,6.6203,3.1340,11.8679,2.7129,0.1370,0.6305,0.0751,0.0119,1.3619,0.9969,-9.8425,16.3310,5.0088,15.4883,-0.0213,1.0587,-1.2496,-20.3245,15.6184,0.0001,0.0002,0.7220,0.0380,4911.6704,30.4759,279.4763,0.4705,0.2353,-30.8745,0.3306,0.7340,-150.0311,194.7328
51.5932,DESCEND,DESCEND,-5.4851,-3.5211,7.4578,6.2931,0.2500,0.7451,9.0420,13.1300,6.3614,19.3838,254.0000,0.0015,140.3652,84.0819,9.0420,0.0637,0.0784,0.4902,0.1912,0.0392,0.0294,0.0784,0.0294,96.4441,208.1213,0.0093,14.8759,6.0970,21.6315,0.0004,-0.0000,0.2564,0.1925,0.4852,4.4748,10.6278,6.4560,3.1330,11.6194,3.2022,0.0326,0.7985,0.1159,0.0078,1.1939,0.9975,-10.9195,14.6754,5.6086,16.5722,-0.0274,0.9804,-2.6208,-16.3102,20.0091,-0.0001,0.0002,0.8137,0.0362,4888.5690,29.6141,265.5825,0.4691,0.2360,-27.8432,0.3694,0.7351,-138.0470,357.8522
51.6349,DESCEND,DESCEND,-4.7961,-0.6956,8.5734,12.9372,0.3235,0.6765,9.2331,13.8708,6.6434,23.3308,239.0000,0.0014,142.3562,84.8723,9.2331,0.0343,0.0833,0.3137,0.3775,0.0490,0.0490,0.0588,0.0343,108.1467,198.0389,0.0238,14.6832,6.1441,24.4362,0.0006,-0.0000,0.2750,0.2373,0.4934,5.0293,10.2476,6.6718,3.3303,11.4195,3.6225,0.0809,0.5638,0.1343,0.0670,0.8296,0.9996,-12.1925,12.1897,5.6154,15.4729,-0.0158,0.9786,-2.4287,-18.5885,19.5358,-0.0001,0.0001,0.7647,0.0357,4886.5321,29.3310,276.9857,0.4452,0.2373,-39.0300,0.3806,0.7252,-120.1803,379.7508
51.6766,DESCEND,DESCEND,-4.3684,-0.0044,8.7423,10.1780,0.3433,0.6020,8.8222,13.6936,6.9179,15.8510,245.0000,0.0014,141.2768,80.4591,8.8222,0.0746,0.0299,0.0448,0.5970,0.0547,0.0846,0.0746,0.0398,114.5398,190.7074,0.0077,15.2126,5.6919,17.9857,0.0091,-0.0000,0.2719,0.3174,0.4892,5.3356,7.1597,6.9676,3.3689,9.4100,3.9610,0.0129,0.2609,0.0518,0.0052,0.2665,0.9996,-12.6049,9.4609,7.1315,17.2176,-0.0113,1.0240,-1.2824,-30.7966,13.9078,-0.0000,0.0002,0.7313,0.0327,4891.0381,28.4572,271.6391,0.4393,0.2230,-32.8923,0.3417,0.7304,-106.3695,297.6264
51.7183,DESCEND,DESCEND,-4.2184,-0.3316,9.5390,14.2827,0.3756,0.6195,9.8362,14.8464,7.2373,16.9171,226.0000,0.0013,140.7242,81.5172,9.8362,0.0634,0.0585,0.0341,0.6000,0.0293,0.1220,0.0683,0.0244,110.6934,186.9572,0.0069,16.1578,5.8321,18.8459,0.0112,0.0000,0.2967,0.3443,0.5072,4.2574,5.5363,7.6875,3.0043,10.1703,3.9655,0.0022,0.3922,0.0873,0.0091,-0.0237,1.0006,-13.9503,7.8030,7.4871,17.5640,-0.0119,1.0707,-0.8737,-42.9411,5.7617,-0.0001,0.0003,0.6683,0.0307,4906.2753,27.9845,277.6609,0.4162,0.2033,-33.9063,0.3417,0.7350,-95.3533,232.7890
51.7600,DESCEND,DESCEND,-3.3445,-0.0016,10.4810,15.7476,0.4301,0.5699,10.3144,15.7517,7.8520,21.0764,209.0000,0.0012,135.9166,79.6594,10.3144,0.0753,0.0753,0.0430,0.6183,0.0376,0.1022,0.0323,0.0161,117.2339,178.5281,0.0169,16.9602,6.1411,20.2433,0.0133,0.0000,0.3223,0.3849,0.5164,4.1504,6.0985,8.4102,3.7492,9.6445,4.0691,0.0192,0.5506,0.1236,0.0220,-0.4386,0.9983,-13.6905,6.0792,7.9851,18.5492,-0.0119,1.0092,-1.6025,-32.8643,10.3308,-0.0002,0.0002,0.6774,0.0286,4938.7900,26.9624,260.8414,0.3817,0.1777,-32.9574,0.3389,0.7230,-86.9510,149.7621
51.8017,DESCEND,DESCEND,-3.5829,-0.0037,10.5111,15.3996,0.3851,0.5862,10.1590,15.3588,7.7193,18.0866,204.0000,0.0012,141.2449,82.9997,10.1590,0.0747,0.0920,0.0345,0.6264,0.0862,0.0460,0.0230,0.0172,114.6588,178.3110,0.0051,16.9404,6.2583,22.1454,0.0134,0.0000,0.3426,0.3989,0.5090,5.5336,6.8775,8.9950,3.7566,9.1474,3.7597,0.0012,0.7397,0.0720,0.0020,-0.6125,1.0001,-13.8313,4.5880,7.7602,18.9140,-0.0021,1.1243,1.3776,-54.9444,-2.6084,0.0001,0.0002,0.7241,0.0278,4973.4499,26.2584,261.3126,0.3788,0.1684,-37.9236,0.3639,0.6888,-82.8606,100.6455
51.8435,DESCEND,DESCEND,-2.6673,-0.0012,11.2776,16.7534,0.4386,0.5614,10.4375,15.5206,7.7701,21.4885,199.0000,0.0012,139.4217,77.5674,10.4375,0.0234,0.0760,0.0585,0.6316,0.0702,0.0760,0.0468,0.0175,124.3332,177.8149,0.0241,17.3213,6.2353,26.5412,0.0130,0.0000,0.3366,0.4165,0.5154,5.7642,6.5880,9.4932,3.7773,8.3687,3.5147,0.2037,0.6141,0.1073,0.0381,-0.7247,1.0010,-14.0015,4.4485,8.3243,19.7727,0.0064,1.0731,0.9221,-42.3434,0.7726,0.0000,0.0002,0.7310,0.0262,5018.5419,25.7599,263.1761,0.3641,0.1609,-31.8660,0.3250,0.7261,-78.5555,51.1568
51.8852,DESCEND,DESCEND,-3.0649,-0.0006,10.5647,15.4881,0.4491,0.5509,9.7453,14.3171,7.4169,19.0396,192.0000,0.0011,143.3351,76.4579,9.7453,0.0659,0.0539,0.0299,0.5928,0.0599,0.1257,0.0479,0.0240,125.2431,178.8614,0.0142,16.1976,5.6217,18.9354,0.0062,0.0000,0.3008,0.3612,0.5065,3.7930,4.3688,9.1565,3.7895,7.7811,3.1426,0.1060,0.4211,0.1559,0.0205,-0.7757,1.0009,-12.8218,4.4646,8.3623,19.2166,-0.0088,1.0622,0.6767,-38.1391,4.0079,0.0001,0.0002,0.7784,0.0263,5046.8160,25.5153,260.9570,0.3570,0.1588,-26.7984,0.3694,0.7319,-78.5933,-54.2841
51.9269,DESCEND,DESCEND,-3.9278,-0.0165,9.7225,14.2270,0.3742,0.6258,9.3390,14.2793,6.7704,15.7854,185.0000,0.0011,141.8525,75.1918,9.3390,0.0552,0.0429,0.0552,0.6135,0.0552,0.1104,0.0552,0.0123,125.0919,181.0641,0.0181,15.1593,5.2596,16.7955,0.0070,0.0000,0.2621,0.3042,0.5039,2.8556,4.1433,8.9246,3.5721,6.9217,2.8463,0.1774,0.2670,0.0895,0.2776,-0.6446,0.9984,-11.3094,5.3855,7.0924,17.5094,-0.0150,1.0204,-0.2672,-29.7031,11.0774,0.0000,0.0001,0.7730,0.0267,5078.4518,25.6656,265.7635,0.3534,0.1695,-31.9149,0.2250,0.4477,-83.0837,-134.0998
51.9686,DESCEND,DESCEND,-3.4720,-0.0008,9.1474,13.5149,0.4465,0.5472,8.3878,12.9887,6.6621,16.6961,182.0000,0.0011,136.5998,70.4027,8.3878,0.0566,0.0629,0.0629,0.6226,0.0503,0.0881,0.0377,0.0189,136.8714,177.0762,0.0111,14.1771,5.0069,16.8114,0.0071,0.0000,0.2490,0.2897,0.5092,2.6651,3.8658,8.9547,3.3485,6.1397,2.7080,0.1703,0.1492,0.0305,0.0504,-0.4580,0.9969,-10.2622,6.4677,6.5617,15.8133,-0.0204,0.9923,-0.5005,-20.6594,10.5732,-0.0001,0.0001,0.8302,0.0255,5101.9017,25.6060,263.2915,0.3513,0.1695,-29.9383,0.3222,0.7347,-89.7794,-174.7106
52.0103,DESCEND,DESCEND,-3.8955,-0.0968,8.5906,12.9093,0.3861,0.6013,8.2830,12.9784,6.2876,16.3167,183.0000,0.0011,138.8165,71.9551,8.2830,0.0823,0.0696,0.0380,0.6519,0.0570,0.0380,0.0253,0.0380,136.5994,178.5968,0.0142,13.5496,4.8598,16.8527,0.0069,0.0000,0.2264,0.2652,0.5018,2.7535,4.3132,8.3871,3.5959,5.8912,2.6174,0.0733,0.0601,0.0501,0.1108,-0.1645,1.0010,-10.7274,7.3165,5.8163,14.1913,-0.0242,1.0489,-0.4596,-32.0735,7.2430,-0.0000,0.0002,0.8165,0.0249,5101.3479,25.3762,252.8413,0.3491,0.1791,-24.9384,0.3750,0.7352,-97.6574,-189.8358
52.0520,DESCEND,DESCEND,-4.2759,-0.6361,7.7138,11.4729,0.2781,0.7219,7.9108,12.2013,5.9296,14.2747,179.0000,0.0010,142.6314,74.9528,7.9108,0.0355,0.0888,0.0710,0.6509,0.0414,0.0828,0.0178,0.0118,132.5712,181.8465,0.0223,12.7996,4.6524,14.0363,0.0054,-0.0000,0.2125,0.2587,0.4853,2.4349,4.2649,8.0063,3.4129,5.4907,2.7545,0.2023,0.0627,0.0874,0.1640,0.1268,1.0010,-10.4269,8.6354,5.4826,13.1301,-0.0342,0.9744,-1.0144,-13.8128,13.0577,-0.0001,0.0001,0.8225,0.0242,5130.7622,25.6802,259.6299,0.3479,0.1806,-35.0150,0.3583,0.6797,-105.6149,-142.7442
52.0937,DESCEND,DESCEND,-4.5738,-0.8748,7.6448,11.0769,0.3110,0.6890,7.9032,12.0878,5.9197,14.1778,179.0000,0.0010,141.6210,76.0389,7.9032,0.0671,0.1280,0.0305,0.6402,0.0183,0.0488,0.0244,0.0427,126.3637,186.2624,0.0136,12.7837,4.6978,14.1728,0.0053,0.0000,0.2156,0.2477,0.5064,2.2642,4.5215,7.8060,3.4344,5.5400,2.9707,0.1972,0.1283,0.0459,0.0753,0.2453,0.9992,-9.9425,9.1323,5.1742,12.3996,-0.0297,1.0295,-0.7215,-24.6084,12.1278,0.0000,0.0001,0.7988,0.0238,5137.6119,25.7033,259.9472,0.3435,0.1822,-29.0017,0.3111,0.7013,-109.5647,-167.0045
52.1354,DESCEND,DESCEND,-5.3082,-4.2764,7.7001,10.6579,0.2704,0.7296,8.4735,12.8026,6.0781,14.1671,172.0000,0.0010,141.8580,80.4052,8.4735,0.0440,0.1132,0.0314,0.6541,0.0440,0.0629,0.0314,0.0189,112.9346,192.6830,0.0116,13.4199,4.8562,14.3291,0.0038,-0.0000,0.2423,0.2548,0.4886,2.7550,4.6313,7.6082,3.6991,5.7627,3.2320,0.0432,0.2123,0.0894,0.1154,0.2304,0.9984,-10.3595,9.2342,5.2810,13.0524,-0.0321,0.9660,-0.6259,-8.8940,11.1249,-0.0001,0.0000,0.7987,0.0239,5108.4969,25.4719,243.5788,0.3450,0.1860,-31.0086,0.3417,0.7312,-119.5459,-167.1082
52.1771,DESCEND,DESCEND,-5.5610,-3.9853,8.1952,12.0719,0.2961,0.7039,8.8953,13.5702,6.4371,15.1989,166.0000,0.0010,140.8240,79.5177,8.8953,0.0592,0.1053,0.0461,0.6447,0.0395,0.0395,0.0395,0.0263,113.2610,192.2453,0.0238,14.0495,5.1117,15.2009,0.0039,-0.0000,0.2572,0.2765,0.4889,2.9060,4.7577,7.6014,3.9836,5.9207,3.6871,0.2250,0.5135,0.1015,0.1818,0.2878,0.9987,-11.4515,9.4560,5.5006,13.8854,-0.0258,1.0602,-0.4046,-32.6481,9.2556,0.0001,0.0002,0.8158,0.0241,5126.9210,25.3670,234.7767,0.3475,0.1876,-26.9166,0.4028,0.7290,-123.5043,-41.3814
52.2188,DESCEND,DESCEND,-5.0652,-1.9736,8.9666,13.6896,0.2980,0.7020,9.1507,14.4460,6.9541,15.7398,165.0000,0.0010,135.4508,75.3713,9.1507,0.0596,0.1258,0.0464,0.6424,0.0132,0.0728,0.0331,0.0066,118.3680,187.4946,0.0169,14.9220,5.4390,16.1121,0.0054,-0.0000,0.2717,0.2735,0.4977,2.8204,4.7394,7.7408,4.2305,6.5705,4.0448,0.1726,0.1248,0.0708,0.0954,0.2487,0.9980,-12.1179,9.3896,5.9203,14.3749,-0.0258,1.0049,-2.2702,-28.2520,15.5731,-0.0002,0.0002,0.8477,0.0247,5118.7176,25.8615,246.1096,0.3483,0.1930,-27.8563,0.4056,0.7277,-122.9978,58.4123
52.2605,DESCEND,DESCEND,-4.5908,-0.4334,9.3658,14.8007,0.3312,0.6688,9.3970,14.6423,7.3147,17.1106,169.0000,0.0010,134.8695,75.0493,9.3970,0.0584,0.0909,0.0390,0.6429,0.0260,0.0519,0.0649,0.0260,116.1269,182.6871,0.0179,15.4958,5.7116,16.9423,0.0065,0.0000,0.2928,0.3006,0.5013,4.3976,5.2095,7.9910,4.4019,7.1939,4.2529,0.0772,0.1289,0.0576,0.1269,0.5509,1.0014,-14.7848,9.7600,6.2754,15.4289,-0.0343,1.0696,-0.3476,-39.7804,6.7614,0.0000,0.0002,0.7792,0.0267,5134.5734,25.9938,250.4436,0.3530,0.2026,-29.9729,0.3083,0.7273,-118.6317,182.6923
52.3022,DESCEND,DESCEND,-4.1411,-0.1116,9.6236,15.1730,0.3557,0.5973,9.4578,15.4001,7.4164,16.5860,167.0000,0.0010,130.8401,71.9650,9.4578,0.1208,0.0671,0.0604,0.5973,0.0134,0.0738,0.0268,0.0403,117.6214,176.7758,0.0170,15.8802,5.6974,16.8859,0.0069,-0.0000,0.3028,0.3337,0.4972,4.6111,3.7892,7.8761,4.5010,7.5811,4.3422,0.1863,0.1614,0.1797,0.2769,0.4335,1.0002,-14.9381,8.7797,6.8999,16.5369,-0.0258,1.0493,-0.5523,-35.8381,9.2238,0.0000,0.0001,0.7651,0.0257,5150.5930,25.7604,245.0611,0.3606,0.2098,-28.8238,0.4361,0.6430,-107.7582,348.9898
52.3440,DESCEND,DESCEND,-4.0733,-0.0115,10.1446,15.8112,0.3916,0.5874,9.8784,16.3635,8.1281,18.6967,164.0000,0.0009,131.6154,73.1368,9.8784,0.0839,0.0699,0.0490,0.5874,0.0210,0.0559,0.0699,0.0629,122.4129,173.5379,0.0137,17.0169,6.1040,18.7379,0.0103,0.0000,0.3189,0.3263,0.5150,4.6558,3.9251,8.4892,4.6173,8.1488,4.4326,0.0705,0.1197,0.0816,0.1271,0.4346,1.0006,-16.1256,9.1001,7.4346,17.1165,-0.0261,1.0005,-1.4175,-29.1945,11.1087,-0.0002,0.0002,0.7552,0.0260,5194.6791,25.9608,247.2140,0.3685,0.2163,-31.9128,0.3389,0.6558,-89.5202,503.2304
52.3857,DESCEND,DESCEND,-4.8096,-0.0007,20.2275,33.9292,0.3922,0.5980,16.4027,4.2277,17.3882,38.7590,146.0000,0.0008,138.7838,67.8308,16.4027,0.0392,0.1078,0.0294,0.4902,0.0686,0.1569,0.0490,0.0588,126.9876,179.2852,0.0368,36.0488,12.1726,37.6122,0.0212,0.0000,0.6135,0.6576,0.5098,8.5625,5.5504,17.7155,8.5767,16.2612,8.7015,0.3773,0.4351,0.0663,0.1545,-0.0875,1.0050,-0.7100,-1.9944,16.7474,38.0927,0.0394,1.0758,-1.2274,-73.6647,17.4381,-0.0000,0.0003,0.6765,0.0257,5332.9427,26.0717,257.7519,0.3871,0.2240,-31.9475,0.3083,0.6992,-65.7804,608.9774
52.4274,DESCEND,DESCEND,-1.4759,-0.0005,11.5840,18.3201,0.4672,0.5328,11.1104,17.8972,8.8769,20.4120,146.0000,0.0008,132.7259,70.0933,11.1104,0.0328,0.0656,0.0492,0.6066,0.0902,0.0820,0.0246,0.0492,135.2494,173.1228,0.0209,18.7914,6.7655,20.2092,0.0131,0.0000,0.3993,0.4348,0.5169,4.9670,4.5467,10.5966,4.7430,9.9958,4.1361,0.1912,0.4074,0.0594,0.2666,0.3655,1.0024,-18.8697,7.1088,7.8440,18.3826,-0.0144,1.0509,-0.3404,-40.9781,5.8049,0.0000,0.0002,0.8115,0.0251,5427.8715,25.7850,243.2985,0.3997,0.2294,-31.8855,0.3083,0.6752,-38.7213,651.8172
52.4691,DESCEND,DESCEND,-0.2948,-0.0014,11.0482,18.5400,0.4286,0.5714,11.0979,16.9296,8.8416,20.5417,134.0000,0.0008,134.0986,67.1031,11.0979,0.0252,0.0504,0.0336,0.6050,0.0420,0.1345,0.0756,0.0336,144.1910,164.6661,0.0152,18.9321,6.6368,19.9192,0.0139,0.0000,0.4277,0.4638,0.5095,4.9213,4.7502,11.0146,3.9491,9.8918,3.5303,0.0296,0.5373,0.2575,0.0255,0.0015,1.0016,-18.4034,4.8373,8.7753,19.3514,-0.0107,1.0751,0.4871,-44.9890,-0.3693,0.0000,0.0002,0.7647,0.0233,5285.4955,25.6535,253.8749,0.3987,0.2347,-22.8180,0.2972,0.5931,-11.4080,633.4975
52.5108,ASCEND,DESCEND,0.9427,-0.0001,10.4402,18.9760,0.5000,0.5000,10.7963,16.7556,9.0427,20.3492,131.0000,0.0008,137.8086,64.1284,10.7963,0.0182,0.0364,0.0364,0.5727,0.0455,0.1364,0.1091,0.0455,158.9724,155.6448,0.0255,19.3088,6.8116,21.7230,0.0158,0.0000,0.4625,0.4755,0.5138,6.9830,6.1283,11.7124,3.8382,10.0530,2.8707,0.2777,0.4741,0.0905,0.1806,0.0576,1.0027,-19.3444,3.6165,9.4153,19.1880,-0.0059,1.0904,0.8976,-47.1835,-4.2013,0.0001,0.0002,0.8000,0.0239,5441.2564,25.3692,247.1641,0.4165,0.2327,-31.1131,0.2889,0.6580,14.1229,596.9412
52.5525,ASCEND,DESCEND,1.9191,0.0023,10.1381,19.3419,0.5888,0.4112,10.8442,15.8526,8.8464,20.7058,120.0000,0.0007,138.3659,61.4181,10.8442,0.0280,0.0467,0.0748,0.5701,0.0561,0.1776,0.0374,0.0093,164.5724,148.2169,0.0221,19.3175,6.6772,21.3747,0.0142,0.0000,0.4701,0.4698,0.5055,6.4305,6.4187,11.6933,3.1635,10.0693,2.2074,0.2706,0.9651,0.0709,0.4200,-0.2547,1.0030,-18.9167,1.9321,9.7224,20.2268,-0.0097,1.1148,0.0493,-49.0304,-7.0045,-0.0000,0.0003,0.7103,0.0251,5626.0828,25.2867,247.0295,0.4378,0.2300,-30.8946,0.4417,0.4739,38.3869,533.8676
52.5942,ASCEND,DESCEND,3.2771,0.0013,9.4341,18.9163,0.5980,0.4020,9.9393,15.5577,8.8012,19.9143,152.0000,0.0009,144.4182,56.3344,9.9393,0.0196,0.0490,0.0490,0.6078,0.0686,0.1176,0.0588,0.0294,180.1864,144.5363,0.0183,18.7847,6.3695,21.0982,0.0152,0.0000,0.4559,0.4702,0.5229,5.4306,6.3038,11.4128,2.3941,9.7957,1.5738,0.2755,0.9760,0.1279,0.2983,-0.3984,1.0032,-18.1214,0.8369,9.8785,20.0933,0.0001,1.0952,1.5664,-44.1004,-7.6043,0.0001,0.0002,0.8235,0.0223,5831.3783,24.6931,233.2486,0.4522,0.2295,-21.2306,0.2778,0.4971,58.6564,414.2292
52.6359,ASCEND,DESCEND,3.2827,0.1223,8.8317,18.0173,0.6378,0.3622,9.5908,10.0969,8.2043,19.1018,137.0000,0.0008,152.9364,53.2273,9.5908,0.0472,0.0551,0.0709,0.5039,0.0157,0.1575,0.0866,0.0630,190.0755,142.1536,0.0158,17.9502,6.0153,19.0413,0.0155,0.0000,0.4489,0.4935,0.5207,5.7275,6.8522,10.8499,2.1334,8.5499,1.0488,0.1593,0.2571,0.1649,0.2515,-0.3653,1.0022,-17.4608,0.4335,10.2427,19.7516,-0.0063,1.0439,0.3884,-34.6765,-1.1427,0.0000,0.0001,0.7559,0.0220,6014.7382,24.6386,238.0872,0.4766,0.2373,-21.8014,0.2889,0.4847,72.9405,224.5424
52.6776,ASCEND,DESCEND,3.1513,0.0026,8.1912,16.5825,0.6034,0.3966,8.6932,10.7587,7.6809,17.4398,143.0000,0.0008,151.1085,51.2604,8.6932,0.0345,0.0690,0.0603,0.5431,0.0690,0.1207,0.0603,0.0431,185.5076,140.3621,0.0143,16.3466,5.3590,18.1707,0.0137,0.0000,0.3995,0.4351,0.5228,5.2519,6.1977,9.7077,1.8604,7.3658,0.5143,0.2402,0.2242,0.1575,0.2552,-0.4066,1.0048,-16.1600,-0.0778,9.2439,17.9373,-0.0098,1.0661,1.1437,-33.8032,-5.4231,0.0001,0.0002,0.7845,0.0217,6231.1561,24.4453,237.0196,0.4960,0.2324,-20.9475,0.2806,0.4569,77.3870,-51.3881
52.7193,ASCEND,DESCEND,3.0271,0.1410,6.7795,14.6535,0.6694,0.3223,7.4229,7.2792,6.6414,18.1075,140.0000,0.0008,159.5366,52.2882,7.4229,0.0661,0.1074,0.0826,0.4711,0.0248,0.1240,0.0744,0.0496,185.0484,145.7487,0.0049,14.5076,4.6943,17.0313,0.0111,0.0000,0.3405,0.3868,0.5198,5.2435,5.9202,8.1945,1.3867,5.8669,0.2148,0.2995,0.1384,0.1373,0.2663,-0.0851,0.9995,0.6284,-0.1028,7.6001,15.5385,0.0582,1.0352,0.4626,-26.9549,-0.7238,0.0000,0.0001,0.7603,0.0226,6226.4288,24.4503,236.5500,0.4972,0.2436,-20.0952,0.2750,0.4366,68.6539,-266.5178
52.7610,ASCEND,DESCEND,2.4773,0.1022,6.0443,12.9741,0.6190,0.3810,6.2028,3.6880,5.9098,15.4570,137.0000,0.0008,162.1609,55.0889,6.2028,0.0714,0.0635,0.0952,0.4444,0.0476,0.1984,0.0714,0.0079,186.5683,132.0412,0.0043,12.6756,4.1972,15.2820,0.0110,0.0000,0.2943,0.3077,0.5021,4.1202,5.9841,7.1097,1.7716,4.3798,0.0866,0.2588,0.1906,0.1466,0.1827,-0.3816,1.0033,0.9208,-2.7324,6.7344,14.8383,0.0368,1.0248,0.1165,-22.3563,1.5042,0.0000,0.0001,0.7778,0.0205,6433.3950,24.2321,231.7684,0.5053,0.2369,-19.2419,0.2861,0.3742,55.1550,-389.6160
52.8027,ASCEND,DESCEND,1.8427,-0.0001,4.9216,11.1399,0.4876,0.5124,4.9466,2.2849,5.3848,13.0142,137.0000,0.0008,165.5974,56.2038,4.9466,0.0413,0.0579,0.0496,0.4463,0.0496,0.1818,0.1074,0.0661,178.9987,135.3721,0.0021,11.5134,3.7544,13.3804,0.0102,0.0000,0.2333,0.2282,0.5119,3.6654,5.8268,5.4198,1.4630,3.3867,0.0343,0.0129,0.3112,0.0624,0.0200,-0.1256,1.0006,0.3348,-0.8623,5.1706,12.5096,0.0309,1.0344,-0.3589,-19.8051,3.6394,0.0000,0.0001,0.8099,0.0199,6351.4350,24.1241,235.4675,0.4989,0.2533,-18.7334,0.2750,0.4048,36.1534,-520.5200
52.8445,ASCEND,DESCEND,0.5695,-0.0097,4.3208,8.7512,0.4240,0.5760,4.7527,1.4864,5.0123,12.8790,137.0000,0.0008,162.5845,56.5119,4.7527,0.0320,0.0800,0.0640,0.5520,0.0320,0.0880,0.0960,0.0560,170.3784,145.7518,0.0059,10.8470,3.5302,12.9392,0.0072,0.0000,0.1924,0.2005,0.5029,3.2378,5.9390,4.7838,1.9662,2.9495,0.0200,0.0507,0.1132,0.1086,0.2014,-0.0902,0.9994,0.3976,-0.1904,4.8792,11.7058,0.0101,1.0114,-0.4475,-14.7817,7.0904,-0.0000,0.0001,0.8560,0.0206,6497.0786,23.9371,226.9697,0.4969,0.2551,-29.9816,0.4250,0.3002,11.7349,-595.3806
52.8862,DESCEND,DESCEND,-0.6042,-0.0119,4.1102,6.4961,0.3884,0.6116,4.9357,2.8935,4.8957,14.0539,134.0000,0.0008,165.7810,59.6314,4.9357,0.0331,0.1240,0.4711,0.1157,0.0331,0.0826,0.0909,0.0496,166.4221,146.8116,0.0054,10.6778,3.5920,14.2840,0.0021,-0.0000,0.1949,0.2030,0.4987,2.4478,6.0186,4.7307,2.4777,3.1836,0.0266,0.0427,0.1376,0.1306,0.0897,0.0479,0.9985,0.1664,0.6680,4.8256,11.3593,-0.0097,1.0216,-0.6851,-13.8061,9.0839,-0.0000,0.0001,0.8347,0.0222,6357.8371,23.9261,236.5389,0.4825,0.2779,-20.7387,0.3139,0.3671,-13.5113,-593.2903
52.9279,DESCEND,DESCEND,-1.8333,-0.0013,4.6086,4.7090,0.4252,0.5748,5.9720,5.4974,5.1109,12.3831,134.0000,0.0008,159.3421,60.1180,5.9720,0.0315,0.1969,0.5197,0.0787,0.0315,0.0551,0.0472,0.0394,160.1143,157.6029,0.0060,11.4535,3.9723,12.6303,0.0007,-0.0000,0.1990,0.2152,0.4951,2.4193,6.8569,5.4978,2.5509,4.2942,0.0926,0.0941,0.2529,0.1329,0.4057,0.2267,0.9961,-5.8974,10.3271,5.6955,10.8532,-0.0284,0.9881,-1.2161,-7.8839,12.9928,-0.0001,0.0001,0.9528,0.0208,6452.0696,24.1957,230.1339,0.4742,0.2828,-14.7255,0.2639,0.5377,-37.7554,-578.9574
52.9696,DESCEND,DESCEND,-2.5808,-0.0897,4.8342,2.6080,0.2893,0.7107,6.4130,6.7190,5.6839,14.4742,134.0000,0.0008,156.8995,60.7122,6.4130,0.0661,0.1157,0.5124,0.0579,0.0579,0.0579,0.0826,0.0496,154.7527,174.4489,0.0108,12.0768,4.2821,14.2937,0.0042,-0.0000,0.2069,0.2375,0.4952,2.5316,7.4424,6.0139,3.1816,5.0466,0.2489,0.2470,0.1654,0.0557,0.3454,0.1268,0.9984,-0.1330,1.0361,6.1669,12.3956,-0.0437,0.9738,-1.6342,-7.0431,17.6657,-0.0001,0.0001,0.8678,0.0193,6296.0878,24.2753,231.3751,0.4515,0.3062,-16.4222,0.3444,0.3301,-61.8059,-526.6542
53.0113,DESCEND,DESCEND,-3.7758,-0.5723,5.0247,0.1678,0.1864,0.8136,6.4961,7.3631,6.0811,14.6876,130.0000,0.0008,154.7748,64.3514,6.4961,0.0339,0.1356,0.4576,0.0763,0.0508,0.0678,0.1441,0.0339,144.9911,199.8696,0.0091,12.8433,4.6291,15.6981,0.0037,-0.0000,0.2332,0.2708,0.4968,2.9200,8.6860,6.1062,3.3506,6.0550,0.5714,0.1618,0.1802,0.0335,0.0641,-0.0745,0.9983,0.7847,0.2676,6.4699,13.6554,-0.0562,0.9756,-1.4760,-5.0763,16.1851,-0.0001,0.0001,0.9322,0.0202,6165.2652,24.3488,224.5302,0.4273,0.3365,-21.0375,0.3972,0.3250,-81.6871,-436.3216
53.0530,DESCEND,DESCEND,-3.9482,-0.5024,5.4460,1.1132,0.2941,0.7059,7.1576,9.0883,6.2774,17.0135,140.0000,0.0008,154.9295,64.7318,7.1576,0.0336,0.1681,0.5126,0.0336,0.0252,0.0672,0.1008,0.0588,144.8960,208.5554,0.0281,13.3811,4.8951,14.9938,0.0037,-0.0000,0.2468,0.3057,0.4892,3.4707,8.9665,6.8438,3.6843,6.8248,1.0462,0.4432,0.1806,0.1049,0.6191,0.2441,0.9957,-4.6188,13.4695,7.3274,14.5952,-0.0460,1.0186,-1.3354,-10.7419,15.5895,-0.0001,0.0002,0.7479,0.0208,6020.4728,25.0883,234.9718,0.3921,0.3369,-21.8014,0.4278,0.3052,-98.2024,-249.5634
53.0947,DESCEND,DESCEND,-4.5509,-0.5097,5.4996,0.2971,0.2500,0.7500,7.2887,8.4950,6.4132,14.7224,159.0000,0.0009,158.4682,69.2264,7.2887,0.0312,0.1484,0.5625,0.0391,0.0547,0.0625,0.0391,0.0625,140.3535,209.8180,0.0160,13.8009,5.2992,15.1297,0.0070,-0.0000,0.2434,0.2884,0.4942,3.7219,9.6692,7.8248,3.9131,7.7561,1.7844,0.0889,0.2058,0.0428,0.1367,-0.0380,0.9993,0.2726,0.1659,7.2369,14.1827,-0.0708,0.9762,-1.7600,-5.8910,17.8182,-0.0001,0.0001,0.9375,0.0223,6066.6828,25.7160,233.7829,0.3798,0.3503,-14.0362,0.0806,0.3161,-102.5049,34.1307
53.1364,DESCEND,DESCEND,-3.9920,-0.3686,6.0862,3.8146,0.3209,0.6791,8.0386,11.8698,6.5749,20.0646,164.0000,0.0009,152.5560,70.6436,8.0386,0.0299,0.1418,0.5373,0.0373,0.0448,0.0597,0.0672,0.0821,140.3074,200.3605,0.0688,14.0694,5.4182,15.0882,0.0076,-0.0000,0.2630,0.3426,0.4949,2.7667,10.2764,7.8210,4.5177,8.0877,2.2239,0.3564,0.4530,0.1453,0.1071,0.4860,0.9963,-6.2005,14.0352,6.6117,12.9036,-0.0365,0.9717,-1.7402,-7.2411,18.9402,-0.0001,0.0001,0.8657,0.0231,5981.0065,26.1885,226.0514,0.3576,0.3658,-16.2602,0.1417,0.4167,-95.3554,263.3860
53.1781,DESCEND,DESCEND,-4.2968,-2.9806,5.5615,4.3646,0.2026,0.7974,7.9136,12.0473,6.1590,14.4177,168.0000,0.0010,154.8184,70.8394,7.9136,0.0392,0.1046,0.5686,0.0719,0.0261,0.0850,0.0523,0.0523,138.8822,200.2661,0.0267,13.4145,5.3521,14.7126,0.0096,0.0000,0.2509,0.3059,0.5035,3.6101,10.4809,8.3379,3.9025,7.9305,2.8079,0.0360,0.2703,0.0923,0.1256,0.7427,0.9962,-7.2858,13.3893,5.0287,11.1115,-0.0306,0.9637,-2.6702,-9.6713,21.8626,-0.0001,0.0001,0.8562,0.0232,6048.1504,26.5411,217.9325,0.3454,0.3713,-17.7960,0.1889,0.5671,-80.5341,428.8274
53.2198,DESCEND,DESCEND,-3.4917,-0.7673,5.2037,1.6593,0.2980,0.7020,7.5016,11.4877,5.8143,13.6120,174.0000,0.0010,153.4890,71.5568,7.5016,0.0265,0.1060,0.5430,0.2119,0.0265,0.0331,0.0265,0.0265,138.8467,195.7928,0.1494,12.7696,5.1756,14.2007,0.0086,-0.0000,0.2633,0.3284,0.4973,4.2025,10.4839,8.1375,3.9849,7.5529,3.2950,0.2148,0.5947,0.0906,0.3295,0.8397,0.9949,-8.3885,12.3854,4.7444,11.3200,-0.0227,0.9761,-1.5928,-9.7067,15.2476,-0.0001,0.0001,0.8940,0.0242,6238.4356,27.1582,228.9275,0.3359,0.3773,-19.8374,0.2028,0.5599,-59.5840,531.0416
53.2615,DESCEND,DESCEND,-1.9138,-0.1579,5.2401,7.0445,0.4129,0.5871,7.0398,11.1422,5.4715,17.3394,176.0000,0.0010,150.5001,67.9626,7.0398,0.0710,0.0903,0.3742,0.2903,0.0387,0.0645,0.0387,0.0323,140.5993,182.0305,0.2440,12.3076,5.0017,13.5431,0.0121,0.0000,0.2645,0.3323,0.5044,3.9103,10.2762,8.3727,3.5734,7.2741,3.6028,0.3348,0.3239,0.1356,0.3694,0.8272,0.9966,-9.5979,10.4921,4.6678,11.1746,-0.0147,0.9823,-2.0619,-12.3432,13.2517,-0.0001,0.0001,0.9290,0.0246,6416.3433,27.5154,229.3891,0.3323,0.3796,-16.2456,0.1278,0.5243,-36.2364,557.6713
53.3032,DESCEND,DESCEND,-0.7650,0.0002,5.8363,9.8424,0.5096,0.4904,6.8813,10.2791,5.0284,14.2875,225.0000,0.0013,150.6370,66.4690,6.8813,0.0446,0.1083,0.0764,0.5732,0.0191,0.1019,0.0318,0.0446,145.7879,166.2268,0.1996,11.4204,4.6926,12.0914,0.0116,0.0000,0.2785,0.3564,0.5066,3.5145,9.2789,8.4590,3.8238,6.8995,3.4184,0.2229,0.1663,0.2245,0.4783,0.7032,0.9979,-10.3758,7.8563,4.4960,10.8358,-0.0090,0.9844,-1.8074,-13.3203,10.6843,-0.0001,0.0001,0.9172,0.0236,6644.9713,27.5244,225.2090,0.3353,0.3765,-21.8605,0.2250,0.5998,-13.0649,540.5180
53.3450,ASCEND,DESCEND,2.3530,-0.0004,11.3924,22.9934,0.4701,0.5299,11.5707,7.7050,10.9814,25.6465,152.0000,0.0009,155.1297,59.0006,11.5707,0.0513,0.0427,0.0598,0.4786,0.0940,0.1197,0.0855,0.0684,175.8131,158.5172,0.4415,23.4375,9.1851,26.9558,0.0220,-0.0000,0.6354,0.7341,0.4994,9.2488,16.2754,18.2436,6.9400,13.1917,5.8843,0.3869,0.5223,0.1304,0.2950,0.6203,1.0035,-24.1615,8.0505,12.6063,23.5298,0.0029,1.0268,-1.6078,-44.6228,11.1102,-0.0001,0.0001,0.6581,0.0255,6668.7739,27.6002,232.8964,0.3490,0.3727,-23.7638,0.4083,0.4880,8.8518,482.4329
53.3867,ASCEND,DESCEND,2.3738,0.0384,6.2868,13.1087,0.5736,0.4264,7.0803,11.0028,5.7839,14.4068,192.0000,0.0011,156.2277,48.8069,7.0803,0.0388,0.0078,0.0543,0.5969,0.0310,0.1240,0.0775,0.0698,195.6663,149.0625,0.3244,12.8972,5.1292,15.1542,0.0131,0.0000,0.3616,0.4381,0.5093,4.6710,8.8504,10.4152,3.7121,8.3980,3.0683,0.1520,0.5231,0.1850,0.1595,-0.1228,1.0022,-12.4081,1.2409,6.5166,13.0334,0.0022,1.0472,-0.2033,-28.9735,-0.9160,-0.0000,0.0002,0.7674,0.0301,6672.2310,28.5063,284.1422,0.3579,0.3705,-23.0513,0.2389,0.6810,27.1780,398.1046
53.4284,ASCEND,DESCEND,2.1825,0.0010,7.3125,13.6470,0.5782,0.4218,8.3152,11.7696,5.9678,17.5944,184.0000,0.0011,150.4831,52.2912,8.3152,0.0204,0.0408,0.0476,0.6122,0.0748,0.1156,0.0408,0.0476,195.3980,138.9475,0.0612,13.6507,5.4687,14.7088,0.0117,0.0000,0.3562,0.4185,0.5008,4.1834,9.4090,11.0077,3.8150,9.0765,3.1141,0.0938,0.3401,0.0501,0.0352,-0.5238,1.0017,-12.2596,-0.3049,6.3831,15.0583,-0.0037,0.9873,0.1784,-13.1274,1.0089,-0.0000,-0.0000,0.7755,0.0259,6668.3835,27.3986,256.7886,0.3691,0.3616,-23.2592,0.4083,0.4136,42.0604,320.9031
53.4701,ASCEND,DESCEND,2.1345,0.0001,7.3473,13.7469,0.5163,0.4837,7.8532,10.9692,5.9137,15.2636,165.0000,0.0010,150.6112,57.0085,7.8532,0.0392,0.0261,0.0458,0.5686,0.1307,0.1242,0.0392,0.0261,188.1161,130.9566,0.0437,13.6789,5.4539,16.6779,0.0109,0.0000,0.3519,0.3842,0.5128,4.5576,9.0334,10.6003,3.8513,8.5996,3.0312,0.0625,0.2919,0.0571,0.0696,-0.8396,0.9993,-11.3017,-0.8010,6.9340,16.4453,-0.0032,1.0007,1.1019,-16.3541,0.7861,0.0001,-0.0002,0.7516,0.0274,6697.4184,27.3973,275.3213,0.3779,0.3505,8.9938,0.0889,0.4691,53.9467,172.7663
53.5118,ASCEND,DESCEND,1.7223,0.0005,6.9288,13.8690,0.5672,0.4328,7.2107,9.6773,5.9639,15.2179,167.0000,0.0010,151.7321,61.1332,7.2107,0.0224,0.0522,0.0821,0.5746,0.0672,0.1119,0.0299,0.0597,192.8440,127.3166,0.0250,13.8498,5.3947,20.0539,0.0091,0.0000,0.3862,0.4079,0.5107,5.8857,8.4149,10.2737,4.1217,7.8951,2.6303,0.1383,0.2300,0.0504,0.2294,-1.1460,0.9992,-10.7830,-1.0431,8.1711,17.9032,-0.0049,0.9549,0.4257,-8.2597,3.0022,-0.0000,-0.0001,0.7239,0.0261,6641.6852,26.4496,267.2994,0.3785,0.3443,-22.8806,0.4000,0.3944,56.4720,17.5572
53.5535,ASCEND,DESCEND,1.5829,0.1105,6.5989,13.2166,0.6462,0.3538,7.3867,9.5656,5.7788,17.1064,161.0000,0.0009,148.0392,61.6832,7.3867,0.0308,0.1000,0.0692,0.5538,0.0385,0.1077,0.0462,0.0538,192.6421,128.4242,0.0617,13.3051,5.0832,18.1177,0.0082,0.0000,0.3740,0.4210,0.5073,5.3318,8.0705,9.6276,3.3139,7.2303,2.4093,0.1604,0.3086,0.2184,0.4331,-1.2193,0.9964,-9.8969,-0.5567,8.3237,18.2951,-0.0043,0.9832,1.0073,-12.3492,0.9995,0.0000,-0.0000,0.7692,0.0244,6774.6544,26.1558,256.8166,0.3858,0.3300,-22.0113,0.3889,0.3380,55.4112,-52.0513
53.5952,ASCEND,DESCEND,2.1551,0.0222,5.6406,12.4206,0.6293,0.3707,6.7306,8.1503,5.4757,15.9605,142.0000,0.0008,150.3265,63.6806,6.7306,0.0603,0.1034,0.0259,0.5172,0.0345,0.1379,0.0603,0.0603,192.1540,127.7914,0.0370,12.6853,4.6742,17.9838,0.0068,0.0000,0.3813,0.4242,0.5141,5.1706,7.0892,8.4716,3.4604,5.4214,2.0273,0.1335,0.1829,0.1811,0.9067,-1.2881,0.9978,-9.2136,-0.6328,8.8961,18.0529,-0.0018,0.9729,1.9635,-9.9975,0.0857,0.0001,-0.0001,0.7586,0.0196,6555.6154,24.4496,236.4546,0.3781,0.3113,-21.2750,0.3611,0.4042,52.1300,-120.1482
53.6369,ASCEND,DESCEND,1.7111,0.0016,5.4915,11.0286,0.6034,0.3966,6.2503,8.5273,4.8580,12.1243,136.0000,0.0008,146.0073,64.8723,6.2503,0.0603,0.0776,0.0690,0.5431,0.0431,0.1034,0.0690,0.0345,193.1573,125.0628,0.0162,11.0355,4.0515,14.5677,0.0061,0.0000,0.3292,0.3521,0.5044,4.2909,6.1531,7.1028,2.7017,4.7405,1.7092,0.1623,0.0507,0.1082,0.9977,-1.0679,1.0006,-8.8383,-0.5037,7.1598,15.3510,-0.0083,1.0129,0.8413,-16.5714,0.6580,0.0000,0.0000,0.8103,0.0215,6465.2411,24.4874,247.7450,0.3762,0.2959,-18.1038,0.2611,0.3647,45.3889,-99.0628
53.6786,ASCEND,DESCEND,2.3738,0.0218,5.4788,10.7451,0.6396,0.3604,6.2374,8.5423,4.7852,17.8691,139.0000,0.0008,146.0908,63.2310,6.2374,0.0270,0.1081,0.0631,0.6126,0.0360,0.0811,0.0450,0.0270,194.5720,123.1824,0.0372,10.8341,4.0780,20.2737,0.0064,-0.0000,0.3594,0.3868,0.4982,4.9622,6.2356,6.7408,2.6452,4.3236,1.6326,0.2529,0.0423,0.2671,1.5594,-0.9058,0.9996,-8.4140,0.1505,6.3925,14.1228,-0.0017,1.0066,0.0931,-17.2850,1.6770,-0.0001,0.0001,0.8468,0.0205,6380.3950,24.1796,239.9887,0.3758,0.2682,-16.9158,0.2083,0.6759,43.8666,-39.9151
53.7203,ASCEND,DESCEND,1.7664,0.0074,4.9043,9.2839,0.6132,0.3868,5.2816,7.8248,4.1859,10.6662,137.0000,0.0008,144.8691,63.1777,5.2816,0.0377,0.1415,0.0472,0.5660,0.0283,0.1038,0.0283,0.0472,192.1172,120.7847,0.0469,9.4694,3.5303,13.1855,0.0054,0.0000,0.3124,0.3414,0.5053,4.4374,5.8928,5.4564,2.3279,3.7244,1.2456,0.2452,0.0406,0.5233,1.4253,1.9419,0.9969,-10.3079,7.9659,4.3893,14.2167,0.0039,0.9944,0.1672,-11.9431,2.7599,-0.0000,0.0000,0.8679,0.0180,6168.1309,24.0911,234.7956,0.3758,0.2645,-15.9454,0.1500,0.4125,42.0593,-57.9486
53.7620,ASCEND,DESCEND,1.1997,0.0221,5.4310,8.7432,0.5691,0.4309,5.6107,7.9896,4.5272,19.8546,136.0000,0.0008,155.1617,61.0613,5.6107,0.0244,0.0569,0.0569,0.6585,0.0163,0.1138,0.0488,0.0244,202.1949,123.7463,0.0410,9.2403,3.5165,16.1994,0.0039,0.0000,0.3177,0.3215,0.5073,4.2340,6.1221,5.3115,2.3511,3.3473,1.2781,0.2005,0.0609,0.8667,1.1319,-0.3870,0.9939,-7.2090,2.2644,5.1038,11.4456,-0.0013,0.9863,0.0810,-10.0415,3.4469,-0.0000,0.0000,0.8943,0.0174,6240.2379,23.8407,221.9803,0.3835,0.2533,-16.0112,0.1472,0.3988,39.0327,-75.7334
53.8037,ASCEND,DESCEND,2.0266,0.0186,4.3540,9.0033,0.6271,0.3729,5.0575,6.9913,3.9834,10.8837,135.0000,0.0008,161.8336,57.6233,5.0575,0.0339,0.0593,0.0932,0.5847,0.0763,0.0678,0.0339,0.0508,205.6777,122.4394,0.0208,8.8138,3.2888,11.4482,0.0044,-0.0000,0.2636,0.2827,0.4988,3.8740,6.0011,4.7216,2.0826,3.1660,1.0290,0.2308,0.0114,0.4238,1.2615,1.5885,0.9989,-8.7650,5.8890,3.7820,10.8585,0.0116,0.9909,-0.2555,-10.6511,4.8140,-0.0000,0.0000,0.8559,0.0166,5927.6064,23.7290,230.8752,0.3812,0.2407,0.0000,0.8111,0.3633,35.7418,-87.5592
53.8455,ASCEND,DESCEND,1.3097,0.0117,4.5279,7.9401,0.6667,0.3333,4.9024,6.7849,3.9443,10.1866,133.0000,0.0008,161.9861,56.7273,4.9024,0.0325,0.1057,0.0976,0.6016,0.0407,0.0650,0.0569,0.0000,206.6569,124.3118,0.0226,8.8226,3.3581,13.4327,0.0049,0.0000,0.2546,0.2833,0.5072,2.8613,6.1552,4.6142,2.3561,3.3235,1.1484,0.1912,0.0131,0.6067,1.3509,1.7789,0.9978,-9.7500,7.5731,3.7251,10.2359,0.0017,0.9855,-0.4648,-9.4055,5.8002,-0.0000,0.0000,0.8943,0.0159,5883.4101,23.6812,226.6302,0.3802,0.2337,-18.0042,0.3306,0.4206,31.7288,-101.7956
53.8872,ASCEND,DESCEND,0.7709,0.0008,5.1383,8.2071,0.5641,0.4359,5.3300,8.0488,4.3895,12.2276,125.0000,0.0007,158.2052,53.4965,5.3300,0.0171,0.1111,0.0684,0.6154,0.0342,0.0427,0.0769,0.0342,201.9716,134.2805,0.0406,9.3202,3.4951,12.8991,0.0059,0.0000,0.2813,0.3221,0.5064,4.3692,6.3354,4.4646,2.6887,3.6644,1.1521,0.2416,0.0818,0.6824,1.2114,0.1594,0.9985,-8.1708,4.9191,4.3548,9.0237,-0.0124,0.9801,-0.5699,-9.6871,6.7989,-0.0001,0.0000,0.9231,0.0162,5901.2986,23.5362,222.1448,0.3837,0.2266,-17.8189,0.3222,0.3921,27.2504,-133.1905
53.9289,ASCEND,DESCEND,0.7777,0.0013,5.0948,7.9865,0.5351,0.4649,5.3571,7.7508,4.3472,10.5052,123.0000,0.0007,157.1683,51.9167,5.3571,0.0263,0.0439,0.0965,0.5877,0.0439,0.1140,0.0702,0.0175,199.8349,138.2304,0.0414,9.5342,3.5844,12.8238,0.0063,0.0000,0.2671,0.3069,0.5116,3.7472,6.7905,4.3399,2.6672,3.8755,1.3237,0.1309,0.1365,0.7232,0.9305,0.2933,0.9992,-8.4665,5.2668,4.0578,8.7230,-0.0107,0.9813,-0.8756,-11.1010,7.7616,-0.0001,0.0000,0.9386,0.0159,5939.0858,23.7622,219.2380,0.3841,0.2193,-17.9691,0.3278,0.3890,20.6185,-194.1092
53.9706,ASCEND,DESCEND,0.4326,0.0011,5.5232,8.3958,0.5315,0.4685,5.7509,9.2176,4.6571,11.4292,120.0000,0.0007,153.4662,51.8886,5.7509,0.0360,0.1261,0.0541,0.5856,0.0450,0.0631,0.0541,0.0360,190.7001,141.7699,0.0325,9.9278,3.7841,12.8479,0.0057,0.0000,0.2841,0.3028,0.5051,3.8144,7.0582,4.3148,2.9663,4.2134,1.5809,0.1419,0.0382,0.7495,0.9282,1.9579,0.9993,-10.8655,7.8585,3.7735,10.2482,-0.0073,0.9895,-0.5955,-12.5780,7.7936,-0.0000,0.0000,0.9099,0.0161,5937.6761,23.5826,219.9348,0.3808,0.2131,-18.9704,0.3472,0.3384,11.0585,-216.0900
54.0123,ASCEND,DESCEND,0.1767,0.0010,6.1395,9.0452,0.5437,0.4563,6.2907,9.6941,4.9108,13.2178,119.0000,0.0007,146.7003,53.3404,6.2907,0.0194,0.1068,0.0874,0.5922,0.0583,0.0680,0.0485,0.0194,176.3028,145.7195,0.0339,10.4268,3.9594,21.5646,0.0041,-0.0000,0.3213,0.3264,0.4993,8.1006,7.1589,4.3779,3.0536,4.7187,1.6739,0.1376,0.1793,1.2816,0.4945,0.1788,0.9986,-9.0716,5.8407,4.5895,10.2021,-0.0160,0.9865,-0.7844,-13.2497,8.5674,-0.0001,0.0000,0.9223,0.0158,5922.2007,23.3409,214.8216,0.3740,0.2069,-18.2325,0.2722,0.5966,2.5930,-175.3180
54.0540,ASCEND,DESCEND,0.1126,0.0173,6.9700,9.7255,0.6224,0.3776,7.0850,10.6093,5.2061,15.5391,105.0000,0.0006,145.2076,56.0973,7.0850,0.0102,0.1531,0.0612,0.6327,0.0612,0.0306,0.0408,0.0102,169.9789,145.9798,0.0442,11.2098,4.2825,20.1204,0.0043,0.0000,0.3376,0.3564,0.5010,5.0721,7.3712,4.7943,3.2800,5.3968,2.1087,0.2800,0.2699,1.4318,0.3228,0.1492,0.9975,-9.3609,6.6547,4.7764,10.8265,-0.0177,0.9711,-1.2070,-13.8564,11.7861,-0.0001,0.0000,0.9082,0.0157,5860.4094,22.9351,214.9333,0.3636,0.2003,-17.9691,0.2889,0.5186,-3.5660,-267.9887
54.0957,DESCEND,DESCEND,-0.2151,0.0006,6.3346,9.0635,0.5455,0.4545,6.2043,9.9176,5.3517,13.2330,120.0000,0.0007,148.9005,57.3191,6.2043,0.0202,0.1313,0.0707,0.5657,0.0707,0.0505,0.0707,0.0202,167.0877,152.9870,0.0240,11.2960,4.2105,13.7700,0.0051,0.0000,0.2961,0.3174,0.5054,3.8165,6.9264,4.9891,3.1903,5.6604,2.4079,0.2609,0.0896,0.4562,0.1471,0.3056,0.9974,-9.4037,7.6608,5.1224,10.4437,-0.0175,0.9837,-0.5919,-14.7576,11.3506,-0.0000,0.0000,0.8990,0.0171,5777.8362,22.8329,217.7143,0.3554,0.2045,-19.9037,0.3889,0.4112,-19.7618,-321.8143
54.1374,DESCEND,DESCEND,-1.0466,-0.0006,6.1020,8.8031,0.4902,0.5098,6.7586,10.5329,5.2457,13.3537,124.0000,0.0007,144.9785,55.9450,6.7586,0.0490,0.1373,0.0980,0.5686,0.0490,0.0392,0.0588,0.0000,158.0166,164.8675,0.0476,11.4737,4.4110,14.3573,0.0110,-0.0000,0.2975,0.3568,0.4967,4.1170,7.5019,5.7102,3.6678,6.0973,2.5549,0.4630,0.3163,0.2840,0.7167,0.6974,0.9989,-10.1800,9.0000,4.6384,10.5018,-0.0239,1.0037,-0.6837,-15.9775,9.3029,-0.0000,0.0001,0.9314,0.0174,5686.1481,22.8039,215.6031,0.3469,0.2053,-21.0375,0.4194,0.4179,-30.4107,-247.5595
54.1791,DESCEND,DESCEND,-2.3357,-0.0026,5.7136,6.6643,0.4128,0.5872,6.9571,10.5213,5.1630,12.4004,127.0000,0.0007,150.3906,66.1941,6.9571,0.0459,0.0917,0.1193,0.5780,0.0459,0.0275,0.0642,0.0275,134.6682,181.8089,0.0436,11.5388,4.5502,15.3034,0.0123,0.0000,0.3115,0.3753,0.5113,3.6509,7.6777,6.1141,3.7449,6.7380,2.7150,0.6151,0.0959,0.3049,0.2779,0.6619,0.9986,-9.9109,8.9081,4.4476,10.1438,-0.0216,1.0010,-0.8335,-14.0616,10.6940,0.0000,0.0000,0.8807,0.0172,5607.6252,22.4217,207.8591,0.3370,0.2111,-22.0362,0.4417,0.4531,-40.4123,-213.6240
54.2208,DESCEND,DESCEND,-2.1025,-0.0010,6.1995,7.9138,0.3913,0.6000,6.9624,10.1151,5.4962,18.0539,127.0000,0.0007,153.0935,65.5857,6.9624,0.0261,0.1478,0.2174,0.4261,0.0696,0.0609,0.0435,0.0087,135.3289,173.1808,0.0170,11.7498,4.7260,18.0722,0.0088,0.0000,0.3301,0.3553,0.5098,4.3958,7.8320,6.1058,3.6949,7.1128,3.0828,0.3507,0.1226,0.1195,0.1139,0.9156,0.9993,-10.3194,9.6466,4.6190,10.5118,-0.0236,0.9847,-1.7050,-14.9274,13.8036,-0.0001,0.0001,0.7913,0.0167,5550.2434,22.3786,215.2584,0.3236,0.2155,-22.8685,0.4722,0.5318,-48.2305,-158.6585
54.2625,DESCEND,DESCEND,-2.0849,-0.0009,6.1710,8.0424,0.4622,0.5378,6.9202,10.9242,5.3927,17.3614,127.0000,0.0007,153.1645,66.0809,6.9202,0.0504,0.1176,0.2353,0.4622,0.0336,0.0252,0.0504,0.0252,128.8735,172.9082,0.0229,11.5905,4.6227,17.9102,0.0030,-0.0000,0.3642,0.3766,0.4938,4.9948,7.2709,6.2625,4.2600,6.9047,3.1020,0.3689,0.3817,0.1100,0.2447,1.1001,0.9972,-10.5295,9.8793,3.9188,9.8454,-0.0203,0.9857,-1.9852,-15.9148,13.7812,-0.0001,0.0001,0.8235,0.0175,5482.0231,22.3398,215.5160,0.3136,0.2225,-24.9933,0.4944,0.4891,-53.6471,-88.1543
54.3042,DESCEND,DESCEND,-2.1965,-0.0080,5.8421,8.2797,0.3596,0.6404,6.6522,9.5771,5.2679,12.3925,129.0000,0.0007,155.7708,66.4498,6.6522,0.0351,0.1053,0.1053,0.5000,0.0526,0.0789,0.0526,0.0702,129.4717,167.2477,0.0156,11.7384,4.5326,14.7092,0.0034,-0.0000,0.3570,0.4039,0.4953,3.4407,6.8584,6.0249,4.1592,7.1594,2.9179,0.4598,0.2389,0.1297,0.3245,1.1897,1.0005,-11.4896,9.2191,3.8733,9.6563,-0.0233,0.9991,-1.3178,-13.7192,10.4091,0.0000,0.0000,0.8947,0.0174,5439.5351,21.9612,214.9144,0.3050,0.2421,-26.0296,0.4917,0.4785,-55.5840,-0.5990
54.3460,DESCEND,DESCEND,-4.3998,-0.0520,11.2546,17.5059,0.3441,0.6559,11.8658,8.1627,11.2993,26.1132,111.0000,0.0006,152.7378,63.8169,11.8658,0.0538,0.1290,0.0430,0.5269,0.0860,0.0968,0.0645,0.0000,144.3446,163.4564,0.0583,23.6071,8.5321,29.9643,0.0043,-0.0000,0.7222,0.7508,0.4994,8.3050,11.6692,12.1569,7.1368,10.9514,5.6311,0.9845,0.3389,0.1884,0.4079,0.3388,0.9919,0.0839,4.0362,11.1845,23.4050,-0.0782,1.0123,-2.8624,-38.1686,18.3184,-0.0001,0.0001,0.7419,0.0169,5311.6404,21.4717,212.5225,0.2879,0.2510,-28.7398,0.5000,0.4714,-53.6971,91.3920
54.3877,DESCEND,DESCEND,-1.1418,-0.0004,6.1892,10.7226,0.4615,0.5385,6.3484,9.2189,5.8915,12.9996,122.0000,0.0007,147.3500,62.0967,6.3484,0.0577,0.0769,0.0673,0.5192,0.1154,0.0577,0.0481,0.0577,156.7181,157.4700,0.0138,12.3201,4.8086,27.0124,0.0029,0.0000,0.4711,0.5079,0.5092,5.5005,6.2672,7.0571,3.7099,6.1456,2.7801,0.5096,0.0425,0.1244,0.4448,1.0570,0.9998,-13.2508,6.6112,4.5382,10.3438,-0.0058,0.9754,-1.4213,-12.8369,7.7352,-0.0001,0.0000,0.8942,0.0165,5240.6501,20.9810,214.9665,0.2795,0.2561,-22.9214,0.4111,0.6333,-47.9604,203.1970
54.4294,DESCEND,DESCEND,-1.4704,-0.0014,6.2760,10.7011,0.4175,0.5825,6.4270,6.1493,5.9466,15.3074,113.0000,0.0007,143.8958,61.7640,6.4270,0.0485,0.0971,0.0583,0.5049,0.0971,0.1068,0.0485,0.0388,160.6857,155.4571,0.0145,12.5282,4.4444,20.8069,0.0024,0.0000,0.4422,0.4741,0.5096,4.8934,4.2433,7.2583,3.4804,5.1241,2.5406,0.4964,0.1170,0.1071,0.3996,0.1094,0.9972,-0.1767,1.2376,6.1563,12.4705,-0.0047,0.9714,-1.5257,-13.0583,7.5679,-0.0001,0.0000,0.8835,0.0155,5137.9136,20.1081,205.9696,0.2647,0.2635,-34.8860,0.2278,0.4429,-36.7471,269.5381
54.4711,DESCEND,DESCEND,-1.0046,-0.0000,5.8055,11.2429,0.4792,0.5208,5.6181,2.2294,5.8660,14.0487,101.0000,0.0006,146.1539,57.2996,5.6181,0.0417,0.1042,0.0729,0.4792,0.1562,0.0729,0.0312,0.0417,156.5251,161.1338,0.0129,12.4626,4.2106,14.8503,0.0017,0.0000,0.4096,0.4101,0.4987,4.3013,3.3426,7.2942,3.1238,4.2217,2.3913,0.4756,0.1981,0.2884,0.0271,0.0603,1.0019,-1.0000,-0.3479,5.4622,12.9742,-0.0236,0.9691,-0.7430,-11.8053,5.2010,-0.0001,-0.0000,0.8750,0.0160,5306.9445,20.1745,213.1253,0.2726,0.2659,-24.1455,0.2556,0.4237,-25.4764,225.4534
54.5128,DESCEND,DESCEND,-1.0420,-0.0001,5.8271,12.0329,0.4468,0.5426,5.6474,2.3222,6.0068,13.8159,112.0000,0.0006,143.4591,58.0597,5.6474,0.0745,0.1170,0.0957,0.4362,0.0532,0.1277,0.0426,0.0532,153.5230,152.3803,0.0059,12.4130,4.2635,13.6169,0.0011,0.0000,0.3990,0.3540,0.4947,4.8324,3.1690,7.2793,2.3792,4.8670,2.4314,0.2525,0.1187,0.0463,0.2793,0.1178,1.0007,-0.9865,0.0507,5.4811,13.0657,-0.0284,0.9743,-0.5565,-12.6182,4.5599,-0.0001,0.0000,0.8298,0.0154,5170.8754,19.9304,211.8350,0.2608,0.2640,-34.1597,0.5194,0.3384,-17.9405,110.3469
54.5545,DESCEND,DESCEND,-0.4595,-0.0003,5.9178,12.8089,0.4804,0.5196,5.5316,2.3818,5.8531,14.5307,115.0000,0.0007,143.6629,61.4177,5.5316,0.0196,0.1078,0.0784,0.4314,0.0980,0.1176,0.1176,0.0294,159.3424,154.3648,0.0080,12.1266,4.0768,15.1062,0.0008,0.0000,0.3763,0.3578,0.5040,4.2805,3.2316,6.9057,1.9086,4.5103,2.1472,0.2868,0.1070,0.2118,0.1511,-0.0234,1.0006,-0.2391,-0.4113,5.5558,13.0618,0.0176,0.9852,-0.6599,-15.9701,5.6748,-0.0001,0.0000,0.8627,0.0151,5014.6007,19.9584,214.7135,0.2424,0.2726,0.0000,0.8111,0.3667,-16.2717,-45.6460
54.5962,DESCEND,DESCEND,-0.4792,0.0002,5.0689,10.1672,0.5258,0.4536,4.6448,1.6097,5.3649,13.5519,109.0000,0.0006,147.9283,58.5613,4.6448,0.0825,0.0722,0.0412,0.4124,0.1856,0.0825,0.0515,0.0722,150.8955,168.2002,0.0042,11.7689,3.9582,17.1337,0.0006,-0.0000,0.3398,0.3374,0.4925,4.2664,3.2100,6.8021,1.8022,4.3145,1.9693,0.0014,0.2478,0.1384,0.0893,0.0249,1.0015,-0.6636,-0.4280,4.5983,12.7933,0.0472,0.9908,-1.0166,-12.4035,5.9435,-0.0001,0.0001,0.8660,0.0165,5146.1751,19.9239,210.3073,0.2447,0.2704,0.0000,0.8111,0.3633,-21.7481,-222.4416
54.6379,DESCEND,DESCEND,-0.7610,0.0001,5.4799,9.4067,0.5392,0.4314,4.9672,0.9188,5.4086,16.4470,111.0000,0.0006,150.9117,56.2866,4.9672,0.0784,0.0588,0.1176,0.5000,0.0588,0.0392,0.0882,0.0588,165.2487,159.5743,0.0043,11.0703,3.8719,13.8454,0.0019,0.0000,0.3011,0.3293,0.5072,3.8345,3.9491,6.8348,2.0818,4.1690,1.6273,0.0248,0.3718,0.0920,0.0453,0.0203,1.0006,-0.3063,0.0325,4.9456,12.1341,-0.0077,0.9748,-0.3038,-9.7710,8.4599,-0.0000,-0.0000,0.8725,0.0165,5191.0359,20.3842,215.5977,0.2440,0.2707,0.0000,0.8111,0.3633,-34.8270,-505.7287
54.6796,DESCEND,DESCEND,-1.0787,-0.0007,5.4140,9.5245,0.3178,0.6262,5.4733,5.2824,5.1129,12.8334,115.0000,0.0007,150.6625,55.6906,5.4733,0.0935,0.1121,0.4953,0.0561,0.0467,0.0748,0.0935,0.0280,168.2011,164.0544,0.0053,11.1492,3.9800,12.9072,0.0014,0.0000,0.2605,0.2840,0.5017,3.4992,4.1314,6.7206,2.5559,4.6863,1.9323,0.1013,0.0510,0.1073,0.4838,-0.0822,0.9952,1.5325,1.4635,5.3283,11.4696,-0.0033,0.9856,-0.4843,-10.7493,11.9498,-0.0000,0.0000,0.8972,0.0170,4990.1888,20.4591,217.0896,0.2259,0.2759,0.0000,0.8111,0.3633,-63.9343,-600.8803
54.7213,DESCEND,DESCEND,-3.0893,-0.0207,4.9329,2.6870,0.3048,0.6952,5.6938,5.4418,5.3306,13.4384,120.0000,0.0007,144.8791,54.6678,5.6938,0.0476,0.1429,0.5238,0.0571,0.0952,0.0667,0.0190,0.0476,159.0160,193.5672,0.0096,11.7072,4.2077,13.2347,0.0016,0.0000,0.2540,0.3044,0.5018,3.3254,4.7817,7.1432,2.9576,5.1757,2.2263,0.1891,0.3137,0.1354,0.1005,-0.0367,0.9995,0.2315,0.0136,5.7054,12.7401,-0.0484,0.9758,-0.8175,-6.5523,16.1746,-0.0000,0.0000,0.8762,0.0173,4931.1581,21.2732,222.7366,0.2171,0.2817,0.0000,0.8111,0.3633,-84.9504,-518.1522
54.7630,DESCEND,DESCEND,-4.7657,-1.3438,5.5623,0.1821,0.2385,0.7615,6.7722,8.5696,6.1519,14.8751,127.0000,0.0007,144.7827,61.6818,6.7722,0.0642,0.2202,0.4404,0.0459,0.0734,0.0642,0.0367,0.0550,159.0878,228.3137,0.0244,13.8410,5.1267,15.2847,0.0008,0.0000,0.3190,0.3512,0.5026,4.2071,6.6892,8.6837,3.9895,6.5222,3.2562,0.1303,0.6282,0.1526,0.0267,0.0380,1.0003,-0.2415,0.1060,6.7675,14.4591,-0.0696,0.9643,-0.0954,-0.5704,16.2992,-0.0000,-0.0000,0.7982,0.0174,4957.3955,21.6229,215.9768,0.2224,0.3355,-34.8907,0.3056,0.6177,-107.1569,-571.8734
54.8047,DESCEND,DESCEND,-7.0339,-6.5286,6.8249,0.1194,0.2091,0.7909,9.1759,12.3820,7.1759,17.1038,136.0000,0.0008,143.0841,69.3241,9.1759,0.0545,0.3455,0.3909,0.0091,0.0636,0.0273,0.0364,0.0727,166.5380,253.9563,0.1127,15.9516,6.1384,17.4172,-0.0005,-0.0000,0.3921,0.4487,0.4868,4.8504,9.5171,9.7787,5.5109,7.9032,5.3510,0.1131,1.1211,0.1992,0.0930,-0.5732,0.9951,1.4242,14.4736,7.6851,16.4659,-0.1036,0.9146,-2.6825,7.1103,33.5345,-0.0001,-0.0000,0.7455,0.0186,4936.6590,23.0631,222.4825,0.2317,0.3259,-23.7495,0.3889,0.5463,-132.6542,-664.6952
54.8465,DESCEND,DESCEND,-7.8742,-9.1873,8.4100,0.4938,0.2381,0.7619,10.0847,13.5496,8.1652,28.8188,162.0000,0.0009,145.3647,79.6017,10.0847,0.1048,0.3333,0.3524,0.0476,0.0381,0.0286,0.0286,0.0667,179.5949,274.8203,0.5264,17.8496,7.0299,19.3318,-0.0025,-0.0000,0.4565,0.5832,0.4851,6.1051,12.0591,10.7376,7.3263,9.0254,8.3457,0.5922,1.8515,0.2203,0.5394,-0.4102,0.9918,1.9805,16.9008,8.7195,16.9829,-0.1299,0.9708,-2.1569,-1.8516,30.3434,-0.0001,0.0002,0.7810,0.0237,5060.5616,25.5517,223.3480,0.2497,0.2973,-25.0169,0.4861,0.7173,-162.6035,-638.8093
54.8882,DESCEND,DESCEND,-8.2259,-9.6294,10.3909,0.6929,0.1869,0.8131,11.7243,14.7029,9.8889,65.6630,217.0000,0.0013,156.0815,85.6845,11.7243,0.0748,0.2991,0.4206,0.0280,0.0374,0.0374,0.0374,0.0654,187.2188,276.6246,2.3772,19.1342,7.8232,29.7835,-0.0019,-0.0000,0.4741,0.5903,0.4848,6.2088,14.9269,13.1096,8.9404,10.5903,11.4757,1.5413,2.9039,0.4688,0.2170,-0.4791,0.9935,1.2438,17.6624,9.6177,19.1013,-0.1269,0.9267,-3.8618,2.3889,40.3737,-0.0001,0.0001,0.7103,0.0356,5281.3012,30.1487,246.7504,0.2329,0.3019,-33.8401,0.3611,0.7063,-185.9415,-406.4536
54.9299,DESCEND,DESCEND,-8.0950,-3.0919,8.9712,1.5653,0.3034,0.6966,10.4160,13.1478,8.7382,21.5998,235.0000,0.0014,149.7193,85.4535,10.4160,0.0787,0.1685,0.5730,0.0562,0.0449,0.0225,0.0112,0.0449,193.8500,278.2075,6.3255,20.0995,8.6018,40.1959,-0.0008,-0.0000,0.4765,0.5781,0.4865,7.7143,16.9301,16.3716,10.8158,12.1077,14.2844,2.6892,3.6742,0.8433,0.2435,-0.1815,1.0028,0.3564,-1.3515,10.6887,20.9678,-0.0967,0.9425,-0.2836,1.5450,24.4451,-0.0000,-0.0000,0.7303,0.0443,5606.4736,35.0194,260.2679,0.2113,0.3730,-35.9097,0.4000,0.7161,-196.5085,-154.6672
54.9716,DESCEND,DESCEND,-6.3135,-0.2952,9.2036,1.8181,0.3500,0.6500,9.3793,5.8256,9.4824,30.2353,391.0000,0.0023,131.6028,84.3771,9.3793,0.1250,0.1125,0.4750,0.0625,0.0500,0.0625,0.0375,0.0750,197.8818,281.5392,10.3935,21.0985,8.9843,31.0252,0.0031,-0.0000,0.4533,0.5314,0.4942,8.5028,17.4048,19.1758,11.8749,13.7827,16.8712,4.4304,4.0684,1.3174,0.2549,-0.1889,1.0029,0.3868,-1.4678,9.6506,22.2242,-0.0918,0.9342,-0.8591,-0.9726,28.9447,-0.0000,-0.0001,0.6750,0.0579,5674.1711,41.3701,306.7224,0.2098,0.4522,-7.8712,0.2500,0.7302,-198.8434,128.4358
55.0133,DESCEND,DESCEND,-8.2313,-6.2143,9.0426,2.0695,0.2404,0.7596,11.8273,17.2365,9.4090,26.9998,435.0000,0.0025,141.4610,73.9497,11.8273,0.0865,0.0481,0.6154,0.0385,0.0288,0.0769,0.0673,0.0385,193.4114,270.0381,13.9124,21.3074,9.0974,22.5713,0.0013,-0.0000,0.3984,0.4075,0.4813,7.9551,15.7627,20.3056,12.4370,15.0492,18.9878,5.9772,4.3000,2.0659,0.1254,-0.3064,0.9946,-4.8957,18.5545,10.1783,20.9786,-0.1380,0.9376,-0.5755,-6.1425,29.6067,-0.0000,-0.0000,0.7308,0.0731,5768.4450,47.7479,345.9745,0.1998,0.4286,-9.0801,0.2972,0.7393,-185.7948,169.8471
55.0550,DESCEND,DESCEND,-9.5025,-7.2782,9.6043,2.0177,0.2100,0.7900,14.6974,19.2642,8.4566,41.6956,476.0000,0.0028,150.1570,66.5662,14.6974,0.0365,0.0502,0.7534,0.0502,0.0183,0.0365,0.0411,0.0137,185.2687,252.5903,13.9305,21.5869,9.1187,29.1225,0.0034,-0.0000,0.3737,0.4239,0.4870,7.0833,14.4386,20.3306,13.1104,16.4748,20.5752,7.6701,3.2322,3.2301,0.2364,-1.1032,0.9932,-5.7285,14.1331,7.3159,23.8947,-0.0642,0.9882,0.9456,-3.2255,13.5606,0.0000,-0.0001,0.6849,0.0968,5634.9194,57.5559,427.9881,0.1859,0.4052,-19.8954,0.3611,0.7444,-184.6753,199.5515
55.0967,DESCEND,DESCEND,-8.4829,-5.1869,11.2053,6.9671,0.2366,0.7634,15.3149,19.2682,8.4688,24.0326,496.0000,0.0029,148.6542,65.2180,15.3149,0.0496,0.0420,0.7443,0.0611,0.0229,0.0229,0.0305,0.0267,176.2009,235.8209,11.2852,22.6228,9.4669,25.7906,0.0118,-0.0000,0.3697,0.4872,0.4977,8.3058,13.5479,20.3983,12.6472,12.6683,22.0853,9.1597,2.4015,4.2904,0.5532,-0.9731,0.9938,-9.9557,13.0786,7.1117,24.8254,-0.0245,0.9913,1.1367,-5.5997,10.7350,0.0000,-0.0001,0.7366,0.1188,5749.1369,65.1814,527.7648,0.1780,0.3730,7.8793,0.3250,0.7538,-169.1489,220.6010
55.1384,DESCEND,DESCEND,-5.3773,-1.0518,13.3063,19.5803,0.4263,0.5737,16.0866,20.5456,9.0062,25.9391,500.0000,0.0029,133.8628,61.0435,16.0866,0.0385,0.0160,0.1058,0.7244,0.0256,0.0321,0.0224,0.0353,178.8227,212.7803,9.6395,23.8339,9.9949,27.1927,0.0139,-0.0000,0.3864,0.5359,0.4810,5.7180,13.3472,20.8568,9.8423,13.1690,23.1177,10.5645,2.5743,4.6443,0.4792,-0.9403,0.9954,-13.9823,11.0351,7.3405,25.7901,-0.0174,0.9953,1.0451,-9.5227,9.1203,0.0000,-0.0000,0.7308,0.1271,5833.7592,68.9702,539.4594,0.1811,0.3446,2.8240,0.2861,0.7442,-166.2735,199.6000
55.1801,DESCEND,DESCEND,-4.0865,-0.1515,14.8217,23.9093,0.4345,0.5655,17.1693,21.9386,9.8469,32.9147,500.0000,0.0029,131.1337,60.7160,17.1693,0.0417,0.0208,0.0119,0.7560,0.0357,0.0565,0.0625,0.0149,165.3003,203.1848,10.2773,26.0121,10.8672,38.3782,0.0209,-0.0000,0.4127,0.5461,0.4993,6.6946,13.7912,22.0401,11.6248,15.6587,25.0619,11.3262,3.0387,4.5973,0.1266,-1.6720,0.9972,-15.8699,6.3798,9.0291,29.9921,-0.0114,0.9962,0.8229,-14.3117,8.4274,0.0000,-0.0000,0.6964,0.1278,6026.8606,69.9647,535.5880,0.1829,0.3195,-3.8482,0.3472,0.7450,-152.4989,133.6608
55.2218,DESCEND,DESCEND,-5.3502,-0.4578,15.8550,23.1852,0.4159,0.5841,18.4064,23.1967,10.7477,29.3563,500.0000,0.0029,132.6736,60.5760,18.4064,0.0127,0.0127,0.0222,0.7048,0.0698,0.0857,0.0603,0.0317,160.4177,192.3603,9.1054,28.3400,11.7527,29.6199,0.0336,-0.0000,0.4335,0.5667,0.4959,6.8039,15.1742,23.8173,15.4008,14.5228,27.4959,11.3694,2.0376,5.4901,0.1051,-1.2163,0.9963,-20.5593,5.5584,9.8865,30.5537,-0.0188,0.9979,1.2526,-16.6548,4.5597,0.0000,-0.0000,0.6825,0.1276,6335.4674,70.3303,543.6028,0.1989,0.3068,-17.0457,0.4194,0.7391,-155.1239,291.3058
55.2635,DESCEND,DESCEND,-5.0559,-0.3119,16.5217,24.6674,0.4448,0.5552,19.5559,25.0600,11.6636,31.8929,482.0000,0.0028,133.6480,61.8320,19.5559,0.0138,0.0379,0.0379,0.6759,0.0690,0.0621,0.0828,0.0207,154.8890,181.2166,12.4710,30.7694,12.8079,33.0494,0.0417,0.0000,0.5035,0.6076,0.5064,7.6960,17.2199,25.8888,15.7319,18.1170,29.8095,10.6815,3.2527,6.3679,0.0898,-1.3084,0.9972,-23.6535,3.4727,11.6254,33.2682,-0.0053,0.9987,1.4219,-19.1307,2.0264,0.0000,-0.0000,0.6552,0.1236,6702.4200,69.1279,567.7697,0.2138,0.2912,-12.9753,0.3778,0.7423,-128.1992,712.6274
55.3052,DESCEND,DESCEND,-8.4948,-0.0275,29.3251,35.2420,0.4113,0.5887,28.5517,12.9864,26.8398,68.0372,426.0000,0.0025,141.8724,50.5934,28.5517,0.0323,0.0323,0.0484,0.5081,0.0968,0.1613,0.0726,0.0484,148.5132,174.9760,10.2588,47.0660,16.1659,61.8580,0.0602,0.0003,0.6842,0.8568,0.5687,13.4312,17.3844,40.4148,21.4446,11.6510,30.8207,9.2827,2.9603,8.7135,0.1717,0.1274,0.9989,-0.6029,0.5542,28.3192,65.2866,-0.0966,1.0123,3.6807,-44.9362,-0.6405,0.0001,-0.0001,0.4113,0.1076,7033.3701,62.9414,533.7371,0.2621,0.2949,-27.0356,0.4361,0.7260,-95.6789,772.3316
55.3470,DESCEND,DESCEND,-1.7776,-0.0500,17.5043,30.3118,0.4502,0.5498,18.8489,26.3118,13.9683,35.1419,414.0000,0.0024,126.4446,57.0349,18.8489,0.0142,0.0142,0.0521,0.6351,0.1043,0.0711,0.0758,0.0332,149.3164,168.0816,4.0688,34.1567,14.1675,35.2099,0.0347,0.0000,0.4552,0.5818,0.5174,8.8980,17.4136,29.3613,10.1195,16.8525,29.8823,3.9692,5.4022,3.9496,0.1240,-2.0050,0.9883,-23.6860,1.7152,15.6675,38.6433,-0.0377,1.0003,1.6253,-23.1054,1.0850,0.0000,-0.0000,0.5450,0.0993,6887.4530,59.3051,485.9941,0.2870,0.2635,-8.9048,0.2778,0.7322,-63.7739,590.4030
55.3887,DESCEND,DESCEND,-5.6084,-0.3026,18.3291,29.8488,0.3720,0.6280,19.4675,28.0087,14.6478,64.2628,405.0000,0.0023,129.4657,62.1687,19.4675,0.0290,0.0628,0.1063,0.5894,0.0821,0.0773,0.0483,0.0048,152.2828,161.4979,2.9468,33.8887,13.9949,34.8278,0.0309,0.0000,0.4359,0.5035,0.5108,7.8397,16.6446,27.6148,10.9526,18.3342,27.3729,2.3689,3.6562,2.0500,0.1282,-0.9499,0.9976,-28.1757,6.1819,15.5272,35.4678,-0.0564,0.9984,0.9092,-23.3496,3.2911,-0.0000,0.0000,0.5411,0.0927,6890.5378,55.7289,440.2948,0.3079,0.2521,-18.9317,0.3472,0.7295,-46.4295,150.1938
55.4304,DESCEND,DESCEND,0.2000,-0.0979,14.2165,29.2580,0.4126,0.5874,15.9863,9.2729,13.8005,34.6645,352.0000,0.0020,124.7516,67.8580,15.9863,0.0140,0.0559,0.1049,0.4615,0.1189,0.1189,0.1049,0.0210,148.5475,163.2132,2.6192,33.3231,13.4981,34.3942,0.0248,0.0000,0.4403,0.5235,0.5239,8.6462,19.1807,24.4749,10.3466,17.6074,23.9865,1.1971,3.3672,1.3912,0.1344,-1.3119,0.9993,-26.7754,6.9805,20.2161,37.1877,-0.0566,0.9863,-2.9093,-21.5314,8.6739,-0.0003,0.0002,0.4126,0.0840,6430.0385,51.6197,424.8662,0.3210,0.2436,-27.0309,0.4000,0.7335,-51.2452,-56.2872
55.4721,DESCEND,DESCEND,-2.6291,-0.0009,18.6770,27.6898,0.4702,0.5298,18.8458,27.6214,14.4201,33.3679,348.0000,0.0020,129.2784,67.9067,18.8458,0.0238,0.0714,0.0417,0.5893,0.0774,0.0952,0.0714,0.0298,153.4482,163.2460,0.9369,32.6116,13.1859,33.7581,0.0202,-0.0000,0.4671,0.5341,0.4950,7.0798,21.7643,22.1529,8.4987,16.6709,20.8696,0.6305,1.7510,0.9002,0.1051,0.0300,0.9988,-29.3785,12.6632,15.1883,33.2347,-0.0339,1.0006,-0.2739,-25.4988,9.2582,-0.0001,0.0001,0.5238,0.0793,6476.7295,49.0884,397.8092,0.3326,0.2277,-27.9651,0.3861,0.7322,-51.1248,143.6246
55.5138,DESCEND,DESCEND,7.4294,0.0715,13.5696,32.0017,0.5859,0.4141,13.6686,9.6729,13.9781,33.5710,314.0000,0.0018,126.8702,58.7363,13.6686,0.0606,0.1212,0.0909,0.3737,0.1111,0.0808,0.1111,0.0505,155.6060,169.4925,0.7592,32.9561,13.4589,34.2986,0.0187,0.0000,0.4727,0.5179,0.5082,8.3566,24.3814,20.5412,7.0886,20.7839,18.2258,0.4968,2.2265,0.5919,0.1409,0.1564,0.9992,-0.6520,0.6930,13.4895,32.8826,0.3170,0.9443,-4.6623,-6.1969,4.9737,-0.0002,-0.0000,0.4848,0.0695,5768.2228,44.8262,387.3254,0.3418,0.2181,-37.0267,0.4111,0.7307,-39.2645,281.9514
55.5555,DESCEND,DESCEND,-1.3891,-0.1202,20.2914,33.0501,0.3750,0.6250,16.2962,9.4427,15.0904,34.5215,267.0000,0.0015,129.2666,58.6087,16.2962,0.0391,0.0547,0.1016,0.5391,0.1016,0.0938,0.0703,0.0000,147.4284,175.4329,0.3901,34.0155,14.0890,34.9591,0.0138,-0.0000,0.5073,0.5308,0.4962,6.7868,27.2738,18.2002,6.4815,24.9589,16.1316,0.0950,2.5319,0.3130,0.1108,0.1300,0.9975,-0.2659,1.1337,15.9708,33.8348,0.0522,1.0556,-3.0104,-73.5998,24.5316,-0.0002,0.0004,0.4922,0.0616,5481.2127,41.3661,363.3079,0.3520,0.2013,-33.9099,0.3528,0.7230,-27.6053,326.2026
55.5972,DESCEND,DESCEND,-2.0291,-0.0423,19.2942,33.2287,0.3333,0.6667,14.0981,4.5891,15.6318,35.9715,244.0000,0.0014,123.7693,60.1362,14.0981,0.0476,0.0119,0.1190,0.4048,0.1429,0.1190,0.0833,0.0714,143.1459,188.4144,0.3323,34.8763,11.6701,37.2295,0.0121,0.0000,0.5480,0.7192,0.5047,9.0338,14.9429,16.7271,6.1813,15.9520,13.9315,0.3232,1.7343,0.3439,0.0820,-0.1035,0.9987,0.8069,-0.1639,14.2750,35.7462,-0.1126,0.9507,-1.5791,-2.0841,8.4695,-0.0001,-0.0000,0.5833,0.0523,5029.0504,36.3109,329.2251,0.3380,0.1980,-33.9813,0.3389,0.7276,-12.0538,193.8456
55.6389,DESCEND,DESCEND,-5.7075,-0.1067,17.4403,30.8150,0.3495,0.6505,17.0487,10.6111,15.8449,36.5721,208.0000,0.0012,117.5042,63.1142,17.0487,0.0291,0.0485,0.0485,0.4660,0.1262,0.1553,0.0874,0.0388,141.1730,189.9475,0.1499,35.2879,11.6556,36.6712,0.0255,0.0000,0.6324,0.8015,0.5158,9.1961,13.2838,16.3336,6.9890,17.9108,11.7425,0.1036,2.1508,0.1963,0.1016,1.1303,1.0044,-36.1501,17.7342,20.2203,40.0405,-0.0791,1.2969,1.1294,-132.2253,-6.5669,0.0002,0.0007,0.5728,0.0407,4716.9977,31.8871,300.8179,0.3370,0.2151,-35.0783,0.3528,0.7250,-11.4354,141.7620
55.6806,DESCEND,DESCEND,-5.5821,-0.0115,19.3405,32.0016,0.4128,0.5872,19.8649,25.4407,16.9134,39.0668,188.0000,0.0011,115.7362,67.2332,19.8649,0.0642,0.0183,0.0367,0.5505,0.1101,0.1101,0.0734,0.0367,126.1634,194.8672,0.0618,35.9709,11.8551,38.8966,0.0220,0.0000,0.6533,0.7838,0.5091,9.9800,13.5647,15.3924,5.1918,18.1631,9.1171,0.1995,2.6865,0.2589,0.0419,0.7484,1.0075,-37.5033,13.6619,19.2255,43.0610,-0.0611,1.1633,0.5445,-95.4245,1.2516,0.0000,0.0005,0.5780,0.0332,4698.3606,27.8498,274.4820,0.3529,0.2068,-34.0019,0.3222,0.6795,-0.2285,188.0438
55.7223,ASCEND,DESCEND,1.9227,0.0007,17.8888,35.7130,0.5000,0.5000,18.8806,18.3970,17.4362,41.9927,154.0000,0.0009,121.5862,70.7705,18.8806,0.0510,0.0510,0.0510,0.5306,0.0714,0.1429,0.1020,0.0000,137.1656,192.7422,0.0443,36.4493,11.6083,42.8167,0.0210,-0.0000,0.7172,0.7341,0.4903,14.2373,11.3027,15.0397,2.9769,21.6332,5.4849,0.1462,1.9468,0.2373,0.0186,0.6859,1.0035,-37.4375,12.0791,19.1167,37.1729,-0.0004,1.2775,2.1021,-117.9311,-14.8757,0.0002,0.0007,0.6327,0.0270,4715.5840,25.1413,259.5034,0.3658,0.2102,-31.9756,0.3000,0.6798,4.2506,278.4525
55.7640,ASCEND,DESCEND,4.3716,-0.0011,14.0917,34.9450,0.4400,0.5600,14.3160,0.4910,16.9569,41.6753,107.0000,0.0006,131.9508,59.8999,14.3160,0.0800,0.0400,0.0667,0.4000,0.0933,0.1733,0.1200,0.0267,151.8342,188.9122,0.0171,33.6678,9.8781,38.0725,0.0101,0.0000,0.6007,0.6482,0.5074,9.9077,8.5076,15.7058,0.7862,15.9678,2.6099,0.0296,1.5439,0.1873,0.0408,0.0066,0.9997,0.0746,0.0858,14.3392,37.1423,0.1491,1.3039,3.1349,-117.2172,-19.8777,0.0003,0.0006,0.7067,0.0229,4748.5879,23.1754,253.0538,0.3849,0.2265,-31.9128,0.2889,0.6558,22.9991,353.5037
55.8057,ASCEND,DESCEND,3.3315,0.0014,11.0499,31.0393,0.6212,0.3788,11.7741,0.1811,15.5939,36.1306,100.0000,0.0006,135.9599,48.0418,11.7741,0.0606,0.0758,0.0909,0.3030,0.1061,0.2121,0.1364,0.0152,164.0857,196.0693,0.0118,29.9047,8.7692,35.9548,0.0052,0.0000,0.5405,0.4856,0.5107,9.6820,5.2957,13.5449,0.2910,13.5285,0.7400,0.1686,1.2671,0.1540,0.2499,-0.0048,0.9999,0.0630,-0.0156,11.7972,35.6027,0.0797,1.3106,4.1422,-111.2167,-22.1088,0.0004,0.0006,0.7727,0.0207,4830.1467,22.1290,249.7878,0.4062,0.2203,-30.0865,0.2028,0.4854,33.7387,563.6063
55.8475,ASCEND,DESCEND,3.6260,-0.0004,9.5409,30.3085,0.4615,0.5385,10.8915,0.1390,15.1123,34.0841,109.0000,0.0006,141.9381,42.7724,10.8915,0.0769,0.1077,0.0154,0.3692,0.0769,0.1385,0.1538,0.0615,172.9103,187.5405,0.0069,30.2145,8.5478,34.7256,0.0057,-0.0000,0.5071,0.4240,0.4986,9.4373,9.4728,11.1472,0.2255,11.8349,0.0474,0.1120,0.7110,0.1313,0.3036,-0.0173,0.9999,0.1229,-0.0609,10.9230,33.8992,0.0682,1.1985,0.4503,-76.2291,-5.7651,0.0000,0.0006,0.7846,0.0195,4896.1076,21.4994,243.7670,0.5061,0.2530,-33.1402,0.3083,0.4817,70.0133,675.0285
55.8892,ASCEND,DESCEND,2.4753,0.0015,5.4178,12.9469,0.6500,0.3500,8.5082,0.0114,12.8286,33.7228,113.0000,0.0007,148.7453,37.3199,8.5082,0.0667,0.0667,0.1167,0.2333,0.1167,0.1500,0.1500,0.1000,176.6370,183.0995,0.0039,29.0464,8.3448,32.2768,0.0137,0.0000,0.5153,0.3679,0.5035,7.7872,11.8971,9.2888,0.1801,9.3125,0.0016,0.1375,0.5176,0.2227,0.2610,0.0241,1.0012,-0.3763,-0.2357,8.5168,31.2760,0.0358,1.2129,1.2150,-75.5892,-9.4509,0.0001,0.0006,0.8000,0.0203,5347.5969,21.9105,247.9144,0.5975,0.2004,-37.0304,0.2444,0.4760,90.0473,385.3452
55.9309,ASCEND,DESCEND,3.3362,0.0019,6.7395,18.1500,0.6522,0.3478,10.5179,0.5972,13.0400,31.4634,87.0000,0.0005,151.6529,33.6145,10.5179,0.1014,0.1304,0.0870,0.3478,0.1159,0.0870,0.0870,0.0435,180.6899,168.3629,0.0039,27.0181,7.6454,31.5396,0.0178,-0.0000,0.4508,0.3262,0.4887,8.7990,13.8955,7.4119,0.2934,5.6341,0.0016,0.1810,0.6770,0.2484,0.1018,-0.0657,1.0016,0.0027,-0.6902,10.6231,30.0788,0.0509,1.0366,1.8579,-43.4757,1.0401,0.0001,0.0001,0.8406,0.0201,5662.3576,22.4155,247.2063,0.6249,0.1701,-29.6907,0.2528,0.4374,102.1575,-15.2620
55.9726,ASCEND,DESCEND,5.0432,0.0358,8.5269,21.7682,0.7342,0.2658,12.3952,2.4036,12.8750,27.8698,105.0000,0.0006,154.2372,31.9068,12.3952,0.1139,0.0759,0.0759,0.4810,0.0506,0.0886,0.0380,0.0759,178.0487,159.4271,0.0030,25.9135,7.4232,33.8260,0.0181,0.0000,0.4176,0.2509,0.5174,7.5754,15.4883,5.7412,0.1317,3.5969,0.0015,0.0826,0.1160,0.1143,0.1727,-0.0499,1.0016,-0.0345,-0.6870,12.5068,27.1371,0.0738,1.0756,1.0631,-45.7519,0.7399,0.0001,0.0002,0.9241,0.0205,5779.6581,22.3751,242.6365,0.6109,0.1651,-27.9921,0.2361,0.4190,88.7742,-486.0001
56.0143,ASCEND,DESCEND,3.5170,0.0084,7.0974,19.5093,0.6310,0.3690,11.6364,2.9923,12.1160,27.4176,107.0000,0.0006,156.8542,41.1725,11.6364,0.1071,0.0833,0.0476,0.4405,0.0357,0.1190,0.0952,0.0714,168.6049,144.8252,0.0028,23.9531,6.4409,27.1547,0.0140,0.0000,0.3590,0.2011,0.5091,6.7576,14.1255,3.9534,0.1437,2.3478,0.0014,0.2085,0.1477,0.1135,0.1496,-0.0962,1.0002,0.4904,-0.4309,11.8232,26.4457,0.0594,1.0701,-0.5509,-40.6463,3.9918,-0.0001,0.0003,0.9167,0.0192,5895.8156,22.1338,228.3899,0.6087,0.1545,-30.0184,0.2500,0.3465,61.6170,-519.9792
56.0560,ASCEND,DESCEND,2.1712,0.0176,5.5746,14.1288,0.6747,0.3253,9.7220,0.6727,11.4061,24.9900,99.0000,0.0006,159.1607,43.0213,9.7220,0.0843,0.0723,0.0723,0.4458,0.0843,0.0964,0.0843,0.0602,155.8010,145.7188,0.0028,13.5398,5.2093,25.0904,0.0098,0.0000,0.3027,0.1927,0.5039,5.6763,10.5556,2.7917,0.1852,1.3788,0.0013,0.1292,0.0818,0.1639,0.2182,0.0024,1.0019,-0.3506,-0.5184,9.7412,24.7882,0.0329,1.0325,0.0909,-32.6234,6.1274,-0.0000,0.0001,0.8675,0.0209,6100.7689,22.4656,234.3369,0.6621,0.1325,-29.1099,0.1472,0.3357,45.3993,-289.0284
56.0977,ASCEND,DESCEND,1.0844,0.0014,4.6158,10.6080,0.5974,0.4026,8.7083,0.4182,11.1936,25.3894,96.0000,0.0006,161.6148,46.3004,8.7083,0.0649,0.0649,0.0909,0.4026,0.0779,0.1169,0.1299,0.0519,147.4543,142.4077,0.0023,10.7990,4.9705,25.9146,0.0132,0.0000,0.2589,0.1729,0.5086,5.3610,9.3130,2.8556,0.4075,0.4455,0.0014,0.1728,0.1411,0.0880,0.3206,-0.1250,0.9997,0.6930,-0.2464,8.9209,24.9864,0.0221,0.9503,-1.1510,-18.3601,12.0396,-0.0001,-0.0000,0.8571,0.0206,6305.5932,22.7176,234.1563,0.6714,0.1214,1.2590,0.9000,0.3034,37.5072,-153.3956
56.1394,ASCEND,DESCEND,1.2156,0.0018,4.4644,11.7351,0.6053,0.3947,7.8584,0.2949,11.2421,26.6552,103.0000,0.0006,164.4297,47.0691,7.8584,0.0789,0.1053,0.1447,0.3421,0.0921,0.0921,0.0526,0.0921,147.0502,147.2994,0.0019,4.3046,3.9108,25.8813,0.0121,0.0000,0.1915,0.1727,0.5002,4.3164,4.6414,3.3251,0.4745,0.2431,0.0012,0.1206,0.0217,0.1710,0.1245,0.0991,0.9999,-0.4856,0.4919,7.7869,25.1918,0.0198,1.0132,-1.4429,-29.0462,14.0259,-0.0001,0.0002,0.8421,0.0197,6518.5808,22.5926,220.5939,0.6720,0.1201,0.0000,0.8111,0.3633,32.6035,-102.3775
56.1811,ASCEND,DESCEND,-0.4027,0.0015,4.5627,5.9968,0.5641,0.4359,7.2308,0.4047,11.1132,26.5894,101.0000,0.0006,169.0943,48.2905,7.2308,0.0513,0.1154,0.2179,0.3590,0.0513,0.0513,0.0897,0.0641,153.3401,150.3279,0.0024,7.2698,4.6271,26.6279,0.0084,0.0000,0.2467,0.1902,0.5006,3.6546,6.4472,4.0895,0.6661,0.2212,0.0010,0.1726,0.0461,0.1619,0.3600,0.0096,0.9999,-0.0726,0.1736,7.2141,26.1108,-0.0060,0.9996,-2.4658,-27.8911,17.3266,-0.0002,0.0002,0.8205,0.0183,6718.2232,22.3694,211.1807,0.6723,0.1213,-17.6711,0.1778,0.3953,28.9672,-86.8285
56.2228,ASCEND,DESCEND,-1.0546,-0.0005,3.5906,2.5610,0.3951,0.6049,7.0020,0.3287,10.8195,27.4058,95.0000,0.0005,171.0066,53.2387,7.0020,0.0988,0.0988,0.1358,0.3210,0.0988,0.0741,0.0988,0.0741,146.5618,153.9211,0.0017,12.9161,5.3278,27.3162,0.0106,0.0000,0.2623,0.1906,0.5006,4.6171,8.4435,5.0635,0.4085,0.1915,0.0009,0.1114,0.0571,0.0559,0.0962,-0.0174,0.9997,0.1887,0.1062,7.0402,26.8621,-0.0155,1.0156,-2.3847,-29.2147,16.9849,-0.0002,0.0003,0.7778,0.0192,6674.0500,22.8168,219.4368,0.6681,0.1282,1.2590,0.9000,0.3034,25.3606,-24.9613
56.2645,ASCEND,DESCEND,1.3478,0.0015,4.9810,12.8597,0.6269,0.3731,11.9824,0.2744,21.0886,54.3220,84.0000,0.0005,172.9051,48.9629,11.9824,0.0597,0.1194,0.1940,0.2687,0.0597,0.1194,0.1045,0.0746,156.3091,159.3856,0.0023,8.2357,3.5348,31.2398,0.0006,-0.0000,0.2854,0.2581,0.4983,4.5638,5.3517,3.7645,0.8293,0.5279,0.0011,0.1536,0.5166,0.1209,0.2652,0.1484,1.0018,-1.2443,0.0193,11.8756,52.3435,0.0169,0.9775,-1.1805,-1.8873,6.0825,-0.0001,0.0000,0.7463,0.0197,6778.4633,22.2557,212.9390,0.6585,0.1555,0.0000,0.8111,0.3600,26.8850,78.6805
56.3062,ASCEND,DESCEND,2.1554,0.0008,4.6542,12.7853,0.6286,0.3714,7.6645,0.0571,10.9617,26.4047,92.0000,0.0005,173.5501,44.3781,7.6645,0.0571,0.0714,0.1143,0.3286,0.0429,0.2429,0.0714,0.0714,167.0609,150.1532,0.0016,20.8904,5.6091,27.1358,0.0072,0.0000,0.3213,0.1706,0.5009,5.7242,10.7900,4.3579,0.5876,0.2957,0.0011,0.0791,0.1955,0.1549,0.0776,0.0026,1.0011,-0.3088,-0.4668,7.7066,25.0918,0.0311,1.0037,-2.2257,-28.0001,11.9887,-0.0001,0.0001,0.8571,0.0194,6778.0212,22.2283,216.6752,0.6554,0.1807,1.2590,0.9000,0.3034,31.9239,110.5484
56.3480,ASCEND,DESCEND,2.7407,0.0008,5.3674,14.7549,0.6029,0.3971,7.5256,0.2768,10.1420,24.4474,92.0000,0.0005,171.6065,34.7653,7.5256,0.0441,0.0735,0.0882,0.4706,0.0294,0.1324,0.1618,0.0000,174.3828,151.5702,0.0020,19.6735,5.3361,25.8808,0.0090,0.0000,0.3451,0.1988,0.5063,6.6834,10.4580,3.4985,0.8735,0.4935,0.0010,0.1562,0.2510,0.1234,0.6192,-0.1162,0.9987,0.7521,-0.0164,7.7180,24.3766,0.0416,1.0162,-1.9324,-28.6397,8.7659,-0.0001,0.0001,0.8382,0.0176,6915.2892,21.9433,214.0981,0.6556,0.1919,0.0000,0.8111,0.3667,36.1066,40.6805
56.3897,ASCEND,DESCEND,2.6271,0.0020,4.8055,14.0651,0.7183,0.2817,6.4837,0.0662,9.4842,23.2889,89.0000,0.0005,179.0063,37.7914,6.4837,0.0282,0.0845,0.0986,0.3662,0.0704,0.0845,0.1831,0.0845,170.5677,151.8696,0.0011,13.2275,4.6781,23.2533,0.0080,0.0000,0.3126,0.1550,0.5215,6.0016,10.1808,1.8904,0.3054,0.8268,0.0009,0.1131,0.1788,0.0463,0.0139,-0.0163,1.0002,0.0396,-0.1393,6.5001,22.9351,0.0346,1.0554,-0.9041,-30.8614,4.3047,-0.0000,0.0002,0.8732,0.0179,6950.3651,21.0800,213.9611,0.6361,0.2193,0.0000,0.8111,0.3667,35.3173,-67.8484
56.4314,ASCEND,DESCEND,1.2925,0.0199,3.0613,7.6098,0.7193,0.2807,4.8826,0.2734,7.7728,22.5148,90.0000,0.0005,171.9740,31.6698,4.8826,0.0702,0.1053,0.1754,0.2982,0.0702,0.0702,0.1579,0.0526,172.6022,160.1188,0.0023,12.2704,4.2487,20.9185,0.0063,-0.0000,0.3157,0.2329,0.4955,5.8669,9.5623,1.2620,0.5465,0.3698,0.0010,1.0700,0.1127,0.2664,0.4850,-0.5202,1.0048,1.7169,-3.2688,5.5174,22.9581,0.0125,1.0523,-0.5105,-27.5616,2.5807,-0.0000,0.0002,0.8070,0.0160,6867.3860,20.4735,202.3020,0.6524,0.2338,0.0000,0.8111,0.3633,30.4469,-136.9504
56.4731,ASCEND,DESCEND,1.5706,0.0024,3.1685,8.2170,0.7170,0.2830,4.7983,0.2174,7.5925,19.9932,66.0000,0.0004,172.3513,31.5711,4.7983,0.0377,0.1321,0.1698,0.3585,0.0189,0.1509,0.1321,0.0000,176.6157,157.3512,0.0024,14.2182,5.6178,59.6614,0.0062,0.0000,0.6087,0.2951,0.5146,15.8343,6.5520,0.5488,0.7233,0.2200,0.0012,5.0246,0.1449,0.2522,3.0865,-0.1054,1.0001,0.4507,-0.2634,4.9676,19.8816,0.0192,1.0111,-1.4307,-20.9804,4.9342,-0.0001,0.0001,0.8302,0.0142,5251.9835,19.3202,206.0501,0.6684,0.2801,0.0000,0.8111,0.4267,23.8933,-227.9250
56.5148,ASCEND,DESCEND,0.5593,0.0020,2.7073,6.7166,0.5556,0.4444,3.7886,0.0862,6.2224,21.0630,83.0000,0.0005,174.1185,42.0451,3.7886,0.0370,0.0926,0.2407,0.2037,0.0741,0.2778,0.0185,0.0556,184.8035,171.7170,0.0023,7.5120,3.1002,25.1945,0.0018,-0.0000,0.2914,0.1842,0.4940,5.2908,4.2961,0.4132,0.2453,0.0493,0.0016,0.9635,0.0278,0.1532,2.9982,0.1140,0.9983,-0.2000,1.0659,3.8286,14.9233,0.0084,0.9879,-0.5818,-0.2982,3.8767,-0.0000,0.0000,0.7407,0.0142,5276.8499,19.3340,204.7528,0.6888,0.2904,-6.9441,0.8417,0.5238,11.4342,-348.0273
56.5565,DESCEND,DESCEND,-1.3535,-0.0032,3.5824,0.2294,0.3148,0.6852,3.4386,0.0529,5.3882,21.8540,72.0000,0.0004,167.4195,61.4044,3.4386,0.0370,0.1481,0.1852,0.1296,0.0926,0.1111,0.2037,0.0926,195.6640,199.7962,0.0026,6.3052,2.5355,18.6748,0.0045,0.0000,0.2600,0.2178,0.5039,5.9256,3.1368,0.1858,1.0538,0.3038,0.0024,0.8770,0.1297,0.1574,2.0905,-0.0136,0.9971,0.6918,0.8423,3.3708,13.5019,-0.0086,1.0370,4.2129,-19.5725,-2.3125,0.0002,-0.0001,0.7593,0.0130,5380.0852,19.5026,202.8005,0.6166,0.3181,0.0000,0.8389,0.4567,-5.1379,-346.0497
56.5982,DESCEND,DESCEND,-1.0617,-0.0008,2.8090,1.3595,0.4182,0.5818,2.9696,0.0243,4.5223,12.5177,77.0000,0.0004,141.2499,61.8474,2.9696,0.0727,0.1818,0.1455,0.2727,0.0545,0.1455,0.0545,0.0727,222.3717,224.0220,0.0019,6.5486,2.1103,12.6635,0.0051,0.0000,0.2084,0.1662,0.5011,4.5017,2.3364,0.4936,1.1512,0.1453,0.0029,0.3976,0.1099,0.1810,2.0862,-0.1401,0.9989,1.0313,-0.1119,2.9251,11.0980,-0.0113,1.0237,0.9509,-0.5727,-6.6807,0.0000,0.0000,0.7636,0.0136,5491.4802,19.4669,194.9556,0.6266,0.3196,0.0000,0.9000,0.3667,-17.4321,-243.7912
56.6399,DESCEND,DESCEND,-1.8249,-0.0024,3.9588,0.0309,0.3333,0.6667,2.9123,0.0861,5.1208,19.8418,64.0000,0.0004,116.2155,58.3623,2.9123,0.0000,0.2292,0.0417,0.1250,0.2083,0.0833,0.2083,0.1042,223.8727,242.0868,0.0029,6.7012,2.2010,14.8108,0.0028,0.0000,0.2076,0.2068,0.5036,3.1955,2.3328,0.7121,1.4713,0.3309,0.0043,0.5162,0.0788,0.1914,1.7192,-0.0577,0.9978,0.7465,0.3827,2.8650,14.5801,-0.0190,1.3067,6.1927,-37.2118,-61.7261,0.0005,0.0004,0.8958,0.0122,5549.9684,19.9686,203.6043,0.5400,0.3264,0.0000,0.8111,0.3733,-25.4742,-130.9317
56.6816,DESCEND,DESCEND,-1.3187,-0.0004,2.7698,0.8732,0.4035,0.5965,2.7908,0.0181,4.3044,15.8090,72.0000,0.0004,127.8344,75.1646,2.7908,0.0702,0.1053,0.1053,0.3333,0.0702,0.1053,0.1053,0.1053,222.3561,248.2948,0.0017,6.4553,2.1164,15.8708,0.0005,-0.0000,0.2084,0.1274,0.4912,5.4625,3.1128,0.6630,1.2596,0.1511,0.0019,0.2228,0.0197,0.1228,1.4616,0.1268,0.9985,-0.4161,1.0509,2.9097,10.4975,-0.0148,1.0247,5.4939,6.4898,-8.2675,0.0003,-0.0002,0.8596,0.0126,5647.4260,20.0817,200.7551,0.5337,0.3244,0.0000,0.8111,0.3567,-28.3540,-12.1232
56.7233,DESCEND,DESCEND,-1.1910,-0.0325,2.4420,0.4797,0.2909,0.7091,2.0367,0.5263,3.0080,14.2884,60.0000,0.0003,129.7942,81.2085,2.0367,0.0545,0.1273,0.0545,0.1455,0.0727,0.1091,0.2727,0.1636,218.4035,252.8904,0.0044,4.7903,1.7209,13.2959,0.0011,-0.0000,0.1947,0.1713,0.4952,4.9349,2.5791,0.7367,0.9747,0.0870,0.0023,0.2187,0.0759,0.2709,1.0169,-0.1261,1.0005,0.6933,-0.7692,2.0566,7.6314,-0.0141,1.0263,0.9890,-0.0787,-1.9721,0.0001,0.0000,0.9273,0.0121,5563.4434,20.0817,201.2755,0.4721,0.2916,0.0000,0.8111,0.3733,-26.4854,52.9242
56.7650,DESCEND,DESCEND,-0.7213,-0.0018,1.2859,0.0498,0.3158,0.6842,1.2379,0.0958,2.0150,8.7220,64.0000,0.0004,137.7820,81.4057,1.2379,0.1053,0.1404,0.1053,0.1930,0.0877,0.0702,0.2105,0.0877,222.1553,245.8244,0.0020,3.5677,1.4734,9.1940,0.0007,0.0000,0.1467,0.1159,0.5032,2.8994,2.3989,0.7873,0.6982,0.0223,0.0029,0.2135,0.0291,0.1584,0.6694,-0.0876,0.9980,0.7945,0.3268,1.1841,4.7647,-0.0067,1.0114,1.1769,-0.1056,-0.3866,0.0001,0.0000,0.8947,0.0118,5461.6614,19.8118,198.6145,0.4595,0.2990,0.0000,0.8111,0.3633,-23.9393,101.3314
56.8067,DESCEND,DESCEND,-0.3624,-0.0014,0.8440,0.1749,0.4194,0.5806,0.8370,0.1379,1.7854,9.4602,69.0000,0.0004,153.8918,76.0976,0.8370,0.0645,0.1452,0.1129,0.0806,0.1935,0.2419,0.1129,0.0484,215.5633,229.8253,0.0029,3.4427,1.4600,9.9296,0.0007,-0.0000,0.1390,0.0921,0.4895,3.1029,2.5431,0.6615,0.5283,0.0104,0.0046,0.1819,0.0097,0.1593,0.2207,0.0374,0.9988,-0.0705,0.2968,0.8957,4.1591,-0.0007,1.0141,-0.0846,0.1020,0.1069,0.0000,0.0000,0.9677,0.0121,5589.3390,20.0176,200.5145,0.4645,0.2883,0.0000,0.8111,0.3633,-18.0327,156.9765
56.8485,DESCEND,DESCEND,-0.3831,-0.0016,0.8128,0.3486,0.4355,0.5645,1.5767,0.2399,2.3873,10.7851,68.0000,0.0004,167.0449,55.9425,1.5767,0.0161,0.1613,0.1774,0.0806,0.0323,0.1129,0.3710,0.0484,221.9128,196.0420,0.0029,3.9088,1.5251,10.7828,-0.0001,-0.0000,0.1742,0.1223,0.4918,4.1816,2.5534,0.3761,1.0531,0.0178,0.0046,0.2049,0.0104,0.2016,0.5329,-0.0345,0.9993,0.2794,-0.2271,1.6953,5.7630,-0.0013,1.0251,-0.8486,0.2321,-0.9246,-0.0000,0.0001,0.9194,0.0119,5495.5226,20.1613,205.0607,0.4510,0.2833,0.0000,0.8389,0.4200,-10.8448,119.5511
56.8902,DESCEND,DESCEND,-0.1035,-0.0017,1.0977,1.8712,0.3667,0.6333,1.9918,0.2802,3.1648,13.4406,72.0000,0.0004,160.9263,54.5571,1.9918,0.0333,0.0500,0.1333,0.1500,0.0667,0.2167,0.2500,0.1000,225.7024,200.4948,0.0042,4.8644,1.7532,13.3451,-0.0003,-0.0000,0.1847,0.1284,0.4919,3.4763,2.9806,0.5217,1.1172,0.1207,0.0029,0.0840,0.0353,0.3064,0.4356,0.1555,0.9998,-0.4976,0.3699,2.0020,8.4503,0.0006,0.9691,-2.9029,-6.7877,12.6169,-0.0001,0.0000,0.8333,0.0118,5583.9462,20.3637,210.6019,0.4530,0.2485,0.0000,0.8111,0.3567,-8.0602,67.7008
56.9319,DESCEND,DESCEND,-0.1719,-0.0010,1.5224,2.1052,0.4032,0.5968,2.4822,0.2601,3.8337,13.6905,69.0000,0.0004,169.6796,47.6664,2.4822,0.0323,0.1129,0.1613,0.0806,0.0323,0.1774,0.2742,0.1290,235.8661,184.2847,0.0049,5.7443,2.1807,13.5904,0.0014,0.0000,0.1909,0.1419,0.5005,4.4198,3.5761,0.4295,1.2669,0.4242,0.0043,0.0895,0.0558,0.3053,0.9441,0.7020,1.0032,-4.2758,1.4482,2.5158,9.7107,-0.0032,1.0032,-0.3371,-0.8334,0.8497,0.0000,-0.0000,0.8548,0.0133,5657.2544,20.8860,212.7485,0.4614,0.2344,0.0000,0.8111,0.3600,-5.1974,5.5743
56.9736,DESCEND,DESCEND,-0.2050,-0.0018,1.3378,2.6475,0.3929,0.6071,2.4587,0.1356,4.0002,16.2117,73.0000,0.0004,160.0945,54.2996,2.4587,0.0893,0.0536,0.1964,0.0714,0.0357,0.1964,0.1964,0.1607,236.5441,195.1013,0.0072,6.8149,2.5539,19.7982,-0.0003,-0.0000,0.2620,0.1951,0.4790,6.8302,3.7988,0.8124,1.6451,0.6398,0.0067,0.2057,0.0573,0.3879,0.8864,0.1140,0.9983,-0.2022,0.8572,2.4289,11.7292,-0.0011,0.9093,-5.2106,-0.6893,23.9054,-0.0002,-0.0000,0.8036,0.0132,5743.0188,21.0423,218.2723,0.4705,0.2350,0.0000,0.8111,0.3567,-7.5952,-68.4264
57.0153,DESCEND,DESCEND,-0.4559,-0.0040,2.4446,1.7801,0.3167,0.6833,3.2908,0.1966,5.1163,18.3290,76.0000,0.0004,162.0051,51.5905,3.2908,0.0833,0.1167,0.0833,0.0667,0.1167,0.2333,0.1333,0.1667,228.1430,194.6454,0.0072,6.1584,2.5803,18.4146,0.0032,-0.0000,0.2646,0.2088,0.4819,6.1326,3.8057,1.0076,1.3769,0.7927,0.0111,0.3193,0.0468,0.2676,0.7778,0.0957,0.9987,-0.1527,0.5847,3.3040,12.6511,-0.0035,0.9670,-1.7263,1.5213,1.8699,-0.0001,-0.0000,0.7667,0.0129,5818.1122,20.8235,214.7081,0.4832,0.2447,0.0000,0.8111,0.3600,-10.9053,-84.6822
57.0570,DESCEND,DESCEND,-0.6519,-0.0006,2.1373,1.1826,0.4167,0.5833,3.2347,0.2162,5.3220,21.0584,77.0000,0.0004,160.7671,45.3222,3.2347,0.0333,0.1833,0.0833,0.1167,0.1333,0.1667,0.2000,0.0833,218.7947,192.6550,0.0090,5.4740,3.7620,55.1036,0.0194,0.0000,0.4577,0.2256,0.5075,18.3106,3.7915,1.0718,2.4219,0.9663,0.0355,0.3625,0.0706,0.2762,0.8092,0.2696,1.0010,-1.6114,0.6453,3.2460,14.0029,-0.0090,1.0342,-0.6880,2.8551,-4.5806,-0.0000,0.0001,0.7500,0.0127,5858.8405,20.7230,223.1000,0.4858,0.2276,0.0000,0.8111,0.3533,-14.6591,-64.5580
57.0987,DESCEND,DESCEND,-0.4920,-0.0010,2.2251,1.4008,0.4118,0.5882,3.6191,0.4187,6.4598,22.4803,85.0000,0.0005,170.1283,42.4860,3.6191,0.0441,0.1029,0.1324,0.1618,0.0441,0.1912,0.2206,0.1029,207.4193,183.9211,0.0056,5.9978,2.9004,26.5461,0.0079,0.0000,0.2733,0.2078,0.5095,9.0759,5.0466,1.0717,0.2085,0.9466,0.0367,0.4538,0.0862,0.1999,0.5962,-0.1548,1.0008,0.6561,-1.0189,3.8058,22.3763,-0.0063,1.0067,-0.0716,1.0107,-1.5014,0.0000,0.0000,0.7941,0.0129,5969.5117,20.9232,224.0440,0.5010,0.2234,0.0000,0.8111,0.2900,-16.2906,-34.5512
57.1404,DESCEND,DESCEND,-0.9474,-0.0013,3.1956,1.2174,0.3387,0.6613,3.4752,1.3111,5.8987,22.6265,82.0000,0.0005,169.3352,43.4160,3.4752,0.0806,0.0968,0.1129,0.1613,0.0806,0.0806,0.2581,0.1290,199.2693,183.3547,0.0043,6.5457,2.7599,21.9192,0.0023,0.0000,0.2527,0.2204,0.5102,6.0332,4.8400,0.9046,0.3193,1.2292,0.0719,0.3147,0.0100,0.2754,0.8153,0.0388,0.9998,-0.2060,0.0349,3.5310,19.7867,-0.0128,1.0169,0.8975,0.6982,-1.2186,0.0001,0.0000,0.8226,0.0129,5809.8302,20.7558,219.9516,0.4976,0.2178,0.0000,0.8111,0.3633,-17.5412,-35.8861
57.1821,DESCEND,DESCEND,-1.0292,-0.0007,3.5231,0.9888,0.3607,0.6066,3.3884,0.0730,5.9319,25.1217,74.0000,0.0004,159.8977,46.3058,3.3884,0.0820,0.1148,0.1311,0.1475,0.0984,0.1311,0.1803,0.1148,193.9906,191.0997,0.0067,5.4527,2.1339,15.9317,0.0015,-0.0000,0.2192,0.1915,0.4993,5.9945,3.0362,0.4015,0.3479,1.1420,0.0698,0.5614,0.0507,0.5305,1.1646,0.2141,0.9986,-0.7925,1.3456,3.4213,16.0502,-0.0173,1.0056,0.1637,-0.7580,-0.3454,0.0000,0.0000,0.8033,0.0130,5637.7526,20.3499,209.5188,0.4969,0.2202,0.0000,0.8111,0.3600,-19.2841,-32.2590
57.2238,DESCEND,DESCEND,-1.3940,-0.0006,4.1593,0.9059,0.3725,0.6078,3.0780,0.0074,5.4779,25.2090,64.0000,0.0004,160.0649,39.4050,3.0780,0.0980,0.0784,0.1765,0.0392,0.0980,0.1569,0.1765,0.1765,186.7740,173.9279,0.0063,6.0440,2.2464,18.1405,0.0015,0.0000,0.2279,0.1930,0.5128,6.0375,3.0362,0.4959,0.2745,1.3711,0.1327,0.6614,0.0522,0.5500,1.1788,-0.0081,0.9994,0.2219,0.0515,3.1308,14.4295,-0.0271,1.0323,-1.2798,2.5852,-3.4889,-0.0001,0.0001,0.7647,0.0124,5357.3510,20.0275,212.9332,0.4955,0.2233,0.0000,0.8111,0.3533,-20.2322,-25.7394
57.2655,DESCEND,DESCEND,-0.7014,-0.0005,2.5360,0.3406,0.3556,0.6444,1.5865,0.0019,3.3143,12.4039,62.0000,0.0004,140.5700,40.0110,1.5865,0.0444,0.1333,0.2222,0.0889,0.2000,0.1556,0.1111,0.0444,184.1631,201.9926,0.0066,8.8447,3.4988,25.8716,0.0014,0.0000,0.3175,0.2360,0.5178,7.0617,6.3303,0.5898,0.2951,1.0755,0.4789,0.8008,0.0361,0.7172,0.6755,-0.1567,0.9982,1.0924,0.1394,1.6846,10.5280,-0.0107,1.0031,0.4149,0.4955,-0.2689,0.0000,0.0000,0.8889,0.0123,5275.4167,19.6335,210.8289,0.5119,0.2454,0.0000,0.8111,0.3633,-21.4311,11.5714
57.3072,DESCEND,DESCEND,-0.3001,-0.0004,1.2101,0.1715,0.4865,0.5135,1.2518,0.0032,3.6084,15.5413,71.0000,0.0004,118.5545,29.3045,1.2518,0.0811,0.1351,0.1351,0.1351,0.0270,0.3243,0.1081,0.0541,187.5110,214.7612,0.0082,9.1138,3.6036,27.5561,0.0001,0.0000,0.3439,0.2681,0.5048,8.8111,5.9150,0.2875,0.1385,1.2828,0.7983,0.6639,0.0936,0.6802,1.6549,0.1052,1.0021,-1.0038,-0.2680,1.3259,10.6284,-0.0048,1.0014,-0.2672,-1.0494,-0.7462,-0.0000,0.0000,0.9189,0.0128,5378.4616,19.8351,218.1069,0.5259,0.2393,0.0000,0.8111,0.3700,-19.2669,61.9121
57.3490,DESCEND,DESCEND,-0.1760,0.0016,1.7772,0.9217,0.5122,0.4878,4.1516,0.0675,8.3474,29.4922,59.0000,0.0003,124.7627,34.2239,4.1516,0.0488,0.1220,0.1220,0.2927,0.0488,0.2195,0.1220,0.0244,185.0638,212.1352,0.0083,6.1523,3.2552,26.1200,0.0017,0.0000,0.2655,0.2441,0.5049,5.4622,4.7539,0.3668,0.1659,1.1284,1.6047,0.2865,0.2951,0.5488,0.5790,-0.1007,1.0028,-0.1246,-1.2117,4.3191,22.0851,-0.0098,0.9637,-0.4400,-0.9133,3.7827,-0.0000,-0.0001,0.8537,0.0115,5457.8015,19.0299,216.9560,0.5249,0.2330,0.0000,0.8111,0.2900,-16.2666,98.5085
57.3907,DESCEND,DESCEND,-0.7852,0.0035,3.1932,3.8111,0.6000,0.4000,4.1977,0.2707,7.5028,31.7245,47.0000,0.0003,118.0457,45.0234,4.1977,0.1143,0.1143,0.2000,0.2286,0.1429,0.0857,0.0857,0.0286,173.7956,227.6285,0.0075,7.4356,2.8857,22.5932,-0.0012,-0.0000,0.2578,0.2037,0.4989,4.1817,4.3069,0.4760,0.2594,0.6486,1.4082,0.0403,0.1469,1.4285,0.5376,0.0233,1.0008,-0.3196,-0.1418,4.1992,21.6840,-0.0204,1.0404,0.1903,0.0577,-6.5702,0.0000,0.0001,0.7714,0.0100,5518.0091,18.2011,209.6284,0.5003,0.2066,0.0000,0.8111,0.3633,-11.0497,146.2820
57.4324,DESCEND,DESCEND,-0.7087,0.0038,2.7166,0.7443,0.5172,0.4828,2.0981,0.2512,4.7618,16.9496,47.0000,0.0003,99.0504,42.2805,2.0981,0.1034,0.1724,0.1034,0.2069,0.1034,0.0345,0.1034,0.1724,177.5280,246.6761,0.0070,7.5795,3.1689,31.8144,-0.0019,0.0000,0.2947,0.2043,0.5143,5.9648,2.4593,0.9725,0.3073,0.3568,0.9662,0.0480,0.3508,3.8149,0.1302,0.0807,1.0012,-0.6422,-0.0272,2.0956,14.6193,-0.0150,0.9561,-0.9548,-14.8933,19.1213,-0.0000,-0.0000,0.8621,0.0101,5517.7603,17.8021,202.4126,0.4691,0.2173,0.0000,0.8111,0.2900,-4.0643,145.4146
57.4741,DESCEND,DESCEND,-0.3980,0.0021,1.7328,0.9899,0.5667,0.4333,2.4469,0.1687,5.0720,19.5693,45.0000,0.0003,105.6461,63.5558,2.4469,0.1000,0.2000,0.1333,0.3333,0.1333,0.0333,0.0667,0.0000,185.0568,257.1864,0.0052,5.2607,3.1894,23.6843,-0.0003,0.0000,0.3058,0.1599,0.5077,8.0264,1.6261,1.1394,0.2463,0.2059,0.5584,0.0299,0.2600,4.2110,0.0826,-0.0202,1.0002,-0.0545,-0.1019,2.4636,14.4357,-0.0089,1.0713,0.4236,-4.7285,-13.4831,0.0000,0.0001,0.8333,0.0100,5474.7115,17.6824,204.0238,0.4398,0.2703,0.0000,0.8111,0.3467,1.0803,107.6017
57.5158,STABLE,DESCEND,0.0223,0.0122,2.1581,1.8052,0.6111,0.3889,2.8888,0.1338,6.6097,21.5722,51.0000,0.0003,86.7726,48.3201,2.8888,0.1389,0.1667,0.1667,0.1667,0.0556,0.0833,0.1667,0.0556,189.6125,267.7398,0.0041,3.2339,1.9706,21.6036,0.0003,0.0000,0.2183,0.1398,0.5007,4.4046,1.9475,0.9617,0.1171,0.3768,0.5069,0.0165,0.2929,0.8213,0.1100,-0.1699,1.0038,0.0091,-1.8311,2.9148,21.0383,-0.0109,0.9592,0.1261,10.3590,8.7490,0.0000,-0.0001,0.8056,0.0105,5259.8423,17.2759,190.8264,0.4114,0.3547,0.0000,0.8111,0.3667,4.9115,66.5100
57.5575,ASCEND,DESCEND,1.0344,0.0031,3.0679,5.6484,0.6471,0.3529,2.9252,0.2298,7.3160,33.8266,49.0000,0.0003,93.1735,68.5717,2.9252,0.0588,0.1176,0.2353,0.1471,0.0294,0.2059,0.1471,0.0588,192.0747,283.3001,0.0039,6.1881,4.2758,36.2489,0.0026,0.0000,0.3100,0.2178,0.5147,5.9566,5.9738,1.1171,0.2671,0.9181,1.0287,0.0191,0.5376,0.9131,0.1077,0.0156,1.0099,-2.1764,-3.1268,2.8803,14.5077,0.0112,1.0237,-0.1671,-4.7852,-10.6986,0.0000,0.0000,0.9412,0.0117,4975.3257,17.7312,203.5134,0.3597,0.4058,0.0000,0.8111,0.3600,6.6284,58.9768
57.5992,ASCEND,DESCEND,0.7330,0.0002,2.8038,4.3219,0.5758,0.4242,4.1088,0.0691,10.0911,40.1719,65.0000,0.0004,82.5977,62.4243,4.1088,0.0909,0.1818,0.1515,0.2727,0.1515,0.0909,0.0303,0.0303,188.9445,279.8495,0.0036,10.6657,5.4173,38.0579,0.0102,0.0000,0.3811,0.3028,0.5149,5.9894,9.1776,0.8110,0.6722,1.4605,0.9014,0.0224,0.6025,1.0429,0.1253,0.0386,0.9999,-0.2520,0.1854,4.1113,26.8524,0.0135,1.1217,2.2400,-1.4736,-30.4065,0.0001,0.0001,0.8788,0.0105,4813.4734,17.5798,191.8656,0.3262,0.4400,0.0000,0.8111,0.3567,9.8311,79.6843
57.6409,ASCEND,DESCEND,1.0559,0.0005,3.4533,10.1818,0.5122,0.4878,4.1031,0.0291,8.5565,37.4364,48.0000,0.0003,98.3171,72.6215,4.1031,0.0732,0.1220,0.1220,0.2439,0.1463,0.1463,0.0976,0.0488,186.7311,275.1100,0.0030,9.9963,3.4849,24.9412,0.0051,0.0000,0.3521,0.2515,0.5135,6.6388,5.2776,0.8932,0.4303,1.4046,0.4173,0.0110,1.5623,0.7629,0.0403,0.1594,1.0001,-0.8902,0.5345,4.1307,18.6479,-0.0070,1.0341,-0.3951,9.6132,-7.4883,-0.0000,0.0001,0.8049,0.0109,4869.7649,17.7587,200.3742,0.3184,0.3291,0.0000,0.8111,0.2900,13.2754,95.8036
57.6826,ASCEND,DESCEND,0.5460,-0.0169,4.3226,7.3987,0.2174,0.7826,2.1779,0.0597,5.1105,22.5892,37.0000,0.0002,94.2241,71.5197,2.1779,0.0000,0.1304,0.0870,0.1304,0.0870,0.1304,0.4348,0.0000,192.8610,289.2025,0.0020,11.6471,4.4499,51.2769,0.0058,0.0000,0.4811,0.3061,0.5044,14.4358,6.5858,0.7814,0.2889,1.3466,0.0036,0.0334,3.6792,0.6196,0.0924,0.0034,0.9998,0.0237,0.0291,2.1758,9.5128,-0.0029,1.0594,-0.1209,-9.9306,-8.4418,0.0000,0.0001,0.8261,0.0142,5105.4358,17.4350,209.2849,0.2852,0.1765,1.2189,0.9000,0.3134,17.8228,66.5375
57.7243,ASCEND,DESCEND,0.1667,0.0003,0.4211,0.8519,0.6429,0.3571,0.3998,0.0065,1.1016,5.6810,34.0000,0.0002,51.6218,32.2336,0.3998,0.1071,0.1429,0.2500,0.0357,0.0714,0.1786,0.0714,0.1429,199.5442,296.5323,0.0012,7.4699,3.5828,27.8315,0.0034,0.0000,0.2466,0.1224,0.5135,6.1918,7.2206,0.0818,0.0812,0.3403,0.0011,0.0572,0.4982,0.1640,0.1078,-0.0430,1.0029,-0.2933,-1.0414,0.4420,1.4642,-0.0004,0.9034,0.1063,8.2424,19.7749,0.0000,-0.0002,0.9643,0.0148,5304.1335,17.7825,216.3328,0.3160,0.3926,0.0000,0.8111,0.3633,18.8257,3.2085
57.7660,ASCEND,DESCEND,0.4179,0.0001,2.0388,0.6924,0.6000,0.4000,0.6552,0.0014,3.0332,16.9214,37.0000,0.0002,57.6518,52.6251,0.6552,0.0667,0.1667,0.2000,0.1000,0.1000,0.1000,0.2667,0.0000,198.1071,301.1064,0.0013,4.0328,2.9061,25.8344,0.0043,0.0000,0.2200,0.1022,0.5046,5.2163,5.5826,0.0430,0.1505,0.2999,0.0012,0.0599,0.3316,0.2999,0.0613,-0.0939,1.0012,0.2026,-0.7045,0.7032,0.9334,0.0014,0.9683,0.7110,6.0197,6.2759,0.0000,-0.0001,0.9667,0.0142,5648.8255,17.9751,205.6579,0.3721,0.4019,0.0000,0.8111,0.3500,18.0904,-28.7128
57.8077,ASCEND,DESCEND,0.7188,0.0000,2.5901,6.0892,0.6250,0.3750,1.3533,0.0007,4.5540,19.0670,40.0000,0.0002,68.0684,66.7908,1.3533,0.0938,0.2500,0.1250,0.1250,0.1562,0.1562,0.0938,0.0000,195.4153,298.5294,0.0010,2.6295,2.6020,25.9642,0.0019,0.0000,0.1640,0.0846,0.5068,4.3084,4.5703,0.0075,0.2425,0.0788,0.0010,0.1388,0.2401,0.1429,0.1658,-0.0688,0.9990,0.5893,0.0863,1.3960,10.5411,0.0063,1.0181,-0.7327,-2.2685,-4.1323,-0.0000,0.0001,0.9375,0.0151,5614.2139,18.4964,215.6468,0.3971,0.3820,0.0000,0.8111,0.3633,16.4306,-47.4119
57.8495,ASCEND,DESCEND,0.9243,0.0002,2.7121,9.0293,0.6286,0.3714,1.6622,0.0013,4.7262,17.2895,51.0000,0.0003,80.1000,72.5928,1.6622,0.0286,0.1429,0.2000,0.1429,0.0571,0.2000,0.1429,0.0857,188.3035,288.2976,0.0012,2.5683,2.3844,18.1874,0.0020,0.0000,0.1761,0.0741,0.5038,5.6199,3.7858,0.0121,0.2462,0.3143,0.0011,0.1048,0.3173,0.2214,0.1322,-0.0084,0.9994,0.1334,0.1579,1.6938,16.4895,0.0093,1.0638,0.9498,7.5731,-20.2738,0.0001,0.0001,0.9714,0.0145,5838.0488,18.7146,215.0424,0.4633,0.3386,0.0000,0.8111,0.3633,14.1355,-28.8839
57.8912,ASCEND,DESCEND,0.6263,0.0003,1.9640,3.6359,0.5897,0.4103,1.1991,0.0110,3.4361,16.7480,49.0000,0.0003,83.7272,71.1231,1.1991,0.0256,0.0769,0.1026,0.0769,0.0769,0.2821,0.2051,0.1538,182.2056,291.3123,0.0013,2.0690,1.8747,18.6772,0.0016,0.0000,0.1341,0.0916,0.5066,3.5279,2.4855,0.0331,0.3017,0.1149,0.0011,0.1870,0.3530,0.2391,0.2604,-0.0913,1.0015,0.1321,-0.8440,1.2133,4.6090,0.0055,0.9618,1.7605,1.6796,3.7975,0.0001,-0.0002,0.9487,0.0140,5711.0997,18.8206,214.0358,0.5055,0.3138,0.0000,0.8111,0.2900,14.0212,-36.1908
57.9329,ASCEND,DESCEND,0.7016,0.0001,2.2154,6.7270,0.6512,0.3488,1.5303,0.0024,4.7259,21.2092,45.0000,0.0003,101.9748,76.3526,1.5303,0.1395,0.1628,0.1163,0.0930,0.0930,0.1860,0.1395,0.0698,164.4925,279.9435,0.0012,1.0557,1.8599,25.8636,-0.0012,0.0000,0.1652,0.0648,0.5028,3.7480,1.7893,0.1078,0.7722,0.0806,0.0009,0.2004,0.0560,0.1374,0.0682,-0.0139,1.0000,0.0840,-0.0314,1.5352,14.5414,0.0047,1.0011,-0.0603,0.0073,-0.1914,-0.0000,0.0000,0.9070,0.0137,5931.0314,19.0887,211.9464,0.5701,0.2672,1.2873,0.9000,0.2967,11.1165,-81.3582
57.9746,ASCEND,DESCEND,0.0536,0.0001,0.3897,0.1965,0.5385,0.4615,0.1888,0.0535,0.4060,2.5007,50.0000,0.0003,79.0525,51.8330,0.1888,0.0513,0.1538,0.1795,0.0513,0.1026,0.1282,0.1282,0.2051,174.2084,288.3705,0.0012,1.4284,1.1828,13.5801,0.0005,0.0000,0.1069,0.0721,0.5157,2.5614,0.8770,0.0305,0.7650,0.1191,0.0007,0.2289,0.1074,0.1844,0.1688,-0.0497,1.0006,0.2257,-0.3360,0.2185,0.4588,-0.0006,0.9546,0.0906,1.6293,8.4521,0.0000,-0.0001,1.0000,0.0141,5914.3517,19.1403,215.9363,0.6141,0.2484,0.6437,0.8972,0.2967,7.2345,-108.0156
58.0163,STABLE,DESCEND,0.1803,0.0002,0.9446,0.8934,0.5778,0.4222,0.4684,0.0175,1.4703,8.3261,50.0000,0.0003,103.5326,71.4738,0.4684,0.0222,0.1778,0.1333,0.0889,0.1111,0.1556,0.1778,0.1333,162.9731,277.0750,0.0010,1.1963,0.9671,12.3590,-0.0007,0.0000,0.0932,0.0621,0.5081,2.3161,0.3694,0.0018,0.9639,0.1753,0.0007,0.2783,0.1367,0.0672,0.0779,0.0492,0.9997,-0.2195,0.2506,0.5286,2.3851,0.0045,1.0203,0.0040,0.3841,-2.2206,-0.0000,0.0001,0.9778,0.0152,6097.5450,19.3148,207.1472,0.6709,0.2183,0.0000,0.8111,0.2900,2.1062,-173.0791
58.0580,STABLE,DESCEND,-0.0029,0.0008,2.2457,1.3667,0.7111,0.2889,1.5741,0.0541,5.1336,25.8424,54.0000,0.0003,113.5749,70.2704,1.5741,0.0667,0.1778,0.1333,0.1111,0.1556,0.1556,0.1111,0.0889,153.8761,266.0944,0.0013,1.9103,2.6283,28.4428,-0.0006,0.0000,0.1344,0.1098,0.5108,2.5957,0.2233,0.0228,3.6642,0.1141,0.0006,0.2166,0.2803,0.1967,0.2835,-0.1544,1.0025,0.1757,-1.4037,1.6579,2.0632,0.0033,0.9810,0.5957,0.5253,0.6728,0.0000,-0.0001,0.9556,0.0167,6138.0791,19.9107,217.5312,0.6851,0.1863,1.2873,0.9000,0.2967,-7.2031,-246.0074
58.0997,DESCEND,DESCEND,-0.4006,0.0002,2.1817,0.2017,0.5217,0.4783,1.3454,0.0209,4.8850,25.1495,58.0000,0.0003,136.7608,80.4300,1.3454,0.0870,0.2391,0.1739,0.0652,0.1087,0.1087,0.1304,0.0870,157.2546,249.8192,0.0012,3.4131,3.2239,29.5918,0.0051,0.0000,0.2069,0.1118,0.5061,4.7820,0.1321,0.1257,5.3495,0.2903,0.0007,0.3431,0.3294,0.1392,0.1207,0.0217,0.9995,0.0185,0.1432,1.4016,4.1492,-0.0016,0.9862,0.4656,0.3902,0.1650,0.0000,-0.0001,0.9348,0.0183,6076.9873,20.1930,218.9859,0.6687,0.1745,1.3020,0.9000,0.2934,-18.4149,-224.2245
58.1414,DESCEND,DESCEND,-0.8377,-0.0112,2.9010,0.3739,0.3725,0.6275,2.1292,0.1082,5.8744,24.8708,67.0000,0.0004,142.9642,73.7829,2.1292,0.0980,0.1176,0.1176,0.1176,0.2157,0.0980,0.0588,0.1765,181.7492,236.9479,0.0017,2.6359,3.5359,25.1919,0.0083,-0.0000,0.2589,0.0878,0.4996,6.6573,0.0995,0.7283,6.0575,0.0622,0.0010,0.0658,0.0961,0.2181,0.0455,-0.0805,1.0000,0.5063,-0.2478,2.1853,18.3443,-0.0070,1.0025,0.2577,-0.1061,-0.2197,-0.0000,0.0000,0.9216,0.0147,6002.3077,19.8778,209.2973,0.6643,0.1763,1.2730,0.9000,0.3001,-25.9072,-146.1389
58.1831,DESCEND,DESCEND,-1.6838,-0.0004,3.8209,0.0481,0.3774,0.6226,3.5839,0.0036,8.0181,23.9481,66.0000,0.0004,157.8218,62.3382,3.5839,0.0377,0.0566,0.0943,0.0566,0.3019,0.1887,0.1321,0.1321,179.0124,214.8349,0.0013,4.9561,3.1030,23.1115,0.0063,0.0000,0.2386,0.0661,0.5051,5.8796,0.0483,1.2359,4.7870,0.0267,0.0010,0.2616,0.0454,0.0945,0.1341,0.0038,1.0001,-0.0093,-0.0503,3.6115,23.0568,-0.0141,0.9186,-0.6642,2.0730,2.5294,-0.0000,-0.0002,0.9623,0.0148,6001.8321,19.7146,201.1099,0.6572,0.1806,28.8866,0.1611,0.3312,-30.6053,-75.4204
58.2248,DESCEND,DESCEND,-1.6607,-0.0003,3.8442,0.0278,0.3200,0.6800,3.6656,0.0017,7.4171,22.1741,59.0000,0.0003,164.4793,48.7850,3.6656,0.0600,0.1200,0.1400,0.1200,0.2200,0.1600,0.1000,0.0800,187.9918,193.0719,0.0014,3.4124,2.6500,23.3292,0.0039,0.0000,0.2220,0.0855,0.5121,4.5638,0.0336,1.4098,3.5340,0.2355,0.0011,0.2974,0.0966,0.0712,0.1438,0.0051,0.9999,-0.0087,0.0550,3.6659,20.9333,-0.0147,1.0218,1.3675,-0.7895,-0.6053,0.0001,0.0000,0.8400,0.0160,5990.7731,19.9293,211.2465,0.6560,0.1778,0.0000,0.8111,0.2900,-32.1985,60.6650
58.2665,DESCEND,DESCEND,-1.4453,0.0001,3.4168,0.2174,0.5400,0.4600,3.7291,0.0014,7.7565,22.4772,62.0000,0.0004,169.1888,31.8260,3.7291,0.0600,0.1000,0.2000,0.1400,0.2600,0.0600,0.0800,0.1000,206.2112,170.6648,0.0014,2.8567,2.1988,21.1710,0.0021,-0.0000,0.1838,0.0741,0.4922,4.1850,0.0035,1.4135,2.8516,0.3327,0.0017,0.2011,0.0543,0.0508,0.0213,-0.0537,0.9999,0.2818,-0.1370,3.8281,20.5338,-0.0152,1.0074,0.2715,-0.1630,-0.3380,0.0000,0.0000,0.8200,0.0162,5979.9085,20.1437,214.0929,0.6615,0.1809,34.9025,0.1833,0.3495,-25.5448,174.8104
58.3082,DESCEND,DESCEND,-1.8662,-0.0005,3.4542,0.0024,0.2632,0.6667,4.0645,0.0015,7.2216,18.3487,67.0000,0.0004,183.2596,24.2360,4.0645,0.0702,0.0175,0.1404,0.0702,0.2807,0.2281,0.1053,0.0877,230.3359,137.7415,0.0008,2.2827,2.7159,18.6680,0.0006,0.0000,0.1810,0.0383,0.5188,3.3377,0.0030,0.9963,4.3006,0.0011,0.0019,0.0949,0.0019,0.1223,0.0041,0.0836,0.9999,-0.4380,0.2280,4.0221,17.7720,-0.0219,0.9338,-1.6455,1.9347,2.2864,-0.0001,-0.0002,0.9123,0.0150,5992.3839,20.1118,215.3241,0.6713,0.1787,31.9002,0.1694,0.3848,-17.6164,207.5991
58.3500,DESCEND,DESCEND,-0.8824,-0.0010,2.2210,0.3139,0.2414,0.7586,3.9935,0.0590,6.7628,17.5334,63.0000,0.0004,183.2282,31.6861,3.9935,0.0862,0.1034,0.0345,0.0172,0.2586,0.1724,0.1724,0.1552,254.0915,133.5782,0.0012,4.4173,2.8939,19.5421,0.0001,-0.0000,0.1539,0.0735,0.4998,3.5023,0.0478,1.0704,5.0208,0.0641,0.0006,0.2610,0.0564,0.1473,0.0652,-0.0094,1.0002,0.0697,-0.0717,4.0459,17.2954,-0.0130,0.9338,-2.0118,2.0575,2.2969,-0.0001,-0.0001,0.8793,0.0142,5968.4915,20.0753,210.4012,0.6755,0.1747,0.0000,0.8111,0.2900,-8.2276,233.0678
58.3917,ASCEND,DESCEND,0.7072,0.0006,1.9597,5.1546,0.6842,0.2982,4.3890,0.0024,6.8258,17.4908,65.0000,0.0004,178.9245,43.8943,4.3890,0.1404,0.1754,0.0877,0.0175,0.1930,0.1930,0.0877,0.1053,285.9672,146.9874,0.0011,6.8427,2.9730,18.1894,0.0004,0.0000,0.1567,0.0831,0.5013,2.9640,0.0209,1.3544,5.2616,0.0892,0.0008,0.4656,0.0635,0.0963,0.0682,-0.0073,1.0000,0.0735,-0.0133,4.4288,17.0676,0.0107,0.9346,-2.3181,2.2976,2.3064,-0.0001,-0.0001,0.9123,0.0145,5928.4101,20.0487,215.8469,0.6785,0.1790,0.0000,0.8111,0.2900,1.8253,226.9651
58.4334,ASCEND,DESCEND,0.8057,0.0003,1.7095,4.6059,0.5593,0.4407,4.0942,0.0256,6.0467,15.4260,65.0000,0.0004,180.3006,50.1187,4.0942,0.0678,0.0508,0.1186,0.0508,0.0847,0.4746,0.0847,0.0678,296.2001,138.0767,0.0009,6.6464,2.7011,15.5726,-0.0001,-0.0000,0.1265,0.0813,0.4812,2.3951,0.0439,1.0452,5.0716,0.0752,0.0009,0.2474,0.0250,0.0814,0.1858,-0.0117,0.9996,0.1294,0.0814,4.1289,15.4304,0.0144,0.9455,-2.2491,0.8349,1.9722,-0.0001,-0.0001,0.9322,0.0139,5895.2981,19.6729,206.5432,0.6775,0.1830,1.2590,0.9000,0.3034,10.7051,189.2168
58.4751,ASCEND,DESCEND,1.6365,0.0132,2.7296,7.6310,0.6500,0.2833,4.3276,0.0287,6.3274,15.4244,63.0000,0.0004,179.6849,49.2953,4.3276,0.0833,0.1500,0.1167,0.0667,0.1500,0.2500,0.1000,0.0833,303.9292,150.4180,0.0017,7.1489,2.7650,15.8595,0.0012,-0.0000,0.1246,0.0713,0.4979,2.4225,0.0047,1.1318,5.0188,0.0718,0.0018,0.1993,0.0461,0.1431,0.1575,-0.0018,1.0004,-0.0138,-0.0818,4.3671,15.1402,0.0239,0.9451,-2.1913,1.0620,1.8834,-0.0001,-0.0000,0.9667,0.0137,5832.4247,19.6333,212.6260,0.6778,0.1798,1.2590,0.9000,0.3034,17.6092,105.9464
58.5168,ASCEND,DESCEND,2.2013,0.0228,4.4453,13.0776,0.7000,0.3000,5.1426,0.0706,10.1679,29.1415,59.0000,0.0003,177.6187,42.6385,5.1426,0.0800,0.2600,0.1600,0.0000,0.1400,0.1600,0.1600,0.0400,289.3273,164.9052,0.0018,12.8011,4.7587,30.0181,0.0038,0.0000,0.2282,0.0828,0.5033,4.4966,0.1217,1.4692,8.9240,0.0415,0.0009,0.1853,0.0460,0.1717,0.1699,-0.0408,1.0003,0.1505,-0.1152,5.2194,28.8791,0.0266,1.0255,-2.4840,-32.6576,-7.6713,-0.0001,0.0002,0.8800,0.0119,5972.8842,19.2819,205.7958,0.6821,0.1186,0.0000,0.8111,0.2900,19.5428,0.6392
58.5585,ASCEND,DESCEND,0.5145,0.0004,1.1501,3.4415,0.6731,0.3269,2.2331,0.0048,4.4525,13.3825,56.0000,0.0003,186.2864,39.5279,2.2331,0.0385,0.0962,0.2500,0.0962,0.1731,0.0962,0.0962,0.1538,284.5883,148.2614,0.0008,1.9987,1.8635,14.6316,0.0041,-0.0000,0.1028,0.0257,0.4928,2.7128,0.0848,0.3137,3.1474,0.0175,0.0007,0.0623,0.0125,0.1152,0.0298,-0.0162,0.9994,0.1755,0.1958,2.3099,12.9314,0.0073,0.9568,-1.5429,1.1355,1.6285,-0.0001,-0.0001,0.9615,0.0120,5958.4282,19.3184,210.5061,0.6834,0.1085,0.0000,0.8111,0.2900,17.6625,-77.3328
58.6002,STABLE,DESCEND,0.0034,0.0001,0.4810,0.4063,0.5833,0.3958,1.2618,0.0013,3.3568,12.6197,62.0000,0.0004,186.5573,32.1677,1.2618,0.1458,0.1250,0.2083,0.0625,0.2292,0.0625,0.1042,0.0625,264.1224,144.3164,0.0009,0.6910,1.4479,15.7145,0.0042,-0.0000,0.1049,0.0245,0.4948,3.9086,0.0561,0.3481,1.7699,0.0152,0.0006,0.0211,0.0284,0.1010,0.0730,-0.0099,1.0002,0.0043,-0.0958,1.2791,11.8865,-0.0003,1.0031,0.1925,-0.1674,-0.3164,0.0000,0.0000,0.9167,0.0111,5937.7961,19.0902,205.5670,0.6953,0.1073,0.0000,0.8111,0.2900,13.0919,-166.1494
58.6419,DESCEND,DESCEND,-0.2061,0.0001,0.6695,0.1279,0.5192,0.4615,1.0943,0.0056,3.1940,12.2824,61.0000,0.0004,187.6205,28.6597,1.0943,0.1731,0.1731,0.2308,0.1154,0.0769,0.0962,0.0577,0.0769,259.0284,140.3516,0.0010,0.4929,1.3661,13.5161,0.0053,0.0000,0.1031,0.0233,0.5007,3.6861,0.0405,0.3424,1.5461,0.0302,0.0011,0.0251,0.0345,0.0661,0.0511,0.0634,0.9998,-0.3019,0.2690,1.1101,11.4646,-0.0021,0.9977,-0.0989,-0.1823,0.3033,-0.0000,-0.0000,0.9231,0.0123,5907.4027,19.4405,212.6954,0.6855,0.1083,1.2590,0.9000,0.3034,3.8029,-238.0480
58.6836,DESCEND,DESCEND,-0.5829,-0.0002,1.5018,0.0340,0.3393,0.6429,1.5028,0.0024,3.7120,11.5102,69.0000,0.0004,184.3640,24.8281,1.5028,0.0357,0.0893,0.1607,0.1250,0.2321,0.1250,0.1071,0.1250,239.6376,145.2274,0.0006,0.3161,1.3740,11.5198,0.0056,0.0000,0.0993,0.0074,0.5040,3.9039,0.0385,0.3600,1.6108,0.0048,0.0008,0.0114,0.0099,0.0429,0.0065,0.0032,0.9996,0.0332,0.1644,1.5219,11.2975,-0.0063,1.0013,0.0214,-0.1534,0.1533,0.0000,0.0000,0.8750,0.0127,5959.2057,19.5016,216.6806,0.6849,0.1093,0.0000,0.8111,0.2900,-6.7653,-206.8306
58.7253,DESCEND,DESCEND,-0.7592,-0.0022,1.7512,0.5161,0.4576,0.5424,2.4751,0.3582,4.0902,11.1390,66.0000,0.0004,178.6998,25.6697,2.4751,0.1186,0.2034,0.1017,0.0508,0.2203,0.1186,0.0847,0.1017,245.1311,152.7641,0.0018,1.1962,1.4806,11.3010,0.0066,0.0000,0.1119,0.0810,0.5044,3.7065,0.2000,0.4428,1.8614,0.0904,0.0008,0.1358,0.0981,0.1532,0.1274,-0.0267,0.9992,0.3654,0.3144,2.5489,11.2015,-0.0087,0.9563,-1.6249,-3.8767,7.6299,-0.0001,-0.0000,0.8644,0.0135,5998.4986,19.9643,226.3535,0.6855,0.1064,0.0000,0.8111,0.2900,-13.4503,-159.8369
58.7670,DESCEND,DESCEND,-1.0445,-0.0020,1.8050,0.0943,0.3065,0.6935,2.6433,0.0483,4.1966,10.1399,65.0000,0.0004,178.0024,24.2158,2.6433,0.1129,0.0484,0.1129,0.1613,0.2097,0.1452,0.1774,0.0323,255.8075,147.2820,0.0022,0.9387,1.5649,10.2620,0.0068,-0.0000,0.1111,0.0310,0.4959,3.1715,0.2708,0.5088,2.0494,0.0166,0.0015,0.0290,0.0234,0.1252,0.0320,1.5475,0.9923,-6.7215,8.1866,2.4779,9.3316,0.0099,0.9624,-0.6425,-0.0251,2.4551,-0.0000,-0.0001,0.9194,0.0134,6031.1332,19.8012,216.7429,0.6844,0.1089,1.2590,0.9000,0.3034,-20.0983,-118.3103
58.8087,DESCEND,DESCEND,-1.0305,-0.0010,1.8580,0.1657,0.4062,0.5938,2.5153,0.0554,3.8450,9.1003,68.0000,0.0004,183.5944,29.4191,2.5153,0.0469,0.1250,0.1875,0.0781,0.2188,0.1562,0.0781,0.1094,255.4391,127.9140,0.0012,1.0770,1.5460,10.5146,0.0072,0.0000,0.1033,0.0344,0.5131,3.5181,0.5360,0.5571,1.8911,0.0368,0.0008,0.0306,0.0192,0.0871,0.0307,1.4098,0.9925,-6.0392,7.5770,2.3268,8.4211,0.0095,0.9645,-1.6029,-4.8401,8.3580,-0.0001,0.0000,0.9219,0.0145,6054.5177,20.2896,228.8693,0.6838,0.1097,0.0000,0.0056,0.5900,-23.3193,-41.2376
58.8505,DESCEND,DESCEND,-0.8790,-0.0026,1.7486,0.1430,0.2923,0.7077,2.3983,0.1266,3.5510,9.7284,73.0000,0.0004,183.7571,30.6657,2.3983,0.0769,0.0769,0.0769,0.1385,0.2769,0.1538,0.1231,0.0769,253.2030,124.6429,0.0014,1.6832,1.5279,9.8140,0.0085,0.0000,0.1070,0.0391,0.5118,3.1109,0.8885,0.6204,1.7044,0.0263,0.0008,0.0274,0.0273,0.0631,0.0228,1.3251,0.9951,-6.0405,7.2173,1.9627,7.5120,0.0042,0.9886,-1.3436,-10.1387,6.9449,-0.0001,0.0001,0.9385,0.0156,6050.2061,20.8356,236.4776,0.6823,0.1094,0.0000,0.8111,0.3700,-23.5382,-32.6102
58.8922,DESCEND,DESCEND,-0.9463,-0.0039,2.0491,1.7570,0.3429,0.6286,2.5614,0.0270,3.3782,8.5057,76.0000,0.0004,187.1767,42.1949,2.5614,0.0429,0.0429,0.1714,0.2000,0.2857,0.1143,0.1000,0.0429,255.8041,107.0926,0.0010,3.7090,1.4910,10.1160,0.0060,0.0000,0.1161,0.0286,0.5024,2.1733,1.0132,0.8215,1.5353,0.0449,0.0010,0.0062,0.0105,0.1174,0.0026,1.1482,0.9939,-4.9017,6.4451,1.6894,6.7196,0.0056,0.9700,-1.1352,-3.4104,6.2188,-0.0001,0.0000,0.9571,0.0165,6054.5610,21.1795,244.1867,0.6806,0.1094,0.0000,0.8111,0.3700,-26.0395,-68.9624
58.9339,DESCEND,DESCEND,-0.9850,-0.0006,2.2112,1.9399,0.4366,0.5634,2.4965,0.1573,3.0991,8.0547,80.0000,0.0005,188.3530,43.7094,2.4965,0.0423,0.1268,0.1549,0.2254,0.2113,0.0986,0.0704,0.0704,246.4980,102.2144,0.0014,5.2954,1.5564,13.9771,0.0057,0.0000,0.1299,0.0489,0.5052,2.6072,1.2355,1.0604,1.5549,0.0134,0.0008,0.0360,0.0358,0.0851,0.0314,1.0485,0.9939,-4.3902,6.2401,1.5775,6.2559,0.0040,0.9710,-0.8784,-2.5752,5.2511,-0.0001,-0.0000,0.9718,0.0166,6076.0523,21.5758,240.5508,0.6801,0.1108,0.0000,0.8111,0.3667,-29.2908,-76.6993
58.9756,DESCEND,DESCEND,-0.8556,-0.0008,2.3747,2.8053,0.4000,0.6000,2.5428,0.2567,3.0333,8.3049,97.0000,0.0006,189.5840,45.4384,2.5428,0.0267,0.0800,0.1467,0.3333,0.1467,0.0400,0.1467,0.0800,244.9565,99.5906,0.0014,5.2575,1.5534,12.3224,0.0053,0.0000,0.1278,0.0598,0.5085,2.9273,1.4154,1.0751,1.5086,0.0310,0.0007,0.0679,0.0282,0.0488,0.0670,0.9598,0.9939,-4.0249,5.9627,1.5092,5.7337,0.0029,0.9754,-0.9088,-3.5740,5.7797,-0.0001,0.0000,1.0000,0.0167,6088.8178,21.9686,247.1874,0.6795,0.1101,0.0000,0.8111,0.3667,-32.4375,-75.7457
59.0173,DESCEND,DESCEND,-1.5208,-0.0005,2.7660,1.7544,0.4066,0.5934,3.2108,1.0166,3.1792,7.4254,96.0000,0.0006,181.6697,42.8666,3.2108,0.0549,0.0769,0.1758,0.4725,0.0769,0.0440,0.0659,0.0330,221.8817,104.6206,0.0011,6.0086,1.6240,7.3567,0.0082,0.0000,0.1292,0.0404,0.5039,2.3056,1.4388,1.3629,1.6689,0.0422,0.0010,0.0425,0.0083,0.0443,0.0514,0.9238,0.9927,-3.6096,6.4948,1.5497,5.6711,0.0003,0.9716,-0.6320,-2.4821,5.3204,-0.0000,-0.0000,0.9780,0.0170,6128.4590,22.0579,246.9115,0.6752,0.1107,8.8580,0.0722,0.5195,-35.6093,-68.9260
59.0590,DESCEND,DESCEND,-1.6641,-0.0002,2.8765,1.6426,0.4505,0.5495,3.5284,5.6716,3.1978,7.6889,98.0000,0.0006,179.1910,39.8899,3.5284,0.0549,0.1209,0.1429,0.5165,0.0330,0.0220,0.0110,0.0989,206.3865,113.7785,0.0016,5.9696,1.7031,8.3192,0.0067,0.0000,0.1387,0.0721,0.5080,2.1505,1.7093,1.4443,1.8409,0.0451,0.0009,0.1046,0.0267,0.0708,0.0951,0.9262,0.9924,-3.6237,6.8893,1.5491,4.6415,0.0002,0.9785,-0.6214,-3.9237,5.9806,-0.0000,-0.0000,0.9890,0.0181,6160.5998,22.4312,245.5730,0.6735,0.1130,0.0000,0.8111,0.3667,-38.1871,-55.2788
59.1007,DESCEND,DESCEND,-2.1004,-0.0029,2.6753,0.3278,0.3441,0.6559,3.3024,5.2684,2.9796,6.6615,105.0000,0.0006,179.4153,41.1220,3.3024,0.0430,0.0968,0.2581,0.4409,0.0215,0.0000,0.0860,0.0538,185.2574,121.4280,0.0010,5.8301,1.6729,7.3507,0.0046,0.0000,0.1247,0.0522,0.5058,1.9126,1.6530,1.5870,1.9866,0.0344,0.0009,0.1105,0.0052,0.0373,0.0023,0.7418,0.9895,-2.1634,6.5595,1.3308,2.9161,0.0017,0.9758,-0.5167,-2.5285,6.1168,-0.0000,-0.0000,1.0000,0.0186,6209.1046,22.6790,255.0602,0.6713,0.1133,-5.1173,0.0556,0.4485,-40.2205,-35.2270
59.1424,DESCEND,DESCEND,-1.9489,-0.4074,2.2740,0.0954,0.2178,0.7822,3.2515,4.5197,2.6308,6.3518,102.0000,0.0006,179.1145,40.9293,3.2515,0.0099,0.0792,0.3564,0.3366,0.0396,0.0396,0.0693,0.0693,180.6655,132.4107,0.0021,5.1772,1.5562,6.8507,0.0028,0.0000,0.1194,0.0736,0.5001,1.5507,1.8203,1.6067,1.5462,0.0617,0.0007,0.0608,0.0357,0.1629,0.0320,0.6900,0.9907,-1.8818,6.2612,1.4597,5.2562,0.0025,0.9811,-0.5865,-2.7057,6.2621,-0.0000,0.0000,1.0000,0.0188,6261.4188,22.5403,237.8742,0.6679,0.1143,7.7218,0.0889,0.3969,-41.1256,12.3408
59.1841,DESCEND,DESCEND,-1.8706,-1.1154,1.9386,0.0294,0.2143,0.7857,2.9242,3.7658,2.5829,7.7894,102.0000,0.0006,181.5491,40.4858,2.9242,0.0408,0.0408,0.3571,0.2959,0.0612,0.0306,0.1020,0.0714,170.9822,149.0746,0.0020,4.6112,1.5156,8.4744,0.0009,0.0000,0.1210,0.0854,0.5135,2.3857,2.0659,1.5056,1.3346,0.1171,0.0009,0.0460,0.0399,0.1420,0.0187,0.6692,0.9920,-1.8479,5.9280,1.4539,4.3575,0.0007,0.9853,-0.7008,-2.8981,6.5964,-0.0000,0.0000,0.9898,0.0191,6267.4666,22.4406,230.3895,0.6658,0.1156,6.1028,0.1139,0.5330,-39.1910,31.1711
59.2258,DESCEND,DESCEND,-1.6328,-1.2179,1.6132,0.0036,0.1818,0.8182,2.4047,2.4160,2.4035,10.9189,101.0000,0.0006,180.6033,41.7221,2.4047,0.0404,0.1212,0.4141,0.1818,0.0404,0.0505,0.1111,0.0404,171.3835,148.7195,0.0024,3.9888,1.2948,7.3185,0.0002,0.0000,0.0874,0.0687,0.5187,1.7776,1.8982,1.3086,0.9088,0.2588,0.0018,0.0512,0.0275,0.0882,0.0174,0.5078,0.9925,-0.6023,5.0232,1.2829,3.0534,-0.0010,0.9875,-0.7794,-1.5324,6.6035,-0.0000,0.0000,0.9899,0.0183,6323.4328,22.8424,243.6317,0.6649,0.1140,-4.8566,0.1028,0.5118,-38.5255,32.3485
59.2675,DESCEND,DESCEND,-1.3610,-0.5413,1.4602,0.0011,0.1818,0.8081,2.0695,1.4492,2.1869,7.8631,105.0000,0.0006,177.9326,44.0322,2.0695,0.0101,0.0808,0.4141,0.1818,0.0909,0.1313,0.0606,0.0303,174.7058,138.7035,0.0019,3.6317,1.2067,8.0366,0.0001,-0.0000,0.0705,0.0440,0.4887,2.1292,2.0402,1.1247,0.5745,0.0224,0.0022,0.0594,0.0077,0.0487,0.0064,0.4314,0.9921,-0.0002,4.5792,1.3204,3.3386,0.0006,0.9771,-1.0747,1.2791,7.2444,-0.0000,-0.0000,0.9899,0.0199,6348.4090,22.9963,251.1120,0.6635,0.1147,-2.9903,0.0917,0.4473,-36.4926,75.6876
59.3092,DESCEND,DESCEND,-1.1330,-0.3064,1.4470,0.0169,0.2330,0.7670,2.1844,1.4075,2.3614,8.3217,110.0000,0.0006,173.3929,43.9166,2.1844,0.0194,0.1165,0.3495,0.1456,0.0874,0.1456,0.0874,0.0485,185.6094,131.9215,0.0021,3.6139,1.3454,9.2735,0.0000,-0.0000,0.0869,0.0683,0.4906,2.1162,2.5408,0.8682,0.7890,0.0644,0.0017,0.0915,0.0203,0.1673,0.0703,0.2263,0.9988,-0.7597,1.3539,1.8635,5.7464,-0.0140,0.9832,-1.2586,1.0310,7.4720,-0.0000,0.0000,0.9903,0.0195,6373.0108,22.9355,242.6736,0.6617,0.1153,-5.9700,0.1111,0.5128,-32.2118,84.7809
59.3510,DESCEND,DESCEND,-0.9500,-0.3136,1.3165,0.2349,0.3208,0.6792,2.5402,1.4658,2.7904,9.6954,110.0000,0.0006,167.7292,51.0868,2.5402,0.0377,0.0755,0.4623,0.0660,0.0849,0.1698,0.0283,0.0755,193.7664,116.3559,0.0021,4.2939,1.6015,10.7444,0.0002,-0.0000,0.0929,0.0694,0.4942,2.9166,3.1725,0.9176,1.0355,0.0678,0.0012,0.0374,0.0111,0.1038,0.0504,0.2183,0.9991,-0.8271,1.1576,2.2398,7.0807,-0.0152,0.9958,-1.5235,-1.6059,8.5762,-0.0000,0.0000,0.9811,0.0200,6378.7677,23.3469,250.3856,0.6610,0.1138,-8.2024,0.1556,0.3738,-29.4205,76.4283
59.3927,DESCEND,DESCEND,-0.9205,-0.6571,1.3031,0.0812,0.1944,0.8056,2.7960,1.8315,3.0210,11.0032,124.0000,0.0007,167.8387,59.6233,2.7960,0.0278,0.0556,0.3704,0.1019,0.1204,0.1852,0.0648,0.0741,195.1929,102.2442,0.0023,5.3004,1.8294,10.7335,-0.0010,-0.0000,0.0979,0.0681,0.4989,3.2950,3.8854,1.0258,1.2692,0.0929,0.0021,0.0816,0.0351,0.0554,0.0129,0.2739,0.9986,-1.1159,1.5725,2.3367,7.0770,-0.0160,0.9703,-1.8278,2.5057,9.7253,-0.0001,0.0000,0.9444,0.0203,6404.7103,23.4677,250.4648,0.6606,0.1137,-8.2024,0.1667,0.3738,-25.8364,62.2466
59.4344,DESCEND,DESCEND,-0.9109,-0.5281,1.4073,1.3634,0.2966,0.7034,3.5528,2.9118,3.2406,11.4578,121.0000,0.0007,164.8973,63.5073,3.5528,0.0254,0.1102,0.3729,0.1186,0.1356,0.1186,0.0593,0.0593,191.9036,94.2205,0.0029,6.0277,2.0970,12.6291,-0.0013,-0.0000,0.1205,0.1003,0.4978,2.8031,4.5718,1.2829,1.3468,0.1476,0.0013,0.3101,0.1725,0.1006,0.1519,0.5165,0.9957,-1.4684,3.5923,2.4480,6.2359,-0.0089,0.9849,-1.9742,-1.2537,10.7430,-0.0000,0.0000,0.9831,0.0191,6413.5812,23.3424,242.3753,0.6566,0.1151,0.9629,0.1444,0.3967,-24.2281,22.5840
59.4761,DESCEND,DESCEND,-1.6354,-0.0658,4.1574,4.8995,0.3878,0.6122,8.0561,8.1335,7.0291,22.2838,110.0000,0.0006,167.7222,67.7522,8.0561,0.0204,0.1020,0.3776,0.1224,0.1837,0.1020,0.0612,0.0306,187.9469,91.5034,0.0040,14.9235,4.8299,29.9629,-0.0043,0.0000,0.2916,0.2147,0.5012,5.7016,11.2618,3.5290,3.1054,0.3863,0.0013,0.3084,0.1134,0.1449,0.1534,4.1750,1.0009,-9.3165,22.7268,6.1448,16.6359,-0.0255,0.9245,-4.9793,0.4045,25.3696,-0.0002,0.0000,0.9286,0.0211,6382.6160,23.9489,256.1051,0.6534,0.1135,-12.9614,0.1472,0.4310,-23.9526,22.1736
59.5178,DESCEND,DESCEND,-0.8155,-0.0001,3.2329,4.1838,0.4673,0.5327,4.9684,5.5070,4.1688,12.4465,136.0000,0.0008,167.7971,72.1521,4.9684,0.0374,0.0561,0.3832,0.1308,0.1308,0.1028,0.0654,0.0935,175.8897,87.3006,0.0024,9.3859,2.9744,14.0407,-0.0001,-0.0000,0.1717,0.1169,0.4894,2.3752,7.1078,2.5814,1.8055,0.6240,0.0018,0.0094,0.0994,0.0915,0.0188,1.5367,0.9886,-4.3391,11.1140,2.2637,6.5931,0.0083,0.9681,-2.4032,-2.7099,13.3986,-0.0001,0.0000,1.0000,0.0217,6371.2695,24.2482,255.5999,0.6505,0.1154,-19.6803,0.2083,0.4850,-22.3784,23.0125
59.5595,DESCEND,DESCEND,-0.7901,-0.0001,4.1331,5.5382,0.4640,0.5280,5.7627,6.4915,4.3327,13.7147,137.0000,0.0008,163.0997,79.1973,5.7627,0.0240,0.0800,0.3760,0.2160,0.1360,0.1040,0.0400,0.0240,168.8777,78.7589,0.0030,9.8738,3.2530,13.5104,0.0003,0.0000,0.1892,0.1330,0.5112,2.6313,7.9192,3.0628,1.8484,0.7149,0.0018,0.1851,0.0381,0.0987,0.0135,1.6764,0.9858,-4.9134,11.9921,2.3257,8.0114,0.0147,0.9718,-2.3926,-4.2733,13.2700,-0.0001,0.0000,1.0000,0.0225,6355.7395,24.6808,261.0826,0.6427,0.1176,-26.9728,0.2472,0.4189,-22.0329,20.3093
59.6012,DESCEND,DESCEND,-0.9931,-0.0051,4.3861,5.4138,0.4151,0.5849,6.1775,7.2241,5.0860,21.9258,140.0000,0.0008,171.3560,75.0643,6.1775,0.0472,0.1038,0.3396,0.1981,0.1038,0.0755,0.0943,0.0377,158.0437,88.4145,0.0049,10.5018,3.4908,13.5131,-0.0009,-0.0000,0.2011,0.1643,0.4935,2.5287,8.6265,3.3423,1.7438,1.0170,0.0013,0.1022,0.0576,0.2271,0.1471,1.6361,0.9791,-3.8900,12.2615,2.8720,9.3159,0.0333,0.9709,-2.4106,-4.6031,13.5120,-0.0001,0.0000,0.9717,0.0232,6033.5465,24.6152,264.7686,0.6436,0.1129,-10.2733,0.1694,0.5420,-20.6843,45.2505
59.6429,DESCEND,DESCEND,-0.5998,-0.0000,5.3787,8.3720,0.4692,0.5231,6.8141,8.4154,4.8414,13.6056,142.0000,0.0008,158.0631,83.8870,6.8141,0.0231,0.1077,0.3769,0.2462,0.0923,0.0692,0.0385,0.0462,149.7767,81.9543,0.0010,11.0303,3.7861,13.6399,0.0011,0.0000,0.2069,0.1354,0.5028,3.1452,9.3319,3.9821,1.9820,1.3678,0.0013,0.0002,0.1082,0.0775,0.0030,1.9238,0.9877,-6.3192,12.6099,2.2183,8.3320,0.0001,0.9688,-2.5192,-5.6579,13.9864,-0.0001,0.0001,0.9846,0.0246,6031.0302,24.9648,269.6778,0.6334,0.1167,-12.0023,0.2028,0.4328,-18.2583,54.8930
59.6846,DESCEND,DESCEND,-0.9106,-0.0006,5.7359,9.5125,0.4148,0.5704,7.1604,8.7813,4.9916,14.7350,172.0000,0.0010,154.4478,86.5127,7.1604,0.0296,0.0815,0.3852,0.2593,0.0741,0.0815,0.0222,0.0667,138.0828,87.9765,0.0025,11.4953,3.9716,15.6234,0.0018,-0.0000,0.2108,0.1459,0.4957,2.9328,9.7955,4.0953,2.0523,1.9213,0.0018,0.0457,0.0815,0.0663,0.0204,2.0073,0.9914,-7.9577,12.6887,2.1136,6.5382,-0.0008,0.9713,-2.5259,-6.5514,13.8556,-0.0001,0.0001,0.9926,0.0246,6024.6457,25.2089,270.3707,0.6276,0.1187,-26.8915,0.2750,0.5232,-16.1053,57.3669
59.7263,DESCEND,DESCEND,-0.6936,-0.0002,6.0581,10.0539,0.4774,0.5226,7.2144,9.2895,4.8551,14.0628,165.0000,0.0010,151.9206,91.2471,7.2144,0.0387,0.1032,0.3355,0.3032,0.0710,0.0839,0.0387,0.0258,136.4169,84.7511,0.0032,11.3566,3.9874,14.7583,0.0049,0.0000,0.2236,0.1863,0.5086,2.6721,9.6972,4.3975,2.0423,2.0847,0.0020,0.0867,0.0360,0.1348,0.0411,2.0288,0.9951,-9.1803,12.3744,2.3167,8.3551,-0.0104,0.9784,-2.3097,-8.3732,13.0460,-0.0001,0.0001,0.9419,0.0259,6021.4645,25.7549,267.8198,0.6196,0.1231,-28.0016,0.2639,0.4757,-13.4729,46.8089
59.7680,DESCEND,DESCEND,-0.0948,0.0001,6.2265,10.1422,0.5229,0.4706,7.0186,9.6603,4.8903,12.5923,165.0000,0.0010,149.5311,91.5079,7.0186,0.0261,0.1111,0.3333,0.3529,0.0654,0.0588,0.0261,0.0261,139.9894,80.8778,0.0027,11.2893,3.9679,13.6503,0.0066,0.0000,0.2239,0.1724,0.5041,3.2185,9.5542,4.4320,2.0287,2.2415,0.0024,0.0890,0.2512,0.1187,0.0795,1.9185,0.9948,-9.1985,11.6402,2.3681,8.8617,-0.0003,0.9676,-2.1664,-7.6310,12.4155,-0.0001,0.0001,0.9804,0.0253,6031.4171,25.5830,260.1975,0.6244,0.1261,-17.0490,0.1778,0.5230,-12.2007,1.0005
59.8097,DESCEND,DESCEND,-0.7106,-0.0015,6.4258,10.6129,0.4326,0.5674,6.9392,10.2334,5.0907,13.3581,166.0000,0.0010,150.2755,91.4347,6.9392,0.0142,0.1277,0.1631,0.4539,0.0496,0.0709,0.0993,0.0213,142.2418,85.7232,0.0060,11.3743,3.9870,13.5708,0.0084,0.0000,0.2425,0.2113,0.5089,3.7098,9.2755,4.8085,1.9844,2.1931,0.0027,0.0627,0.3910,0.3051,0.1648,1.9082,0.9944,-9.6877,11.9464,3.0059,10.1798,-0.0129,0.9623,-1.9019,-7.4898,12.4257,-0.0001,0.0000,0.9433,0.0244,5772.7071,25.4187,269.0646,0.6075,0.1532,-32.9694,0.3278,0.4410,-13.3895,-7.8629
59.8515,DESCEND,DESCEND,-0.1856,0.0000,6.8292,11.1260,0.5287,0.4586,6.9734,10.6669,5.2974,12.4594,168.0000,0.0010,145.8233,89.4045,6.9734,0.0573,0.1083,0.1146,0.5287,0.0255,0.0701,0.0828,0.0127,139.9877,85.7707,0.0017,11.5590,4.0670,12.6677,0.0076,-0.0000,0.2286,0.1530,0.4965,3.4959,9.1539,4.8530,1.9239,2.2819,0.0022,0.0092,0.0115,0.0408,0.0242,1.9005,0.9956,-10.2354,11.5296,3.3661,10.6852,-0.0082,0.9605,-1.6739,-7.5291,11.5789,-0.0001,0.0000,0.9108,0.0243,5777.0433,25.5120,266.2280,0.6013,0.1534,-25.9964,0.2806,0.6008,-12.8566,2.9290
59.8932,DESCEND,DESCEND,-0.3649,0.0004,6.9464,11.3315,0.5098,0.4902,7.0505,10.8810,5.4162,12.9183,178.0000,0.0010,144.8218,87.5406,7.0505,0.0458,0.0850,0.0850,0.5686,0.0392,0.0523,0.0654,0.0588,138.6900,94.3107,0.0071,11.8051,4.1479,12.9044,0.0097,0.0000,0.2344,0.2036,0.5065,3.6511,8.9941,5.2454,2.2505,2.4193,0.0024,0.1529,0.2367,0.1843,0.1409,1.0819,0.9970,-10.2635,9.6079,3.8987,10.9271,-0.0141,0.9640,-1.5609,-8.7952,11.4118,-0.0001,0.0000,0.9020,0.0254,5810.3587,25.9568,270.6468,0.5950,0.1549,-26.8340,0.2611,0.6351,-13.1452,-5.7885
59.9349,DESCEND,DESCEND,-0.7128,0.0003,7.0490,11.4864,0.5422,0.4578,7.0900,11.1954,5.4215,11.9582,180.0000,0.0010,143.9034,85.3077,7.0900,0.0361,0.1205,0.0602,0.6205,0.0241,0.0241,0.0542,0.0602,139.6387,97.7315,0.0026,11.6177,4.1996,12.4052,0.0096,-0.0000,0.2224,0.1287,0.4999,3.3728,8.8024,5.5182,2.2758,2.4993,0.0031,0.0446,0.0630,0.0621,0.0403,0.7654,0.9976,-9.8334,8.7715,4.0395,11.2126,-0.0135,0.9745,-1.1405,-10.2533,10.2648,-0.0001,0.0001,0.9217,0.0262,5832.4070,26.2684,278.1940,0.5910,0.1552,-17.9691,0.1556,0.5186,-13.3394,21.6239
59.9766,DESCEND,DESCEND,-0.5200,0.0048,6.7758,10.8918,0.5858,0.4142,6.9866,10.8319,5.1082,11.9162,180.0000,0.0010,142.3927,85.3867,6.9866,0.0178,0.1420,0.0947,0.6213,0.0118,0.0296,0.0592,0.0237,137.2850,96.4205,0.0045,11.1601,4.0514,12.0900,0.0096,0.0000,0.2183,0.1765,0.5037,3.4531,8.5793,5.4269,2.3187,2.5819,0.0066,0.1051,0.3969,0.0204,0.0736,0.6565,0.9954,-9.1770,8.2852,4.0063,11.4509,-0.0088,0.9629,-1.0751,-7.4102,10.0206,-0.0001,0.0000,0.8876,0.0258,5871.4284,26.3281,273.0119,0.5857,0.1583,-14.9314,0.2167,0.5175,-11.3414,61.9715
60.0183,DESCEND,DESCEND,-0.7668,0.0002,6.5515,10.4765,0.5412,0.4588,6.6514,10.3920,4.9995,11.3127,178.0000,0.0010,141.5206,85.4547,6.6514,0.0647,0.1059,0.0706,0.6471,0.0176,0.0176,0.0294,0.0471,132.0164,101.7711,0.0028,10.6213,3.9295,12.2887,0.0083,-0.0000,0.2135,0.1299,0.4971,3.1335,8.0538,5.3873,2.1699,2.6675,0.0078,0.0627,0.0134,0.0424,0.0370,0.5665,0.9968,-8.9229,7.5722,3.7129,10.1540,-0.0125,0.9815,-0.9484,-9.9858,9.5029,-0.0000,0.0000,0.8882,0.0252,5907.4050,26.2091,270.4294,0.5766,0.1613,-19.8906,0.2167,0.7054,-8.1700,109.2618
60.0600,DESCEND,DESCEND,-0.1943,0.0095,6.5468,10.3982,0.6074,0.3926,6.6756,10.1018,4.9182,12.2959,180.0000,0.0010,142.7744,86.3210,6.6756,0.0245,0.0982,0.1104,0.6380,0.0245,0.0368,0.0307,0.0368,135.7747,98.5318,0.0074,10.6238,3.8621,12.2829,0.0075,-0.0000,0.2251,0.1838,0.4981,3.8044,7.9902,5.3276,2.1082,2.8978,0.0146,0.2009,0.2437,0.0818,0.1558,0.7749,0.9967,-9.2547,7.8472,3.4170,9.4009,-0.0095,0.9839,-1.4440,-10.6889,9.9798,-0.0001,0.0000,0.8957,0.0253,5929.4618,26.6151,280.1734,0.5707,0.1697,-21.8624,0.1806,0.5818,-2.2271,153.6437
60.1017,STABLE,DESCEND,0.0565,0.0006,6.5689,10.6747,0.5802,0.4198,6.6363,10.1704,4.9231,11.2661,187.0000,0.0011,145.8866,86.6974,6.6363,0.0494,0.1481,0.0864,0.6111,0.0123,0.0309,0.0247,0.0370,138.2940,95.5523,0.0029,10.8654,4.0031,11.7528,0.0078,-0.0000,0.2202,0.1394,0.4926,3.4060,8.5450,5.6302,2.0391,3.2771,0.0150,0.0488,0.0888,0.0327,0.0250,0.9182,0.9975,-9.6666,8.2500,3.5408,9.9530,-0.0080,0.9789,-1.5288,-10.2171,10.1688,-0.0001,0.0001,0.9506,0.0264,5967.0382,26.8842,288.6499,0.5772,0.1750,-24.7981,0.2028,0.5802,4.6465,158.0073
60.1434,ASCEND,DESCEND,0.1929,0.0001,6.0183,9.7284,0.5091,0.4909,6.7473,9.6509,4.6711,11.4473,184.0000,0.0011,141.7248,84.7605,6.7473,0.0364,0.1212,0.0606,0.5697,0.0485,0.0303,0.0970,0.0364,146.1295,92.9233,0.0093,10.7718,3.8154,11.9838,0.0096,0.0000,0.2164,0.2069,0.5097,3.4071,8.4065,5.1841,2.0750,2.8943,0.0248,0.2197,0.3497,0.1997,0.3507,1.9037,0.9935,-9.8229,10.3364,3.0274,11.5137,-0.0050,0.9801,-1.6095,-9.9628,10.4441,-0.0001,0.0000,0.8606,0.0255,5745.5724,26.4654,270.3729,0.5565,0.2007,-24.8913,0.2444,0.4593,10.9533,182.1745
60.1851,ASCEND,DESCEND,1.0638,0.0288,6.2201,9.9458,0.6488,0.3512,6.9093,9.7479,4.7527,11.7683,186.0000,0.0011,141.1746,84.6637,6.9093,0.0238,0.1131,0.1369,0.5357,0.0714,0.0476,0.0417,0.0298,150.2464,85.0528,0.0038,11.2396,4.0493,12.2622,0.0101,-0.0000,0.2260,0.1628,0.4870,3.8010,9.0072,5.1880,2.4666,3.1600,0.0300,0.0892,0.0158,0.1079,0.2882,1.9353,0.9989,-11.1065,9.8610,2.8314,10.1511,-0.0114,0.9721,-1.9039,-9.5499,9.9773,-0.0001,0.0001,0.9464,0.0263,5752.9030,26.1671,269.9782,0.5532,0.2077,-24.8713,0.2722,0.5548,19.8429,247.9059
60.2268,ASCEND,DESCEND,1.5696,0.1023,6.1628,9.9276,0.5614,0.3041,7.0106,9.7692,4.8063,12.4579,183.0000,0.0011,143.7253,85.0756,7.0106,0.1462,0.0760,0.1228,0.5029,0.0526,0.0468,0.0175,0.0351,153.4021,76.5216,0.0022,11.1953,4.0184,12.5582,0.0098,0.0000,0.2316,0.1746,0.5095,3.6302,8.4992,5.2930,2.5715,3.2705,0.0276,0.0606,0.0090,0.0504,0.0279,1.9981,0.9990,-11.3016,9.9259,2.8606,10.1289,-0.0140,0.9886,-2.0117,-11.3207,9.9120,-0.0001,0.0001,0.9006,0.0254,5788.3956,26.1028,271.8093,0.5538,0.2073,-26.0754,0.1972,0.5233,31.6328,234.5870
60.2685,ASCEND,DESCEND,1.9681,0.5075,6.1806,10.2320,0.6000,0.3394,6.9549,9.9786,5.0187,12.6837,186.0000,0.0011,146.4160,86.4598,6.9549,0.0788,0.0909,0.1152,0.5030,0.0606,0.0485,0.0424,0.0606,152.0633,75.6391,0.0029,11.4814,4.1228,12.6984,0.0108,-0.0000,0.2455,0.1986,0.4956,4.4114,8.4077,5.4064,2.6161,3.5490,0.0220,0.0508,0.0872,0.0369,0.0172,2.1070,0.9990,-11.8505,10.1351,2.9168,10.9059,-0.0136,0.9619,-2.0944,-7.9668,10.2489,-0.0001,0.0000,0.8909,0.0235,5831.4812,25.8646,264.5001,0.5550,0.2075,-23.9625,0.2500,0.7222,39.4114,179.0762
60.3102,ASCEND,DESCEND,2.0196,0.7707,6.4885,10.7263,0.5951,0.3129,7.3490,10.3267,5.1429,13.1252,178.0000,0.0010,143.7092,84.9218,7.3490,0.1104,0.0798,0.1166,0.5031,0.0736,0.0307,0.0429,0.0429,148.7168,77.6512,0.0053,11.8275,4.0993,13.2055,0.0098,-0.0000,0.2574,0.2251,0.4933,4.6060,7.8659,5.4802,2.4737,3.6695,0.0205,0.3168,0.2893,0.1167,0.3689,2.0234,1.0019,-12.6276,9.8925,3.0452,11.5865,-0.0219,0.9586,-2.3569,-8.7791,11.0217,-0.0002,0.0000,0.8773,0.0243,5890.5293,25.5528,258.4546,0.5564,0.2063,-33.9436,0.3389,0.4179,46.5707,148.1107
60.3520,ASCEND,DESCEND,1.5373,0.0052,6.6605,11.4537,0.6000,0.3286,7.0232,10.7852,5.5286,13.1821,155.0000,0.0009,141.3284,87.6663,7.0232,0.1357,0.0857,0.0571,0.5714,0.0429,0.0286,0.0357,0.0429,138.1656,86.0602,0.0038,12.2398,4.2145,13.5241,0.0096,0.0000,0.2595,0.2029,0.5092,4.2904,8.2443,5.7153,1.7692,3.3335,0.0124,0.1354,0.0316,0.0581,0.2936,2.5138,0.9967,-13.3608,11.2323,4.0498,15.0821,-0.0111,0.9515,-2.3579,-9.1738,11.2953,-0.0002,0.0000,0.8357,0.0238,5966.7866,25.3997,255.2724,0.5602,0.2024,-26.1079,0.2444,0.5605,51.7662,112.4316
60.3937,ASCEND,DESCEND,2.3505,0.1065,6.9396,11.5980,0.6324,0.2868,6.8536,10.8239,5.8755,14.8661,165.0000,0.0010,147.4399,83.3619,6.8536,0.1029,0.0294,0.0956,0.5882,0.0441,0.0294,0.0588,0.0515,153.2939,79.9022,0.0033,12.5910,4.3111,16.0372,0.0122,0.0000,0.2596,0.1983,0.5104,4.7746,8.1831,5.8553,1.6408,3.0819,0.0059,0.0748,0.0249,0.0320,0.1675,2.4747,0.9912,-12.7389,11.2370,4.3417,14.9981,-0.0015,0.9558,-2.1346,-10.2096,10.5892,-0.0002,0.0000,0.8603,0.0222,6061.7389,25.1143,255.3097,0.5654,0.1980,-27.0438,0.2361,0.5352,55.9494,61.5836
60.4354,ASCEND,DESCEND,2.7100,0.0583,6.9795,12.0765,0.6045,0.3284,7.2880,11.3858,5.6965,13.2103,150.0000,0.0009,146.3870,84.4834,7.2880,0.0896,0.0373,0.0672,0.5672,0.0522,0.0896,0.0821,0.0149,147.4510,84.5576,0.0048,12.5771,4.1769,14.4859,0.0108,-0.0000,0.2539,0.2278,0.5000,3.9013,8.2738,5.6896,1.1080,3.0112,0.0044,0.3613,0.0403,0.0503,0.1875,2.5345,1.0009,-14.4720,9.3361,4.6273,15.8759,-0.0057,0.9827,-1.4976,-13.6256,7.7987,-0.0001,0.0001,0.8507,0.0225,6172.2326,24.4432,239.3078,0.5669,0.1941,-32.7141,0.2611,0.5428,56.9033,-21.3582
60.4771,ASCEND,DESCEND,2.7613,0.0006,11.6780,24.7014,0.5604,0.4396,10.6237,6.5584,10.7435,25.8216,121.0000,0.0007,158.2453,80.5389,10.6237,0.0440,0.0549,0.0879,0.3736,0.0769,0.2308,0.0659,0.0659,155.2077,100.1189,0.0071,23.9316,7.3652,26.0004,0.0156,0.0000,0.4628,0.3632,0.5107,7.3413,12.5881,11.4090,1.2229,6.0842,0.0041,0.1697,0.3149,0.1335,0.3749,0.0805,1.0024,-0.9622,-0.3932,10.4547,24.9686,0.0888,0.9717,-1.8669,-26.5167,12.2603,-0.0001,0.0000,0.6484,0.0220,6410.6859,24.3180,248.5678,0.5805,0.1926,-30.6646,0.3194,0.4379,54.1678,-79.7337
60.5188,ASCEND,DESCEND,1.4199,0.0008,5.8995,11.6815,0.5909,0.4091,6.3752,8.7992,5.3122,15.6506,144.0000,0.0008,152.5734,83.6940,6.3752,0.0727,0.1091,0.0455,0.5000,0.0455,0.1273,0.0636,0.0364,143.5979,99.2732,0.0029,11.2484,3.8182,12.2493,0.0100,-0.0000,0.2241,0.1602,0.4984,3.0310,8.0093,4.9498,0.7131,3.1233,0.0018,0.0891,0.0783,0.0528,0.1604,-0.2672,0.9986,-10.2240,2.8532,7.2148,14.1864,-0.0124,0.9899,-0.2346,-12.2392,4.5816,-0.0000,-0.0000,0.8091,0.0227,6553.3273,24.1549,256.1454,0.5836,0.1887,-39.0046,0.2833,0.5190,50.2522,-101.2444
60.5605,ASCEND,DESCEND,2.1407,0.2458,5.0872,11.0802,0.6693,0.3307,5.9173,8.4594,4.5501,11.4298,136.0000,0.0008,156.1016,77.7360,5.9173,0.0394,0.0787,0.0630,0.5591,0.0394,0.1102,0.0866,0.0236,160.1402,95.3867,0.0041,10.0771,3.3249,11.7212,0.0063,-0.0000,0.1930,0.1407,0.4948,2.9237,7.2068,3.8328,0.3041,2.6546,0.0014,0.0954,0.0423,0.1579,0.2639,-0.5279,0.9996,-8.7446,1.9732,6.0631,12.6769,-0.0056,1.0006,-0.5558,-11.4663,4.0247,-0.0000,0.0001,0.8976,0.0214,6690.7673,24.1589,253.1234,0.5850,0.1804,-30.9638,0.3361,0.3693,45.7223,-113.1885
60.6022,ASCEND,DESCEND,1.9104,0.0026,4.4981,10.1049,0.6293,0.3707,5.3754,6.7434,4.4286,11.1666,138.0000,0.0008,157.8454,77.4049,5.3754,0.0517,0.0690,0.0345,0.5603,0.0517,0.1466,0.0517,0.0345,157.8332,102.1337,0.0037,9.8513,3.1282,11.6799,0.0054,0.0000,0.1839,0.1732,0.5025,2.7543,6.8351,3.4419,0.5334,2.4181,0.0012,0.1012,0.2603,0.1359,0.1851,-0.7846,0.9949,-7.5975,1.9510,6.7972,14.4310,-0.0035,0.9532,0.3037,-5.4463,3.9535,-0.0000,-0.0001,0.8017,0.0206,6823.4479,23.8927,245.5856,0.5854,0.1786,-30.0686,0.1833,0.4391,40.8104,-141.6384
60.6439,ASCEND,DESCEND,1.2646,0.0017,3.7287,8.4658,0.6050,0.3950,4.6361,5.9398,3.5662,10.0771,136.0000,0.0008,153.8974,76.4899,4.6361,0.0420,0.0756,0.0672,0.5630,0.0336,0.1008,0.0756,0.0420,154.7989,103.2120,0.0034,7.6045,2.5513,11.4859,0.0050,-0.0000,0.1548,0.1511,0.4935,2.1803,5.5969,2.6415,0.9293,1.7513,0.0015,0.1421,0.1250,0.0975,0.1408,-0.8483,0.9987,-5.7449,1.7187,5.6281,12.3155,-0.0070,0.9879,-0.3151,-7.0376,4.1773,-0.0000,0.0000,0.8992,0.0215,6946.3011,24.3544,255.0049,0.5828,0.1753,-23.1314,0.1500,0.3733,33.9073,-240.0905
60.6856,ASCEND,DESCEND,0.5450,0.0001,3.3412,7.3376,0.5344,0.4656,3.8753,5.0445,3.1321,8.4717,144.0000,0.0008,155.3382,81.5652,3.8753,0.0076,0.0687,0.0763,0.5649,0.0458,0.0687,0.0687,0.0992,147.8693,103.6950,0.0026,7.1347,2.3842,8.8122,0.0040,0.0000,0.1266,0.1047,0.5047,1.8575,4.8715,2.5663,1.6233,1.4089,0.0017,0.1355,0.1309,0.0459,0.0155,0.9420,0.9978,-4.9804,4.9789,2.7250,8.4467,-0.0019,0.9923,0.1245,-6.3287,4.3349,0.0000,-0.0000,0.9008,0.0223,6787.6172,24.5656,262.1293,0.5730,0.1888,-27.0309,0.3111,0.3667,20.7829,-319.6309
60.7273,ASCEND,DESCEND,0.2681,0.0002,3.1592,6.5439,0.5401,0.4599,3.6071,4.6879,2.8548,8.0149,145.0000,0.0008,154.8146,80.9386,3.6071,0.0365,0.0511,0.2482,0.4161,0.0365,0.0876,0.0949,0.0292,148.8838,102.4648,0.0020,6.7222,2.2998,9.5702,0.0022,0.0000,0.1154,0.0789,0.5031,1.4190,4.6088,2.8428,1.2725,1.1258,0.0012,0.0171,0.0357,0.1251,0.0808,0.7271,1.0007,-4.2620,4.1769,2.5042,6.2861,-0.0094,0.9779,0.3278,-3.3668,4.3401,-0.0000,-0.0000,0.9489,0.0199,6849.6396,24.0973,242.1785,0.5654,0.1937,-35.9605,0.2778,0.4201,7.2448,-357.2429
60.7690,STABLE,DESCEND,-0.0135,-0.0000,3.2634,5.9790,0.4848,0.5152,3.7380,5.0427,3.0179,9.6285,143.0000,0.0008,152.8228,86.4078,3.7380,0.0530,0.0530,0.4394,0.1970,0.0455,0.0530,0.1212,0.0379,148.1624,97.6759,0.0021,6.8048,2.3645,11.8098,0.0009,0.0000,0.1249,0.1116,0.5062,2.2221,4.7783,3.0503,1.4010,1.0117,0.0012,0.0206,0.1245,0.1134,0.0498,0.7133,0.9953,-2.8837,5.0232,2.4022,5.7526,-0.0055,0.9765,-0.1266,-3.3706,6.1756,-0.0000,-0.0000,0.9318,0.0212,6659.3786,23.8796,236.3179,0.5642,0.2136,-36.2026,0.2861,0.4007,-9.0171,-419.7620
60.8107,DESCEND,DESCEND,-0.4502,-0.0006,3.3138,5.7785,0.4275,0.5652,3.9986,5.9007,3.1560,7.9397,147.0000,0.0009,149.1818,83.8962,3.9986,0.0435,0.0870,0.5580,0.0725,0.0435,0.0580,0.0870,0.0507,141.9785,107.6022,0.0023,6.8224,2.3760,8.0171,0.0024,0.0000,0.1065,0.0984,0.5004,1.5594,5.3197,2.8583,1.3348,1.1027,0.0013,0.0279,0.0752,0.0958,0.0304,-0.3279,0.9959,-3.2738,4.8949,3.6543,8.8947,-0.0062,0.9952,-0.3648,-5.3096,6.5543,-0.0000,0.0000,0.9710,0.0206,6708.8576,23.9362,230.4960,0.5494,0.2158,-26.1139,0.2778,0.3787,-27.7704,-460.4489
60.8525,DESCEND,DESCEND,-1.3258,-0.0628,3.3760,4.7405,0.3406,0.6594,4.3735,6.6431,3.3961,9.7201,149.0000,0.0009,147.4677,82.5460,4.3735,0.0290,0.0942,0.5942,0.0797,0.0507,0.0507,0.0580,0.0435,129.6082,123.5881,0.0028,7.3828,2.6471,12.8105,0.0037,-0.0000,0.1344,0.1171,0.4827,3.1411,5.9291,3.3313,1.5544,1.3236,0.0012,0.0795,0.2049,0.0634,0.0593,1.1317,0.9930,-4.5060,7.8860,2.2400,6.2427,-0.0110,0.9848,-0.6007,-4.0579,8.4834,-0.0000,0.0000,0.9710,0.0215,6582.4008,24.2376,239.3982,0.5391,0.2460,-21.0727,0.1944,0.3894,-47.4263,-424.9167
60.8942,DESCEND,DESCEND,-2.5334,-1.2358,3.5951,3.2298,0.2945,0.7055,4.9571,7.6817,3.6976,9.5279,165.0000,0.0010,148.2032,79.5873,4.9571,0.0342,0.0822,0.6027,0.1164,0.0274,0.0274,0.0753,0.0342,115.2036,145.3530,0.0026,7.9295,2.8503,8.9697,0.0050,-0.0000,0.1303,0.1052,0.4760,2.3246,6.7866,3.3635,1.4552,1.6081,0.0017,0.0192,0.1816,0.0923,0.0180,1.1946,0.9891,-4.1601,9.2774,2.0534,6.4820,-0.0008,0.9834,-1.0283,-4.2414,9.5424,-0.0001,0.0000,0.9863,0.0205,6601.5420,24.2931,232.0976,0.5319,0.2535,-26.2413,0.2889,0.5277,-63.2155,-308.8392
60.9359,DESCEND,DESCEND,-3.6717,-3.4629,3.9231,0.8285,0.2422,0.7453,5.6752,8.5331,4.0151,9.2644,164.0000,0.0009,150.9002,80.3147,5.6752,0.0497,0.0994,0.6211,0.0683,0.0311,0.0248,0.0683,0.0373,102.9799,160.1518,0.0012,8.9094,3.2546,10.1395,0.0047,-0.0000,0.1409,0.0659,0.4988,3.2324,7.6969,3.8889,1.5893,2.2361,0.0009,0.0007,0.0218,0.0596,0.0043,1.1689,0.9964,-4.9681,10.0866,2.3371,6.1388,-0.0109,0.9787,-1.2164,-4.2496,11.0578,-0.0001,0.0000,0.9814,0.0217,6683.9395,24.6073,234.6349,0.5254,0.2537,-23.2592,0.2417,0.4136,-73.1886,-157.3708
60.9776,DESCEND,DESCEND,-3.6731,-3.1792,4.1335,0.5158,0.2109,0.7891,6.0654,9.0380,4.4571,11.9599,177.0000,0.0010,146.9255,83.2035,6.0654,0.0204,0.1156,0.6190,0.0476,0.0340,0.0680,0.0680,0.0272,106.9895,154.3731,0.0047,9.7299,3.4665,11.5821,0.0060,-0.0000,0.1710,0.1630,0.4980,3.7655,8.7494,4.1708,1.4036,2.7153,0.0013,0.2296,0.1593,0.0872,0.0926,1.6119,0.9823,-5.0136,12.2967,2.4786,7.8958,0.0028,0.9754,-1.5979,-4.5669,12.4146,-0.0001,0.0000,0.9796,0.0210,6572.2044,24.7488,231.7190,0.5109,0.2761,-28.8108,0.3444,0.4565,-76.3429,10.3754
61.0193,DESCEND,DESCEND,-4.3621,-5.6699,4.5586,1.0294,0.2209,0.7117,6.3576,9.1808,4.6741,10.8893,179.0000,0.0010,150.7854,90.1252,6.3576,0.1104,0.0736,0.6258,0.0736,0.0245,0.0491,0.0123,0.0307,88.1496,163.5659,0.0010,10.2277,3.7669,11.5491,0.0064,-0.0000,0.1646,0.0880,0.4769,3.0479,9.0521,4.5916,1.7086,3.0531,0.0065,0.0008,0.0064,0.0401,0.0018,1.5766,0.9917,-6.4225,11.7414,2.3428,8.3272,-0.0061,0.9769,-1.6115,-5.8801,12.5136,-0.0001,0.0000,0.9816,0.0218,6638.7033,24.8789,227.9145,0.5016,0.2747,-29.1676,0.3389,0.4924,-72.3231,179.3624
61.0610,DESCEND,DESCEND,-3.5958,-1.9022,4.8445,2.7555,0.2349,0.7410,6.4997,9.4418,4.6887,11.2663,183.0000,0.0011,143.1297,94.5888,6.4997,0.0843,0.0663,0.5663,0.0964,0.0482,0.0723,0.0482,0.0181,94.2596,146.2038,0.0033,10.4854,3.8226,11.6074,0.0074,-0.0000,0.1702,0.1208,0.4743,3.7281,9.2498,4.6262,1.6924,3.3802,0.0244,0.0108,0.0220,0.0851,0.0349,1.4531,0.9993,-7.5225,11.0671,2.6755,8.3577,-0.0120,0.9807,-1.5151,-6.7485,12.2927,-0.0001,0.0001,0.9639,0.0213,6764.7122,25.1010,229.1072,0.4948,0.2765,-26.2168,0.3139,0.4905,-61.3810,332.5225
61.1027,DESCEND,DESCEND,-1.6805,-0.0929,5.3569,8.9743,0.3681,0.6319,6.6483,9.9144,4.7472,11.4185,185.0000,0.0011,139.1774,95.2688,6.6483,0.0429,0.0552,0.5583,0.1166,0.0552,0.0675,0.0552,0.0491,112.0762,125.7199,0.0053,10.5241,3.8719,11.4506,0.0082,-0.0000,0.1842,0.1541,0.4868,3.0946,9.1852,4.5633,1.9749,3.7248,0.0606,0.1163,0.0300,0.0822,0.4505,1.5684,0.9940,-7.7588,11.1539,2.8987,8.9399,-0.0016,0.9962,-1.5075,-9.0409,11.4591,-0.0000,0.0001,0.9080,0.0216,6605.6536,25.2919,235.0155,0.4815,0.2953,-28.0447,0.3639,0.4041,-44.5852,422.9075
61.1444,DESCEND,DESCEND,-0.9754,-0.0047,5.2025,8.9012,0.4121,0.5879,6.2079,9.1450,4.3456,10.7461,192.0000,0.0011,139.2839,92.6221,6.2079,0.0330,0.0440,0.2802,0.4451,0.0385,0.0440,0.0659,0.0495,115.2705,119.8555,0.0024,9.6112,3.7032,10.8625,0.0085,-0.0000,0.1931,0.1360,0.4872,3.4597,8.4616,4.9929,1.9925,3.5493,0.1037,0.0222,0.2842,0.0946,0.0215,1.6735,0.9923,-8.2483,9.7478,2.6928,10.4434,-0.0014,0.9767,-1.3992,-7.6280,9.9928,-0.0001,0.0000,0.9615,0.0203,6686.5333,24.9700,215.2174,0.4796,0.2918,-32.9492,0.3889,0.4290,-26.1035,566.0028
61.1861,ASCEND,DESCEND,0.6521,0.0004,5.0296,8.7471,0.5511,0.4489,5.5859,8.6884,4.1550,9.8786,190.0000,0.0011,141.0267,86.9593,5.5859,0.0398,0.0398,0.0852,0.6307,0.0170,0.0455,0.0455,0.0966,140.2645,101.9675,0.0024,8.9995,3.5391,12.8790,0.0099,-0.0000,0.1777,0.1234,0.4819,3.4824,7.7657,4.5696,2.1257,3.3844,0.1112,0.0179,0.0579,0.1001,0.0081,0.5263,0.9967,-7.5199,6.4118,3.4762,9.8527,-0.0049,0.9956,-1.0891,-9.3399,7.8559,-0.0000,0.0000,0.8977,0.0206,6619.2868,24.7112,213.5882,0.4629,0.3070,-32.9052,0.3944,0.4050,2.6289,602.5990
61.2278,ASCEND,DESCEND,1.7107,0.1438,5.2465,8.5861,0.6313,0.3408,5.7969,8.5106,4.0948,12.4923,186.0000,0.0011,144.4794,83.0693,5.7969,0.0726,0.0503,0.0726,0.6760,0.0168,0.0559,0.0503,0.0056,152.3160,89.3853,0.0014,8.9963,3.5173,10.4510,0.0097,-0.0000,0.1753,0.1201,0.4929,3.6186,7.3881,4.9234,2.1432,3.2545,0.1350,0.0099,0.0081,0.0609,0.0954,1.5065,0.9989,-8.8986,7.1878,2.6863,7.8525,-0.0055,0.9757,-0.9120,-7.6160,7.7530,-0.0001,0.0000,0.9665,0.0196,6794.1146,24.6998,218.0587,0.4725,0.2998,-22.0979,0.2000,0.4785,24.1633,449.2377
61.2695,ASCEND,DESCEND,2.1842,0.1508,4.9286,8.7249,0.6552,0.3218,5.5096,7.9574,3.8715,9.4107,184.0000,0.0011,150.6222,82.2874,5.5096,0.0517,0.0460,0.0747,0.6609,0.0172,0.0517,0.0460,0.0517,158.5411,84.2399,0.0015,8.5431,3.2917,9.5170,0.0077,-0.0000,0.1617,0.1014,0.4992,3.1917,7.0339,3.9530,1.9899,3.2412,0.1198,0.0095,0.0083,0.0416,0.2900,0.4861,0.9989,-7.5092,5.5115,2.8228,7.7181,-0.0065,0.9726,-1.0058,-7.4018,7.7899,-0.0001,0.0000,0.9713,0.0206,6919.9970,24.9621,220.6834,0.4735,0.2969,-25.1016,0.3444,0.4086,40.1028,263.4134
61.3112,ASCEND,DESCEND,2.0193,0.1734,5.0180,8.5403,0.6280,0.3720,5.4063,8.0752,3.8898,10.7409,186.0000,0.0011,153.2761,82.5077,5.4063,0.0366,0.0732,0.0488,0.6768,0.0183,0.0671,0.0549,0.0244,159.1617,83.3641,0.0026,8.4626,3.2770,10.9095,0.0070,-0.0000,0.1647,0.1509,0.4853,3.2483,6.9919,4.5682,1.8846,3.3338,0.0976,0.0344,0.0971,0.1229,0.0576,1.4975,0.9955,-7.8715,7.4293,2.9538,9.2740,0.0099,0.9828,-0.7354,-7.8706,7.3015,-0.0000,-0.0000,0.9390,0.0205,6842.0764,24.9732,217.6425,0.4663,0.3005,-24.8637,0.3361,0.4519,46.1364,80.6995
61.3530,ASCEND,DESCEND,1.8321,0.2978,5.1066,8.3296,0.6497,0.2938,5.3507,7.7743,3.7040,9.9216,185.0000,0.0011,154.5264,79.7890,5.3507,0.0791,0.0678,0.0847,0.6554,0.0113,0.0282,0.0452,0.0282,159.1770,79.4191,0.0015,8.1113,3.2117,10.8651,0.0073,-0.0000,0.1667,0.0959,0.4747,4.1827,6.6346,4.7831,1.9608,3.1953,0.1108,0.0015,0.0024,0.0649,0.0789,0.4116,0.9968,-6.6285,5.7987,2.7597,7.6256,-0.0049,0.9832,-0.7374,-7.5043,7.7009,-0.0000,-0.0000,0.9435,0.0215,6955.0632,25.1951,217.0753,0.4638,0.2939,-31.1303,0.3750,0.3933,46.8345,-134.6460
61.3947,ASCEND,DESCEND,1.6203,0.0035,4.7618,8.1137,0.5854,0.4146,5.2650,7.8724,3.8040,9.4171,186.0000,0.0011,155.3403,80.6924,5.2650,0.0244,0.0610,0.4207,0.3110,0.0427,0.0244,0.0793,0.0366,156.6096,87.1144,0.0048,8.2642,3.1857,10.2207,0.0060,-0.0000,0.1503,0.1311,0.4874,2.5205,6.9038,4.3177,1.7257,3.3207,0.1179,0.0676,0.0922,0.0762,0.0891,1.4017,0.9934,-6.5459,8.3112,2.6846,8.4095,0.0091,0.9842,-0.9763,-7.0800,9.0375,-0.0000,0.0000,0.9573,0.0217,6887.4866,25.3003,218.9607,0.4551,0.2993,-25.0744,0.2917,0.4011,34.9046,-342.1337
61.4364,ASCEND,DESCEND,2.8830,0.0006,8.3660,16.0473,0.5607,0.4299,8.1447,3.2507,8.4425,24.7412,176.0000,0.0010,171.0192,75.8288,8.1447,0.1028,0.1121,0.4019,0.1215,0.0561,0.0841,0.0748,0.0467,156.7402,110.0507,0.0068,17.8135,6.5691,20.7086,0.0050,-0.0000,0.2952,0.2561,0.4827,4.6515,14.8779,8.0160,3.1703,7.7749,0.2308,0.2937,0.1222,0.0527,0.1087,0.0102,0.9980,0.3645,0.7110,8.0215,18.2442,0.0795,0.9407,-3.1792,-10.1535,26.8396,-0.0001,0.0001,0.7290,0.0202,6914.7402,24.9132,212.3897,0.4264,0.2959,-26.1391,0.3806,0.4010,18.2948,-470.6010
61.4781,DESCEND,DESCEND,-1.4090,-0.0013,4.7036,7.6120,0.3889,0.6111,6.1888,8.3883,4.8812,11.1405,171.0000,0.0010,151.7478,73.9925,6.1888,0.0370,0.0864,0.6173,0.0926,0.0370,0.0370,0.0556,0.0370,141.2807,144.2723,0.0030,10.6952,4.1566,11.1373,0.0047,-0.0000,0.1829,0.1127,0.4862,3.2963,8.9577,6.0003,1.9978,5.6772,0.4152,0.0166,0.1106,0.0515,0.0144,1.1783,0.9979,-4.9056,12.1210,3.4932,10.5314,-0.0150,0.9813,-1.6691,-4.4254,14.8026,-0.0001,0.0000,0.9444,0.0212,7007.0754,25.4813,223.0325,0.4171,0.2890,-27.0041,0.4028,0.3891,-4.3513,-521.4635
61.5198,DESCEND,DESCEND,-1.0006,-0.0011,5.0084,7.1374,0.4419,0.5581,6.4031,9.3203,5.3725,12.7003,175.0000,0.0010,156.9409,74.6782,6.4031,0.0698,0.0775,0.5736,0.0620,0.0388,0.0543,0.0698,0.0543,144.4207,150.2562,0.0185,11.7474,4.4685,12.7878,0.0051,-0.0000,0.2063,0.2256,0.4895,3.4027,9.8302,7.0244,2.2679,6.2156,0.6115,0.2413,0.2677,0.1616,0.1756,2.0506,0.9787,-5.3556,16.6671,4.6300,15.4947,0.0161,0.9762,-1.8972,-5.0884,17.3810,-0.0001,0.0001,0.9147,0.0198,6879.3855,25.4995,215.9439,0.3984,0.3026,-21.0375,0.2222,0.3714,-25.2039,-446.4615
61.5615,DESCEND,DESCEND,-2.3684,-0.0147,5.3822,6.6503,0.3893,0.6107,6.8590,9.4130,5.5576,17.4226,169.0000,0.0010,154.8720,73.0007,6.8590,0.0336,0.0604,0.6443,0.0738,0.0403,0.0403,0.0403,0.0671,139.8555,165.8753,0.0069,12.1244,4.8789,13.9232,0.0033,-0.0000,0.2037,0.1543,0.4675,3.3347,10.4020,8.4085,2.3405,7.1107,1.0950,0.0505,0.1958,0.0623,0.0359,0.8602,0.9941,-4.3094,13.4141,4.5056,12.8875,-0.0105,0.9692,-2.3495,-5.9403,20.2889,-0.0001,0.0001,0.8658,0.0206,6981.1895,26.0421,227.3410,0.3888,0.3090,-26.2114,0.1889,0.4830,-41.5936,-329.4408
61.6032,DESCEND,DESCEND,-1.5358,-0.0010,6.2514,8.3309,0.4776,0.5224,7.1032,9.4235,5.9440,25.9899,195.0000,0.0011,154.5756,73.5948,7.1032,0.0597,0.1194,0.5672,0.0672,0.0448,0.0299,0.0299,0.0821,137.0225,169.3773,0.0531,12.2517,4.7982,16.1581,0.0037,-0.0000,0.2137,0.2285,0.4847,3.0308,10.6513,8.3305,2.1020,7.2309,1.3294,0.2213,0.3747,0.1605,0.2706,0.4190,0.9893,-3.2789,13.3858,6.3452,14.7899,0.0054,0.9890,-1.9408,-5.5529,16.9354,-0.0000,0.0000,0.8209,0.0201,6823.1169,25.9335,219.7446,0.3697,0.3055,-16.8917,0.1833,0.6654,-52.6848,-191.8981
61.6449,DESCEND,DESCEND,-4.2270,-3.6251,5.3116,3.2345,0.2216,0.7727,7.2035,9.8312,5.3116,12.5082,195.0000,0.0011,162.7254,81.2274,7.2035,0.0227,0.0909,0.6364,0.1307,0.0170,0.0398,0.0284,0.0341,121.7216,197.3302,0.0054,11.9218,4.8866,12.4582,0.0054,-0.0000,0.2047,0.1649,0.4726,3.0132,10.0081,8.6015,2.5302,7.9527,1.7238,0.0065,0.2982,0.0817,0.0283,1.0952,0.9952,-5.8642,13.1794,3.6292,11.3412,-0.0093,0.9717,-1.5085,-5.2322,16.0212,-0.0001,0.0000,0.8636,0.0210,6951.0072,26.4542,231.0856,0.3680,0.2999,8.3787,0.1639,0.4346,-57.6011,-31.3923
61.6866,DESCEND,DESCEND,-3.0224,-0.6322,5.0598,6.4436,0.2543,0.7457,6.6857,9.3341,4.8562,12.2503,195.0000,0.0011,156.8926,79.8292,6.6857,0.0173,0.0462,0.5549,0.1734,0.0462,0.0578,0.0694,0.0347,125.3619,186.8701,0.0211,11.0726,4.4432,11.9395,0.0057,-0.0000,0.1979,0.2084,0.4842,2.5490,9.2194,7.7018,2.0827,7.2838,1.6993,0.0421,0.3190,0.0645,0.0586,0.9847,0.9960,-6.5892,11.4469,3.4419,9.6242,-0.0056,0.9791,-2.0087,-7.1595,15.0575,-0.0001,0.0001,0.9422,0.0199,7067.3603,26.1838,226.2512,0.3672,0.2981,-25.8768,0.3028,0.4964,-55.3034,103.7815
61.7283,DESCEND,DESCEND,-2.4386,-0.6603,4.9044,7.0093,0.3073,0.6927,6.2305,8.7234,4.2720,10.8581,194.0000,0.0011,151.7845,77.1593,6.2305,0.0447,0.0670,0.4413,0.2514,0.0447,0.0447,0.0670,0.0391,128.1323,173.3230,0.0323,9.7826,4.0907,10.8815,0.0058,-0.0000,0.2012,0.2160,0.4813,2.7949,8.1318,7.0613,2.4066,6.9232,1.9097,0.2034,0.1551,0.1123,0.0127,1.5573,0.9880,-6.1810,11.6642,3.0960,9.4300,0.0072,0.9700,-1.9027,-6.3642,13.1392,-0.0001,0.0000,0.9330,0.0213,6989.9483,26.6744,241.2603,0.3640,0.3067,-30.9638,0.4778,0.3110,-48.9440,318.5555
61.7700,DESCEND,DESCEND,-0.9270,-0.0007,5.1531,8.5486,0.4011,0.5876,6.0292,8.9229,4.1300,10.0330,204.0000,0.0012,145.9883,72.7984,6.0292,0.0621,0.0452,0.1977,0.4802,0.0452,0.0508,0.0678,0.0508,136.1805,154.0760,0.0070,9.3929,3.9869,13.6564,0.0073,-0.0000,0.2248,0.2343,0.4711,4.7150,7.6551,7.4168,2.7034,6.3376,1.7394,0.0383,0.1078,0.1202,0.0100,0.9432,0.9956,-8.3136,8.0245,2.9871,8.6672,-0.0047,0.9673,-1.7789,-6.7488,10.4429,-0.0001,0.0000,0.8983,0.0202,7145.4400,26.2141,228.5161,0.3697,0.2981,-12.8750,0.2556,0.7181,-28.7306,427.1335
61.8117,DESCEND,DESCEND,-0.1073,0.0000,5.4568,8.5583,0.4972,0.4862,5.9056,8.7734,4.0881,10.8154,202.0000,0.0012,146.8692,67.9995,5.9056,0.0552,0.0387,0.0718,0.6409,0.0166,0.0608,0.0663,0.0497,153.6036,134.9883,0.0073,9.0408,3.8420,11.2725,0.0063,-0.0000,0.2178,0.2098,0.4755,4.3892,7.1706,7.1324,2.3066,6.3131,1.8564,0.0441,0.0399,0.0727,0.0089,0.8151,0.9990,-9.2399,5.9295,3.2115,8.9527,-0.0045,0.9799,-1.4134,-9.5895,8.3966,-0.0001,0.0000,0.9282,0.0214,7157.2897,26.5078,244.0921,0.3765,0.2872,0.0000,0.8389,0.4233,-13.3140,421.2066
61.8535,ASCEND,DESCEND,0.4698,0.0002,6.0601,9.1174,0.5138,0.4862,6.2823,8.9952,4.2034,12.4155,193.0000,0.0011,148.0208,63.7300,6.2823,0.0276,0.0331,0.0608,0.6575,0.0552,0.0718,0.0442,0.0497,166.3379,126.6226,0.0167,9.6117,3.9488,12.6478,0.0049,-0.0000,0.2507,0.2355,0.4806,4.0900,6.9744,7.5644,2.4869,6.3160,1.6676,0.0638,0.6288,0.0486,0.0448,0.6558,0.9966,-9.5409,4.9014,3.6215,9.4877,-0.0019,0.9899,-0.9757,-12.1581,6.6557,-0.0000,-0.0000,0.8785,0.0183,7381.4449,25.5819,232.0327,0.3854,0.2828,-34.8494,0.4389,0.5483,6.4051,409.0346
61.8952,ASCEND,DESCEND,1.1371,0.0008,6.1828,10.2007,0.5765,0.4235,6.2314,8.6884,4.4815,13.2853,192.0000,0.0011,148.7583,64.5296,6.2314,0.0176,0.0529,0.0588,0.5824,0.1235,0.0647,0.0529,0.0471,172.9913,121.6589,0.0118,10.2514,4.0429,13.5226,0.0042,-0.0000,0.2531,0.2547,0.4901,4.3765,6.8108,7.2216,2.1765,6.8568,1.5721,0.0652,0.2256,0.0947,0.0237,0.4515,0.9979,-10.0412,4.1136,4.5717,10.1159,-0.0007,0.9959,-0.6496,-12.2665,5.3417,-0.0000,0.0000,0.8824,0.0188,7308.3780,25.6243,241.7495,0.3909,0.2838,-24.3045,0.2333,0.4535,20.8063,274.7348
61.9369,ASCEND,DESCEND,1.2658,0.0009,6.9201,10.5872,0.5541,0.4459,6.5422,9.1491,5.0204,23.6192,182.0000,0.0011,148.1243,67.0302,6.5422,0.0255,0.0510,0.0892,0.6115,0.0637,0.0637,0.0318,0.0637,176.0344,117.5623,0.0072,10.7259,4.1361,12.0759,0.0044,-0.0000,0.2347,0.2400,0.4788,3.8109,7.0577,7.1634,1.2761,6.7198,1.5975,0.1541,0.2053,0.0562,0.2742,-0.0732,0.9969,-9.1256,3.4057,5.4522,11.1955,0.0052,1.0109,-0.6502,-18.6148,4.9326,-0.0000,0.0001,0.8025,0.0184,7241.0882,25.1590,240.4996,0.3916,0.2845,-45.0000,0.4083,0.4478,29.3225,18.3232
61.9786,ASCEND,DESCEND,0.7983,0.0001,6.0474,10.3665,0.5486,0.4444,6.1461,8.0866,4.5726,12.4106,168.0000,0.0010,148.6274,69.2009,6.1461,0.0347,0.0278,0.1111,0.6528,0.0208,0.0347,0.0625,0.0556,176.7662,114.9524,0.0094,10.7579,4.0535,13.8233,0.0033,-0.0000,0.2336,0.2657,0.4854,3.2301,6.9569,6.6016,1.7014,6.3178,1.4744,0.3985,0.1660,0.0237,0.5799,-0.3297,0.9931,-7.6069,4.5881,5.5925,12.5941,0.0008,0.9803,-0.2395,-9.5201,6.3397,-0.0000,0.0000,0.8264,0.0186,7223.1867,24.7071,241.7823,0.3947,0.2777,-23.8683,0.2278,0.4119,22.3348,-287.9138
62.0203,ASCEND,DESCEND,1.6483,0.0018,5.1138,9.0689,0.6319,0.3611,6.0516,8.0443,4.3370,14.2365,161.0000,0.0009,147.6600,73.9363,6.0516,0.0417,0.0903,0.2014,0.5000,0.0139,0.0417,0.0694,0.0417,182.6378,105.0595,0.0048,9.9831,3.6825,13.4893,0.0014,-0.0000,0.1862,0.2300,0.4912,2.7468,6.6371,5.4088,0.9778,5.3887,1.3189,0.0506,0.0460,0.0677,1.3712,-0.5093,0.9907,-4.9945,5.8684,5.2021,13.3587,0.0042,0.9735,-0.4052,-9.2104,10.4534,-0.0000,-0.0000,0.8333,0.0190,7371.6823,24.3450,238.2027,0.3932,0.2706,-23.8753,0.2389,0.4447,5.3057,-526.5973
62.0620,ASCEND,DESCEND,0.2145,0.0003,4.9493,7.7569,0.5351,0.4649,5.9251,7.6397,4.9501,18.4287,129.0000,0.0007,144.9786,73.7958,5.9251,0.0877,0.0877,0.5702,0.0789,0.0000,0.0175,0.0789,0.0789,169.9366,125.5148,0.0157,10.1635,3.6010,12.9573,0.0012,-0.0000,0.2222,0.3083,0.4988,1.9640,6.4153,4.7952,1.3075,4.9738,1.3309,0.4331,0.1078,0.0583,1.0570,-0.9472,0.9936,-2.8749,6.9580,7.0085,14.7256,0.0059,0.9830,1.3620,-7.7529,9.3425,0.0001,-0.0000,0.8333,0.0182,7206.6059,23.2563,239.5641,0.3811,0.2329,-24.0920,0.2528,0.4491,-21.5922,-660.8888
62.1037,DESCEND,DESCEND,-0.9170,0.0000,4.8152,6.2228,0.5044,0.4956,6.4867,8.3669,4.9816,13.5680,138.0000,0.0008,135.7823,71.0541,6.4867,0.0265,0.1681,0.5929,0.0442,0.0531,0.0619,0.0265,0.0265,164.5640,138.8017,0.0433,10.6898,3.8174,13.6837,-0.0005,0.0000,0.2730,0.3318,0.5032,3.6478,6.4340,4.9223,1.6650,5.1230,1.8909,0.2197,0.4421,0.2370,1.1117,-1.1235,0.9892,-0.0546,9.0129,6.4563,14.6345,-0.0184,1.0032,-0.6936,-5.5054,12.3456,-0.0000,0.0001,0.8761,0.0181,7176.8662,23.1391,235.8928,0.3674,0.2169,-25.2011,0.2667,0.4384,-49.8234,-584.1523
62.1454,DESCEND,DESCEND,-3.4831,-0.6193,5.6431,3.9815,0.3190,0.6810,7.5392,10.3145,5.6703,15.2690,137.0000,0.0008,132.8484,66.6803,7.5392,0.0345,0.2414,0.4828,0.0431,0.0172,0.0603,0.0603,0.0603,163.9136,171.6400,0.0640,12.0628,4.3280,15.1349,-0.0006,0.0000,0.3380,0.4240,0.5033,4.2047,7.1627,5.4623,2.1083,6.2214,2.7939,0.3640,0.3504,0.2373,0.7001,-1.1055,0.9883,1.7641,10.9549,7.1931,16.8924,-0.0192,0.9974,-0.5943,-2.8346,14.8121,-0.0000,0.0001,0.8276,0.0169,7207.7046,22.5567,216.1188,0.3469,0.1945,-25.1531,0.2833,0.4235,-70.3203,-488.8567
62.1871,DESCEND,DESCEND,-5.6054,-3.1234,5.6969,0.1078,0.2101,0.7899,8.2161,11.5904,6.1247,16.2697,138.0000,0.0008,130.1363,63.0145,8.2161,0.0168,0.3445,0.4202,0.0756,0.0252,0.0672,0.0336,0.0168,168.6835,206.2896,0.1046,13.3064,4.7795,15.7180,-0.0012,-0.0000,0.3721,0.4524,0.4929,4.3269,7.4488,5.3245,2.8768,7.4619,4.0682,0.2863,0.5291,0.3013,0.2621,-0.9271,0.9903,2.5357,12.3949,6.5835,16.4575,-0.0454,1.0087,-0.9703,-5.4550,17.9395,-0.0001,0.0002,0.8571,0.0168,7142.4719,22.2499,210.0080,0.3225,0.1830,64.4400,0.2667,0.3399,-90.6022,-439.0975
62.2288,DESCEND,DESCEND,-6.0171,-4.6881,6.0624,0.0338,0.1587,0.8413,8.7915,12.7672,6.5910,17.6669,140.0000,0.0008,131.5749,65.1801,8.7915,0.0556,0.3730,0.3571,0.0873,0.0317,0.0317,0.0635,0.0000,171.3699,219.5823,0.1107,14.0588,5.1632,17.4719,-0.0002,-0.0000,0.3917,0.4581,0.4897,4.5347,7.4611,4.7032,3.3679,8.6174,5.4213,0.1252,0.7835,0.1319,0.0441,-0.6832,0.9917,2.4325,13.3731,6.5379,16.6574,-0.0413,1.0329,0.7293,-5.2220,14.0841,0.0001,0.0002,0.7937,0.0177,6981.4734,22.5521,211.7923,0.2979,0.1805,-27.1081,0.4889,0.6291,-106.9483,-378.4831
62.2705,DESCEND,DESCEND,-6.6783,-6.9252,6.1162,0.1164,0.1953,0.8047,8.9770,12.9887,6.7485,17.0418,149.0000,0.0009,135.8084,70.5793,8.9770,0.0391,0.2109,0.4844,0.0625,0.0156,0.0547,0.1016,0.0312,175.7411,238.5574,0.1804,14.4145,5.3360,17.2604,0.0008,-0.0000,0.4272,0.5373,0.4884,4.3239,7.3690,4.3945,3.7913,9.2001,6.6232,0.4834,0.9991,0.2140,0.1205,-0.8734,0.9879,2.5808,14.0671,7.0947,18.6860,-0.0433,0.9374,-1.8845,-0.9055,33.3484,-0.0000,-0.0000,0.7422,0.0175,6800.5136,22.4743,209.0928,0.2729,0.1751,-26.9958,0.5250,0.5948,-122.1740,-349.6930
62.3122,DESCEND,DESCEND,-5.8345,-3.2376,9.1668,0.4047,0.2458,0.7542,8.9411,12.2970,9.0602,77.3428,151.0000,0.0009,133.7878,70.3327,8.9411,0.0593,0.1864,0.6102,0.0254,0.0169,0.0254,0.0424,0.0339,172.6164,240.3198,0.4004,13.9944,5.2056,18.2841,-0.0003,-0.0000,0.4271,0.5303,0.4881,4.8750,6.7479,4.5971,3.7673,8.8506,6.6795,1.0564,1.3369,0.3854,0.1935,-0.9986,0.9907,1.6666,12.6673,8.2000,17.7745,-0.0633,1.0165,-1.2106,-7.7752,18.9877,-0.0001,0.0002,0.7712,0.0189,7292.4171,23.2028,212.0302,0.2593,0.1977,-28.3305,0.4556,0.4355,-136.1185,-162.1420
62.3540,DESCEND,DESCEND,-3.9802,-1.1853,5.3899,1.3338,0.3438,0.6562,6.8812,6.8119,5.9397,19.6440,140.0000,0.0008,141.7248,74.1927,6.8812,0.0833,0.1979,0.5208,0.0521,0.0104,0.0625,0.0417,0.0312,171.8282,241.7577,0.6290,13.0368,4.9386,16.7576,0.0001,-0.0000,0.4123,0.5689,0.4828,4.8233,6.8423,5.3542,3.7100,8.3319,6.8646,1.3319,1.6368,0.3555,0.2378,0.0569,1.0030,-1.0136,-0.5186,7.0214,14.7824,-0.0615,0.9707,-0.3818,-1.6653,17.7134,0.0000,-0.0000,0.7917,0.0191,7829.2644,24.5461,205.5383,0.2441,0.2401,-26.0124,0.6139,0.4636,-135.6994,77.6285
62.3957,DESCEND,DESCEND,-2.8075,-0.0008,8.0708,2.9458,0.4717,0.5283,5.5263,1.1167,8.5760,27.2508,224.0000,0.0013,127.2607,67.2256,5.5263,0.1509,0.2264,0.2642,0.0377,0.1132,0.0755,0.0755,0.0566,185.6594,253.1886,1.7498,25.2648,9.8660,34.4704,0.0000,-0.0000,0.7108,0.9554,0.4848,6.6618,13.8200,14.9884,6.7508,16.0433,14.8551,3.6004,2.4167,0.7348,0.2239,-0.2731,1.0024,0.9994,-1.6636,5.6465,25.8077,-0.0370,0.9038,-2.2809,8.6753,25.3382,-0.0001,-0.0001,0.7547,0.0217,8297.9202,27.2545,197.1381,0.2405,0.3620,-28.1482,0.4889,0.5935,-129.6430,226.8956
62.4374,DESCEND,DESCEND,-5.5275,-6.6718,7.3183,8.7978,0.2386,0.7614,9.6625,12.2169,5.3528,22.9192,247.0000,0.0014,152.7107,68.0222,9.6625,0.0152,0.0508,0.5635,0.2386,0.0203,0.0457,0.0305,0.0355,177.1251,242.3343,1.5046,13.4846,5.5556,16.9804,0.0008,-0.0000,0.3693,0.4697,0.4694,3.8928,7.2698,8.3934,5.4929,9.3467,9.9319,1.8686,1.6298,0.7410,0.4287,-1.0440,0.9904,-3.8810,7.3298,5.1471,16.7522,-0.0072,1.0141,0.7179,-4.1603,7.6093,0.0000,0.0001,0.7107,0.0228,8220.4675,27.8705,191.4954,0.2392,0.3768,-39.8401,0.4444,0.7076,-116.7725,212.0800
62.4791,DESCEND,DESCEND,-5.4128,-2.8352,8.4121,7.8539,0.3122,0.6878,10.1085,12.9613,6.5194,21.2459,270.0000,0.0016,150.0709,62.4137,10.1085,0.0146,0.0390,0.3561,0.4829,0.0293,0.0098,0.0488,0.0195,176.8512,227.3461,1.2764,15.5030,6.3668,20.4320,0.0027,-0.0000,0.3963,0.5033,0.4766,5.4347,7.4055,8.8760,6.1529,10.3900,11.6907,2.4322,2.0361,1.0287,0.3301,-0.8411,0.9910,-6.3088,7.5271,6.1106,17.3081,-0.0093,1.0275,0.9879,-6.3839,5.3983,0.0001,0.0001,0.6780,0.0245,8192.6631,29.0109,196.1036,0.2431,0.3931,-35.8497,0.3583,0.7114,-111.9520,95.0056
62.5208,DESCEND,DESCEND,-5.9003,-3.7466,9.0487,9.4358,0.3241,0.6759,11.1801,14.6714,7.1109,22.2773,281.0000,0.0016,145.2990,65.9625,11.1801,0.0278,0.0463,0.1296,0.6435,0.0370,0.0324,0.0370,0.0463,161.7474,222.0854,1.4279,17.3080,6.9940,22.3513,0.0042,-0.0000,0.4022,0.5041,0.4567,5.6553,8.2430,10.0281,7.0694,10.3931,13.1890,2.2995,2.3981,1.0331,0.0888,-1.1106,0.9915,-8.3501,6.7853,6.7958,20.7488,-0.0004,1.0107,0.8152,-7.8743,7.4382,0.0001,0.0000,0.6944,0.0260,8167.1751,29.6190,196.4518,0.2447,0.4017,-27.9260,0.5361,0.6904,-108.8474,69.4006
62.5625,DESCEND,DESCEND,-4.7057,-0.5758,11.2041,15.1502,0.3512,0.6488,12.9680,17.3446,7.9326,23.2650,287.0000,0.0017,133.1593,64.3219,12.9680,0.0248,0.0289,0.1074,0.6736,0.0496,0.0413,0.0537,0.0207,172.8467,201.6305,1.3654,19.5359,8.0032,22.7479,0.0050,-0.0000,0.4385,0.5077,0.4641,6.3650,9.2386,11.5439,7.6214,12.0639,14.9347,2.9859,3.4634,1.0317,0.2008,-0.6911,0.9929,-12.3090,8.9118,7.1122,21.8493,-0.0076,1.0209,1.0915,-9.3562,6.2597,0.0001,0.0001,0.7149,0.0262,8198.9940,29.9218,195.0947,0.2422,0.3900,-27.7970,0.5361,0.6933,-106.1628,85.7785
62.6042,DESCEND,DESCEND,-2.7375,-0.0476,12.8607,19.4632,0.4167,0.5833,14.0649,18.6725,8.6631,29.5317,296.0000,0.0017,131.2991,61.2546,14.0649,0.0250,0.0208,0.1042,0.6667,0.0333,0.0583,0.0625,0.0292,180.4639,188.5954,1.8773,20.8034,8.6399,26.3516,0.0059,-0.0000,0.4577,0.5705,0.4711,6.8420,10.3579,12.3980,7.7794,14.3289,15.9487,3.1209,3.7665,1.2470,0.1701,-1.5663,0.9946,-10.5336,7.9776,8.6731,26.3926,-0.0051,1.0157,0.9154,-9.4126,8.4180,0.0001,0.0000,0.7000,0.0263,8184.4733,30.0085,194.4163,0.2414,0.3799,-32.9574,0.3722,0.7230,-101.6921,-26.7826
62.6459,DESCEND,DESCEND,-4.0189,-0.2138,13.8608,20.7034,0.3700,0.5727,15.5972,20.5704,9.9116,56.1643,303.0000,0.0018,129.6332,62.1387,15.5972,0.0881,0.0132,0.1101,0.6432,0.0396,0.0749,0.0264,0.0044,168.9787,186.5685,2.2791,22.5836,9.5978,41.4420,0.0079,-0.0000,0.5117,0.6978,0.4682,7.5363,12.3164,14.1233,7.9533,17.4162,17.4609,2.7573,3.9710,1.0314,0.2948,-0.2955,0.9932,-14.7591,13.4191,8.5547,23.6560,-0.0094,1.0220,0.6396,-11.1541,10.3367,0.0001,0.0001,0.6960,0.0266,8116.8119,29.9998,195.4822,0.2434,0.3681,-38.0766,0.4194,0.6648,-108.3970,-91.3876
62.6876,DESCEND,DESCEND,-4.3119,-0.2554,14.0345,22.7447,0.3836,0.6164,15.7672,21.8189,9.9782,33.5048,301.0000,0.0017,132.4454,64.5377,15.7672,0.0411,0.0411,0.1826,0.5662,0.0457,0.0639,0.0365,0.0228,169.6480,182.4555,3.1886,23.5592,9.8731,27.8283,0.0051,-0.0000,0.5277,0.7067,0.4537,6.8593,14.3093,15.4018,8.0952,18.5892,17.9610,2.5619,2.7050,1.2904,0.1507,-0.6070,0.9890,-13.7301,14.5427,9.7013,26.8556,-0.0166,1.0200,0.0794,-13.2064,14.1219,0.0001,0.0001,0.6575,0.0253,8026.4382,29.4373,194.9001,0.2410,0.3506,-29.8142,0.5389,0.6838,-109.3153,-82.3915
62.7293,DESCEND,DESCEND,-5.7875,-0.2379,12.9340,13.9954,0.3814,0.6186,15.5193,22.7224,10.7171,30.3038,298.0000,0.0017,140.6944,67.2002,15.5193,0.0722,0.0309,0.2268,0.4691,0.0361,0.0928,0.0464,0.0258,163.8007,185.0724,4.0489,24.5711,10.2458,25.5128,0.0097,-0.0000,0.5594,0.8039,0.4767,6.9651,15.8758,16.6464,10.6083,17.3916,17.5078,2.5435,3.2196,1.0351,0.3869,0.3169,0.9918,-16.7139,17.7894,11.1791,28.1593,-0.0507,0.9769,-1.7010,-27.0895,24.9205,-0.0001,0.0001,0.5464,0.0258,7944.6684,29.7435,204.0623,0.2428,0.3614,-30.9161,0.5333,0.6877,-115.2698,-41.1714
62.7710,DESCEND,DESCEND,-3.1767,-0.0772,15.2233,24.2140,0.4149,0.5585,17.3442,24.5456,10.8446,29.8823,297.0000,0.0017,131.2089,68.3712,17.3442,0.0798,0.0160,0.1702,0.5638,0.0851,0.0532,0.0106,0.0213,162.7064,181.8660,3.7363,25.2542,10.5272,27.9191,0.0143,-0.0000,0.5600,0.7896,0.4863,7.2859,16.9566,17.2784,10.1586,17.2256,17.7361,2.5854,1.8021,1.3748,0.3861,0.8798,0.9952,-20.1679,19.6148,9.5080,25.4693,-0.0363,0.9584,-1.7570,-12.6884,23.9167,-0.0000,-0.0001,0.6117,0.0257,7838.6486,29.5181,198.1448,0.2441,0.3580,-38.1572,0.3722,0.7122,-112.7497,141.1182
62.8127,DESCEND,DESCEND,-3.4343,-0.0002,14.8661,23.0742,0.4444,0.5500,15.9656,24.5666,11.8650,37.4459,300.0000,0.0017,136.7078,67.6157,15.9656,0.0833,0.0278,0.0833,0.5722,0.0833,0.0722,0.0500,0.0278,159.5106,181.5397,2.9487,26.0650,10.9933,29.6881,0.0147,-0.0000,0.5826,0.8065,0.4942,7.4989,17.7235,18.5178,10.4732,17.7976,18.1428,2.5599,1.7128,1.5778,0.2705,1.0845,1.0016,-23.6265,18.7154,12.6177,30.1781,-0.0427,1.0051,-1.4719,-16.6471,20.9061,0.0001,0.0000,0.5444,0.0253,7780.9852,29.7842,203.8944,0.2569,0.3560,-36.9776,0.4111,0.7093,-103.4982,352.5606
62.8545,DESCEND,DESCEND,-3.6690,-0.1602,16.2247,25.4053,0.3771,0.6229,16.5851,24.7510,12.0789,36.3338,291.0000,0.0017,137.3349,63.5666,16.5851,0.0229,0.0343,0.0343,0.5829,0.0914,0.1143,0.0857,0.0343,157.2925,177.4648,3.2380,26.9042,11.2189,29.9406,0.0177,-0.0000,0.5938,0.7972,0.4813,9.1597,18.4226,21.6817,11.2774,15.6177,18.4176,1.9631,1.7092,1.3231,0.1535,1.2713,1.0016,-25.7973,18.2250,13.8050,43.5877,0.0269,1.0242,-1.2242,-19.4696,18.5253,0.0001,0.0001,0.5257,0.0268,7722.8991,29.5071,207.9868,0.2767,0.3462,-37.0875,0.4861,0.7020,-83.3403,658.4031
62.8962,DESCEND,DESCEND,-6.6193,-0.7404,16.0666,25.1256,0.2924,0.7076,17.5456,24.8952,12.5230,35.3457,300.0000,0.0017,143.6083,59.3516,17.5456,0.0175,0.0117,0.0409,0.6257,0.1111,0.1170,0.0643,0.0117,157.6385,167.7451,2.9188,28.8370,12.0179,35.9668,0.0199,-0.0000,0.6183,0.7632,0.4936,9.5003,19.3924,23.8703,10.5475,17.1374,19.0894,1.1477,2.7328,1.0419,0.1735,-0.0097,0.9551,-14.9153,15.7451,13.6978,36.8780,0.0090,1.0137,-1.2322,-19.0540,17.4569,0.0001,0.0001,0.5497,0.0251,7624.4840,29.0126,212.4569,0.2962,0.3375,-38.9115,0.4611,0.7111,-48.5764,896.6050
62.9379,DESCEND,DESCEND,-2.4389,-0.7846,13.9093,27.5101,0.3433,0.6567,16.8960,23.5120,12.8899,43.1249,273.0000,0.0016,140.4336,64.9988,16.8960,0.0597,0.0448,0.0299,0.5224,0.0746,0.1269,0.1119,0.0299,168.0581,153.0330,1.9208,30.1273,12.5617,35.6561,0.0191,-0.0000,0.6470,0.7532,0.4894,10.4620,21.4584,24.1459,9.8458,20.6986,17.9442,0.4379,4.0633,0.7064,0.2510,0.7403,1.0029,-27.6195,14.3707,15.9101,38.8225,-0.0837,1.0518,-0.7655,-50.4623,13.3504,-0.0000,0.0002,0.4403,0.0224,7078.8144,27.5012,200.8483,0.3302,0.3131,-39.1737,0.3833,0.5805,-8.5485,875.2779
62.9796,DESCEND,DESCEND,-1.9030,-0.0240,15.3900,24.9548,0.4258,0.5742,18.7338,25.9154,13.2485,35.5111,256.0000,0.0015,134.5468,65.5290,18.7338,0.0387,0.0387,0.0452,0.6258,0.1032,0.0774,0.0452,0.0258,177.4422,145.5961,0.6923,30.5335,12.2143,35.3598,0.0171,-0.0000,0.6848,0.7041,0.4886,13.1715,20.1831,23.5815,8.1268,18.1466,14.7734,0.0854,3.9059,0.5260,0.5424,-0.2627,0.9431,-15.6529,11.5056,14.4104,40.0547,0.0629,0.9348,-2.8341,-34.7658,21.2238,-0.0002,0.0000,0.4774,0.0222,6923.0290,26.8453,197.4823,0.3609,0.2888,-42.8789,0.3361,0.5731,24.4364,682.2402
63.0213,ASCEND,DESCEND,5.7227,0.0252,12.1062,29.0979,0.5524,0.4476,16.6858,19.9545,14.3234,60.4919,208.0000,0.0012,132.5609,65.0689,16.6858,0.0381,0.0381,0.0667,0.5429,0.1238,0.1048,0.0476,0.0381,169.9476,145.7339,0.5611,30.2030,11.7261,34.8287,0.0180,-0.0000,0.6415,0.6611,0.4885,10.4009,20.1843,22.0279,5.6622,17.9385,10.3873,0.3188,3.3593,0.3268,0.4280,0.4263,0.9927,-0.5051,3.8423,16.0943,30.3457,0.2466,1.0094,-2.1359,-52.9912,14.4891,-0.0001,0.0001,0.4952,0.0211,6011.3249,25.2325,195.1404,0.3626,0.2954,-38.1336,0.2444,0.4534,48.3617,410.5703
63.0630,ASCEND,DESCEND,5.0959,0.0333,13.4041,27.9031,0.5917,0.4083,16.5007,22.4739,12.7304,31.3245,178.0000,0.0010,134.0724,64.7466,16.5007,0.0417,0.0500,0.0417,0.5917,0.0333,0.1167,0.0833,0.0417,172.6468,140.5400,0.1377,28.9213,11.1212,31.4974,0.0197,-0.0000,0.5784,0.6230,0.4807,10.2358,20.0225,20.5478,3.4001,17.8663,6.3267,0.2735,2.1271,0.3549,0.2901,0.1148,0.9999,-0.4588,0.3785,16.3574,30.5010,0.1355,1.0509,-0.8141,-53.3389,9.3901,-0.0000,0.0002,0.5500,0.0201,5650.6143,24.3662,196.0848,0.3691,0.2980,-36.1420,0.1861,0.3674,58.6848,133.9978
63.1047,ASCEND,DESCEND,6.4794,0.0829,11.7238,26.0091,0.5946,0.4054,15.4662,22.0412,12.0242,32.3122,175.0000,0.0010,136.9327,60.8330,15.4662,0.0450,0.0360,0.0270,0.5676,0.0721,0.1802,0.0450,0.0270,167.3204,136.8627,0.0564,27.0634,10.1158,30.3693,0.0110,-0.0000,0.5152,0.5717,0.4920,7.8618,19.4994,16.1922,2.4994,15.7551,3.2081,0.1491,1.1447,0.5162,0.1814,-0.4488,0.9903,-21.8792,11.2018,13.7166,29.8221,-0.0286,0.9701,-2.6735,-32.2742,19.9365,-0.0001,0.0001,0.6036,0.0185,5262.9264,23.0770,199.3852,0.3660,0.3388,0.0000,0.8111,0.2900,59.5394,-200.4810
63.1464,ASCEND,DESCEND,4.1308,0.0302,11.6797,24.4344,0.5806,0.4194,14.4119,21.0184,11.4741,28.2621,174.0000,0.0010,136.0028,61.2131,14.4119,0.0484,0.0242,0.0968,0.5726,0.0323,0.1048,0.0645,0.0565,157.9256,139.0812,0.0087,25.3007,9.2377,27.8526,0.0069,-0.0000,0.4398,0.4458,0.4884,8.4415,18.4456,13.0092,0.4494,13.1606,1.7332,0.0704,0.7656,0.4078,0.1957,0.2050,0.9908,-20.3848,14.8843,12.3430,27.5007,-0.0296,1.0088,-2.9225,-31.8097,19.5364,-0.0002,0.0002,0.5806,0.0173,4876.4225,22.0122,191.2955,0.3631,0.3612,-35.0419,0.2278,0.3135,41.9613,-633.7021
63.1881,DESCEND,DESCEND,-1.1174,-0.0318,9.6595,15.2500,0.3652,0.6174,12.3535,10.0067,11.3622,31.2780,148.0000,0.0009,139.7634,68.6206,12.3535,0.0696,0.0348,0.2000,0.3217,0.1130,0.1304,0.0522,0.0783,141.3369,148.8259,0.0040,23.8140,8.5718,27.3651,0.0043,0.0000,0.3681,0.3768,0.5045,7.0092,18.9683,11.1639,0.5636,9.5709,1.1781,0.0251,0.5108,0.1693,0.0150,-0.0453,1.0002,0.2086,-0.2912,12.4763,25.7701,-0.0302,0.9666,-2.9193,-27.6506,26.4533,-0.0001,0.0001,0.6174,0.0158,4820.7323,21.5293,185.4118,0.3775,0.3606,0.0000,0.8111,0.2900,6.6781,-1184.7239
63.2298,DESCEND,DESCEND,-3.6861,-0.0001,9.5590,8.8917,0.4571,0.5333,10.7572,0.6703,11.7504,25.7139,141.0000,0.0008,145.0569,68.4361,10.7572,0.0762,0.0571,0.5143,0.0762,0.0762,0.0762,0.0667,0.0571,124.4976,166.1612,0.0031,23.8593,8.6040,25.8673,0.0040,0.0000,0.3250,0.2953,0.5064,4.5244,19.9516,8.4457,0.1409,10.3857,1.1378,0.0372,0.0229,0.1564,0.0030,0.0125,1.0002,-0.1030,0.0239,10.7530,25.2007,-0.0695,0.8603,-0.8146,-4.7706,30.0812,-0.0001,-0.0002,0.6762,0.0167,4879.8223,22.1064,191.9055,0.3912,0.3492,-36.0983,0.1944,0.3960,-56.8644,-1720.1269
63.2715,DESCEND,DESCEND,-5.8127,-0.0018,10.0677,2.1262,0.3778,0.6111,10.3789,0.3316,12.1173,31.4381,141.0000,0.0008,148.6290,65.0120,10.3789,0.0667,0.1556,0.4333,0.0667,0.0333,0.0667,0.0667,0.1111,121.0026,192.6556,0.0050,25.5359,9.2073,27.9819,0.0038,-0.0000,0.3535,0.3431,0.4872,7.6100,22.3717,8.5046,0.5835,12.0437,1.1185,0.1453,0.2060,0.1703,0.0048,-0.0109,0.9999,0.0736,-0.0327,10.3978,27.2933,-0.0918,0.8841,-2.8642,-0.6271,30.7250,-0.0001,-0.0001,0.7444,0.0176,4918.8264,22.5272,195.7698,0.3932,0.3471,-39.2594,0.2361,0.4477,-136.8092,-1914.4487
63.3132,DESCEND,DESCEND,-7.8560,-0.2219,11.5362,0.2870,0.2874,0.7126,10.7674,1.0405,12.6656,30.6660,174.0000,0.0010,154.9800,67.8612,10.7674,0.1034,0.1149,0.4023,0.0575,0.0690,0.1034,0.1149,0.0345,128.1016,208.8181,0.0054,27.9540,10.2561,31.7592,0.0098,-0.0000,0.4264,0.4083,0.4652,8.2171,24.1631,11.0515,1.0149,14.9190,1.2199,0.0012,0.5474,0.2716,0.0288,-0.0225,0.9999,0.1173,-0.1391,10.8315,29.8306,-0.1265,0.8605,-4.0124,2.2901,40.9424,-0.0002,-0.0001,0.7471,0.0182,4800.5503,22.4055,202.7026,0.3852,0.3538,-38.9725,0.2556,0.3816,-216.5613,-1430.1941
63.3550,DESCEND,DESCEND,-11.3271,-2.2596,12.7446,0.0273,0.2596,0.7404,13.8076,8.9800,13.9033,32.7071,162.0000,0.0009,154.4895,71.3274,13.8076,0.0577,0.0865,0.5288,0.0577,0.0577,0.1058,0.0577,0.0481,128.7306,226.1620,0.0061,29.2975,10.9271,32.7983,0.0026,-0.0000,0.4639,0.4153,0.4692,7.2467,22.9717,13.8547,1.0335,18.2760,1.8157,0.0028,0.8765,0.2586,0.0821,0.0045,0.9984,0.4214,0.5311,13.6940,31.3669,-0.1748,0.8907,-6.4317,-0.2969,44.7572,-0.0003,0.0001,0.7885,0.0191,4697.4773,22.9497,210.8224,0.3724,0.3510,-37.9265,0.1944,0.3254,-256.1112,-733.0780
63.3967,DESCEND,DESCEND,-13.2712,-8.1702,13.1417,0.0415,0.2411,0.7589,15.4625,13.3865,14.5815,33.8583,157.0000,0.0009,158.5143,76.1160,15.4625,0.0893,0.0625,0.5893,0.0268,0.0268,0.0536,0.0714,0.0804,126.7676,248.4740,0.0072,30.9430,11.3430,33.9950,0.0074,-0.0000,0.4980,0.4536,0.4816,7.7686,23.1288,15.6966,0.6020,18.8479,2.4233,0.0190,1.1178,0.1472,0.0210,-0.0160,0.9999,0.1114,-0.0877,15.5110,33.6400,-0.1957,0.8685,-7.2429,4.4093,47.9928,-0.0003,0.0001,0.7232,0.0194,4579.0835,23.2167,217.3219,0.3574,0.3593,-24.1576,0.2917,0.4968,-277.7122,-309.4413
63.4384,DESCEND,DESCEND,-13.6101,-18.2296,13.1782,0.0785,0.2174,0.7826,16.7479,26.6349,14.7783,34.7598,184.0000,0.0011,153.0804,73.5905,16.7479,0.1043,0.1043,0.5217,0.0435,0.0435,0.0522,0.0870,0.0435,125.3438,241.8460,0.0068,30.7633,11.2163,34.5469,0.0028,-0.0000,0.4632,0.4091,0.4672,8.5052,22.6474,14.8331,0.3492,18.8078,2.5590,0.0040,1.2031,0.1902,0.0253,0.0263,0.9992,0.0599,0.3571,16.6414,33.8337,-0.2041,1.0069,-5.9647,-14.3769,41.7180,-0.0002,0.0005,0.7217,0.0206,4472.8729,23.8966,228.3224,0.3484,0.3697,-26.2319,0.3500,0.5128,-281.9238,397.9202
63.4801,DESCEND,DESCEND,-13.6028,-14.9295,12.8502,0.0377,0.2609,0.7391,16.7024,25.2601,14.4498,39.6560,198.0000,0.0011,145.9116,71.6595,16.7024,0.0609,0.1130,0.5913,0.0348,0.0348,0.0522,0.0348,0.0783,126.6018,233.7401,0.0065,30.5265,11.6162,36.4893,0.0083,-0.0000,0.4219,0.4204,0.4809,7.3788,23.4451,16.8539,0.3635,20.1109,3.7040,0.1936,1.2517,0.1543,0.0646,-0.0123,1.0002,-0.0637,-0.1689,16.7941,32.9306,-0.2339,0.9787,-6.4800,-14.3155,44.7630,-0.0002,0.0003,0.6087,0.0280,4343.2805,26.6346,287.2423,0.3402,0.3735,-35.9229,0.4750,0.4034,-244.5191,1138.7414
63.5218,DESCEND,DESCEND,-11.6313,-9.4136,12.3069,0.1289,0.2525,0.7475,15.2510,23.2550,14.5601,46.1505,287.0000,0.0017,135.1967,74.3039,15.2510,0.1111,0.1717,0.5051,0.0606,0.0202,0.0303,0.0505,0.0505,132.5345,236.1578,0.0237,28.6425,11.3187,33.1378,0.0088,-0.0000,0.4149,0.3887,0.4952,8.7567,24.3859,17.4460,0.4666,19.5231,4.2707,0.1713,1.3469,0.1341,0.2261,-0.0840,0.9992,0.6194,-0.0689,15.2923,32.6661,-0.2464,0.9625,-8.2298,-18.1806,45.6775,-0.0004,0.0004,0.6970,0.0461,4244.8770,32.6856,419.3139,0.3192,0.3973,-45.0000,0.2889,0.4714,-186.9338,1433.0237
63.5635,DESCEND,DESCEND,-2.9770,-0.0006,7.2147,0.0705,0.3881,0.6119,5.6533,0.0340,10.7524,44.3604,331.0000,0.0019,143.0232,84.0247,5.6533,0.1194,0.1493,0.2239,0.1343,0.0896,0.0896,0.0746,0.1194,161.3603,246.0611,0.0273,19.6584,7.1311,27.3526,0.0082,0.0000,0.4082,0.5213,0.5168,6.0415,11.3764,14.3855,2.1661,9.5709,6.1847,0.0470,0.9518,0.2976,0.0117,0.0487,0.9995,-0.0863,0.3478,5.6612,26.7147,-0.0528,0.9963,-0.2991,-0.6145,2.1770,-0.0000,0.0000,0.7463,0.0698,3985.2659,42.2905,585.1348,0.2946,0.4510,-45.0000,0.4056,0.6223,-124.9810,1502.9765
63.6052,DESCEND,DESCEND,1.1331,0.0008,11.1415,9.3022,0.5345,0.4655,5.6661,0.2895,11.8389,72.4600,411.0000,0.0024,159.1770,75.2002,5.6661,0.1034,0.0862,0.0690,0.1724,0.1897,0.0862,0.1724,0.1207,189.3969,240.1378,1.2445,10.6359,4.0608,23.2968,0.0063,0.0000,0.3658,0.5193,0.5182,6.2814,5.4236,5.7141,2.1282,5.2133,5.2875,0.0889,2.3186,2.5550,0.0806,0.0562,1.0011,-0.5837,-0.1487,5.6627,24.4915,0.0181,0.9885,-0.5167,0.4125,2.8053,-0.0000,0.0000,0.7241,0.1179,3871.6306,66.9233,1339.5836,0.2391,0.5000,-27.8833,0.2778,0.7127,-61.5605,1473.1188
63.6469,ASCEND,DESCEND,-0.4123,-0.0886,10.6126,3.3962,0.3409,0.6591,5.8102,0.7981,11.3787,70.2509,431.0000,0.0025,111.2032,65.4190,5.8102,0.0682,0.1591,0.1591,0.1591,0.1818,0.0682,0.1136,0.0909,207.2835,246.8680,5.9034,23.3169,8.0231,41.9125,0.0099,0.0000,0.5312,0.7379,0.5171,7.2996,6.7947,11.5894,8.4916,15.0336,14.1734,5.2896,4.6328,3.5464,0.8365,-0.0204,0.9985,0.3579,0.3915,5.7521,17.6923,0.0003,1.1451,3.9636,-19.5035,-20.8099,0.0003,0.0002,0.6818,0.1331,4338.0115,82.6300,1733.1224,0.2706,0.4700,-45.0000,0.4139,0.7024,-2.0983,1256.1682
63.6886,ASCEND,DESCEND,1.6363,0.0178,10.6976,20.6436,0.5455,0.4545,8.1068,0.4078,14.6877,77.5080,440.0000,0.0025,88.0882,47.1670,8.1068,0.2045,0.0000,0.1136,0.2273,0.1364,0.0909,0.1136,0.1136,210.2458,251.6830,5.7613,22.6231,7.6914,38.6419,-0.0158,-0.0000,0.6070,0.6935,0.4716,9.4936,14.2865,18.5150,6.5388,7.6972,10.4077,4.0799,3.0809,2.5786,1.1231,-0.0909,1.0026,0.0255,-1.1844,8.2015,29.7675,0.0849,1.0396,0.7528,19.0731,-13.8621,0.0000,0.0000,0.6818,0.1328,4775.0747,84.2303,1989.6415,0.2875,0.3960,-45.0000,0.4111,0.6883,43.2249,872.7052
63.7303,ASCEND,DESCEND,9.7697,0.8209,13.3858,36.3386,0.6842,0.3158,16.0179,18.0831,13.5493,39.6276,304.0000,0.0018,118.7064,48.9221,16.0179,0.0526,0.0526,0.2105,0.0526,0.1053,0.0526,0.2105,0.2632,188.2480,248.3577,7.0636,24.8871,8.4819,41.4632,0.0263,0.0000,0.5796,0.8526,0.5328,6.1222,14.8417,18.4775,7.7140,8.9426,10.0001,4.9521,1.8855,7.4573,4.9372,4.9244,1.0544,-36.7878,0.8762,15.6853,45.2390,0.0457,1.5102,2.0068,-19.1302,-85.0598,0.0004,0.0007,0.5789,0.0884,3873.4547,60.2743,1080.2513,0.1085,0.3680,-14.9148,0.3583,0.7382,70.6998,491.4470
63.7720,ASCEND,DESCEND,4.9963,0.0739,13.9373,28.9053,0.6000,0.4000,9.0838,0.1268,14.0654,45.8280,500.0000,0.0029,74.5952,43.3496,9.0838,0.0000,0.4000,0.0000,0.0000,0.1000,0.3000,0.1000,0.1000,191.7388,253.9001,8.2629,22.7894,7.2945,44.1394,0.0032,0.0000,0.6179,0.9242,0.5142,6.1696,16.1209,9.1989,10.6450,5.6804,11.0170,11.3320,2.6779,8.7035,5.3096,0.0418,0.9971,0.3654,1.0508,9.1512,33.8034,0.0336,0.2278,40.7614,79.7356,146.2522,0.0030,-0.0037,0.8000,0.1342,3783.3849,83.8848,1123.8149,0.0760,0.5668,16.9582,0.3500,0.7771,84.2198,0.9824
63.8137,ASCEND,DESCEND,0.2421,-0.0024,9.2007,15.6007,0.4651,0.5349,6.6278,0.2664,11.1479,44.7435,500.0000,0.0029,80.3121,40.9644,6.6278,0.1860,0.1395,0.0930,0.0465,0.0930,0.1395,0.1395,0.1628,203.0377,267.4361,7.6467,19.7566,6.5018,35.6694,-0.0076,-0.0000,0.5590,0.7593,0.4896,10.3450,12.6936,9.5668,13.7379,10.1678,6.7821,9.4436,3.1341,2.0756,5.5845,-0.0804,0.9941,1.6276,1.5625,6.6952,33.8619,0.0040,1.6553,1.4760,-77.7769,-135.6529,0.0001,0.0014,0.7209,0.1239,3280.5498,78.6833,944.0818,0.0319,0.5630,-13.1575,0.3444,0.7908,70.7818,-396.2725
63.8555,ASCEND,DESCEND,0.2954,0.0002,14.0742,29.1884,0.5517,0.4483,9.8526,0.0997,17.4404,71.5735,371.0000,0.0021,80.8866,55.1120,9.8526,0.0000,0.1034,0.2759,0.0690,0.0690,0.2414,0.1724,0.0690,207.6888,278.4736,7.6349,18.4725,6.0805,30.2505,-0.0059,-0.0000,0.5468,0.8109,0.4991,5.9505,11.5260,8.5525,10.8016,9.4770,9.1486,11.1632,2.9412,3.9665,4.7068,0.1688,0.9994,-0.7368,0.8090,9.8872,38.1502,0.0420,0.9256,-6.7870,-10.9018,27.0873,-0.0003,0.0001,0.7241,0.0899,3978.3376,60.5172,625.3475,0.0332,0.4853,-23.0368,0.3083,0.7751,51.1640,-877.8772
63.8972,ASCEND,DESCEND,nan,nan,nan,nan,nan,nan,13.8625,13.8625,13.8182,27.6808,46.0000,0.0003,nan,nan,13.8625,0.0000,0.0000,0.0000,0.5000,0.0000,0.5000,0.0000,0.0000,nan,nan,7.1352,24.7452,8.3228,48.0271,0.0060,0.0000,0.9240,1.2912,0.5047,10.6295,11.2086,6.6374,8.6905,14.2940,8.7181,13.0068,5.2349,6.3981,5.6081,nan,nan,nan,nan,nan,nan,nan,nan,nan,nan,nan,nan,nan,nan,0.0098,601.8201,14.7779,307.6945,0.0280,0.1134,nan,nan,0.0000,-2.4478,-788.2316
63.9389,ASCEND,DESCEND,nan,nan,nan,nan,nan,nan,nan,nan,nan,nan,171.0000,0.0010,nan,nan,nan,nan,nan,nan,nan,nan,nan,nan,nan,nan,nan,0.5154,28.0089,9.3499,100.2830,0.0006,0.0000,0.9109,0.9266,0.5041,30.8390,9.4394,0.5287,0.6451,6.9213,4.8519,5.5910,4.0067,16.1784,9.2430,nan,nan,nan,nan,nan,nan,nan,nan,nan,nan,nan,nan,nan,nan,0.0448,6659.4852,39.1654,503.3786,0.3426,0.3822,24.9048,0.4028,0.7203,-14.5876,391.1684
63.9806,STABLE,DESCEND,0.2429,0.0003,1.4584,0.1816,0.5952,0.3810,0.4189,0.0785,1.9044,12.5742,370.0000,0.0021,67.5780,40.8826,0.4189,0.1429,0.1429,0.1667,0.0714,0.0952,0.2381,0.1190,0.0238,215.7550,274.6912,5.3099,26.6280,9.4182,40.7284,0.0049,0.0002,0.7538,1.0004,0.5257,12.3497,10.2021,15.1469,12.2913,10.9992,8.2470,16.6367,1.6872,0.8362,1.0708,-0.0137,1.0003,-0.0126,-0.1313,0.4251,0.4379,0.0012,0.9984,0.0756,0.4865,-0.3394,0.0000,-0.0000,0.9762,0.0831,3925.3813,53.9877,543.4580,0.5656,0.1745,21.9059,0.2778,0.6790,30.1821,986.0164
64.0223,ASCEND,DESCEND,1.0853,0.0003,8.4730,4.4064,0.5312,0.4688,3.7000,0.1666,11.2127,57.2946,92.0000,0.0005,80.0724,41.2046,3.7000,0.0938,0.1875,0.1562,0.0938,0.0312,0.2188,0.0938,0.1250,218.0505,284.3509,5.3858,23.2455,8.3580,46.7513,-0.0269,-0.0000,0.7400,1.0124,0.4868,7.1035,10.8025,8.8002,17.8630,10.5614,5.4260,9.7329,1.3666,1.4065,1.6102,-0.0119,1.0005,-0.0768,-0.2072,3.7126,22.0398,0.0092,0.7546,-3.5879,33.7246,48.2737,-0.0002,-0.0004,0.9062,0.0369,6424.1719,38.5170,544.9614,0.6700,0.1908,45.0000,0.5944,0.5657,67.6626,949.2253
64.0640,ASCEND,DESCEND,-0.1240,0.0217,0.5816,0.4306,0.5789,0.4211,0.8653,0.2134,2.1642,9.9383,208.0000,0.0012,75.9967,26.3796,0.8653,0.1579,0.1579,0.1053,0.0526,0.1579,0.1579,0.1579,0.0526,220.3651,289.1242,6.2964,26.4465,9.1273,52.8645,-0.0078,-0.0000,0.8770,1.3085,0.4958,12.4091,19.1543,13.5858,11.4771,10.4359,12.2966,7.0919,1.9619,1.4961,1.5923,-0.0971,1.0001,0.4696,-0.4164,0.8868,2.0115,-0.0036,0.9509,-0.1227,4.9412,9.6598,-0.0000,-0.0001,0.9474,0.1005,7085.8581,68.7042,847.6501,0.4592,0.2521,45.0000,0.4389,0.7354,109.3634,1044.2926
64.1057,ASCEND,DESCEND,3.8113,0.0491,14.0173,16.4821,0.6875,0.3125,6.5128,0.1187,21.1143,87.8739,334.0000,0.0019,101.4813,64.3264,6.5128,0.0000,0.3125,0.2500,0.0000,0.0625,0.0625,0.2500,0.0625,215.6506,252.6558,7.8135,26.5199,8.7883,44.2048,0.0085,0.0001,0.7528,1.1251,0.5187,9.1376,20.2026,21.0740,6.0970,10.5632,12.4580,6.4592,1.0994,5.7645,2.1472,-1.1724,0.9988,6.6315,-3.3809,6.2367,25.1143,0.0335,0.9476,3.6345,18.7145,8.7499,0.0002,-0.0003,0.8750,0.0968,6445.8750,68.0643,777.5778,0.2341,0.4292,0.0000,0.2611,0.7267,154.7740,913.7049
64.1474,ASCEND,DESCEND,0.8807,-0.0294,10.1785,17.6914,0.4286,0.5714,8.0852,1.2123,11.8570,36.3789,164.0000,0.0009,101.0840,67.0345,8.0852,0.2143,0.2143,0.0714,0.1429,0.0000,0.2143,0.1429,0.0000,223.0812,282.9615,6.2344,31.8636,11.8442,66.4044,0.0136,-0.0000,1.0798,1.2483,0.4848,19.5278,12.9610,21.5386,14.6938,13.9445,9.7240,8.2112,5.4066,3.2623,2.2756,0.0519,1.0017,-0.4764,-0.1865,8.0808,32.3355,-0.0157,0.7613,-8.7182,24.0849,38.3784,-0.0003,-0.0003,0.7143,0.0410,4419.4100,33.6787,388.2270,0.0993,0.2787,-45.0000,0.6083,0.5515,185.5816,737.6370
64.1891,ASCEND,DESCEND,24.9670,0.0296,67.5326,133.1604,0.5556,0.4444,35.5723,0.4394,74.6000,233.3347,394.0000,0.0023,89.7253,82.2743,35.5723,0.0000,0.1111,0.3333,0.1111,0.0000,0.4444,0.0000,0.0000,230.7173,292.1840,4.8374,18.5558,6.4142,49.0586,0.0008,0.0000,0.7716,0.9641,0.5193,13.2679,7.4229,10.4100,6.8327,9.0339,4.9395,6.4947,2.6283,5.3487,2.2846,0.1903,0.9997,-0.9513,0.7876,35.5980,173.6521,0.2201,1.1339,-0.0507,-28.6270,-21.9874,0.0000,0.0003,0.7778,0.0994,5343.3546,69.5849,855.4235,0.1582,0.4551,-16.1188,0.3583,0.7564,216.3052,546.5171
64.2308,ASCEND,DESCEND,23.4478,16.3029,24.9767,67.4868,0.8000,0.2000,33.0498,16.4947,26.7828,75.5514,415.0000,0.0024,170.5141,65.9930,33.0498,0.4000,0.1333,0.0000,0.0000,0.2000,0.0000,0.2000,0.0667,179.2742,264.5319,5.9019,18.0691,6.1714,40.2054,0.0020,0.0000,0.6271,0.8138,0.5059,9.2913,11.2711,11.4403,7.5116,6.9992,10.1237,6.2016,2.4391,2.6287,1.6385,-1.3507,0.9989,3.1078,-9.2829,33.3081,76.3177,0.3515,1.0709,31.1351,100.5834,74.3741,0.0048,-0.0027,0.4000,0.1102,4541.5073,87.8718,1585.8529,0.1532,0.5411,-4.0318,0.3778,0.7585,231.1702,155.7723
64.2725,ASCEND,DESCEND,1.3439,0.1425,8.1422,13.7583,0.5108,0.4892,11.3204,10.3340,7.2652,45.3826,434.0000,0.0025,118.6478,68.2347,11.3204,0.0360,0.0360,0.0144,0.0072,0.0144,0.1007,0.1727,0.6187,182.5947,227.9978,7.5030,20.7935,6.7432,32.2438,-0.0299,-0.0000,0.5985,0.6164,0.4536,10.5944,14.9827,15.8848,8.6911,10.7703,8.9639,6.9157,3.1184,3.9600,1.7033,-3.6644,1.0324,11.3913,-25.0446,8.5420,20.2831,-0.0900,0.9353,-0.1038,27.0690,1.9385,-0.0001,-0.0002,0.6978,0.1183,4554.2261,90.4391,1572.8521,0.1696,0.5305,-2.0184,0.4444,0.7571,229.2992,-245.7483
64.3143,ASCEND,DESCEND,1.2582,2.7647,11.6543,16.3497,0.5906,0.4094,16.4485,15.8525,8.1501,72.4230,486.0000,0.0028,134.7871,72.5101,16.4485,0.0000,0.0315,0.0079,0.1102,0.7795,0.0551,0.0157,0.0000,172.0164,198.6364,11.0438,22.2392,7.8193,27.8398,0.0195,-0.0000,0.5137,0.7428,0.4999,5.7118,9.2766,12.5123,13.4331,14.8878,17.8068,10.7413,8.1392,5.2395,1.7931,-2.1885,0.9537,-4.1022,-4.3076,7.0743,26.2047,0.0474,0.9823,0.8537,-5.2059,-4.5829,-0.0000,0.0002,0.7165,0.1147,4752.7929,82.8829,1256.8130,0.1920,0.5110,10.9141,0.3750,0.7570,210.6707,-600.2882
64.3560,ASCEND,DESCEND,8.2431,12.3945,12.8921,23.5828,0.7706,0.2294,19.5461,21.0577,7.4455,40.0786,453.0000,0.0026,124.3108,62.1081,19.5461,0.0000,0.0183,0.0550,0.1101,0.7523,0.0275,0.0275,0.0092,182.4135,195.5698,11.4988,26.9077,9.4126,35.4181,0.0128,0.0000,0.5893,0.7524,0.5067,8.1672,12.3664,15.7892,5.0868,18.2120,20.7443,9.0728,10.0617,12.9553,2.0050,-2.4565,0.9770,-9.3895,-6.2986,7.0386,30.3369,0.0649,0.8958,-2.9638,-1.9642,4.5641,-0.0003,-0.0000,0.6972,0.1057,4919.1314,79.5021,1132.3824,0.2170,0.5004,8.0944,0.3833,0.7575,179.2252,-981.3629
64.3977,ASCEND,DESCEND,4.9451,6.9327,13.9085,22.5392,0.7069,0.2931,18.9602,17.9054,10.8752,46.0579,411.0000,0.0024,138.9022,49.4896,18.9602,0.0345,0.0172,0.0517,0.3103,0.3793,0.0517,0.1034,0.0517,208.1984,195.7195,14.4110,29.1146,9.8795,37.5581,0.0074,0.0000,0.7149,0.8442,0.5092,10.8471,11.5255,18.5552,12.8425,18.4834,22.1421,10.3473,9.8990,18.8486,2.6087,-3.1995,0.9885,-8.9239,-7.7055,13.7064,39.5977,0.0607,0.9778,2.1496,-6.1364,-7.0314,-0.0000,-0.0000,0.4655,0.0996,4569.9467,76.9799,1153.7726,0.2147,0.5246,-11.0105,0.4361,0.7505,128.8087,-1226.7322
64.4394,ASCEND,DESCEND,4.7509,7.9962,10.2869,16.4576,0.7068,0.2932,13.6449,14.8107,6.6816,42.2167,435.0000,0.0025,135.8923,52.2452,13.6449,0.0075,0.0301,0.0752,0.6015,0.2030,0.0226,0.0301,0.0301,230.9605,184.6162,13.0962,21.8692,7.4729,39.2491,0.0124,-0.0000,0.5992,0.7430,0.4952,9.2670,8.3267,13.4151,10.8189,11.5707,16.7985,16.7010,5.8817,15.3604,3.7573,-1.9875,0.9944,-8.3286,-3.3580,6.3307,20.6606,0.0173,0.9656,1.4032,-4.8876,-1.2080,-0.0000,-0.0001,0.6692,0.1085,4317.2173,79.4533,1401.9039,0.2066,0.5314,17.7930,0.3361,0.7527,76.8953,-1458.6224
64.4811,STABLE,DESCEND,0.0717,0.0521,5.0106,7.9897,0.5292,0.4708,6.3312,6.2520,4.5451,27.2510,468.0000,0.0027,136.7388,53.8746,6.3312,0.0375,0.0500,0.3833,0.3542,0.0833,0.0292,0.0333,0.0292,243.4187,177.2630,5.1183,13.4832,4.7336,27.2838,0.0010,0.0000,0.3982,0.5200,0.5073,4.9078,3.4628,7.2161,11.1186,5.2888,9.4797,7.6824,1.3752,2.2000,1.2519,-1.0704,1.0039,-2.4884,0.2163,4.0727,10.2305,-0.0154,1.0243,1.2749,-10.9337,-1.3931,0.0000,0.0001,0.7583,0.1078,4273.2797,80.1766,1470.0000,0.2090,0.5377,16.0490,0.4306,0.7596,7.1353,-872.7985
64.5228,STABLE,DESCEND,-0.3900,-0.6737,3.2641,5.7254,0.4196,0.5804,4.5529,4.0725,3.3878,17.3712,480.0000,0.0028,150.3642,53.7764,4.5529,0.3569,0.4431,0.0431,0.0392,0.0078,0.0196,0.0039,0.0863,248.1109,181.3423,3.8616,11.2340,3.7757,17.2367,-0.0074,-0.0000,0.3419,0.4639,0.4981,3.8297,2.8411,6.4873,7.1356,3.5920,7.9134,6.4097,2.3631,1.8662,1.5297,-0.5528,1.0048,3.1542,0.3867,2.9594,8.0053,-0.0094,1.0279,0.8094,-0.5839,-0.2673,0.0000,0.0001,0.8784,0.1160,4077.8704,84.5792,1688.4238,0.1831,0.5525,7.8793,0.4417,0.7538,4.0893,234.4839
64.5645,STABLE,DESCEND,-0.4320,-0.5994,3.9511,5.2849,0.4103,0.5897,4.7871,4.4040,3.1629,20.1921,480.0000,0.0028,149.3539,51.6870,4.7871,0.6140,0.0486,0.0122,0.0030,0.0091,0.0182,0.0334,0.2614,256.7218,172.9649,4.1012,10.5436,3.2967,19.1192,-0.0109,-0.0000,0.3166,0.4079,0.4925,3.7015,3.6175,6.2879,5.7643,3.9118,7.2573,4.7536,2.0841,2.1993,1.0736,-0.2563,1.0013,4.5946,-0.3713,2.2883,8.7105,-0.0009,1.0181,0.5518,2.9739,-1.5516,0.0000,0.0000,0.9240,0.1248,4344.9738,94.3982,2230.6968,0.1833,0.5396,12.8608,0.4389,0.7488,26.6951,60.2406
64.6062,STABLE,DESCEND,0.0303,0.0019,1.5671,2.2229,0.5026,0.4974,1.9527,1.8480,1.5160,9.8266,500.0000,0.0029,146.5226,49.6462,1.9527,0.0692,0.0282,0.0205,0.0026,0.0282,0.1821,0.4205,0.2487,241.1425,166.1535,1.6920,4.3417,1.5024,14.0426,-0.0043,-0.0000,0.2162,0.2995,0.4735,2.8600,2.1346,2.9010,2.0590,1.6153,2.2696,1.8369,0.8408,0.8413,1.1483,-0.1820,1.0014,0.9203,-2.1634,1.4098,3.8108,-0.0001,1.0097,0.2579,1.0398,-2.6282,0.0000,-0.0000,0.9641,0.1240,4236.6306,89.7250,1913.0348,0.1882,0.5367,-29.9045,0.3083,0.7421,9.1144,-446.9830
64.6479,STABLE,DESCEND,0.0455,0.0029,3.8503,5.6681,0.5072,0.4928,4.2659,4.6960,2.5136,18.1784,500.0000,0.0029,145.5464,47.8438,4.2659,0.0115,0.0287,0.0372,0.1032,0.6533,0.1146,0.0315,0.0201,251.4168,168.9387,3.3388,6.4901,2.4097,14.2788,0.0057,0.0000,0.3004,0.4508,0.5018,4.4762,3.7300,4.3748,3.3146,3.3384,4.1632,5.5365,0.6700,1.5996,1.6493,0.4372,0.9990,-4.8975,-0.0957,2.5103,7.3374,0.0032,1.0057,-0.3069,-6.7638,-2.3468,0.0000,0.0000,0.9054,0.1246,4293.4869,90.7769,1881.2007,0.1911,0.5355,6.0885,0.4000,0.7543,-10.5907,-208.9481
64.6896,STABLE,DESCEND,0.6305,0.2040,7.6361,10.4429,0.5446,0.4554,9.0141,10.0342,3.8962,24.1454,493.0000,0.0029,141.9063,50.2043,9.0141,0.0064,0.0159,0.0223,0.2707,0.6051,0.0287,0.0350,0.0159,259.5340,163.8479,7.9058,12.1848,4.5356,20.7787,0.0137,0.0000,0.3877,0.5854,0.5115,4.7689,7.3014,8.8151,8.6718,7.7192,8.4915,9.2382,2.9008,4.1448,2.8498,0.8854,0.9985,-11.6499,2.7543,3.1709,11.0798,-0.0044,0.9932,-0.8891,-9.0440,2.4391,-0.0000,-0.0000,0.7866,0.1271,4431.6795,96.6759,2296.5752,0.1728,0.5365,11.1616,0.4333,0.7577,-8.3154,62.7737
64.7313,STABLE,DESCEND,0.2848,0.0535,3.8530,5.1288,0.5101,0.4899,4.6038,5.2071,1.8536,13.3208,500.0000,0.0029,141.5826,49.3043,4.6038,0.0075,0.0151,0.0050,0.4472,0.4397,0.0452,0.0176,0.0226,241.7790,158.9951,4.6784,6.5681,2.4433,11.1255,0.0095,0.0000,0.2521,0.3644,0.5129,3.6716,4.1839,5.6637,4.6255,4.4479,5.1491,4.3893,1.1423,2.0552,1.1511,0.3315,0.9984,-5.6103,1.5593,1.3112,4.6563,0.0010,0.9850,-0.3206,-5.5837,2.7481,-0.0000,-0.0000,0.9598,0.1327,4363.7840,94.4413,1920.3320,0.1748,0.5262,13.9147,0.3917,0.7624,-5.3543,145.5976
64.7730,STABLE,DESCEND,0.0356,0.0356,1.6794,2.3439,0.5339,0.4661,1.9213,1.9086,1.1493,9.5756,500.0000,0.0029,141.9129,48.8722,1.9213,0.0385,0.0317,0.0294,0.4367,0.3756,0.0317,0.0294,0.0271,230.7552,157.6000,1.6903,3.7047,1.2880,8.8154,0.0051,0.0000,0.1774,0.2450,0.5202,2.6291,1.9047,2.8333,2.3907,1.6806,2.1073,1.6038,0.4568,0.7399,1.0639,0.2160,0.9995,-2.1669,0.9556,1.1189,3.5557,0.0011,0.9917,-0.1186,-2.1498,0.9528,-0.0000,-0.0000,0.9796,0.1323,4371.4727,95.5726,2064.5520,0.1797,0.5246,21.8014,0.3056,0.7539,3.8299,118.2402
64.8147,STABLE,DESCEND,-0.1323,0.0498,1.8022,1.9268,0.5386,0.4614,1.6476,1.5460,1.3920,14.5793,500.0000,0.0029,141.8058,49.4075,1.6476,0.5386,0.0464,0.0110,0.0110,0.0221,0.0243,0.0221,0.3245,233.5138,151.4532,1.2539,2.9281,1.1511,9.6826,-0.0016,0.0000,0.1674,0.1948,0.5070,2.6104,1.0316,1.3496,1.1439,1.9066,1.6578,1.5153,0.7037,0.8405,1.1079,-0.1342,1.0000,1.6874,-0.4129,0.9321,3.8269,-0.0012,1.0001,0.1286,1.5666,-0.4514,-0.0000,0.0000,0.9691,0.1330,4483.9635,99.5424,2436.4636,0.1710,0.5221,1.0185,0.4722,0.7501,4.5089,-8.1090
64.8565,STABLE,DESCEND,-0.0476,0.0237,2.2630,3.1212,0.5376,0.4624,2.5633,2.6944,1.7566,16.7063,500.0000,0.0029,143.3410,48.9203,2.5633,0.4437,0.0493,0.0282,0.0164,0.0070,0.0094,0.0141,0.4319,232.3768,150.6415,2.3107,4.2224,1.7062,15.5236,-0.0049,-0.0000,0.2169,0.2616,0.4910,3.9300,2.1211,3.1321,2.5853,2.4013,2.6910,2.8818,0.4716,0.9323,1.2255,-0.2827,1.0003,3.0176,-1.1980,1.1645,2.7149,-0.0016,0.9997,0.1953,3.5267,-0.8088,-0.0000,-0.0000,0.9648,0.1346,4266.7125,96.1796,2035.5703,0.1771,0.5302,16.0490,0.3639,0.7596,3.1535,-38.6144
64.8982,STABLE,STABLE,0.1939,0.0112,2.7090,2.7420,0.5096,0.4904,2.2798,2.3556,2.3135,33.5175,500.0000,0.0029,143.8882,47.9083,2.2798,0.4593,0.0455,0.0311,0.0167,0.0096,0.0239,0.0215,0.3923,237.6273,149.4252,2.0190,3.4006,1.2304,8.5362,-0.0046,-0.0000,0.1829,0.2330,0.4950,4.2352,2.1695,2.5883,2.1293,1.9413,2.4507,2.1801,0.3250,1.0573,0.7712,-0.3007,1.0008,2.6814,-1.1660,1.0540,2.6456,0.0021,1.0032,0.2736,2.8674,-0.9272,0.0000,-0.0000,0.9833,0.1343,4185.2392,97.3465,2130.1704,0.1639,0.5357,11.1130,0.4167,0.7609,1.2878,-32.9335
64.9399,STABLE,STABLE,0.2613,0.0583,1.5358,1.6975,0.5558,0.4442,1.4050,1.2108,1.5886,14.2734,500.0000,0.0029,143.2815,49.9311,1.4050,0.4884,0.1186,0.0395,0.0302,0.0140,0.0186,0.0419,0.2488,236.4613,141.9837,1.0617,3.1778,1.1797,10.6260,-0.0032,-0.0000,0.1774,0.2073,0.4822,3.3739,1.2003,1.5971,1.4170,1.0752,1.2185,1.5201,0.4493,0.4419,1.2675,-0.2184,1.0005,1.4226,-0.7238,0.8371,3.1984,0.0013,1.0007,0.1720,1.5047,-0.4133,0.0000,-0.0000,0.9628,0.1354,4307.4278,101.5423,2542.3096,0.1647,0.5334,12.0426,0.3667,0.7669,0.4063,-24.6964
64.9816,STABLE,STABLE,0.0654,0.0213,0.9760,0.9732,0.5278,0.4722,0.7946,0.5258,1.3996,15.1088,500.0000,0.0029,143.7121,50.8804,0.7946,0.2071,0.2628,0.0846,0.0668,0.0601,0.0579,0.0980,0.1626,242.7174,138.6605,0.4695,3.2844,1.2153,11.0644,-0.0011,-0.0000,0.1776,0.1951,0.4982,2.8331,0.8195,0.9774,0.9575,0.5021,0.7010,1.2402,0.1850,0.3307,1.3662,-0.1586,1.0001,0.6471,-0.5001,0.5835,1.9581,-0.0003,0.9990,0.1594,0.6446,-0.3296,-0.0000,-0.0000,0.9800,0.1389,4266.8386,100.0682,2157.8367,0.1731,0.5271,12.8264,0.3917,0.7658,-0.7723,-8.3782
65.0233,DESCEND,STABLE,-0.1421,-0.0180,1.5924,0.4418,0.4477,0.5523,0.7224,0.3941,1.7936,32.6221,500.0000,0.0029,140.1446,48.8009,0.7224,0.0802,0.0490,0.1069,0.1938,0.2584,0.1470,0.0891,0.0757,236.5712,155.5904,0.3537,2.4134,0.9467,10.6919,-0.0005,-0.0000,0.1545,0.1739,0.4988,2.6136,0.5262,0.6788,0.6395,0.5987,0.5035,0.7505,0.3267,0.4150,1.0129,-0.0845,0.9993,0.2223,-0.2982,0.6554,2.5438,-0.0004,1.0013,0.0845,-0.0816,-0.4973,-0.0000,0.0000,0.9866,0.1403,4289.6667,101.2605,2168.9656,0.1657,0.5266,15.9111,0.3583,0.7660,-0.2926,4.6124
65.0650,DESCEND,STABLE,-0.2519,-0.0356,1.1697,0.8169,0.4538,0.5462,0.9677,0.7424,1.2051,7.9088,500.0000,0.0029,138.1840,49.7044,0.9677,0.0086,0.0194,0.0301,0.1570,0.6731,0.0624,0.0215,0.0280,233.3886,157.8681,0.6108,3.5663,1.2546,10.0189,0.0005,0.0000,0.1575,0.1764,0.5049,2.1490,0.6322,0.8457,1.2763,0.8052,0.8498,1.4132,0.3626,0.4490,1.1006,0.0349,0.9996,-0.6008,0.0621,0.6555,3.4090,-0.0029,0.9991,-0.0315,-0.6612,-0.0643,-0.0000,0.0000,0.9742,0.1379,4267.4229,102.4716,2587.8330,0.1564,0.5302,20.9106,0.3806,0.7565,-0.3876,-4.4827
65.1067,DESCEND,STABLE,-0.1075,-0.1099,0.8707,1.0379,0.4286,0.5714,0.8945,0.9193,0.6005,7.4780,500.0000,0.0029,140.2399,50.2750,0.8945,0.0102,0.0245,0.0347,0.2000,0.5510,0.1469,0.0224,0.0102,233.1676,148.3682,0.7627,1.6428,0.6324,7.6849,0.0015,0.0000,0.1087,0.1340,0.5140,2.1263,0.9161,0.9165,0.9018,0.7225,0.9069,1.1133,0.1097,0.3505,0.5968,0.1431,0.9997,-1.0528,0.4381,0.4454,1.2339,-0.0005,1.0015,-0.1015,-1.3287,0.1197,0.0000,0.0000,0.9959,0.1383,4206.9668,99.4381,2070.4519,0.1569,0.5273,13.1259,0.3389,0.7633,-0.6665,-10.1645
65.1484,DESCEND,STABLE,0.1488,0.0399,0.8280,1.1342,0.5358,0.4642,0.8391,0.6902,0.7861,6.0175,500.0000,0.0029,140.0744,51.0865,0.8391,0.0564,0.0672,0.1171,0.1974,0.2299,0.1800,0.0738,0.0781,238.1947,141.7534,0.5714,2.5361,0.9132,10.2686,0.0016,0.0000,0.1498,0.1888,0.5012,3.6040,0.7850,0.9572,0.9830,0.7868,0.7803,0.9166,0.3342,0.4351,0.8684,0.1867,1.0004,-0.9768,0.6017,0.5768,2.3878,0.0011,1.0006,-0.2049,-1.2041,0.5209,-0.0000,0.0000,0.9957,0.1366,4085.0840,98.9575,2122.5610,0.1522,0.5377,10.8666,0.3361,0.7603,-1.2354,-11.4623
65.1901,STABLE,STABLE,0.0614,-0.0064,0.8310,0.8169,0.4705,0.5295,0.7894,0.6635,0.8379,7.4503,500.0000,0.0029,143.1884,52.7599,0.7894,0.0401,0.0485,0.1582,0.2194,0.2468,0.1730,0.0612,0.0527,236.2216,129.0198,0.5613,1.9991,0.7996,8.4049,0.0016,0.0000,0.1174,0.1415,0.5121,2.2948,0.7426,0.8053,0.7524,0.8726,0.5806,0.8778,0.4255,0.2819,0.7430,0.2029,1.0000,-0.9418,0.8562,0.4497,1.5204,0.0003,1.0001,-0.2066,-0.9595,1.0005,0.0000,-0.0000,0.9895,0.1359,4090.4040,100.2999,2491.5442,0.1555,0.5397,8.9198,0.4306,0.7524,-1.6227,-0.7609
65.2318,STABLE,STABLE,-0.1078,-0.0519,0.6138,0.3025,0.3846,0.6154,0.5942,0.4908,0.7086,8.7130,500.0000,0.0029,142.1718,50.3749,0.5942,0.0852,0.1476,0.1435,0.0873,0.1393,0.1518,0.1455,0.0998,235.3871,140.7228,0.4328,1.6162,0.5808,7.9397,0.0008,0.0000,0.1160,0.1369,0.5205,3.0835,0.4903,0.5700,0.5257,0.5348,0.6818,0.6437,0.2385,0.4488,0.6389,0.1470,0.9994,-0.3199,0.6833,0.4377,1.1485,-0.0013,1.0005,-0.1533,-0.3941,0.6002,0.0000,0.0000,0.9958,0.1371,4114.2637,98.2500,2045.9133,0.1521,0.5334,10.9621,0.4306,0.7538,-1.2989,15.2573
65.2735,STABLE,STABLE,-0.0971,-0.0184,0.9512,0.5640,0.4619,0.5381,0.6422,0.4018,1.0346,14.8844,500.0000,0.0029,140.3959,48.0072,0.6422,0.2246,0.1610,0.0403,0.0466,0.0445,0.0932,0.1695,0.2203,239.6104,164.3984,0.3458,1.8058,0.7196,9.8630,-0.0003,0.0000,0.1168,0.1516,0.5001,2.1211,0.3288,0.5080,0.5605,0.4991,0.6323,0.6644,0.4015,0.3462,0.7500,0.0656,0.9995,0.0997,0.3013,0.5705,2.4080,-0.0001,1.0000,-0.1178,0.2447,0.2295,-0.0000,0.0000,0.9958,0.1385,4178.3459,100.2252,2257.0083,0.1634,0.5311,4.8269,0.3639,0.7527,-0.3500,23.0843
65.3152,STABLE,STABLE,-0.0810,-0.0005,0.5904,0.4176,0.4646,0.5354,0.3603,0.2008,0.6416,6.9871,500.0000,0.0029,138.9334,49.2265,0.3603,0.0458,0.0833,0.0938,0.1187,0.1875,0.2229,0.1646,0.0833,239.9621,170.2054,0.1457,1.3099,0.5769,9.4639,0.0002,0.0000,0.1055,0.1177,0.5157,1.9914,0.2195,0.4615,0.3221,0.3085,0.4311,0.3961,0.2626,0.3152,0.2488,0.0085,0.9999,-0.0630,-0.0260,0.3614,1.2598,-0.0018,0.9983,-0.0473,0.1560,0.1240,-0.0000,0.0000,0.9979,0.1363,4166.7540,101.2777,2468.9226,0.1595,0.5325,10.0806,0.3833,0.7618,0.6267,19.9984
65.3570,STABLE,STABLE,0.0980,0.0076,0.8577,0.9690,0.5580,0.4420,0.5128,0.2377,0.9856,7.4968,500.0000,0.0029,143.1355,48.0665,0.5128,0.1027,0.0737,0.0670,0.0603,0.1228,0.1763,0.2098,0.1875,226.9865,170.7086,0.2161,1.9709,0.7684,12.6463,0.0001,0.0000,0.1368,0.1488,0.5102,3.1555,0.4305,0.5038,0.3898,0.3471,0.5788,0.6905,0.1209,0.2921,0.6929,-0.0385,1.0004,0.1364,-0.3440,0.4925,2.0763,0.0002,0.9955,0.0183,0.4095,0.2234,-0.0000,-0.0000,0.9888,0.1375,4010.3564,98.3268,2178.1584,0.1582,0.5408,8.9594,0.3306,0.7491,1.3182,5.8889
65.3987,STABLE,STABLE,0.0992,0.0431,0.7779,0.8281,0.6169,0.3831,0.4455,0.2668,0.8023,9.7907,500.0000,0.0029,143.3512,49.3494,0.4455,0.1448,0.0958,0.1114,0.0891,0.1336,0.1559,0.1292,0.1403,224.7946,172.2648,0.2462,1.7794,0.6307,6.5246,-0.0004,-0.0000,0.1221,0.1494,0.4872,3.5592,0.3901,0.5568,0.4646,0.5101,0.5831,0.4878,0.2311,0.2212,0.5284,-0.0497,1.0007,0.0237,-0.3709,0.4198,1.1506,0.0009,0.9993,0.0809,0.1910,-0.1976,0.0000,-0.0000,0.9933,0.1373,4009.5318,98.5971,2168.4275,0.1555,0.5450,17.9562,0.4167,0.7569,1.1179,-5.8472
65.4404,STABLE,STABLE,0.0758,0.0009,0.5770,0.5454,0.5294,0.4706,0.4247,0.2913,0.6540,7.6528,500.0000,0.0029,145.6860,47.5245,0.4247,0.2135,0.1089,0.0675,0.0697,0.0741,0.0588,0.1678,0.2397,224.8391,159.2096,0.2662,1.7005,0.9106,14.4472,-0.0009,-0.0000,0.1426,0.1275,0.4894,4.7481,0.3529,0.7345,0.3954,0.4416,1.0068,0.3722,0.2083,0.2996,0.3748,-0.0771,1.0002,0.2869,-0.3890,0.3463,1.1948,0.0009,1.0017,0.0833,0.3835,-0.4853,0.0000,0.0000,0.9956,0.1358,4111.6215,100.2265,2412.2446,0.1560,0.5422,9.8766,0.3306,0.7579,0.8305,1.2717
65.4821,STABLE,STABLE,0.0584,0.0040,0.9511,0.8526,0.5074,0.4926,0.7450,0.7114,0.8956,14.8755,500.0000,0.0029,146.1486,51.1004,0.7450,0.2930,0.0510,0.0234,0.0297,0.0425,0.0255,0.0913,0.4437,214.4160,153.6387,0.5917,1.7592,1.1549,14.3781,-0.0006,-0.0000,0.1376,0.1250,0.4804,3.5625,0.5705,0.9173,0.7852,0.6724,1.2980,1.1761,0.1135,0.3821,0.5122,-0.1220,1.0000,0.8231,-0.5671,0.4695,1.3980,0.0004,1.0015,0.0854,0.9205,-0.6555,0.0000,0.0000,0.9958,0.1364,4092.3295,97.0069,1923.8782,0.1595,0.5428,9.0507,0.3500,0.7628,1.2240,10.5424
65.5238,STABLE,STABLE,0.0873,0.1268,0.8476,1.1430,0.5896,0.4104,0.8989,0.9077,0.6478,7.5337,500.0000,0.0029,145.5066,50.6019,0.8989,0.3833,0.1021,0.0417,0.0083,0.0167,0.0187,0.0500,0.3792,220.7495,144.8260,0.7326,1.8974,0.7000,7.7639,-0.0023,0.0000,0.1170,0.1454,0.5001,2.3535,0.9093,1.3586,0.9443,1.0159,0.7762,0.9728,0.2456,0.2880,0.3920,-0.1621,1.0000,1.2217,-0.6705,0.4576,1.1072,0.0002,0.9998,0.1397,1.3949,-0.6715,-0.0000,-0.0000,0.9979,0.1374,4138.3058,98.4585,2003.4369,0.1599,0.5402,11.0105,0.4139,0.7505,1.7099,5.3427
65.5655,STABLE,STABLE,0.0991,0.0228,0.6939,1.3366,0.5456,0.4544,0.6995,0.6525,0.5048,3.1481,500.0000,0.0029,145.6607,50.1487,0.6995,0.3164,0.0913,0.0223,0.0122,0.0223,0.0243,0.0892,0.4219,229.5459,137.3442,0.5567,1.6265,0.5807,5.2726,-0.0023,-0.0000,0.0900,0.0948,0.4814,1.4870,0.7433,0.9531,0.7162,0.6737,0.5453,0.8217,0.1735,0.2336,0.5251,-0.1176,1.0004,0.8403,-0.5857,0.3870,1.2820,-0.0001,0.9992,0.1051,1.0280,-0.4169,-0.0000,-0.0000,1.0000,0.1368,4141.9493,99.7270,2331.4768,0.1550,0.5398,15.0124,0.3472,0.7592,1.6697,-5.5175
65.6072,STABLE,STABLE,0.0441,0.0040,0.3785,0.6957,0.5122,0.4878,0.4411,0.4005,0.3416,3.6168,500.0000,0.0029,146.1369,50.4051,0.4411,0.2265,0.1633,0.0776,0.0286,0.0265,0.0449,0.1449,0.2878,233.8310,135.5399,0.3461,1.1459,0.4424,5.7613,-0.0008,0.0000,0.0933,0.1119,0.5087,1.6873,0.5018,0.6079,0.5681,0.4868,0.4724,0.4318,0.1575,0.2593,0.2944,-0.0828,1.0002,0.4550,-0.3782,0.3266,0.8507,0.0004,0.9985,0.0802,0.6805,-0.2713,-0.0000,-0.0000,1.0000,0.1384,4181.8535,98.2069,1908.2113,0.1632,0.5337,15.1240,0.3500,0.7666,1.2496,-14.9171
65.6489,STABLE,STABLE,-0.0872,-0.0259,0.6481,0.7698,0.4656,0.5344,0.6547,0.4807,0.8533,9.9800,500.0000,0.0029,146.2303,50.6190,0.6547,0.1545,0.1253,0.1420,0.0752,0.0438,0.0501,0.1273,0.2818,241.2534,133.5882,0.4043,1.8919,0.7001,8.0072,-0.0005,-0.0000,0.1233,0.1508,0.4966,3.0733,0.5818,0.6845,0.6883,0.5786,0.4984,0.6763,0.1960,0.3366,0.7792,-0.0937,0.9996,0.5379,-0.2893,0.5711,1.8483,-0.0002,1.0032,0.1107,0.4893,-0.7571,0.0000,0.0000,0.9916,0.1435,4335.9338,103.6450,2461.4751,0.1695,0.5296,10.8666,0.3694,0.7603,0.4254,-13.3798
65.6906,STABLE,STABLE,-0.0010,-0.0000,0.2184,0.2651,0.4909,0.5010,0.1831,0.1263,0.2295,2.8662,500.0000,0.0029,143.2931,48.8469,0.1831,0.1927,0.1339,0.0791,0.0791,0.0568,0.1034,0.1744,0.1805,240.3062,148.5092,0.0765,0.6322,0.3212,8.5371,-0.0000,0.0000,0.0734,0.0603,0.5003,2.0357,0.0810,0.1979,0.2837,0.1619,0.2714,0.2135,0.0688,0.1183,0.1926,0.0057,1.0001,0.0141,0.0000,0.1863,0.5405,-0.0003,1.0006,0.0030,0.0237,-0.0802,0.0000,-0.0000,1.0000,0.1421,4385.0405,104.5632,2651.1875,0.1676,0.5286,1.0140,0.4444,0.7535,0.1335,-5.0744
65.7323,STABLE,STABLE,0.0533,0.0204,0.3350,0.4487,0.5984,0.4016,0.2974,0.2297,0.3556,4.7044,500.0000,0.0029,141.9733,48.8356,0.2974,0.0823,0.0482,0.0863,0.1988,0.2972,0.1466,0.0643,0.0763,244.8808,152.2651,0.1936,0.8311,0.3307,5.2696,0.0003,-0.0000,0.0695,0.0733,0.4961,1.6174,0.2699,0.3216,0.2805,0.2684,0.2550,0.3326,0.0371,0.1950,0.3140,0.0313,1.0003,-0.2559,0.0443,0.2702,0.9244,-0.0003,0.9999,-0.0122,-0.2289,-0.0126,0.0000,-0.0000,1.0000,0.1421,4330.1474,101.6066,2223.7520,0.1692,0.5278,18.1175,0.3972,0.7611,0.0021,-3.9727
65.7740,STABLE,STABLE,0.0436,0.0403,0.3781,0.5258,0.5709,0.4291,0.4035,0.3556,0.3409,4.0142,500.0000,0.0029,141.4583,50.6386,0.4035,0.0182,0.0162,0.0567,0.3846,0.4049,0.0526,0.0324,0.0344,257.8636,156.2370,0.3030,0.9243,0.3839,5.4051,0.0009,0.0000,0.0722,0.0868,0.5220,1.1552,0.3866,0.5546,0.4749,0.3614,0.4189,0.4383,0.0433,0.2508,0.2454,0.0390,1.0002,-0.4537,0.1111,0.2757,0.7335,0.0002,0.9994,-0.0256,-0.4710,0.1409,-0.0000,-0.0000,1.0000,0.1414,4337.5546,100.6495,2085.4790,0.1714,0.5271,16.1506,0.3722,0.7669,-0.1979,-4.2054
65.8157,STABLE,STABLE,-0.0418,-0.0047,0.5203,0.6265,0.4848,0.5152,0.5389,0.5055,0.3789,3.7681,500.0000,0.0029,140.7891,50.9524,0.5389,0.0183,0.0223,0.0243,0.3732,0.4604,0.0446,0.0345,0.0223,260.0401,159.1440,0.4267,1.1603,0.4249,5.9434,0.0007,0.0000,0.0743,0.0869,0.5079,2.1259,0.3354,0.5792,0.4705,0.4587,0.5877,0.6586,0.0899,0.2934,0.4361,0.0241,0.9996,-0.4338,0.1494,0.3186,0.9059,-0.0001,1.0012,-0.0026,-0.6883,-0.0997,0.0000,0.0000,1.0000,0.1427,4344.8507,101.5905,2141.5066,0.1712,0.5275,18.0343,0.3611,0.7537,-0.3487,-2.4949
65.8575,STABLE,STABLE,-0.0749,-0.0000,0.6170,0.3149,0.4880,0.5000,0.3694,0.2719,0.6069,10.2572,500.0000,0.0029,140.1636,49.6792,0.3694,0.0301,0.0120,0.0582,0.3936,0.4558,0.0301,0.0060,0.0141,253.5868,160.3339,0.2586,0.9247,0.3623,4.8750,0.0007,0.0000,0.0541,0.0588,0.5032,0.9483,0.2806,0.3792,0.3131,0.2802,0.3636,0.4631,0.0704,0.1433,0.3470,0.0064,0.9996,-0.2306,0.1057,0.2381,0.6932,-0.0007,1.0005,0.0014,-0.4077,-0.0707,-0.0000,0.0000,0.9960,0.1424,4337.1326,102.2222,2360.6323,0.1683,0.5291,4.0675,0.3722,0.7519,-0.4060,0.6071
65.8992,STABLE,STABLE,-0.0406,-0.0038,0.3146,0.2953,0.4413,0.5587,0.2281,0.1759,0.3179,4.2142,500.0000,0.0029,139.6444,48.7732,0.2281,0.2773,0.1619,0.1073,0.0749,0.0749,0.0445,0.0749,0.1842,248.0455,169.8229,0.1326,0.7188,0.3089,3.7504,0.0003,0.0000,0.0610,0.0701,0.5115,1.0039,0.1688,0.2173,0.2365,0.2416,0.2588,0.2812,0.0843,0.1966,0.2196,0.0187,0.9998,0.0507,0.1592,0.2176,0.6218,-0.0004,0.9989,-0.0256,0.0511,0.2020,-0.0000,0.0000,1.0000,0.1420,4317.6624,100.7802,2123.0999,0.1712,0.5269,7.0318,0.4389,0.7624,-0.2981,3.4025
65.9409,STABLE,STABLE,0.0547,0.0019,0.4151,0.6954,0.5392,0.4608,0.3444,0.2484,0.5353,6.8665,500.0000,0.0029,138.9036,49.0904,0.3444,0.3742,0.1408,0.0644,0.0604,0.0382,0.0342,0.0624,0.2254,243.3508,174.5705,0.1729,0.9457,0.4375,7.9424,0.0006,0.0000,0.0742,0.0835,0.5006,2.4455,0.2371,0.2966,0.3052,0.2495,0.3502,0.4452,0.0663,0.1965,0.3254,0.0117,1.0004,0.0581,0.0471,0.3078,0.8381,-0.0003,0.9986,-0.0186,0.2116,0.2111,-0.0000,-0.0000,0.9960,0.1421,4294.9474,99.9784,1982.7360,0.1720,0.5258,14.1599,0.4528,0.7494,-0.1222,-1.3704
65.9826,STABLE,STABLE,0.0060,0.0085,0.3749,0.4632,0.5253,0.4747,0.2955,0.2522,0.3589,4.5499,500.0000,0.0029,139.1618,49.2216,0.2955,0.3576,0.1414,0.0646,0.0586,0.0283,0.0364,0.0889,0.2242,237.1957,178.4439,0.2109,0.7111,0.3335,4.6892,-0.0002,0.0000,0.0697,0.0734,0.5024,1.4067,0.1650,0.3190,0.3124,0.3229,0.3250,0.3731,0.1196,0.2139,0.1692,0.0117,1.0002,0.0631,0.0618,0.2499,0.6034,-0.0006,0.9987,-0.0329,0.1984,0.3225,-0.0000,-0.0000,1.0000,0.1434,4329.4775,102.6039,2241.7971,0.1708,0.5260,-6.0618,0.3778,0.7576,-0.4124,-4.6044
66.0243,STABLE,STABLE,-0.0347,-0.0006,0.1855,0.1589,0.4369,0.5631,0.1430,0.0663,0.2011,1.1740,500.0000,0.0029,139.0076,48.9240,0.1430,0.0882,0.1102,0.1884,0.1323,0.1202,0.1523,0.1323,0.0762,236.3607,171.7309,0.0139,0.5618,0.2109,2.9751,0.0000,-0.0000,0.0394,0.0460,0.4949,0.9535,0.0616,0.1082,0.1700,0.1563,0.0965,0.1247,0.0970,0.1301,0.1819,0.0077,0.9998,-0.0212,0.0661,0.1583,0.5493,-0.0002,1.0006,-0.0097,-0.0706,0.0755,0.0000,0.0000,1.0000,0.1431,4320.5949,103.3955,2374.5498,0.1687,0.5263,8.1301,0.4111,0.7542,-0.5062,0.2401
66.0660,STABLE,STABLE,-0.0092,-0.0004,0.2010,0.2544,0.4920,0.5080,0.2248,0.1999,0.2144,2.5440,500.0000,0.0029,139.3993,48.8964,0.2248,0.0800,0.1760,0.2120,0.1200,0.1160,0.1100,0.1100,0.0760,233.1813,170.5714,0.1580,0.5912,0.2234,2.8177,-0.0001,-0.0000,0.0505,0.0653,0.4870,0.7550,0.2275,0.2793,0.2523,0.2291,0.2953,0.2305,0.0269,0.1458,0.1531,0.0264,1.0000,-0.1048,0.1575,0.2160,0.5297,-0.0004,1.0000,-0.0525,-0.1387,0.2998,-0.0000,0.0000,1.0000,0.1429,4254.8225,99.8471,1924.2361,0.1689,0.5241,10.0525,0.4694,0.7448,-0.3924,4.5955
66.1077,STABLE,STABLE,-0.0283,-0.0403,0.3768,0.5515,0.4242,0.5758,0.4516,0.4510,0.3168,2.3125,500.0000,0.0029,140.4294,48.7502,0.4516,0.0242,0.0242,0.0545,0.3576,0.2707,0.1576,0.0768,0.0343,240.6529,156.9678,0.3771,1.0361,0.4074,4.7204,0.0010,0.0000,0.0828,0.0981,0.5035,2.3290,0.4713,0.6732,0.5208,0.4863,0.5285,0.4714,0.0923,0.1754,0.2157,0.0853,0.9999,-0.5344,0.3427,0.2881,0.7558,-0.0003,0.9982,-0.1116,-0.5836,0.5820,-0.0000,-0.0000,1.0000,0.1428,4269.6590,101.5759,1995.7131,0.1693,0.5236,21.8959,0.3722,0.7508,-0.1229,3.5987
66.1494,STABLE,STABLE,-0.0069,-0.0160,0.4363,0.7043,0.4709,0.5291,0.5095,0.5204,0.3881,6.3859,500.0000,0.0029,141.5650,49.4211,0.5095,0.0200,0.0240,0.0581,0.4008,0.3868,0.0621,0.0180,0.0301,242.9336,149.3974,0.4774,0.8109,0.3235,3.7946,0.0007,0.0000,0.0494,0.0544,0.5340,1.2746,0.5206,0.6402,0.4990,0.5360,0.5680,0.4745,0.0910,0.2104,0.1562,0.0872,1.0000,-0.6807,0.3657,0.2556,0.5657,-0.0002,1.0005,-0.0648,-0.9235,0.2659,0.0000,0.0000,0.9980,0.1423,4290.2090,102.9020,2371.2817,0.1671,0.5252,15.8759,0.4111,0.7555,-0.0922,-2.2551
66.1911,STABLE,STABLE,-0.0011,-0.0104,0.3430,0.5456,0.4618,0.5382,0.4083,0.4034,0.2175,1.3448,500.0000,0.0029,142.4700,50.5339,0.4083,0.0060,0.0241,0.0683,0.3896,0.3173,0.1365,0.0402,0.0181,246.3524,142.5581,0.3778,0.8628,0.3328,6.8053,0.0011,0.0000,0.0674,0.0831,0.5133,1.2838,0.4631,0.6171,0.5010,0.4728,0.4618,0.4311,0.1166,0.2526,0.1386,0.0826,1.0000,-0.5926,0.3275,0.2075,0.4420,-0.0002,0.9995,-0.0845,-0.6514,0.3813,-0.0000,0.0000,1.0000,0.1423,4252.1415,100.4961,1995.3403,0.1673,0.5129,5.8625,0.4750,0.7506,-0.3110,-3.9350
66.2328,STABLE,STABLE,-0.0391,-0.0498,0.3603,0.5079,0.4366,0.5634,0.3907,0.3638,0.2418,1.8777,500.0000,0.0029,143.2407,50.0723,0.3907,0.0141,0.0201,0.0523,0.3843,0.3783,0.1107,0.0262,0.0141,239.3739,139.8114,0.3235,0.8759,0.3247,4.9259,0.0010,0.0000,0.0664,0.0752,0.5080,1.5184,0.3957,0.4628,0.4777,0.4071,0.4356,0.4071,0.1160,0.2020,0.2228,0.0589,0.9998,-0.4629,0.2525,0.2232,0.5961,-0.0002,1.0006,-0.0531,-0.5843,0.2258,0.0000,0.0000,1.0000,0.1429,4274.9643,102.0775,2155.7588,0.1686,0.5017,10.1247,0.3611,0.7585,-0.4204,0.0699
66.2745,STABLE,STABLE,0.0102,0.0003,0.3413,0.3304,0.5060,0.4940,0.2371,0.2001,0.3292,5.2165,500.0000,0.0029,143.0795,50.1045,0.2371,0.0302,0.0464,0.1431,0.3085,0.2883,0.1109,0.0403,0.0323,242.6193,142.8807,0.1801,0.6555,0.2783,3.1084,0.0007,0.0000,0.0539,0.0628,0.5107,1.3028,0.2021,0.3782,0.3188,0.2404,0.2664,0.2123,0.1415,0.1655,0.1019,0.0205,1.0001,-0.2539,0.0889,0.1992,0.4091,-0.0001,0.9994,-0.0236,-0.2078,0.1699,-0.0000,-0.0000,0.9980,0.1435,4256.1747,102.4999,2178.6526,0.1671,0.4993,13.9147,0.3472,0.7624,-0.3052,3.4669
66.3162,STABLE,STABLE,0.0032,0.0000,0.2562,0.2803,0.5000,0.5000,0.1807,0.1540,0.2514,4.3275,500.0000,0.0029,142.0790,49.7900,0.1807,0.2008,0.1647,0.1365,0.0643,0.0683,0.0663,0.0904,0.2088,240.4932,147.8739,0.1236,0.5360,0.2390,4.7088,-0.0001,0.0000,0.0533,0.0560,0.5129,1.3707,0.1534,0.2469,0.2547,0.1545,0.1879,0.2084,0.0780,0.1797,0.1164,-0.0122,1.0000,0.0871,-0.0210,0.1779,0.4641,-0.0000,0.9996,0.0090,0.0809,0.0298,-0.0000,-0.0000,1.0000,0.1430,4221.4037,100.6881,2159.5542,0.1673,0.5027,13.1259,0.3389,0.7633,-0.1312,3.1369
66.3580,STABLE,STABLE,0.0026,0.0001,0.2738,0.3184,0.5070,0.4930,0.2187,0.1988,0.2451,3.6463,500.0000,0.0029,142.3732,49.8913,0.2187,0.2084,0.2024,0.0782,0.0581,0.0461,0.0721,0.1182,0.2164,241.3323,146.3935,0.1590,0.5108,0.2490,5.9650,-0.0004,0.0000,0.0471,0.0465,0.5072,0.9496,0.1636,0.2377,0.2413,0.2111,0.1807,0.2607,0.1501,0.1658,0.0998,-0.0393,0.9999,0.2438,-0.1270,0.1869,0.4458,0.0003,0.9994,0.0440,0.2336,-0.1006,-0.0000,-0.0000,1.0000,0.1421,4219.9209,100.3145,2335.4612,0.1668,0.5027,14.9476,0.3528,0.7625,-0.0435,0.0004
66.3997,STABLE,STABLE,-0.0346,-0.0000,0.2224,0.2146,0.4869,0.5071,0.2061,0.2194,0.2154,1.8136,500.0000,0.0029,143.5856,53.3100,0.2061,0.2141,0.2040,0.1737,0.0646,0.0303,0.0364,0.0808,0.1960,262.5513,141.6363,0.1670,0.4442,0.2407,4.2326,-0.0004,-0.0000,0.0444,0.0317,0.4887,1.3698,0.1279,0.1851,0.2537,0.2601,0.1680,0.2698,0.1424,0.1107,0.1186,-0.0499,0.9997,0.2910,-0.0939,0.1536,0.3712,-0.0003,0.9997,0.0274,0.2596,-0.1357,-0.0000,0.0000,1.0000,0.1414,4233.8674,100.9211,2596.3169,0.1667,0.5037,14.0967,0.3444,0.7664,-0.1312,-2.0178
66.4414,STABLE,STABLE,-0.0222,-0.0104,0.1844,0.2296,0.4427,0.5573,0.2417,0.2283,0.3697,7.9513,500.0000,0.0029,144.2790,53.3516,0.2417,0.2394,0.1429,0.0523,0.0443,0.0342,0.0322,0.1187,0.3360,260.1425,136.9585,0.2092,0.4766,0.2562,6.3045,-0.0005,-0.0000,0.0482,0.0406,0.4872,1.1214,0.2959,0.2850,0.2268,0.2186,0.2832,0.2437,0.0432,0.1315,0.1676,-0.0565,0.9998,0.3317,-0.1983,0.1588,0.3441,0.0001,1.0005,0.0546,0.3201,-0.2928,0.0000,0.0000,0.9980,0.1413,4207.9753,97.9036,2116.1206,0.1691,0.5018,13.9147,0.3417,0.7624,-0.2118,-0.8360
66.4831,STABLE,STABLE,0.0262,0.0004,0.2249,0.3167,0.5372,0.4608,0.1957,0.1448,0.2415,1.7645,500.0000,0.0029,143.3488,52.0911,0.1957,0.2374,0.1328,0.1207,0.0664,0.0523,0.0443,0.1429,0.2032,254.4349,139.6963,0.0829,0.6658,0.3083,5.4558,-0.0002,-0.0000,0.0600,0.0545,0.4945,1.6330,0.0999,0.1620,0.2697,0.1993,0.1802,0.1810,0.1524,0.1751,0.2181,-0.0318,1.0002,0.1055,-0.1536,0.1856,0.5469,-0.0002,1.0005,0.0420,0.0850,-0.2098,0.0000,-0.0000,1.0000,0.1423,4214.9195,97.9016,2031.5121,0.1692,0.5008,14.0967,0.3444,0.7664,-0.2009,1.7357
66.5248,STABLE,STABLE,-0.0033,-0.0021,0.2418,0.2718,0.4700,0.5300,0.2366,0.2016,0.2124,1.9920,500.0000,0.0029,143.2112,51.6958,0.2366,0.1800,0.1280,0.0800,0.0680,0.0600,0.0500,0.1320,0.3020,252.7057,140.6302,0.1664,0.5860,0.2412,3.8888,-0.0001,-0.0000,0.0488,0.0547,0.4978,1.3117,0.2375,0.2851,0.2106,0.2873,0.2567,0.2212,0.1258,0.1614,0.0997,-0.0399,1.0000,0.2169,-0.1735,0.1974,0.4760,0.0002,1.0001,0.0555,0.3055,-0.2393,0.0000,-0.0000,1.0000,0.1438,4243.7241,100.4797,2231.3296,0.1685,0.4999,9.8766,0.3472,0.7579,-0.0670,0.3941
66.5665,STABLE,STABLE,0.0185,0.0008,0.1628,0.2379,0.5520,0.4480,0.1492,0.1155,0.1912,2.4068,500.0000,0.0029,142.8397,50.5363,0.1492,0.2380,0.1060,0.0600,0.0420,0.0440,0.0660,0.1540,0.2900,243.6692,142.4398,0.0712,0.3792,0.1772,3.2948,-0.0003,-0.0000,0.0353,0.0300,0.4961,1.1808,0.1034,0.2252,0.2275,0.1207,0.1629,0.1650,0.0295,0.0932,0.0800,-0.0245,1.0001,0.1375,-0.1431,0.1365,0.2665,-0.0000,1.0001,0.0282,0.1044,-0.0910,0.0000,-0.0000,1.0000,0.1442,4253.5374,101.5258,2387.5659,0.1680,0.5002,9.0903,0.4167,0.7595,-0.1681,-0.7218
66.6082,STABLE,STABLE,-0.0268,-0.0014,0.2283,0.2458,0.4608,0.5392,0.2023,0.1363,0.4793,9.0501,500.0000,0.0029,142.2382,50.3627,0.2023,0.2193,0.0966,0.0483,0.0483,0.0503,0.0664,0.1932,0.2777,242.6674,144.4299,0.1171,0.5369,0.2969,8.0204,-0.0006,-0.0000,0.0607,0.0479,0.4918,2.1935,0.1730,0.2760,0.2305,0.2272,0.2152,0.1199,0.1757,0.1664,0.0690,-0.0252,0.9998,0.2311,-0.1186,0.1894,0.3588,0.0001,0.9999,0.0209,0.2336,-0.1590,-0.0000,0.0000,0.9980,0.1425,4229.0223,99.3951,2158.8286,0.1679,0.4944,9.9200,0.3472,0.7546,-0.1272,0.9649
66.6499,STABLE,STABLE,-0.0571,-0.0161,0.4403,0.4611,0.4534,0.5466,0.4312,0.3632,0.5500,6.7297,500.0000,0.0029,142.3106,50.7419,0.4312,0.2652,0.0931,0.0425,0.0263,0.0162,0.0344,0.1194,0.4028,250.8210,146.0546,0.2982,1.1262,0.4858,8.4370,-0.0007,-0.0000,0.0966,0.1007,0.4917,2.4993,0.3470,0.7052,0.4178,0.4054,0.5115,0.3489,0.2380,0.2891,0.1694,-0.0281,0.9996,0.4569,-0.1004,0.3337,0.7459,0.0002,1.0009,0.0334,0.3981,-0.2669,0.0000,0.0000,0.9960,0.1415,4268.9488,98.1426,2044.8008,0.1691,0.4780,18.0398,0.3972,0.7642,-0.0876,2.1406
66.6916,STABLE,STABLE,0.0300,0.0017,0.2211,0.3223,0.5261,0.4739,0.2060,0.1519,0.2266,1.6900,500.0000,0.0029,140.9024,51.1047,0.2060,0.1386,0.0643,0.0602,0.0984,0.0964,0.1426,0.1948,0.2048,253.8176,152.8943,0.1297,0.7009,0.2742,3.8306,0.0001,0.0000,0.0592,0.0703,0.5088,1.6054,0.1580,0.2662,0.2295,0.1977,0.2016,0.2528,0.1709,0.1642,0.1675,0.0063,1.0002,-0.0514,-0.0592,0.2032,0.6085,0.0003,1.0003,0.0010,0.0418,-0.0076,0.0000,-0.0000,1.0000,0.1415,4267.9818,98.2457,2095.7751,0.1689,0.4719,10.8666,0.3306,0.7603,0.0513,2.4250
66.7333,STABLE,STABLE,0.0248,-0.0012,0.2178,0.3358,0.4708,0.5292,0.1998,0.1374,0.2227,1.7838,500.0000,0.0029,140.2627,50.1513,0.1998,0.0684,0.0624,0.0926,0.1207,0.1368,0.1489,0.2052,0.1650,250.1723,158.6147,0.1320,0.6951,0.2743,4.0467,0.0000,-0.0000,0.0561,0.0687,0.4916,1.0685,0.1813,0.3102,0.1933,0.1841,0.2236,0.2448,0.1679,0.1810,0.1344,-0.0006,1.0002,-0.0502,-0.0892,0.2018,0.5672,0.0001,1.0004,0.0127,0.0130,-0.0849,0.0000,-0.0000,1.0000,0.1427,4280.9139,99.4181,2187.1194,0.1705,0.4692,11.1130,0.3333,0.7609,0.1147,1.8363
66.7750,STABLE,STABLE,0.0190,0.0003,0.2168,0.3043,0.5051,0.4949,0.2071,0.1551,0.2696,3.8794,500.0000,0.0029,140.6790,50.2925,0.2071,0.2150,0.0629,0.0446,0.0669,0.0690,0.0649,0.1886,0.2880,252.6670,159.4252,0.1431,0.7407,0.3332,4.7258,-0.0003,-0.0000,0.0653,0.0723,0.4987,1.2035,0.2000,0.3006,0.2483,0.1553,0.3407,0.2984,0.1102,0.2098,0.1037,-0.0022,1.0001,0.0734,-0.0747,0.2004,0.5007,0.0003,0.9998,-0.0057,0.1419,-0.0677,-0.0000,-0.0000,1.0000,0.1404,4297.9109,99.8077,2307.8096,0.1697,0.4665,2.7989,0.3694,0.7509,0.2045,2.8955
66.8167,STABLE,STABLE,-0.0244,-0.0004,0.2647,0.3059,0.4400,0.5360,0.2071,0.1831,0.2653,2.8730,500.0000,0.0029,140.6678,54.0631,0.2071,0.2860,0.0420,0.0240,0.0540,0.0320,0.0320,0.1200,0.4100,268.0497,156.6195,0.1332,0.6609,0.2834,3.4858,-0.0006,-0.0000,0.0480,0.0443,0.4987,1.3673,0.1892,0.2875,0.2057,0.1982,0.2859,0.2669,0.0899,0.1097,0.0894,-0.0050,0.9999,0.2099,-0.0523,0.1839,0.4968,0.0004,1.0002,0.0051,0.2387,-0.0591,0.0000,-0.0000,1.0000,0.1408,4309.8656,100.7906,2530.2505,0.1681,0.4663,8.1301,0.3667,0.7542,0.3562,2.5145
66.8585,STABLE,STABLE,0.0246,0.0177,0.2106,0.2845,0.5812,0.4188,0.1879,0.1476,0.1960,1.9076,500.0000,0.0029,140.2338,51.3172,0.1879,0.2485,0.0982,0.0561,0.0321,0.0240,0.0521,0.1202,0.3687,256.3936,156.8342,0.1318,0.6291,0.2401,3.1732,-0.0004,-0.0000,0.0501,0.0567,0.4933,2.0604,0.1780,0.2528,0.2367,0.1738,0.2341,0.2737,0.1077,0.1265,0.1189,-0.0065,1.0002,0.1128,-0.0886,0.1613,0.3888,0.0002,0.9998,-0.0072,0.2012,-0.0236,-0.0000,-0.0000,1.0000,0.1423,4328.3773,99.9411,2349.5449,0.1713,0.4584,15.9798,0.3528,0.7628,0.4142,1.4062
66.9002,STABLE,STABLE,0.0248,0.0007,0.1542,0.2688,0.5343,0.4657,0.1466,0.0941,0.1667,1.5526,500.0000,0.0029,140.1610,50.6730,0.1466,0.1694,0.0887,0.0766,0.0766,0.0605,0.1190,0.1391,0.2702,253.5311,159.8016,0.0777,0.5724,0.2522,3.2109,-0.0004,-0.0000,0.0541,0.0618,0.4966,0.9850,0.1264,0.2497,0.1907,0.1063,0.2188,0.2480,0.0216,0.1289,0.1532,0.0062,1.0002,0.0008,-0.0406,0.1486,0.3897,0.0001,0.9998,-0.0062,0.1102,0.0134,0.0000,-0.0000,1.0000,0.1423,4336.5325,100.1405,2380.5977,0.1718,0.4556,10.0080,0.4694,0.7480,0.4735,1.2575
66.9419,STABLE,STABLE,0.0447,0.0035,0.1725,0.2779,0.6069,0.3931,0.1407,0.0815,0.1962,1.4456,500.0000,0.0029,140.0026,50.8619,0.1407,0.1371,0.1190,0.1230,0.1371,0.1089,0.1270,0.0988,0.1492,254.5979,160.5850,0.0572,0.5781,0.2515,3.5271,0.0000,-0.0000,0.0541,0.0588,0.4849,1.3543,0.0671,0.1760,0.2141,0.1088,0.2008,0.1992,0.0856,0.1160,0.1407,0.0064,1.0003,-0.0866,-0.0276,0.1487,0.4760,0.0001,0.9994,-0.0110,0.0695,0.0753,0.0000,-0.0000,1.0000,0.1439,4343.1083,101.3755,2503.9954,0.1723,0.4557,12.8820,0.3472,0.7625,0.5191,-1.0130
66.9836,STABLE,STABLE,0.0249,0.0004,0.1366,0.2517,0.5331,0.4669,0.1172,0.0590,0.1880,2.8696,500.0000,0.0029,140.1607,51.0005,0.1172,0.1323,0.1283,0.1283,0.0902,0.0822,0.0962,0.1623,0.1804,256.1653,161.2657,0.0475,0.5101,0.2108,4.3979,0.0000,0.0000,0.0484,0.0511,0.5087,2.1094,0.1008,0.1564,0.1502,0.0967,0.1589,0.1947,0.0764,0.0943,0.1103,0.0027,1.0001,-0.0222,-0.0227,0.1216,0.4221,0.0003,0.9995,-0.0127,0.0992,0.0704,-0.0000,-0.0000,1.0000,0.1444,4369.5186,102.0107,2557.0596,0.1722,0.4565,9.7998,0.4667,0.7442,0.3890,-2.2370
67.0253,STABLE,STABLE,0.0143,0.0001,0.1134,0.1760,0.5170,0.4810,0.0815,0.0321,0.1263,1.1870,500.0000,0.0029,139.9918,50.9809,0.0815,0.1042,0.1303,0.1102,0.0942,0.1182,0.1323,0.1884,0.1222,256.4730,160.7278,0.0139,0.3992,0.1812,4.2304,-0.0001,0.0000,0.0406,0.0384,0.5175,1.6571,0.0534,0.1064,0.1531,0.0685,0.1373,0.0927,0.0719,0.0801,0.0748,0.0013,1.0001,-0.0130,-0.0214,0.0866,0.2827,0.0003,0.9999,-0.0047,0.0082,-0.0017,-0.0000,-0.0000,1.0000,0.1447,4377.5323,102.4435,2590.4265,0.1723,0.4557,17.9562,0.3611,0.7569,0.3325,-0.4887
67.0670,STABLE,STABLE,-0.0117,0.0000,0.1295,0.0880,0.4248,0.4669,0.0517,0.0019,0.1377,1.1216,500.0000,0.0029,139.8448,51.5839,0.0517,0.1904,0.1182,0.1263,0.0882,0.1102,0.1062,0.1523,0.1082,259.2842,162.9165,0.0002,0.3198,0.1883,4.4988,0.0001,-0.0000,0.0331,0.0241,0.4897,0.8213,0.0491,0.0680,0.0798,0.0987,0.0383,0.0417,0.1153,0.0556,0.0123,0.0001,0.9999,0.0307,0.0088,0.0618,0.2524,-0.0000,1.0000,-0.0012,-0.0070,0.0046,-0.0000,0.0000,1.0000,0.1448,4377.7326,102.7301,2601.7656,0.1723,0.4579,7.9849,0.3694,0.7439,0.3483,-0.7265
67.1087,STABLE,STABLE,-0.0024,0.0002,0.1134,0.1359,0.5343,0.4597,0.0646,0.0038,0.1215,1.1235,500.0000,0.0029,140.2756,51.5564,0.0646,0.0786,0.1290,0.1613,0.1694,0.1492,0.0948,0.1169,0.1008,261.8270,159.2693,0.0035,0.4029,0.2238,4.5078,0.0000,-0.0000,0.0468,0.0314,0.4872,1.4945,0.1268,0.0959,0.0977,0.0837,0.1149,0.0872,0.0839,0.0824,0.0471,-0.0012,1.0000,0.0003,0.0114,0.0709,0.3069,0.0000,0.9998,-0.0007,-0.0153,-0.0091,-0.0000,0.0000,1.0000,0.1438,4366.9809,102.3046,2556.6667,0.1718,0.4577,12.0426,0.3667,0.7669,0.2719,-2.8932
67.1504,STABLE,STABLE,0.0052,0.0001,0.2374,0.2918,0.5100,0.4900,0.1970,0.1935,0.2459,3.5083,500.0000,0.0029,140.6528,52.7945,0.1970,0.0402,0.0321,0.0783,0.3835,0.3112,0.0582,0.0582,0.0382,266.8766,160.3092,0.1314,0.5643,0.2429,3.5374,0.0001,-0.0000,0.0504,0.0515,0.4943,1.3054,0.1350,0.1986,0.2688,0.2206,0.2843,0.2334,0.1058,0.1168,0.0587,0.0098,1.0000,-0.1675,0.0621,0.1656,0.3445,-0.0004,1.0000,0.0106,-0.2015,0.0066,0.0000,-0.0000,1.0000,0.1432,4355.5734,100.7429,2277.9216,0.1732,0.4530,18.9927,0.3833,0.7579,0.1069,-2.7317
67.1921,STABLE,STABLE,0.0352,0.0037,0.2160,0.3151,0.5571,0.4389,0.2002,0.1769,0.1954,1.8544,500.0000,0.0029,140.9018,53.8989,0.2002,0.0361,0.0641,0.1383,0.3347,0.2886,0.0721,0.0401,0.0261,270.2913,158.0171,0.1329,0.5986,0.2461,3.3131,0.0002,0.0000,0.0516,0.0567,0.5122,1.1306,0.1557,0.2706,0.2171,0.2278,0.2420,0.1918,0.1074,0.1525,0.1343,0.0093,1.0002,-0.2074,0.0405,0.1757,0.4566,-0.0003,0.9998,-0.0075,-0.2142,0.1037,-0.0000,-0.0000,1.0000,0.1435,4362.9066,99.9601,2183.3594,0.1742,0.4532,13.8547,0.4139,0.7656,0.0441,-1.7083
67.2338,STABLE,STABLE,-0.0100,0.0001,0.2453,0.3477,0.5130,0.4830,0.2582,0.2365,0.1836,1.3254,500.0000,0.0029,141.2309,53.5313,0.2582,0.0301,0.0281,0.0842,0.4529,0.3086,0.0581,0.0140,0.0240,268.6359,154.5230,0.2025,0.6750,0.2822,3.5459,0.0004,0.0000,0.0578,0.0619,0.5100,1.1900,0.2276,0.3903,0.3194,0.2508,0.2682,0.2970,0.0755,0.1968,0.1456,0.0227,0.9998,-0.2412,0.1510,0.1765,0.4510,-0.0003,1.0006,-0.0023,-0.3667,0.0533,0.0000,0.0000,1.0000,0.1446,4372.5861,100.1855,2159.9258,0.1762,0.4509,12.0592,0.2694,0.7499,-0.0356,-1.0407
67.2755,STABLE,STABLE,-0.0191,0.0008,0.2418,0.2999,0.5231,0.4769,0.2613,0.2359,0.2976,5.1270,500.0000,0.0029,141.5087,52.2495,0.2613,0.0463,0.0241,0.1549,0.4024,0.2616,0.0584,0.0302,0.0221,262.6951,150.9499,0.2035,0.6693,0.2871,4.0734,0.0005,0.0000,0.0570,0.0635,0.5186,1.4509,0.1921,0.3719,0.2585,0.2364,0.3270,0.3474,0.0963,0.1926,0.1299,0.0239,0.9998,-0.2109,0.1656,0.1942,0.4865,-0.0001,1.0003,-0.0141,-0.3129,0.0875,-0.0000,0.0000,0.9980,0.1446,4393.7233,101.4372,2272.1770,0.1752,0.4541,13.9752,0.4250,0.7591,-0.0427,0.7181
67.3173,STABLE,STABLE,0.0118,0.0003,0.2745,0.2471,0.5301,0.4518,0.1741,0.1309,0.3573,5.4722,500.0000,0.0029,142.2423,54.6726,0.1741,0.0703,0.0622,0.1104,0.3153,0.2510,0.0703,0.0602,0.0602,272.0334,150.8224,0.0883,0.4982,0.2916,5.5398,0.0002,-0.0000,0.0506,0.0451,0.4975,1.1523,0.2037,0.2198,0.2314,0.1597,0.1631,0.2254,0.0821,0.1491,0.0593,0.0104,1.0001,-0.1277,0.0495,0.1688,0.4133,-0.0001,1.0007,-0.0055,-0.3220,-0.0431,-0.0000,0.0000,0.9980,0.1444,4379.2467,101.8021,2385.5820,0.1733,0.4556,6.1155,0.4611,0.7509,0.0243,-1.0225
67.3590,STABLE,STABLE,-0.0217,-0.0004,0.2735,0.2275,0.4940,0.5060,0.2027,0.1733,0.2724,5.0685,500.0000,0.0029,142.2764,52.6916,0.2027,0.0321,0.0622,0.2068,0.3394,0.1968,0.0803,0.0542,0.0281,262.7167,147.2868,0.1530,0.6312,0.3110,5.3366,0.0006,-0.0000,0.0640,0.0614,0.4984,2.6762,0.2214,0.3982,0.2395,0.1719,0.2470,0.2766,0.0513,0.2194,0.0964,0.0192,0.9998,-0.1357,0.1508,0.1659,0.3800,-0.0003,1.0005,-0.0104,-0.3138,0.0527,-0.0000,0.0000,0.9980,0.1432,4340.8326,99.9786,2149.4092,0.1747,0.4462,16.0490,0.3528,0.7596,-0.1280,-3.9777
67.4007,STABLE,STABLE,0.0095,0.0000,0.2454,0.2291,0.5020,0.4980,0.1712,0.1068,0.3153,4.3912,500.0000,0.0029,141.1010,51.4286,0.1712,0.0783,0.0743,0.1606,0.2410,0.2068,0.1004,0.0783,0.0602,256.9670,151.9813,0.0840,0.6164,0.2807,4.4263,0.0001,0.0000,0.0600,0.0675,0.5104,1.0659,0.1149,0.2865,0.2496,0.1245,0.2089,0.2013,0.0431,0.1584,0.1411,0.0027,0.9999,-0.0570,0.0438,0.1706,0.4563,0.0001,0.9998,-0.0097,-0.0896,0.0804,-0.0000,0.0000,1.0000,0.1441,4314.8299,99.4920,2143.8511,0.1747,0.4435,13.1259,0.3556,0.7633,-0.3075,-3.4379
67.4424,STABLE,STABLE,-0.0094,0.0008,0.1503,0.2011,0.5323,0.4677,0.1581,0.1187,0.1712,1.5011,500.0000,0.0029,140.6461,51.3110,0.1581,0.0544,0.1069,0.2177,0.2601,0.1230,0.0988,0.0685,0.0706,256.6030,155.6876,0.0953,0.6099,0.2694,3.9477,0.0002,-0.0000,0.0598,0.0660,0.4974,1.2336,0.1264,0.3275,0.2351,0.1465,0.2100,0.1625,0.0468,0.1505,0.1607,0.0001,0.9999,-0.0449,0.0544,0.1581,0.4193,-0.0005,1.0000,-0.0022,-0.1070,0.0857,-0.0000,0.0000,1.0000,0.1436,4308.0367,100.3714,2261.1221,0.1725,0.4432,22.9321,0.3889,0.7528,-0.4148,-2.6753
67.4841,STABLE,STABLE,-0.0215,-0.0007,0.1502,0.1394,0.4340,0.5660,0.1278,0.0659,0.2099,2.5030,500.0000,0.0029,139.7731,50.0980,0.1278,0.0740,0.1440,0.2200,0.1920,0.1120,0.0760,0.0900,0.0920,249.6893,162.1734,0.0325,0.5638,0.2449,7.7859,0.0000,0.0000,0.0574,0.0517,0.5057,4.2714,0.0560,0.2732,0.2216,0.0789,0.1751,0.1569,0.0209,0.0903,0.1295,0.0001,0.9998,-0.0008,0.0774,0.1376,0.3705,-0.0001,0.9996,-0.0059,-0.0124,0.0807,-0.0000,0.0000,1.0000,0.1434,4335.2151,101.7317,2362.8418,0.1733,0.4420,17.8019,0.3667,0.7632,-0.5307,-0.8147
67.5258,STABLE,STABLE,-0.0177,-0.0001,0.1156,0.0506,0.4088,0.5271,0.0631,0.0021,0.1647,2.0628,500.0000,0.0029,139.6062,51.3456,0.0631,0.1343,0.0982,0.1804,0.1463,0.1343,0.1042,0.1042,0.0982,256.9768,166.1550,0.0004,0.2942,0.1543,2.5705,0.0001,0.0000,0.0272,0.0241,0.5076,0.5035,0.0492,0.0778,0.1430,0.0171,0.0608,0.1007,0.0237,0.0520,0.0486,-0.0063,0.9999,0.0317,0.0231,0.0800,0.2346,-0.0000,1.0000,0.0096,-0.0231,0.0045,-0.0000,0.0000,1.0000,0.1426,4336.3382,101.7451,2393.6030,0.1728,0.4426,3.0394,0.4167,0.7544,-0.4828,1.0031
67.5675,STABLE,STABLE,-0.0188,-0.0003,0.2109,0.0453,0.4180,0.5740,0.0647,0.0040,0.2606,4.2317,500.0000,0.0029,139.5453,51.2700,0.0647,0.1400,0.1140,0.1200,0.1420,0.0840,0.1060,0.1260,0.1680,256.8530,165.8888,0.0048,0.2693,0.1831,4.3302,0.0001,-0.0000,0.0322,0.0220,0.4881,1.0647,0.0730,0.0947,0.1064,0.0337,0.0810,0.0841,0.0260,0.0701,0.0122,0.0029,0.9998,0.0273,0.0390,0.0749,0.2149,0.0001,0.9997,-0.0096,0.0104,0.0628,-0.0000,0.0000,1.0000,0.1435,4323.8252,101.4031,2355.4460,0.1730,0.4419,17.0843,0.3583,0.7602,-0.4470,1.0940
67.6092,STABLE,STABLE,-0.0725,-0.0256,0.1995,0.1748,0.3790,0.6210,0.2062,0.1764,0.2544,3.9374,500.0000,0.0029,140.2342,49.3248,0.2062,0.0282,0.0685,0.1290,0.2560,0.2399,0.1532,0.0847,0.0403,245.5129,160.0860,0.1159,0.6309,0.2943,5.3877,0.0003,0.0000,0.0581,0.0567,0.5090,1.1582,0.1267,0.3336,0.2321,0.1154,0.1997,0.2670,0.0259,0.2399,0.1839,0.0239,0.9996,-0.0838,0.1607,0.1765,0.4269,-0.0005,0.9997,-0.0245,-0.1009,0.1946,0.0000,0.0000,1.0000,0.1437,4307.4159,99.8676,2137.1130,0.1734,0.4400,7.0626,0.4500,0.7591,-0.3915,3.4978
67.6509,STABLE,STABLE,0.0069,0.0005,0.1747,0.2292,0.5480,0.4520,0.1434,0.0889,0.2598,3.2627,500.0000,0.0029,139.6589,50.3929,0.1434,0.1000,0.0820,0.1080,0.1620,0.1620,0.1220,0.1280,0.1360,249.2734,159.3110,0.0560,0.4725,0.2342,4.7551,-0.0000,0.0000,0.0492,0.0452,0.5002,2.2286,0.0881,0.1990,0.1266,0.0977,0.2074,0.1823,0.0213,0.1807,0.0980,0.0068,1.0001,-0.0455,-0.0070,0.1471,0.3680,-0.0003,1.0005,0.0031,-0.0796,-0.0320,0.0000,-0.0000,1.0000,0.1444,4318.1684,99.7983,2123.3608,0.1745,0.4389,8.9198,0.4306,0.7524,-0.1552,4.2046
67.6926,STABLE,STABLE,0.0099,0.0001,0.1599,0.2269,0.5050,0.4950,0.1536,0.0956,0.3096,4.6775,500.0000,0.0029,139.6444,50.7983,0.1536,0.2224,0.0842,0.0701,0.0641,0.0561,0.0762,0.1603,0.2665,252.0923,158.4568,0.0511,0.5643,0.2873,6.7233,-0.0001,0.0000,0.0637,0.0510,0.5004,2.1228,0.0863,0.2807,0.1358,0.0875,0.2164,0.2095,0.0274,0.1487,0.1288,0.0019,1.0001,0.0545,-0.0223,0.1551,0.3559,0.0003,1.0002,0.0012,0.1121,-0.0450,0.0000,-0.0000,1.0000,0.1439,4332.1046,99.7500,2134.6370,0.1740,0.4393,13.0517,0.4250,0.7528,-0.0408,3.9466
67.7343,STABLE,STABLE,-0.0016,-0.0063,0.2044,0.2603,0.4225,0.5775,0.1755,0.1526,0.1821,2.2963,500.0000,0.0029,139.6704,51.7580,0.1755,0.2254,0.0644,0.0744,0.0342,0.0543,0.0664,0.1368,0.3441,257.3223,159.3661,0.1196,0.5575,0.2517,4.1546,-0.0003,-0.0000,0.0514,0.0557,0.4906,0.8253,0.1409,0.3004,0.2465,0.1798,0.2024,0.1964,0.0411,0.1828,0.0975,-0.0089,1.0000,0.1373,-0.0591,0.1592,0.3906,0.0001,0.9999,0.0113,0.1836,-0.0860,0.0000,-0.0000,1.0000,0.1441,4357.8034,100.6147,2198.9207,0.1741,0.4394,9.9200,0.4583,0.7546,0.1740,4.4070
67.7760,STABLE,STABLE,0.0291,0.0005,0.1670,0.2694,0.5504,0.4456,0.1418,0.1036,0.1871,2.6446,500.0000,0.0029,139.3257,51.3279,0.1418,0.2581,0.0827,0.0766,0.0262,0.0544,0.0504,0.1270,0.3246,254.0010,160.7086,0.0641,0.4905,0.3092,10.6963,-0.0002,-0.0000,0.0659,0.0403,0.4847,3.8626,0.0971,0.2694,0.2377,0.1162,0.2343,0.2016,0.0297,0.1765,0.0478,-0.0074,1.0002,0.0761,-0.0918,0.1381,0.3275,-0.0000,1.0007,0.0016,0.0803,-0.0710,0.0000,0.0000,1.0000,0.1431,4362.8066,101.0115,2281.9822,0.1723,0.4425,10.8666,0.3417,0.7603,0.3268,3.3900
67.8177,STABLE,STABLE,0.0358,0.0254,0.2110,0.3302,0.5602,0.4398,0.2405,0.2357,0.1589,2.0185,500.0000,0.0029,139.5909,49.5160,0.2405,0.3635,0.0281,0.0141,0.0161,0.0221,0.0321,0.0663,0.4578,241.9805,162.1662,0.2318,0.5406,0.2357,3.5814,-0.0002,-0.0000,0.0433,0.0446,0.4852,0.8201,0.2038,0.3235,0.2319,0.2257,0.2563,0.3012,0.0610,0.2283,0.1124,-0.0111,1.0002,0.2030,-0.0949,0.1322,0.3464,0.0000,0.9995,0.0064,0.3116,0.0017,-0.0000,-0.0000,1.0000,0.1430,4357.7026,99.5929,2015.4133,0.1735,0.4395,4.0496,0.4500,0.7552,0.4568,3.3824
67.8595,STABLE,STABLE,0.0340,0.0130,0.2409,0.4294,0.5591,0.4409,0.2693,0.2461,0.2047,2.0746,500.0000,0.0029,140.3503,49.2979,0.2693,0.2425,0.1202,0.0421,0.0220,0.0261,0.0301,0.1603,0.3567,239.4114,156.0046,0.2143,0.6846,0.2690,5.1574,-0.0005,-0.0000,0.0530,0.0620,0.4894,0.7726,0.3013,0.4081,0.2627,0.2851,0.3239,0.3242,0.0205,0.1537,0.1265,-0.0370,1.0001,0.2737,-0.2261,0.1977,0.4753,0.0004,0.9996,0.0353,0.4790,-0.2186,0.0000,-0.0000,1.0000,0.1434,4344.7853,99.0050,1932.9963,0.1740,0.4351,23.9625,0.3833,0.7551,0.6090,3.0517
67.9012,STABLE,STABLE,0.0333,0.0023,0.3358,0.3553,0.5402,0.4598,0.2582,0.2046,0.3732,4.4047,500.0000,0.0029,140.6464,49.0108,0.2582,0.2932,0.1104,0.0482,0.0321,0.0382,0.0522,0.1004,0.3253,237.4486,157.8515,0.1645,0.7253,0.3082,4.7322,-0.0008,-0.0000,0.0626,0.0692,0.4815,2.2882,0.2128,0.3615,0.2711,0.2065,0.3355,0.3056,0.0440,0.1736,0.1698,-0.0093,1.0002,0.1339,-0.0880,0.2168,0.5168,-0.0003,0.9998,0.0112,0.2114,-0.0120,0.0000,-0.0000,1.0000,0.1435,4326.7926,99.1873,2007.8624,0.1738,0.4342,12.0948,0.3833,0.7636,0.7113,-0.2975
67.9429,STABLE,STABLE,-0.0003,0.0022,0.3241,0.3201,0.5191,0.4809,0.2406,0.1974,0.3397,5.0573,500.0000,0.0029,141.0941,48.7225,0.2406,0.1972,0.1046,0.0443,0.0302,0.0423,0.0624,0.2093,0.3099,239.0754,156.9278,0.1765,0.6161,0.2615,5.0207,-0.0002,-0.0000,0.0547,0.0655,0.4961,1.0838,0.2417,0.3388,0.2816,0.2282,0.2879,0.2248,0.0499,0.1874,0.1108,-0.0152,1.0001,0.1579,-0.1220,0.2064,0.4407,0.0001,0.9998,0.0156,0.2254,-0.1257,0.0000,-0.0000,0.9980,0.1425,4355.5760,100.7461,2245.4636,0.1722,0.4350,4.8056,0.4361,0.7560,0.5842,-1.8248
67.9846,STABLE,STABLE,0.0178,0.0000,0.1531,0.2448,0.5020,0.4920,0.1317,0.0850,0.1775,1.8357,500.0000,0.0029,140.9550,48.8319,0.1317,0.1740,0.0820,0.0680,0.0740,0.0540,0.1440,0.2120,0.1920,241.2004,157.1634,0.0420,0.5298,0.2453,3.8704,-0.0001,-0.0000,0.0502,0.0489,0.4913,1.1962,0.1955,0.1989,0.2476,0.1204,0.1757,0.1508,0.0146,0.0761,0.0893,-0.0094,1.0001,0.0446,-0.1188,0.1394,0.3452,0.0002,0.9999,0.0055,0.1440,-0.0890,0.0000,-0.0000,1.0000,0.1430,4367.1071,101.4068,2329.5420,0.1727,0.4362,14.0967,0.3556,0.7664,0.5591,-1.3905
68.0263,STABLE,STABLE,0.0115,0.0000,0.0575,0.1124,0.5311,0.4148,0.0438,0.0021,0.1188,2.0229,500.0000,0.0029,140.3737,50.0135,0.0438,0.1483,0.0721,0.1202,0.1062,0.1022,0.1363,0.1703,0.1443,251.7633,158.4241,0.0002,0.2674,0.1456,2.5807,-0.0001,0.0000,0.0294,0.0205,0.5048,1.0503,0.0403,0.0940,0.0996,0.0279,0.0789,0.0534,0.0081,0.0594,0.0156,0.0015,1.0001,-0.0172,-0.0315,0.0561,0.2007,-0.0001,1.0001,-0.0038,0.0144,-0.0298,0.0000,-0.0000,1.0000,0.1432,4344.4435,101.3409,2343.6318,0.1718,0.4375,6.1155,0.4611,0.7509,0.4682,-2.8406
68.0680,STABLE,STABLE,0.0266,0.0015,0.0970,0.1469,0.5872,0.4108,0.0836,0.0676,0.1024,1.2129,500.0000,0.0029,140.7957,49.1447,0.0836,0.0862,0.1283,0.0922,0.0701,0.0721,0.1663,0.2665,0.1182,246.7029,157.5059,0.0363,0.2979,0.1890,4.9242,-0.0000,-0.0000,0.0427,0.0294,0.4948,1.7556,0.0771,0.1456,0.1237,0.1178,0.1212,0.0638,0.0025,0.0788,0.0671,-0.0094,1.0002,0.0066,-0.0908,0.0820,0.2157,0.0003,0.9999,0.0126,0.0562,-0.1038,0.0000,-0.0000,1.0000,0.1439,4335.9049,100.7639,2221.1687,0.1724,0.4376,7.0318,0.3333,0.7624,0.3222,-2.9391
68.1097,STABLE,STABLE,0.0237,0.0006,0.0854,0.1491,0.5832,0.4108,0.0690,0.0432,0.0928,0.9162,500.0000,0.0029,140.7594,48.7539,0.0690,0.0902,0.1283,0.0902,0.0822,0.0681,0.1623,0.2625,0.1162,242.3489,159.9923,0.0128,0.2460,0.1118,1.8302,-0.0002,-0.0000,0.0232,0.0227,0.4736,0.4756,0.0347,0.1090,0.1212,0.0648,0.0787,0.0579,0.0084,0.0498,0.0560,-0.0065,1.0002,-0.0068,-0.0755,0.0725,0.1934,0.0001,0.9999,0.0054,0.0325,-0.0786,-0.0000,-0.0000,1.0000,0.1444,4347.0092,101.6128,2256.4524,0.1722,0.4387,15.9798,0.3528,0.7628,0.2230,-1.6676
68.1514,STABLE,STABLE,0.0050,0.0000,0.1051,0.0044,0.2960,0.2760,0.0209,0.0001,0.1684,3.5727,500.0000,0.0029,141.1057,48.7532,0.0209,0.4900,0.0480,0.0860,0.0740,0.0400,0.0580,0.1180,0.0860,227.9800,168.4182,0.0000,0.0657,0.1126,3.3072,-0.0000,-0.0000,0.0161,0.0020,0.4813,0.6465,0.0107,0.0169,0.0004,0.0181,0.0068,0.0038,0.0114,0.0667,0.0024,-0.0023,1.0000,0.0080,-0.0108,0.0252,0.1120,0.0001,0.9998,0.0006,0.0517,-0.0107,-0.0000,-0.0000,1.0000,0.1441,4341.3171,101.4307,2242.5793,0.1718,0.4391,7.0937,0.4389,0.7558,0.1831,-1.1479
68.1931,STABLE,STABLE,0.0021,0.0000,0.0811,0.0220,0.3367,0.3246,0.0169,0.0006,0.0908,1.7698,500.0000,0.0029,140.1027,48.8388,0.0169,0.4168,0.0942,0.0902,0.0782,0.1022,0.0681,0.0782,0.0721,242.3008,166.5367,0.0000,0.1360,0.1313,3.0431,0.0000,0.0000,0.0227,0.0080,0.5057,0.8840,0.0387,0.0388,0.0180,0.0014,0.0309,0.0210,0.0000,0.0821,0.0056,-0.0017,1.0000,-0.0018,-0.0044,0.0230,0.0902,-0.0000,0.9998,-0.0018,0.0268,0.0061,-0.0000,-0.0000,1.0000,0.1436,4334.8374,101.0703,2230.9819,0.1717,0.4377,9.9638,0.3417,0.7513,0.1273,-1.4200
68.2348,STABLE,STABLE,-0.0044,-0.0001,0.1196,0.1621,0.4680,0.5120,0.0731,0.0082,0.1390,1.8881,500.0000,0.0029,139.7150,49.9465,0.0731,0.1160,0.0940,0.1440,0.1820,0.1520,0.1040,0.0820,0.1260,251.7894,166.1907,0.0033,0.2919,0.1778,3.6739,0.0000,-0.0000,0.0343,0.0276,0.4870,1.4119,0.0839,0.0293,0.1144,0.0223,0.1465,0.0726,0.0477,0.1130,0.0636,-0.0060,1.0000,-0.0018,-0.0143,0.0814,0.2545,0.0000,1.0002,0.0026,-0.0324,-0.0077,-0.0000,0.0000,1.0000,0.1434,4348.1600,100.4458,2163.7058,0.1729,0.4363,16.9170,0.3611,0.7560,0.0646,-1.1571
68.2765,STABLE,STABLE,-0.0123,-0.0001,0.1222,0.1664,0.4860,0.5140,0.1097,0.0713,0.1311,1.0946,500.0000,0.0029,139.8461,49.6246,0.1097,0.0720,0.0820,0.1540,0.2580,0.1980,0.0940,0.0600,0.0820,249.7522,164.7100,0.0344,0.4174,0.1715,2.5035,0.0004,-0.0000,0.0376,0.0407,0.4933,0.9561,0.0844,0.1389,0.1428,0.1028,0.1324,0.1539,0.0302,0.0988,0.0796,-0.0011,0.9999,-0.0335,0.0238,0.1164,0.3263,-0.0002,1.0001,0.0039,-0.0496,-0.0053,0.0000,0.0000,1.0000,0.1428,4373.1073,100.2418,2118.9148,0.1739,0.4337,12.9946,0.4194,0.7560,0.0307,-2.7801
68.3182,STABLE,STABLE,0.0003,-0.0002,0.1589,0.2586,0.4770,0.5210,0.1564,0.1401,0.1389,1.1668,500.0000,0.0029,140.4469,50.0228,0.1564,0.0421,0.0421,0.1162,0.3808,0.2224,0.0782,0.0581,0.0601,252.2775,158.0287,0.0877,0.4504,0.2368,5.2098,0.0002,0.0000,0.0490,0.0459,0.5096,2.4592,0.1465,0.1939,0.1843,0.1979,0.1983,0.1655,0.0176,0.1231,0.1031,0.0103,1.0000,-0.1244,0.0688,0.1372,0.3478,0.0006,1.0003,-0.0010,-0.2189,0.0358,0.0000,0.0000,1.0000,0.1439,4353.7588,99.6426,2042.9127,0.1755,0.4331,10.9698,0.3778,0.7707,-0.1673,-4.2265
68.3600,STABLE,STABLE,-0.0056,-0.0009,0.1516,0.2566,0.4618,0.5382,0.1580,0.1386,0.1514,1.2717,500.0000,0.0029,140.5865,49.7318,0.1580,0.0582,0.0663,0.1486,0.3474,0.1968,0.0542,0.0622,0.0663,251.1504,158.5073,0.0764,0.5386,0.2672,4.6364,0.0000,0.0000,0.0511,0.0535,0.5096,1.1809,0.1655,0.1849,0.1112,0.1805,0.2761,0.1790,0.0218,0.1672,0.1190,0.0111,1.0000,-0.1064,0.0888,0.1470,0.3671,0.0000,1.0009,0.0012,-0.2529,0.0002,0.0000,0.0000,1.0000,0.1449,4373.2804,100.7846,2095.8838,0.1748,0.4351,22.8337,0.3889,0.7559,-0.3218,-3.3398
68.4017,STABLE,STABLE,-0.0051,-0.0004,0.1540,0.2467,0.4840,0.5160,0.1463,0.1345,0.1275,1.0203,500.0000,0.0029,140.6516,49.6235,0.1463,0.0360,0.0360,0.0760,0.3500,0.3380,0.0920,0.0440,0.0280,249.6458,156.9042,0.1009,0.3926,0.2048,4.4594,0.0002,0.0000,0.0450,0.0344,0.5117,1.7086,0.1252,0.1947,0.1418,0.1875,0.2410,0.1603,0.0393,0.1123,0.0866,0.0084,1.0000,-0.1377,0.0481,0.1220,0.2587,-0.0002,1.0000,-0.0021,-0.2006,0.0350,0.0000,0.0000,1.0000,0.1447,4392.3947,101.9866,2227.3271,0.1739,0.4364,16.8438,0.3611,0.7592,-0.4459,-2.3663
68.4434,STABLE,STABLE,-0.0247,-0.0016,0.1774,0.2715,0.4360,0.5640,0.1970,0.2124,0.1409,0.9310,500.0000,0.0029,141.3518,48.7341,0.1970,0.0160,0.0260,0.0860,0.4360,0.3260,0.0560,0.0200,0.0340,239.1711,154.3784,0.1618,0.4795,0.2135,5.5332,0.0002,0.0000,0.0508,0.0382,0.5231,1.6390,0.2714,0.2382,0.2440,0.2007,0.2233,0.1864,0.0290,0.1573,0.0689,0.0273,0.9999,-0.2245,0.1515,0.1312,0.2851,-0.0002,1.0001,-0.0239,-0.3098,0.1362,-0.0000,0.0000,1.0000,0.1420,4334.0880,99.2448,1961.1547,0.1730,0.4354,18.1175,0.3694,0.7611,-0.5192,-1.5235
68.4851,STABLE,STABLE,-0.0214,-0.0004,0.2034,0.2641,0.4840,0.5160,0.2196,0.1907,0.1938,1.4806,500.0000,0.0029,142.3125,49.1447,0.2196,0.0360,0.0560,0.2040,0.2640,0.1980,0.1300,0.0640,0.0480,240.2119,147.5805,0.1434,0.6616,0.2737,4.6528,0.0003,0.0000,0.0547,0.0599,0.5155,1.3452,0.1479,0.4381,0.2673,0.2732,0.2815,0.2459,0.0202,0.1382,0.0746,0.0365,0.9998,-0.1947,0.2182,0.1863,0.4715,-0.0001,0.9994,-0.0428,-0.1922,0.2791,-0.0000,-0.0000,1.0000,0.1429,4289.0158,97.2572,1764.3331,0.1744,0.4313,13.9752,0.3750,0.7591,-0.5730,-0.2321
68.5268,STABLE,STABLE,-0.0125,-0.0009,0.1714,0.2388,0.4769,0.5231,0.1845,0.1483,0.1893,1.9936,500.0000,0.0029,142.7933,49.9400,0.1845,0.0322,0.0604,0.1650,0.2495,0.1590,0.1891,0.1147,0.0302,248.2113,144.7690,0.1241,0.5896,0.2477,3.2084,0.0000,0.0000,0.0502,0.0574,0.5023,0.9383,0.1402,0.3700,0.2582,0.1307,0.2458,0.1934,0.0346,0.1494,0.1225,0.0254,1.0000,-0.1516,0.1056,0.1677,0.4291,-0.0001,0.9998,-0.0311,-0.1435,0.1761,-0.0000,-0.0000,1.0000,0.1430,4298.0529,98.4613,1859.0161,0.1727,0.4331,10.8194,0.3750,0.7636,-0.5386,0.4381
68.5685,STABLE,STABLE,-0.0756,-0.0658,0.3474,0.3537,0.3840,0.6140,0.3058,0.2682,0.3672,4.5331,500.0000,0.0029,143.3761,49.7719,0.3058,0.0220,0.0160,0.1000,0.4720,0.3240,0.0260,0.0180,0.0220,222.5350,148.3904,0.2563,0.5775,0.2915,3.5594,0.0006,0.0000,0.0407,0.0409,0.5270,1.0522,0.2860,0.4489,0.3392,0.2989,0.2930,0.2999,0.0176,0.1646,0.1225,0.0362,0.9997,-0.2740,0.2574,0.1804,0.3472,-0.0001,1.0003,-0.0279,-0.4672,0.2167,-0.0000,0.0000,1.0000,0.1436,4312.9408,100.1679,2141.9829,0.1714,0.4348,10.0806,0.3389,0.7618,-0.5364,0.1952
68.6102,STABLE,STABLE,-0.0065,-0.0002,0.0937,0.1410,0.4910,0.5090,0.0930,0.0703,0.0885,0.5551,500.0000,0.0029,142.3236,49.1169,0.0930,0.1603,0.1323,0.1022,0.1764,0.1222,0.0942,0.1002,0.1122,231.0868,149.3921,0.0565,0.2923,0.1681,4.0611,0.0003,0.0000,0.0292,0.0334,0.5083,0.6406,0.0864,0.1751,0.1174,0.1032,0.1039,0.1092,0.0305,0.1157,0.0476,0.0032,1.0000,-0.0325,0.0217,0.0977,0.2488,-0.0003,1.0000,-0.0058,-0.1055,0.0073,-0.0000,0.0000,1.0000,0.1421,4284.8326,99.3670,2011.0143,0.1702,0.4360,8.0241,0.3556,0.7641,-0.5223,1.7356
68.6519,STABLE,STABLE,-0.0210,-0.0012,0.1149,0.0808,0.3960,0.6040,0.0785,0.0308,0.1906,3.6727,500.0000,0.0029,141.4774,49.0470,0.0785,0.0780,0.0700,0.0940,0.2280,0.1600,0.1340,0.1120,0.1240,239.4188,151.5095,0.0217,0.2785,0.1526,3.2918,0.0000,-0.0000,0.0286,0.0267,0.4966,1.1373,0.0878,0.1040,0.1356,0.0835,0.0815,0.1103,0.0193,0.0872,0.0203,0.0066,0.9999,-0.0113,0.0460,0.0835,0.2494,0.0001,0.9999,-0.0062,-0.0237,0.0403,0.0000,-0.0000,1.0000,0.1430,4284.0239,99.3785,1988.2268,0.1702,0.4356,9.9200,0.3306,0.7546,-0.3917,2.8957
68.6936,STABLE,STABLE,-0.0016,-0.0003,0.0815,0.1335,0.4569,0.5411,0.0714,0.0257,0.0925,0.6338,500.0000,0.0029,140.8051,49.1251,0.0714,0.1643,0.1283,0.1182,0.0741,0.0882,0.0822,0.1323,0.2124,244.2921,156.1891,0.0085,0.2568,0.1160,3.4531,-0.0000,-0.0000,0.0241,0.0222,0.4913,1.7446,0.0738,0.0475,0.0405,0.0605,0.0893,0.1161,0.0298,0.0740,0.0303,-0.0011,1.0000,0.0377,-0.0001,0.0789,0.2414,-0.0000,1.0002,0.0083,0.0233,-0.0288,0.0000,-0.0000,1.0000,0.1429,4286.8547,99.5849,2005.3330,0.1704,0.4354,10.0080,0.4694,0.7480,-0.2807,3.7378
68.7353,STABLE,STABLE,0.0072,0.0000,0.0973,0.1441,0.5120,0.4820,0.0772,0.0237,0.1392,1.6563,500.0000,0.0029,140.9231,49.7153,0.0772,0.1520,0.1200,0.1020,0.1500,0.0780,0.0840,0.1080,0.2060,249.0245,154.8256,0.0080,0.2780,0.1574,3.3522,0.0003,0.0000,0.0315,0.0260,0.5012,1.2115,0.1441,0.0652,0.0676,0.0703,0.0701,0.0936,0.0133,0.1055,0.0322,-0.0009,1.0001,0.0061,-0.0115,0.0824,0.2607,-0.0000,1.0000,0.0042,-0.0291,-0.0345,-0.0000,0.0000,1.0000,0.1435,4280.8724,99.9663,2014.8599,0.1707,0.4355,15.0124,0.3528,0.7592,-0.0799,3.5730
68.7770,STABLE,STABLE,0.0113,-0.0001,0.1428,0.2486,0.4930,0.5070,0.1360,0.1123,0.2122,4.1766,500.0000,0.0029,141.1850,49.3406,0.1360,0.2866,0.0501,0.0601,0.0481,0.0461,0.0561,0.1323,0.3206,245.7472,153.2480,0.0753,0.3129,0.1951,4.1591,-0.0002,-0.0000,0.0337,0.0269,0.4816,0.8598,0.1147,0.2234,0.1968,0.1300,0.1329,0.1564,0.0254,0.1249,0.0639,-0.0201,1.0000,0.1425,-0.1063,0.1194,0.2331,0.0002,0.9999,0.0018,0.2386,-0.0337,-0.0000,0.0000,1.0000,0.1430,4277.3821,100.2344,2099.8157,0.1696,0.4363,16.0154,0.3556,0.7491,0.0173,2.3072
68.8187,STABLE,STABLE,-0.0092,-0.0003,0.0764,0.0749,0.4188,0.5531,0.0484,0.0033,0.0860,0.8829,500.0000,0.0029,140.8485,49.1697,0.0484,0.2044,0.1062,0.1062,0.0721,0.0581,0.0701,0.1403,0.2425,242.7734,154.7290,0.0027,0.2501,0.1838,5.4598,-0.0002,-0.0000,0.0357,0.0170,0.4778,1.7609,0.0741,0.1204,0.0507,0.0913,0.0647,0.0104,0.0190,0.0959,0.0235,-0.0052,1.0000,0.0607,-0.0193,0.0596,0.1854,-0.0002,1.0002,0.0075,0.0511,-0.0560,0.0000,0.0000,1.0000,0.1436,4285.2312,100.6192,2117.4360,0.1696,0.4376,10.9621,0.3417,0.7538,0.1126,3.0278
68.8605,STABLE,STABLE,0.0136,0.0007,0.1247,0.2134,0.5400,0.4600,0.1263,0.0938,0.1367,1.3987,500.0000,0.0029,141.6757,49.6590,0.1263,0.2820,0.1240,0.0640,0.0400,0.0200,0.0420,0.1140,0.3140,246.1069,148.9359,0.0704,0.3916,0.1699,3.0491,-0.0003,-0.0000,0.0344,0.0347,0.4896,0.9055,0.1778,0.2065,0.1310,0.0845,0.1651,0.1553,0.0644,0.1086,0.0657,-0.0153,1.0001,0.1297,-0.0767,0.1187,0.2576,0.0001,1.0000,0.0182,0.1850,-0.0774,0.0000,-0.0000,1.0000,0.1427,4258.0176,99.4522,1994.4154,0.1689,0.4350,13.9752,0.3750,0.7591,0.2699,1.1949
68.9022,STABLE,STABLE,0.0208,0.0008,0.1951,0.3034,0.5321,0.4679,0.1923,0.1731,0.1795,2.4336,500.0000,0.0029,142.5226,49.6189,0.1923,0.2430,0.0904,0.0582,0.0241,0.0201,0.0341,0.1727,0.3574,244.9076,145.3025,0.1391,0.5100,0.2525,4.2232,-0.0003,-0.0000,0.0499,0.0484,0.4831,1.4785,0.1962,0.2809,0.2279,0.2115,0.2516,0.2251,0.0091,0.1540,0.0826,-0.0284,1.0001,0.1968,-0.1676,0.1464,0.3015,0.0003,1.0002,0.0323,0.2011,-0.1939,0.0000,-0.0000,1.0000,0.1426,4212.1567,98.0902,1868.3818,0.1675,0.4345,13.9752,0.3750,0.7591,0.2123,0.7588
68.9439,STABLE,STABLE,0.0015,-0.0001,0.1551,0.2223,0.4910,0.5090,0.1519,0.1245,0.1648,2.2060,500.0000,0.0029,142.3688,49.9056,0.1519,0.2084,0.1102,0.0882,0.0401,0.0441,0.0601,0.1222,0.3267,248.2704,145.8328,0.0879,0.4796,0.2200,4.4630,-0.0003,-0.0000,0.0453,0.0457,0.4782,1.9601,0.1494,0.2354,0.1846,0.1415,0.2281,0.1705,0.0078,0.1382,0.0685,-0.0130,1.0000,0.1242,-0.0716,0.1383,0.3383,-0.0000,0.9997,0.0068,0.2160,-0.0392,-0.0000,-0.0000,1.0000,0.1415,4231.2075,97.9488,1848.3052,0.1685,0.4322,23.9625,0.3833,0.7551,0.3332,1.6866
68.9856,STABLE,STABLE,0.0199,0.0022,0.1517,0.2658,0.5300,0.4700,0.1997,0.1807,0.1476,0.9145,500.0000,0.0029,142.6057,49.4618,0.1997,0.2420,0.1060,0.0420,0.0200,0.0400,0.0540,0.1980,0.2980,244.4088,145.5202,0.1488,0.5297,0.1970,3.1428,-0.0003,-0.0000,0.0439,0.0520,0.4962,1.1365,0.2109,0.2636,0.2050,0.1851,0.2663,0.2453,0.0674,0.1308,0.0909,-0.0223,1.0002,0.1584,-0.1634,0.1597,0.3507,-0.0001,0.9997,0.0254,0.2522,-0.1395,0.0000,-0.0000,1.0000,0.1424,4270.0163,99.8415,2013.8772,0.1693,0.4311,15.9798,0.3694,0.7628,0.3530,0.9652
69.0273,STABLE,STABLE,-0.0054,-0.0010,0.2018,0.2746,0.4440,0.5560,0.1819,0.1661,0.1840,2.3693,500.0000,0.0029,142.5883,51.1145,0.1819,0.2200,0.1060,0.0540,0.0220,0.0320,0.0520,0.1460,0.3680,256.0610,144.7425,0.1167,0.4756,0.2042,3.4912,-0.0002,-0.0000,0.0391,0.0462,0.4833,0.9073,0.1871,0.2241,0.2479,0.1981,0.2003,0.2061,0.0435,0.0846,0.0665,-0.0148,1.0000,0.1860,-0.0799,0.1563,0.3800,-0.0000,0.9996,0.0082,0.3217,-0.0564,0.0000,-0.0000,1.0000,0.1422,4310.0094,101.0568,2167.0430,0.1699,0.4315,10.1247,0.3500,0.7585,0.4137,1.3454
69.0690,STABLE,STABLE,0.0207,0.0000,0.0935,0.1753,0.4700,0.3220,0.0534,0.0017,0.1122,0.7673,500.0000,0.0029,142.2796,53.7411,0.0534,0.3380,0.0680,0.0740,0.0960,0.0520,0.0700,0.1380,0.1640,268.6268,149.1197,0.0001,0.2677,0.1193,1.4794,-0.0001,-0.0000,0.0213,0.0184,0.4980,0.6450,0.0106,0.0604,0.0669,0.0133,0.0658,0.1137,0.0042,0.0432,0.0497,0.0012,1.0002,-0.0072,-0.0321,0.0691,0.2339,0.0004,1.0000,-0.0022,0.0085,-0.0106,0.0000,-0.0000,1.0000,0.1424,4319.5852,101.5496,2206.7688,0.1699,0.4317,18.9111,0.3667,0.7611,0.4652,0.7927
69.1107,STABLE,STABLE,0.0319,0.0091,0.1147,0.1903,0.6060,0.3940,0.1116,0.0815,0.1184,1.1695,500.0000,0.0029,140.5978,50.8881,0.1116,0.1500,0.0720,0.0700,0.0360,0.0460,0.0680,0.2840,0.2740,257.2151,157.7887,0.0665,0.3918,0.1566,2.2003,-0.0002,-0.0000,0.0312,0.0394,0.4800,0.7544,0.0843,0.2086,0.1583,0.0721,0.1392,0.1628,0.0088,0.0931,0.1061,0.0012,1.0002,0.0005,-0.0751,0.1022,0.2722,0.0001,0.9997,-0.0051,0.1134,-0.0036,-0.0000,-0.0000,1.0000,0.1434,4334.4940,101.1643,2186.0254,0.1713,0.4289,18.0398,0.3972,0.7642,0.4798,-0.4522
69.1524,STABLE,STABLE,0.0234,0.0005,0.1568,0.1799,0.5500,0.4500,0.0977,0.0546,0.1987,3.7318,500.0000,0.0029,140.4472,50.5680,0.0977,0.1640,0.0880,0.0640,0.0500,0.0580,0.1100,0.2440,0.2220,255.6613,159.1378,0.0314,0.3648,0.1749,3.0915,-0.0002,-0.0000,0.0335,0.0364,0.4906,0.9323,0.0456,0.1337,0.1689,0.0463,0.1266,0.1485,0.0024,0.1186,0.0711,0.0009,1.0001,0.0061,-0.0458,0.0989,0.2697,0.0004,0.9999,-0.0038,0.0844,-0.0153,0.0000,-0.0000,1.0000,0.1439,4367.0897,102.2216,2328.2700,0.1709,0.4289,8.8807,0.3361,0.7557,0.4275,-0.9467
69.1941,STABLE,STABLE,0.0331,0.0010,0.0779,0.2090,0.6300,0.3660,0.0717,0.0233,0.2026,4.1500,500.0000,0.0029,140.2801,49.4572,0.0717,0.1640,0.0800,0.0780,0.0780,0.0760,0.1100,0.2180,0.1960,248.8457,161.5989,0.0093,0.3080,0.1760,3.9560,-0.0002,-0.0000,0.0286,0.0266,0.4825,0.5249,0.0541,0.1405,0.1512,0.0449,0.0743,0.0847,0.0053,0.0809,0.0625,0.0012,1.0002,-0.0296,-0.0544,0.0780,0.2155,0.0002,1.0000,-0.0042,-0.0198,-0.0187,-0.0000,-0.0000,1.0000,0.1452,4360.9792,102.6329,2404.6221,0.1702,0.4293,18.0398,0.3917,0.7642,0.4008,-0.6029
69.2358,STABLE,STABLE,0.0044,-0.0001,0.1006,0.1311,0.4760,0.5240,0.0547,0.0034,0.1132,1.7611,500.0000,0.0029,140.8347,50.4862,0.0547,0.1520,0.0900,0.1220,0.0900,0.0800,0.0900,0.1680,0.2080,255.1016,156.2343,0.0027,0.2705,0.1459,2.3527,-0.0003,-0.0000,0.0301,0.0239,0.4925,1.3850,0.0554,0.0713,0.1532,0.0790,0.0665,0.0522,0.0075,0.0765,0.0233,0.0002,1.0001,0.0109,-0.0196,0.0644,0.2190,0.0000,1.0000,-0.0082,0.0377,0.0080,-0.0000,0.0000,1.0000,0.1445,4351.7242,102.7483,2406.6321,0.1703,0.4296,12.2005,0.3389,0.7571,0.3772,-1.4337
69.2775,STABLE,STABLE,0.0145,0.0000,0.1742,0.0988,0.4780,0.4720,0.0380,0.0017,0.2070,4.3312,500.0000,0.0029,141.1672,50.9182,0.0380,0.1280,0.0820,0.1400,0.1580,0.0900,0.1160,0.1660,0.1200,257.2537,154.0311,0.0002,0.2341,0.1309,3.6320,0.0000,-0.0000,0.0268,0.0173,0.4981,0.5660,0.0491,0.0700,0.0808,0.0499,0.0769,0.0113,0.0050,0.0344,0.0101,0.0010,1.0001,-0.0167,-0.0144,0.0444,0.1819,0.0005,1.0004,0.0021,-0.0522,-0.0408,0.0000,0.0000,1.0000,0.1449,4344.9988,103.0154,2421.7300,0.1697,0.4298,14.8832,0.3528,0.7657,0.2812,-2.1210
69.3192,STABLE,STABLE,-0.0018,-0.0001,0.0509,0.0663,0.4386,0.5211,0.0295,0.0018,0.0671,0.7654,500.0000,0.0029,141.9559,50.2941,0.0295,0.1670,0.0744,0.1187,0.1690,0.1147,0.0966,0.1408,0.1187,255.6501,151.4917,0.0002,0.2463,0.1577,3.2889,0.0000,0.0000,0.0291,0.0151,0.5002,1.4154,0.0810,0.0478,0.0301,0.0542,0.0986,0.0305,0.0060,0.0668,0.0098,-0.0010,1.0000,0.0022,0.0001,0.0325,0.1742,-0.0000,1.0000,0.0013,0.0151,-0.0018,0.0000,-0.0000,1.0000,0.1451,4397.7078,103.6578,2434.3884,0.1723,0.4287,15.9454,0.3556,0.7523,0.2002,-3.2585
69.3610,STABLE,STABLE,-0.0062,0.0000,0.0593,0.0311,0.4088,0.4409,0.0306,0.0014,0.0729,0.4833,500.0000,0.0029,142.9518,49.9223,0.0306,0.2485,0.0882,0.0962,0.1363,0.1703,0.0701,0.1042,0.0862,247.7978,143.5150,0.0000,0.2572,0.1229,2.9715,0.0002,0.0000,0.0207,0.0107,0.5083,1.3417,0.0808,0.0532,0.1127,0.0274,0.0510,0.0102,0.0000,0.0406,0.0034,0.0071,0.9999,-0.0295,0.0427,0.0460,0.1925,0.0001,0.9997,-0.0016,-0.0208,0.0303,0.0000,-0.0000,1.0000,0.1457,4404.7724,103.7762,2450.3569,0.1718,0.4283,18.0398,0.3917,0.7642,0.0094,-3.8838
69.4027,STABLE,STABLE,0.0024,0.0008,0.1150,0.1453,0.5020,0.4980,0.1219,0.1015,0.1025,1.0474,500.0000,0.0029,141.8012,49.5330,0.1219,0.0440,0.0640,0.1660,0.3060,0.2120,0.0940,0.0620,0.0520,248.0010,150.2383,0.1251,0.4964,0.1803,2.2811,0.0001,0.0000,0.0562,0.0715,0.5045,0.8987,0.1821,0.2208,0.1798,0.1487,0.2092,0.1654,0.1290,0.1819,0.0939,0.0037,1.0000,-0.0814,0.0260,0.1079,0.2627,-0.0002,1.0004,0.0040,-0.1149,-0.0264,0.0000,0.0000,1.0000,0.1531,4515.8412,111.4181,3749.5310,0.1705,0.4286,6.1155,0.3333,0.7509,-0.1237,-3.0133
69.4444,STABLE,STABLE,-0.0060,-0.0003,0.1280,0.2120,0.4780,0.5220,0.1169,0.0773,0.1211,1.0420,500.0000,0.0029,141.3532,50.0671,0.1169,0.0280,0.0380,0.1140,0.3940,0.2720,0.0600,0.0440,0.0500,252.2062,152.6362,0.0468,0.3496,0.1464,2.8947,0.0004,0.0000,0.0290,0.0339,0.5269,1.2410,0.0997,0.1855,0.1358,0.1034,0.1417,0.1504,0.0044,0.0826,0.0729,0.0076,0.9999,-0.1065,0.0616,0.1081,0.2214,-0.0001,1.0002,0.0035,-0.1958,-0.0075,0.0000,0.0000,1.0000,0.1535,4492.8173,110.3278,3521.8196,0.1709,0.4281,5.0572,0.4333,0.7563,-0.2419,-2.7201
69.4861,STABLE,STABLE,-0.0124,-0.0012,0.1655,0.2458,0.4860,0.5120,0.1843,0.1829,0.1281,1.0410,500.0000,0.0029,141.1145,49.6148,0.1843,0.0080,0.0220,0.1160,0.5080,0.2740,0.0500,0.0100,0.0120,249.2947,154.4486,0.1557,0.4515,0.1681,1.7654,0.0003,0.0000,0.0353,0.0451,0.5107,1.1533,0.1823,0.2140,0.1624,0.1940,0.2286,0.2462,0.0296,0.1493,0.1159,0.0077,0.9999,-0.1546,0.0799,0.1231,0.2731,-0.0002,1.0005,-0.0056,-0.2539,0.0268,0.0000,0.0000,1.0000,0.1530,4464.4967,108.6476,3083.4319,0.1720,0.4260,17.8019,0.3611,0.7632,-0.3506,-1.8523
69.5278,STABLE,STABLE,-0.0169,-0.0000,0.1264,0.1517,0.5000,0.5000,0.1478,0.1218,0.1494,1.8303,500.0000,0.0029,141.6986,49.2089,0.1478,0.0280,0.0620,0.2620,0.3240,0.1680,0.0860,0.0400,0.0300,245.0867,151.1803,0.0975,0.4575,0.1753,2.0168,0.0001,0.0000,0.0367,0.0460,0.5090,0.8038,0.1667,0.2204,0.1647,0.1217,0.1957,0.2097,0.0130,0.1211,0.0718,0.0144,0.9999,-0.1066,0.1336,0.1258,0.3198,-0.0002,1.0001,-0.0192,-0.1817,0.1038,-0.0000,0.0000,1.0000,0.1522,4443.3470,107.5079,2943.6838,0.1712,0.4259,8.0944,0.3389,0.7575,-0.3964,-1.2601
69.5695,STABLE,STABLE,-0.0216,-0.0129,0.1845,0.1919,0.4300,0.5700,0.1684,0.1418,0.1697,2.3798,500.0000,0.0029,141.2836,49.1981,0.1684,0.0120,0.0260,0.1760,0.3740,0.2380,0.0920,0.0540,0.0280,245.5857,153.6771,0.1177,0.4387,0.1733,2.4165,0.0002,-0.0000,0.0368,0.0475,0.4984,0.8404,0.1311,0.2099,0.1856,0.1682,0.2064,0.1921,0.0281,0.1438,0.0847,0.0063,0.9999,-0.0996,0.0812,0.1351,0.3178,-0.0001,1.0000,-0.0127,-0.1630,0.1036,-0.0000,0.0000,1.0000,0.1519,4426.4761,107.7412,3000.6677,0.1698,0.4269,9.8336,0.3472,0.7612,-0.4558,-0.6159
69.6112,STABLE,STABLE,-0.0240,-0.0023,0.1774,0.2434,0.4609,0.5391,0.1932,0.1843,0.2099,3.9551,500.0000,0.0029,141.6557,48.8895,0.1932,0.0301,0.0301,0.1563,0.4429,0.2305,0.0701,0.0240,0.0160,241.1573,151.7205,0.1536,0.4554,0.2190,3.8560,0.0004,0.0000,0.0386,0.0430,0.5094,0.7294,0.1723,0.2707,0.2541,0.1918,0.1813,0.2492,0.0200,0.1489,0.1124,0.0195,0.9998,-0.1666,0.1536,0.1331,0.2766,0.0001,1.0009,-0.0024,-0.3370,0.0168,0.0000,0.0000,1.0000,0.1520,4422.9497,108.5513,3283.9104,0.1683,0.4288,9.8336,0.3472,0.7612,-0.4478,0.3363
69.6529,STABLE,STABLE,-0.0173,-0.0003,0.0748,0.0356,0.3960,0.5620,0.0507,0.0040,0.0956,0.8611,500.0000,0.0029,141.0166,49.4062,0.0507,0.0940,0.0660,0.2120,0.2380,0.1200,0.0860,0.1140,0.0700,245.8261,153.4279,0.0017,0.2849,0.1460,3.1916,0.0001,-0.0000,0.0252,0.0225,0.4961,0.6379,0.0457,0.1181,0.0841,0.0139,0.0438,0.1128,0.0027,0.0802,0.0410,-0.0009,0.9999,0.0020,0.0313,0.0606,0.2163,-0.0001,0.9999,-0.0015,-0.0383,0.0168,-0.0000,0.0000,1.0000,0.1524,4418.0575,108.6612,3301.5688,0.1679,0.4296,6.8730,0.4639,0.7521,-0.4277,0.1966
69.6946,STABLE,STABLE,-0.0251,-0.0023,0.0932,0.1013,0.4400,0.5600,0.0961,0.0852,0.0980,1.2624,500.0000,0.0029,140.6046,48.8483,0.0961,0.0280,0.0400,0.2160,0.4460,0.1880,0.0440,0.0260,0.0120,240.8743,157.8712,0.0644,0.3074,0.1404,2.7825,0.0002,-0.0000,0.0249,0.0286,0.4990,0.6440,0.0791,0.1735,0.1648,0.0730,0.1065,0.1409,0.0056,0.0816,0.0577,0.0033,0.9998,-0.0409,0.0745,0.0773,0.1799,-0.0001,1.0001,0.0001,-0.1135,0.0407,-0.0000,0.0000,1.0000,0.1519,4395.5324,107.3985,3142.3025,0.1676,0.4291,6.0885,0.4611,0.7543,-0.4314,1.1251
69.7363,STABLE,STABLE,-0.0133,-0.0005,0.0912,0.0818,0.4438,0.5542,0.0668,0.0404,0.0959,1.2857,500.0000,0.0029,140.0290,49.0942,0.0668,0.0602,0.0723,0.2068,0.3414,0.1546,0.0723,0.0462,0.0462,242.3610,162.0309,0.0152,0.2368,0.1174,2.0914,0.0001,0.0000,0.0214,0.0220,0.5120,0.3405,0.0210,0.0859,0.0891,0.0451,0.0589,0.1018,0.0071,0.1090,0.0464,-0.0006,0.9999,-0.0173,0.0343,0.0669,0.1678,-0.0002,0.9999,-0.0017,-0.0208,0.0174,-0.0000,0.0000,1.0000,0.1516,4393.6140,107.8014,3197.4922,0.1673,0.4287,18.0398,0.3972,0.7642,-0.3338,2.1220
69.7780,STABLE,STABLE,-0.0092,-0.0002,0.1100,0.0729,0.4580,0.5400,0.0561,0.0230,0.1262,2.4232,500.0000,0.0029,139.7502,49.4223,0.0561,0.0620,0.0840,0.2020,0.3020,0.1580,0.0700,0.0560,0.0660,245.2889,162.1426,0.0129,0.2290,0.1473,3.7714,0.0001,0.0000,0.0233,0.0222,0.5019,0.4943,0.0513,0.1080,0.1119,0.0293,0.0593,0.0704,0.0034,0.0920,0.0299,0.0006,0.9999,-0.0181,0.0388,0.0612,0.1365,0.0001,0.9999,0.0027,-0.0477,0.0248,-0.0000,0.0000,1.0000,0.1515,4387.9306,107.9366,3244.3379,0.1665,0.4306,7.9142,0.4639,0.7505,-0.2544,1.8451
69.8197,STABLE,STABLE,-0.0009,0.0000,0.0173,0.0018,0.1984,0.2766,0.0054,0.0000,0.0204,0.2018,500.0000,0.0029,139.0453,52.0980,0.0054,0.5731,0.0461,0.0601,0.0641,0.1022,0.0541,0.0501,0.0501,258.9363,169.7726,0.0000,0.0426,0.0896,2.9931,-0.0000,-0.0000,0.0130,0.0008,0.4952,0.5970,0.0122,0.0055,0.0074,0.0022,0.0120,0.0056,0.0000,0.0441,0.0071,0.0002,1.0000,-0.0039,0.0019,0.0085,0.0341,-0.0000,1.0001,0.0014,-0.0186,-0.0082,0.0000,0.0000,1.0000,0.1517,4395.2330,108.2236,3253.3059,0.1669,0.4297,10.0806,0.3389,0.7618,-0.1799,1.4193
69.8615,STABLE,STABLE,-0.0012,0.0000,0.0263,0.0234,0.4540,0.4860,0.0158,0.0017,0.0387,0.4365,500.0000,0.0029,139.0821,52.6322,0.0158,0.1960,0.1160,0.1460,0.1040,0.0800,0.0900,0.1440,0.1240,261.3653,170.3366,0.0001,0.1250,0.0615,1.6498,-0.0000,-0.0000,0.0117,0.0091,0.4909,0.4345,0.0310,0.0366,0.0277,0.0065,0.0189,0.0125,0.0129,0.0340,0.0144,-0.0013,1.0000,0.0082,-0.0001,0.0180,0.0887,0.0000,1.0000,0.0015,0.0120,-0.0022,0.0000,-0.0000,1.0000,0.1517,4392.3673,108.0849,3225.0278,0.1670,0.4302,11.9016,0.4361,0.7597,-0.1360,1.3188
69.9032,STABLE,STABLE,-0.0002,-0.0000,0.0605,0.0948,0.4830,0.5010,0.0538,0.0230,0.0741,0.7051,500.0000,0.0029,140.0962,53.0622,0.0538,0.1563,0.1303,0.0922,0.0701,0.0802,0.1062,0.1303,0.2345,264.2622,159.3976,0.0117,0.2287,0.1399,3.3585,-0.0000,0.0000,0.0245,0.0215,0.5065,0.8484,0.0844,0.0813,0.0646,0.0512,0.0377,0.0788,0.0011,0.1029,0.0526,-0.0087,1.0000,0.0488,-0.0411,0.0579,0.1572,-0.0000,0.9997,0.0067,0.1063,-0.0124,-0.0000,-0.0000,1.0000,0.1509,4381.9542,107.4994,3123.8792,0.1670,0.4300,17.1584,0.3583,0.7570,-0.0699,1.6063
69.9449,STABLE,STABLE,-0.0059,-0.0007,0.1023,0.1666,0.4669,0.5331,0.1116,0.0988,0.0971,0.9319,500.0000,0.0029,141.2020,53.5568,0.1116,0.2405,0.1002,0.0501,0.0301,0.0220,0.0381,0.1122,0.4068,266.1155,151.8114,0.0709,0.3036,0.1345,1.7849,-0.0003,-0.0000,0.0239,0.0263,0.4912,0.4693,0.0891,0.2011,0.1381,0.1073,0.1159,0.1207,0.0219,0.0930,0.0435,-0.0156,1.0000,0.1363,-0.0766,0.0880,0.2149,0.0000,1.0003,0.0170,0.1371,-0.0947,0.0000,0.0000,1.0000,0.1511,4370.9789,106.8079,2998.0903,0.1669,0.4297,11.1130,0.3333,0.7609,-0.0020,1.8898
69.9866,STABLE,STABLE,0.0124,0.0004,0.0829,0.1562,0.5380,0.4600,0.0757,0.0503,0.0883,0.5524,500.0000,0.0029,140.8160,52.7372,0.0757,0.2540,0.1120,0.0600,0.0520,0.0460,0.0520,0.1020,0.3220,263.2264,153.7176,0.0207,0.2688,0.1115,1.7767,-0.0001,0.0000,0.0237,0.0255,0.5044,0.7481,0.0167,0.0886,0.1129,0.0586,0.0885,0.1122,0.0156,0.0758,0.0603,-0.0028,1.0001,0.0379,-0.0351,0.0762,0.1925,0.0000,1.0001,0.0012,0.0307,-0.0275,-0.0000,0.0000,1.0000,0.1507,4366.6186,106.7023,2964.6243,0.1669,0.4295,9.9200,0.3306,0.7546,0.0877,2.1490
70.0283,STABLE,STABLE,-0.0068,-0.0006,0.1304,0.2103,0.4840,0.5160,0.1399,0.1306,0.1093,0.7554,500.0000,0.0029,142.1505,53.9230,0.1399,0.2420,0.1060,0.0340,0.0220,0.0100,0.0140,0.1000,0.4720,267.3265,146.8321,0.1081,0.3626,0.1462,1.8100,-0.0003,-0.0000,0.0277,0.0317,0.4838,0.9155,0.1511,0.2139,0.1869,0.1565,0.1421,0.1798,0.0177,0.0831,0.0501,-0.0222,1.0000,0.1874,-0.1070,0.0953,0.2203,0.0002,0.9997,0.0145,0.2804,-0.0595,-0.0000,-0.0000,1.0000,0.1508,4380.3005,107.7393,3119.9973,0.1663,0.4308,11.1616,0.3389,0.7577,0.1772,1.9620
70.0700,STABLE,STABLE,0.0023,0.0000,0.0600,0.1132,0.4500,0.4960,0.0475,0.0035,0.0814,0.7233,500.0000,0.0029,142.1917,56.0072,0.0475,0.2440,0.0860,0.0860,0.0620,0.0420,0.0600,0.1400,0.2800,275.0326,149.9935,0.0006,0.2248,0.0945,1.1433,-0.0001,-0.0000,0.0181,0.0181,0.4956,0.4171,0.0208,0.0518,0.0486,0.0278,0.0775,0.0844,0.0057,0.0546,0.0252,0.0017,1.0001,0.0161,-0.0133,0.0588,0.1606,0.0001,1.0000,0.0026,0.0078,-0.0069,0.0000,-0.0000,1.0000,0.1511,4389.3512,108.2547,3166.1968,0.1664,0.4311,10.1247,0.3333,0.7585,0.2514,1.4926
70.1117,STABLE,STABLE,0.0070,-0.0003,0.0807,0.1362,0.4780,0.5220,0.0841,0.0580,0.0885,0.8120,500.0000,0.0029,140.6887,53.2832,0.0841,0.1660,0.0820,0.0320,0.0340,0.0320,0.0820,0.2160,0.3560,265.7341,155.5141,0.0424,0.2749,0.1085,1.5210,-0.0000,-0.0000,0.0233,0.0299,0.4894,0.5287,0.0716,0.1087,0.0905,0.0670,0.1116,0.1189,0.0136,0.0804,0.0550,0.0015,1.0001,0.0279,-0.0389,0.0791,0.1955,0.0002,0.9996,-0.0013,0.1181,-0.0010,0.0000,-0.0000,1.0000,0.1514,4388.6944,107.6101,3067.4807,0.1672,0.4307,11.1616,0.3389,0.7577,0.3017,1.1503
70.1534,STABLE,STABLE,0.0264,0.0008,0.1392,0.1637,0.5840,0.4100,0.0882,0.0437,0.1911,3.6260,500.0000,0.0029,139.4865,51.2807,0.0882,0.1340,0.0540,0.0660,0.0380,0.0660,0.0880,0.2820,0.2720,256.8472,164.0360,0.0169,0.2949,0.1491,3.2662,-0.0002,-0.0000,0.0268,0.0289,0.4886,1.1098,0.0342,0.0928,0.1209,0.0467,0.1026,0.1223,0.0019,0.1101,0.0662,0.0036,1.0002,-0.0041,-0.0492,0.0894,0.2039,0.0003,0.9997,-0.0049,0.0863,-0.0133,-0.0000,-0.0000,1.0000,0.1515,4392.5718,107.1325,2992.4214,0.1684,0.4283,9.1302,0.4278,0.7562,0.3473,0.7704
70.1951,STABLE,STABLE,0.0231,0.0014,0.0800,0.1463,0.5740,0.4260,0.0781,0.0454,0.2132,4.4028,500.0000,0.0029,139.2739,50.1973,0.0781,0.1540,0.0680,0.0620,0.0600,0.0300,0.0920,0.2600,0.2740,250.3917,167.3284,0.0265,0.2725,0.1600,3.4683,-0.0002,-0.0000,0.0261,0.0280,0.4999,0.5324,0.0511,0.1261,0.1162,0.0321,0.0807,0.1007,0.0063,0.1149,0.0555,0.0030,1.0001,-0.0057,-0.0425,0.0781,0.1831,0.0002,0.9999,-0.0050,0.0329,-0.0007,0.0000,-0.0000,1.0000,0.1513,4398.8460,107.1058,3003.6033,0.1691,0.4290,16.8656,0.3750,0.7698,0.3660,0.1675
70.2368,STABLE,STABLE,0.0231,0.0007,0.1024,0.1897,0.5160,0.4820,0.0985,0.0827,0.1006,1.1774,500.0000,0.0029,139.3620,49.4558,0.0985,0.1260,0.0360,0.0380,0.0420,0.0120,0.0600,0.3100,0.3760,244.4142,169.1647,0.0539,0.3080,0.1326,2.2127,-0.0001,-0.0000,0.0255,0.0319,0.4978,0.6730,0.0682,0.1497,0.1511,0.0699,0.1132,0.1404,0.0169,0.0926,0.0474,-0.0008,1.0001,0.0281,-0.0747,0.0834,0.2051,0.0001,0.9999,-0.0061,0.1011,-0.0319,-0.0000,-0.0000,1.0000,0.1514,4427.9730,108.2509,3150.1575,0.1694,0.4306,15.8071,0.4278,0.7587,0.3613,-0.6621
70.2785,STABLE,STABLE,0.0207,0.0005,0.0722,0.1668,0.5680,0.4060,0.0625,0.0204,0.0855,0.7091,500.0000,0.0029,139.3631,49.5667,0.0625,0.1580,0.0660,0.0760,0.0560,0.0360,0.0680,0.2440,0.2960,245.6246,168.6556,0.0060,0.2679,0.1042,1.2700,-0.0001,0.0000,0.0179,0.0220,0.5070,0.3847,0.0653,0.0714,0.0903,0.0487,0.0812,0.0726,0.0042,0.0413,0.0801,0.0028,1.0001,0.0009,-0.0354,0.0694,0.1816,0.0001,0.9997,-0.0035,0.0742,0.0044,-0.0000,-0.0000,1.0000,0.1515,4433.2553,108.7822,3232.9390,0.1695,0.4306,10.9141,0.4306,0.7570,0.3108,-0.9779
70.3203,STABLE,STABLE,0.0020,0.0000,0.0229,0.0254,0.4148,0.4028,0.0123,0.0014,0.0324,0.2436,500.0000,0.0029,139.3230,50.7749,0.0123,0.2766,0.0561,0.1102,0.0942,0.0782,0.0982,0.1403,0.1463,253.7816,166.5259,0.0000,0.0981,0.1149,3.0474,-0.0000,-0.0000,0.0175,0.0064,0.4979,0.8117,0.0252,0.0108,0.0212,0.0060,0.0211,0.0087,0.0004,0.0673,0.0133,-0.0001,1.0000,0.0037,-0.0077,0.0173,0.0789,0.0000,1.0000,-0.0001,0.0130,-0.0081,0.0000,-0.0000,1.0000,0.1518,4431.0030,108.7642,3237.2444,0.1697,0.4306,9.8336,0.3472,0.7612,0.2797,-1.0696
70.3620,STABLE,STABLE,0.0018,0.0001,0.0303,0.0377,0.5210,0.4669,0.0218,0.0090,0.0363,0.3732,500.0000,0.0029,139.3865,50.6794,0.0218,0.1263,0.0782,0.0822,0.1002,0.1202,0.1583,0.1663,0.1683,253.4113,165.6983,0.0052,0.1218,0.0746,1.7836,0.0000,0.0000,0.0148,0.0128,0.5003,0.4946,0.0404,0.0362,0.0273,0.0221,0.0349,0.0143,0.0034,0.0614,0.0214,-0.0000,1.0000,0.0023,-0.0086,0.0240,0.0797,-0.0000,1.0000,0.0004,0.0063,-0.0106,0.0000,-0.0000,1.0000,0.1519,4427.8982,108.8476,3245.8303,0.1697,0.4302,16.9379,0.3750,0.7666,0.2216,-1.9966
70.4037,STABLE,STABLE,0.0007,0.0001,0.0301,0.0410,0.5240,0.4640,0.0221,0.0043,0.0417,0.3784,500.0000,0.0029,139.2940,50.4127,0.0221,0.1340,0.0780,0.1240,0.0660,0.1000,0.1520,0.1860,0.1600,251.7544,167.5706,0.0017,0.1148,0.0524,1.4381,0.0001,0.0000,0.0119,0.0118,0.5016,0.6785,0.0224,0.0271,0.0287,0.0194,0.0437,0.0236,0.0012,0.0322,0.0178,0.0011,1.0000,-0.0016,-0.0063,0.0251,0.0807,-0.0001,1.0000,-0.0018,0.0133,-0.0027,-0.0000,-0.0000,1.0000,0.1520,4420.0786,108.9526,3266.9023,0.1695,0.4303,13.0132,0.3889,0.7698,0.1132,-3.0322
70.4454,STABLE,STABLE,-0.0018,-0.0000,0.0339,0.0314,0.4940,0.5060,0.0214,0.0041,0.0437,0.4912,500.0000,0.0029,139.2620,50.6453,0.0214,0.1100,0.0820,0.1020,0.1280,0.1080,0.1760,0.1660,0.1280,253.0274,167.8406,0.0026,0.1174,0.0705,1.6819,-0.0000,0.0000,0.0151,0.0112,0.5083,0.3563,0.0273,0.0224,0.0234,0.0137,0.0469,0.0221,0.0065,0.0509,0.0194,0.0005,1.0000,0.0009,-0.0027,0.0237,0.0902,-0.0000,1.0000,-0.0009,0.0018,-0.0012,0.0000,0.0000,1.0000,0.1518,4409.2376,108.9283,3284.0417,0.1688,0.4310,18.1175,0.3750,0.7611,-0.0314,-2.5938
70.4871,STABLE,STABLE,-0.0022,0.0000,0.0590,0.0180,0.4240,0.4880,0.0200,0.0022,0.0687,1.2214,500.0000,0.0029,139.5388,53.3881,0.0200,0.1780,0.0980,0.1420,0.1380,0.1040,0.1260,0.1200,0.0940,265.5360,167.5663,0.0007,0.1199,0.0701,1.8134,-0.0000,0.0000,0.0147,0.0105,0.5040,0.4009,0.0101,0.0254,0.0226,0.0017,0.0364,0.0417,0.0040,0.0394,0.0179,-0.0014,1.0000,0.0016,0.0013,0.0237,0.0854,-0.0002,1.0000,0.0019,0.0012,-0.0100,-0.0000,0.0000,1.0000,0.1525,4405.4361,109.1375,3308.4805,0.1688,0.4312,8.8418,0.3361,0.7590,-0.1032,-0.8863
70.5288,STABLE,STABLE,-0.0029,0.0000,0.0338,0.0073,0.3580,0.4200,0.0155,0.0013,0.0424,0.5644,500.0000,0.0029,141.2257,59.5012,0.0155,0.2800,0.0900,0.1340,0.1220,0.1220,0.0720,0.0860,0.0940,284.9516,168.4826,0.0000,0.0904,0.0530,1.3416,-0.0000,-0.0000,0.0106,0.0067,0.4876,0.3145,0.0008,0.0102,0.0264,0.0001,0.0225,0.0352,0.0009,0.0268,0.0124,-0.0016,1.0000,0.0048,0.0045,0.0203,0.0832,-0.0001,1.0000,0.0020,0.0029,-0.0032,-0.0000,0.0000,1.0000,0.1527,4404.4295,109.1971,3318.8423,0.1682,0.4314,9.1302,0.4167,0.7562,-0.1053,-0.3813
70.5705,STABLE,STABLE,-0.0028,0.0000,0.0377,0.0021,0.2725,0.3547,0.0093,0.0005,0.0448,0.7990,500.0000,0.0029,142.5416,63.8831,0.0093,0.4389,0.0561,0.1102,0.0982,0.0641,0.0762,0.0882,0.0681,295.3551,175.3100,0.0000,0.0473,0.0685,2.2727,-0.0001,0.0000,0.0112,0.0019,0.5009,0.3993,0.0045,0.0003,0.0084,0.0001,0.0156,0.0148,0.0000,0.0337,0.0158,-0.0005,1.0000,0.0044,0.0034,0.0126,0.0460,0.0000,1.0001,0.0007,-0.0088,-0.0050,0.0000,0.0000,1.0000,0.1525,4406.6679,109.3275,3328.0120,0.1682,0.4318,15.9798,0.3806,0.7628,-0.1350,-0.4652
70.6122,STABLE,STABLE,-0.0001,-0.0000,0.0299,0.0319,0.4409,0.5050,0.0181,0.0020,0.0422,0.3348,500.0000,0.0029,141.5551,61.5797,0.0181,0.1222,0.0962,0.1543,0.1543,0.1343,0.1242,0.1162,0.0982,289.4167,174.0688,0.0003,0.1016,0.1338,3.6940,-0.0000,0.0000,0.0195,0.0078,0.5034,0.5005,0.0043,0.0135,0.0179,0.0104,0.0320,0.0359,0.0008,0.0788,0.0146,-0.0011,1.0000,-0.0029,0.0031,0.0233,0.0936,-0.0000,1.0001,0.0015,-0.0195,-0.0100,0.0000,0.0000,1.0000,0.1523,4392.7812,108.8078,3301.9863,0.1678,0.4324,27.0216,0.2833,0.7484,-0.1441,-0.5218
70.6539,STABLE,STABLE,-0.0215,-0.0005,0.1181,0.0773,0.4440,0.5380,0.0736,0.0338,0.1822,3.6791,500.0000,0.0029,139.7388,56.5648,0.0736,0.0500,0.0820,0.1600,0.3240,0.2220,0.0720,0.0540,0.0360,274.8484,174.7144,0.0099,0.2529,0.1258,2.7937,-0.0000,-0.0000,0.0210,0.0218,0.4928,0.5957,0.0281,0.0835,0.0845,0.0381,0.0690,0.0998,0.0028,0.0903,0.0637,-0.0029,0.9999,-0.0029,0.0339,0.0754,0.1772,-0.0002,1.0002,0.0074,-0.0799,-0.0103,0.0000,0.0000,1.0000,0.1517,4373.3057,108.0338,3192.5249,0.1683,0.4317,9.1302,0.4167,0.7562,-0.1785,-0.6805
70.6956,STABLE,STABLE,-0.0109,0.0000,0.0727,0.0786,0.4340,0.4960,0.0533,0.0144,0.0824,0.5976,500.0000,0.0029,139.5872,55.3677,0.0533,0.1060,0.0700,0.1640,0.3080,0.1720,0.0580,0.0580,0.0640,271.6304,171.9239,0.0021,0.2507,0.1015,1.7564,0.0001,-0.0000,0.0188,0.0206,0.4999,0.4751,0.0321,0.0672,0.0659,0.0188,0.0631,0.0937,0.0000,0.0631,0.0570,-0.0028,0.9999,-0.0047,0.0212,0.0615,0.1705,-0.0000,1.0001,0.0017,-0.0428,-0.0101,-0.0000,0.0000,1.0000,0.1509,4378.6148,108.0062,3183.8540,0.1672,0.4325,18.0398,0.3639,0.7642,-0.2009,-0.3391
70.7373,STABLE,STABLE,0.0034,0.0001,0.0904,0.1115,0.5131,0.4668,0.0597,0.0291,0.1011,1.3569,500.0000,0.0029,139.6841,54.8180,0.0597,0.0604,0.0744,0.1549,0.3139,0.2394,0.0563,0.0463,0.0543,269.8986,168.2945,0.0098,0.2152,0.1350,3.3474,0.0001,0.0000,0.0219,0.0188,0.5109,1.0496,0.0570,0.0913,0.0689,0.0630,0.0485,0.0697,0.0029,0.0857,0.0222,0.0013,1.0000,-0.0430,0.0228,0.0626,0.1617,-0.0000,1.0003,0.0053,-0.0980,-0.0202,0.0000,0.0000,1.0000,0.1507,4386.3565,108.0074,3170.5967,0.1674,0.4331,7.7764,0.3417,0.7637,-0.2068,-0.0444
70.7790,STABLE,STABLE,0.0010,-0.0006,0.1413,0.1957,0.4749,0.5251,0.1382,0.1263,0.1951,4.0113,500.0000,0.0029,139.4692,52.2281,0.1382,0.0140,0.0601,0.1623,0.4088,0.2545,0.0541,0.0220,0.0240,260.3130,163.0944,0.1008,0.3389,0.1651,3.7199,0.0003,0.0000,0.0306,0.0355,0.5154,0.5920,0.1535,0.1824,0.1405,0.1562,0.1726,0.1365,0.0175,0.1237,0.0612,0.0114,1.0000,-0.1246,0.0916,0.1048,0.1950,-0.0003,1.0004,-0.0091,-0.1981,0.0633,0.0000,0.0000,1.0000,0.1514,4355.1528,106.3340,2906.2834,0.1668,0.4323,9.8336,0.3472,0.7612,-0.2046,0.2369
70.8207,STABLE,STABLE,-0.0245,-0.0111,0.1464,0.1640,0.4300,0.5700,0.1353,0.1060,0.2076,3.9979,500.0000,0.0029,139.5165,50.4436,0.1353,0.0180,0.0660,0.1640,0.3900,0.2640,0.0500,0.0280,0.0200,251.3234,161.9058,0.0846,0.3588,0.1589,2.7082,0.0002,0.0000,0.0307,0.0363,0.5022,0.7293,0.1206,0.1815,0.1450,0.1202,0.1483,0.1460,0.0160,0.1212,0.0651,0.0044,0.9999,-0.0725,0.0796,0.1095,0.2389,-0.0003,1.0004,0.0009,-0.1908,0.0523,0.0000,0.0000,1.0000,0.1521,4364.4435,106.8465,2986.1553,0.1668,0.4323,15.9111,0.3694,0.7660,-0.1870,0.4606
70.8625,STABLE,STABLE,-0.0080,-0.0011,0.1051,0.1769,0.4600,0.5400,0.1146,0.1077,0.0926,0.5691,500.0000,0.0029,140.3436,49.6066,0.1146,0.0300,0.0500,0.1340,0.4260,0.2280,0.0800,0.0300,0.0220,245.0913,155.7263,0.0704,0.3037,0.1130,0.9864,0.0001,0.0000,0.0215,0.0290,0.5033,0.3301,0.1129,0.1663,0.1260,0.1227,0.1393,0.1243,0.0153,0.0926,0.0293,0.0132,0.9999,-0.1192,0.0906,0.0891,0.1826,-0.0000,1.0001,-0.0141,-0.1833,0.0787,-0.0000,0.0000,1.0000,0.1510,4381.1067,108.4950,3284.3267,0.1652,0.4346,5.0796,0.4500,0.7530,-0.1662,0.7662
70.9042,STABLE,STABLE,-0.0045,-0.0000,0.0606,0.0615,0.4770,0.5030,0.0421,0.0106,0.0737,0.9926,500.0000,0.0029,140.2821,49.7333,0.0421,0.0842,0.1062,0.1824,0.1884,0.1563,0.1242,0.0802,0.0782,245.8058,155.7418,0.0021,0.2229,0.1219,3.0575,0.0002,0.0000,0.0198,0.0177,0.5022,0.7374,0.0656,0.0780,0.0392,0.0410,0.0495,0.0514,0.0034,0.0745,0.0190,0.0038,1.0000,-0.0278,0.0336,0.0503,0.1549,0.0001,1.0000,-0.0051,-0.0575,0.0314,-0.0000,0.0000,1.0000,0.1511,4382.4461,108.6558,3351.7744,0.1651,0.4346,6.0885,0.4611,0.7543,-0.1231,1.6518
70.9459,STABLE,STABLE,-0.0016,0.0000,0.0132,0.0055,0.3655,0.4297,0.0078,0.0012,0.0209,0.2191,500.0000,0.0029,139.4913,50.5418,0.0078,0.2631,0.0904,0.1446,0.1044,0.0843,0.0904,0.1165,0.1064,251.3251,161.3216,0.0000,0.0590,0.0625,1.7256,-0.0000,-0.0000,0.0124,0.0034,0.4974,0.3413,0.0126,0.0027,0.0058,0.0042,0.0041,0.0180,0.0024,0.0408,0.0092,-0.0006,1.0000,0.0009,0.0000,0.0099,0.0493,-0.0000,1.0001,0.0002,-0.0057,-0.0062,-0.0000,0.0000,1.0000,0.1511,4378.7862,108.6960,3351.2300,0.1647,0.4349,12.1474,0.3611,0.7604,-0.0284,1.0546
70.9876,STABLE,STABLE,0.0008,0.0000,0.0101,0.0012,0.1820,0.1980,0.0022,0.0000,0.0150,0.2786,500.0000,0.0029,139.5698,57.5598,0.0022,0.6420,0.0420,0.0540,0.0380,0.0460,0.0540,0.0700,0.0540,275.0478,182.1192,0.0000,0.0042,0.0214,0.7356,-0.0000,0.0000,0.0051,0.0001,0.5073,0.2087,0.0019,0.0030,0.0017,0.0001,0.0001,0.0022,0.0005,0.0148,0.0010,-0.0002,1.0000,-0.0008,-0.0006,0.0032,0.0049,0.0000,1.0000,0.0000,0.0030,-0.0008,-0.0000,-0.0000,1.0000,0.1512,4378.3145,108.7245,3353.4570,0.1648,0.4352,6.0885,0.4611,0.7543,-0.0352,-0.1829
71.0293,STABLE,STABLE,0.0009,0.0000,0.0098,0.0024,0.3627,0.3627,0.0038,0.0005,0.0196,0.3525,500.0000,0.0029,140.4981,59.5660,0.0038,0.3567,0.0782,0.1142,0.0982,0.0762,0.0661,0.1162,0.0942,282.8937,175.4272,0.0000,0.0202,0.0464,1.2848,-0.0000,-0.0000,0.0098,0.0009,0.4839,0.3511,0.0018,0.0063,0.0100,0.0006,0.0107,0.0079,0.0001,0.0197,0.0003,-0.0004,1.0000,0.0004,-0.0028,0.0050,0.0131,-0.0000,1.0000,0.0001,-0.0024,-0.0036,-0.0000,0.0000,1.0000,0.1509,4371.2089,108.4927,3346.5647,0.1644,0.4353,18.0398,0.3972,0.7642,-0.0436,0.8424
71.0710,STABLE,STABLE,0.0024,0.0000,0.0242,0.0082,0.3186,0.2946,0.0058,0.0003,0.0378,0.7740,500.0000,0.0029,141.8335,62.9178,0.0058,0.4509,0.0521,0.0862,0.0661,0.0701,0.0802,0.1002,0.0942,291.9738,176.4202,0.0000,0.0211,0.0405,1.0860,-0.0000,-0.0000,0.0092,0.0006,0.4859,0.2676,0.0002,0.0052,0.0104,0.0000,0.0059,0.0059,0.0000,0.0221,0.0033,0.0007,1.0000,-0.0040,-0.0012,0.0090,0.0205,-0.0000,1.0000,-0.0002,0.0014,-0.0013,0.0000,-0.0000,1.0000,0.1511,4373.8635,108.5793,3349.1836,0.1645,0.4353,6.0885,0.4611,0.7543,0.0351,1.7615
71.1127,STABLE,STABLE,0.0022,0.0000,0.0306,0.0071,0.2360,0.2200,0.0056,0.0000,0.0332,0.6222,500.0000,0.0029,145.6483,70.9118,0.0056,0.5940,0.0740,0.0580,0.0340,0.0440,0.0560,0.0740,0.0660,308.8221,191.7254,0.0000,0.0168,0.0456,1.4062,-0.0000,0.0000,0.0089,0.0004,0.5162,0.5535,0.0006,0.0004,0.0082,0.0000,0.0016,0.0088,0.0000,0.0245,0.0089,0.0003,1.0000,-0.0034,-0.0009,0.0075,0.0227,0.0000,1.0000,-0.0008,0.0039,0.0016,-0.0000,-0.0000,1.0000,0.1509,4373.3694,108.5946,3347.5071,0.1643,0.4351,11.1130,0.3333,0.7609,0.1033,0.2688
71.1544,STABLE,STABLE,0.0072,0.0000,0.1370,0.0206,0.3880,0.3280,0.0163,0.0009,0.1615,3.4853,500.0000,0.0029,145.9539,71.1444,0.0163,0.3800,0.0680,0.1080,0.1000,0.0600,0.0540,0.1020,0.1280,310.8300,186.8779,0.0000,0.0467,0.0987,3.2372,-0.0000,-0.0000,0.0143,0.0028,0.4918,0.4235,0.0019,0.0048,0.0111,0.0005,0.0123,0.0107,0.0001,0.0608,0.0068,-0.0001,1.0000,-0.0002,-0.0034,0.0177,0.0418,0.0001,0.9999,-0.0020,0.0301,-0.0000,-0.0000,-0.0000,1.0000,0.1509,4367.1684,108.4449,3338.3474,0.1640,0.4356,9.0115,0.3500,0.7661,0.0575,-0.6370
71.1961,STABLE,STABLE,0.0057,0.0000,0.0363,0.0725,0.4157,0.4096,0.0199,0.0014,0.0474,0.3806,500.0000,0.0029,144.0259,67.9132,0.0199,0.2972,0.0843,0.0904,0.0683,0.0522,0.0944,0.1747,0.1386,302.8639,184.4572,0.0000,0.1498,0.1347,3.4049,0.0000,0.0000,0.0176,0.0103,0.5054,0.5309,0.0084,0.0288,0.0234,0.0083,0.0058,0.0478,0.0066,0.0884,0.0275,0.0019,1.0001,-0.0077,-0.0082,0.0278,0.1045,0.0000,0.9998,-0.0047,0.0153,0.0242,-0.0000,-0.0000,1.0000,0.1503,4362.3116,108.1278,3303.5378,0.1641,0.4352,17.0843,0.3583,0.7602,0.0502,0.0044
71.2378,STABLE,STABLE,-0.0107,-0.0007,0.1186,0.1879,0.4749,0.5210,0.1201,0.1108,0.0980,0.5599,500.0000,0.0029,141.1537,61.0079,0.1201,0.2425,0.0601,0.0301,0.0301,0.0301,0.0421,0.1323,0.4329,287.0490,175.4341,0.0572,0.3384,0.1289,1.6666,-0.0000,-0.0000,0.0237,0.0297,0.4882,0.6004,0.0580,0.1604,0.1370,0.1697,0.1317,0.1277,0.0143,0.0877,0.0499,-0.0080,1.0000,0.1197,-0.0686,0.0967,0.2111,-0.0003,0.9998,0.0022,0.1838,-0.0470,-0.0000,-0.0000,1.0000,0.1515,4345.0827,106.9106,3037.9114,0.1661,0.4341,9.2110,0.4667,0.7497,0.0579,0.3438
71.2795,STABLE,STABLE,0.0044,0.0001,0.0749,0.1186,0.5380,0.4440,0.0652,0.0325,0.0860,0.6829,500.0000,0.0029,139.8983,55.9728,0.0652,0.1800,0.0860,0.0720,0.0500,0.0740,0.0880,0.1260,0.3240,273.7487,168.6445,0.0107,0.2509,0.1048,1.5069,-0.0002,-0.0000,0.0201,0.0226,0.4924,0.3475,0.1084,0.0840,0.0530,0.0441,0.0781,0.0838,0.0060,0.0632,0.0305,-0.0050,1.0000,0.0462,-0.0479,0.0710,0.1858,0.0001,0.9997,0.0039,0.1309,-0.0122,0.0000,-0.0000,1.0000,0.1511,4342.3679,106.4990,2966.9304,0.1665,0.4332,14.1576,0.3778,0.7632,0.0788,0.1924
71.3212,STABLE,STABLE,0.0139,0.0002,0.0807,0.1570,0.5391,0.4509,0.0750,0.0512,0.0818,0.5337,500.0000,0.0029,139.3845,52.7200,0.0750,0.2385,0.0762,0.0601,0.0441,0.0401,0.0421,0.1583,0.3407,262.1112,165.7194,0.0153,0.2681,0.1306,2.8177,-0.0002,-0.0000,0.0234,0.0249,0.4906,0.6362,0.0466,0.0895,0.0589,0.0740,0.1166,0.1056,0.0049,0.0873,0.0555,-0.0021,1.0001,0.0376,-0.0427,0.0752,0.1862,0.0001,0.9998,0.0032,0.0693,-0.0152,-0.0000,-0.0000,1.0000,0.1508,4343.8642,106.8495,2989.9751,0.1663,0.4336,16.2202,0.3722,0.7637,0.0739,-0.5755
71.3630,STABLE,STABLE,-0.0058,-0.0007,0.1215,0.1772,0.4840,0.5160,0.1261,0.1097,0.1196,1.4625,500.0000,0.0029,139.6669,51.9283,0.1261,0.2120,0.0540,0.0240,0.0240,0.0180,0.0280,0.1540,0.4860,259.3134,161.4478,0.0805,0.3439,0.1340,1.9690,-0.0002,-0.0000,0.0257,0.0321,0.4911,0.4050,0.1470,0.1821,0.1292,0.1410,0.1451,0.1229,0.0152,0.0889,0.0521,-0.0108,1.0000,0.1327,-0.0831,0.0977,0.2252,0.0001,0.9998,0.0081,0.2227,-0.0619,0.0000,-0.0000,1.0000,0.1507,4342.9181,107.8540,3085.7837,0.1659,0.4342,21.9417,0.3694,0.7583,0.0308,-0.0325
71.4047,STABLE,STABLE,-0.0044,0.0000,0.0866,0.0409,0.4080,0.4540,0.0228,0.0015,0.0991,1.8767,500.0000,0.0029,140.4975,53.6395,0.0228,0.2480,0.0880,0.1220,0.0840,0.0920,0.0600,0.1560,0.1500,266.5799,156.4549,0.0000,0.1561,0.0701,1.3288,-0.0000,-0.0000,0.0125,0.0093,0.4989,0.2196,0.0295,0.0409,0.0194,0.0054,0.0453,0.0244,0.0014,0.0288,0.0099,-0.0008,1.0000,0.0128,-0.0109,0.0312,0.0909,-0.0002,1.0000,0.0014,0.0228,-0.0050,0.0000,-0.0000,1.0000,0.1511,4326.8663,107.8638,3097.5408,0.1658,0.4340,18.0398,0.3972,0.7642,0.0712,0.5665
71.4464,STABLE,STABLE,0.0124,0.0015,0.0601,0.1012,0.5872,0.4128,0.0503,0.0302,0.0673,0.9266,500.0000,0.0029,140.1316,51.4270,0.0503,0.1463,0.0802,0.0681,0.0461,0.0461,0.0661,0.2565,0.2906,257.9369,158.8638,0.0243,0.2156,0.0941,1.7108,-0.0002,-0.0000,0.0199,0.0213,0.4921,0.3323,0.0611,0.1197,0.0568,0.0297,0.0809,0.0762,0.0095,0.0582,0.0319,-0.0013,1.0001,0.0146,-0.0382,0.0502,0.1345,0.0002,1.0000,0.0026,0.0395,-0.0354,0.0000,-0.0000,1.0000,0.1516,4333.6784,107.4595,3067.3274,0.1664,0.4335,16.9170,0.3611,0.7560,0.0781,0.2471
71.4881,STABLE,STABLE,0.0085,0.0010,0.0461,0.0789,0.5812,0.4188,0.0401,0.0224,0.0530,0.4641,500.0000,0.0029,140.0133,50.8248,0.0401,0.1623,0.1082,0.0621,0.0561,0.0461,0.0681,0.2204,0.2766,254.9665,159.4330,0.0130,0.1710,0.0829,1.6944,-0.0001,-0.0000,0.0177,0.0174,0.4980,0.4106,0.0479,0.0648,0.0449,0.0285,0.0635,0.0642,0.0050,0.0554,0.0286,-0.0009,1.0001,0.0152,-0.0252,0.0424,0.1141,0.0002,0.9999,0.0011,0.0419,-0.0116,0.0000,-0.0000,1.0000,0.1514,4360.9321,108.2526,3137.0825,0.1669,0.4332,14.1576,0.3944,0.7632,0.0919,0.3277
71.5298,STABLE,STABLE,0.0029,0.0000,0.0360,0.0113,0.3620,0.3720,0.0108,0.0007,0.0425,0.6189,500.0000,0.0029,141.3277,55.3280,0.0108,0.3520,0.0660,0.0980,0.0760,0.0840,0.0760,0.1400,0.1080,273.4721,155.6489,0.0000,0.0618,0.0514,1.2702,-0.0000,-0.0000,0.0096,0.0030,0.4903,0.2483,0.0031,0.0095,0.0187,0.0018,0.0155,0.0139,0.0044,0.0280,0.0025,-0.0002,1.0000,-0.0022,-0.0074,0.0140,0.0627,0.0000,1.0000,-0.0004,0.0067,-0.0030,-0.0000,-0.0000,1.0000,0.1514,4372.3218,108.4113,3144.1934,0.1674,0.4327,11.0649,0.3889,0.7642,0.1054,0.0965
71.5715,STABLE,STABLE,-0.0056,0.0000,0.1043,0.0025,0.2920,0.3220,0.0100,0.0002,0.1067,2.2843,500.0000,0.0029,143.3186,54.7898,0.0100,0.4620,0.0420,0.0860,0.0840,0.0720,0.0660,0.0960,0.0920,269.9550,141.8693,0.0000,0.0598,0.0740,2.3790,-0.0000,0.0000,0.0105,0.0024,0.5006,0.3749,0.0139,0.0075,0.0312,0.0016,0.0020,0.0061,0.0083,0.0378,0.0000,0.0007,1.0000,0.0071,0.0009,0.0172,0.0234,0.0000,1.0001,0.0005,-0.0201,-0.0014,0.0000,0.0000,1.0000,0.1516,4375.5179,108.5626,3146.1440,0.1674,0.4329,18.0398,0.3972,0.7642,0.0999,0.2826
71.6132,STABLE,STABLE,0.0028,0.0000,0.0665,0.0007,0.1080,0.0880,0.0094,0.0000,0.1763,3.9443,500.0000,0.0029,139.9237,57.1574,0.0094,0.8320,0.0140,0.0480,0.0160,0.0280,0.0180,0.0280,0.0160,274.9971,182.0325,0.0000,0.0023,0.1285,3.7870,-0.0000,-0.0000,0.0172,0.0000,0.4798,0.5154,0.0003,0.0015,0.0002,0.0000,0.0000,0.0000,0.0000,0.0715,0.0011,0.0000,1.0000,-0.0001,-0.0003,0.0097,0.0081,0.0000,0.9999,-0.0017,0.0292,-0.0034,-0.0000,0.0000,1.0000,0.1515,4372.5477,108.2613,3136.4966,0.1673,0.4329,10.0369,0.3500,0.7650,0.1290,0.7382
71.6549,STABLE,STABLE,0.0245,0.0005,0.2442,0.1814,0.5171,0.4829,0.1107,0.0485,0.5633,12.0727,500.0000,0.0029,139.1686,54.0530,0.1107,0.1046,0.1308,0.1489,0.1650,0.1811,0.1127,0.1006,0.0563,265.9736,176.3033,0.0471,0.3037,0.1496,2.8400,0.0001,0.0000,0.0372,0.0410,0.5001,0.6128,0.0956,0.1135,0.1116,0.0791,0.0857,0.0604,0.1059,0.0910,0.0367,0.0029,1.0002,-0.0642,-0.0076,0.1125,0.2694,-0.0001,1.0002,0.0054,-0.1075,-0.0008,0.0000,-0.0000,0.9980,0.1511,4163.8998,106.7140,3045.4888,0.1783,0.4212,8.8807,0.4194,0.7557,0.1615,0.3503
71.6966,STABLE,STABLE,-0.0052,0.0001,0.0788,0.0701,0.5060,0.4880,0.0463,0.0131,0.0856,0.6309,500.0000,0.0029,138.7174,52.5091,0.0463,0.0820,0.1160,0.1680,0.2400,0.1320,0.1060,0.0820,0.0740,260.1588,173.4118,0.0214,0.3094,0.1259,1.8081,0.0000,-0.0000,0.0323,0.0336,0.4920,0.7464,0.0850,0.1099,0.0736,0.0368,0.0938,0.0696,0.0669,0.0673,0.0419,0.0001,1.0000,-0.0204,0.0189,0.0547,0.1454,-0.0001,0.9999,-0.0019,-0.0407,0.0219,-0.0000,0.0000,1.0000,0.1512,3947.3935,105.1367,2976.7644,0.1834,0.4216,17.9627,0.3639,0.7674,0.1582,-0.0520
71.7383,STABLE,STABLE,0.0046,0.0000,0.0650,0.0435,0.4950,0.4749,0.0285,0.0025,0.0833,0.8045,500.0000,0.0029,138.6926,51.3669,0.0285,0.1323,0.1283,0.1523,0.1403,0.1202,0.1142,0.1162,0.0962,254.4733,171.9671,0.0072,0.2942,0.1269,2.3242,-0.0000,-0.0000,0.0314,0.0339,0.4865,0.4358,0.0685,0.0502,0.0640,0.0260,0.0821,0.0372,0.0696,0.0910,0.0358,0.0006,1.0000,-0.0134,-0.0003,0.0316,0.1238,0.0000,1.0001,0.0006,-0.0315,-0.0105,0.0000,0.0000,1.0000,0.1512,3711.6066,105.2248,2969.8311,0.1865,0.4338,14.1576,0.3444,0.7632,0.1571,0.4127
71.7800,STABLE,STABLE,0.0099,-0.0001,0.1346,0.2058,0.4929,0.5071,0.1069,0.0709,0.1283,1.2886,500.0000,0.0029,138.5073,50.9380,0.1069,0.0626,0.0929,0.1657,0.3111,0.1960,0.0970,0.0444,0.0303,251.0560,171.5496,0.0723,0.3744,0.1786,3.7662,0.0001,0.0000,0.0410,0.0475,0.5016,0.5526,0.1398,0.1343,0.1032,0.0932,0.1577,0.1105,0.1193,0.1283,0.0584,0.0006,1.0001,-0.0799,0.0052,0.1030,0.3118,-0.0001,1.0000,-0.0014,-0.0943,0.0314,-0.0000,0.0000,1.0000,0.1532,3429.0807,103.2074,2922.0337,0.2116,0.4735,-13.9752,0.3250,0.7591,0.1926,-0.7956
71.8217,STABLE,STABLE,0.0160,0.0003,0.1068,0.1828,0.5210,0.4790,0.0906,0.0636,0.1025,0.8879,500.0000,0.0029,138.6444,50.7298,0.0906,0.0581,0.0902,0.1463,0.2966,0.2405,0.0822,0.0561,0.0301,249.2152,168.2679,0.0633,0.2907,0.1301,2.9646,0.0000,-0.0000,0.0320,0.0376,0.4933,0.6100,0.1177,0.1268,0.0950,0.1164,0.1231,0.0732,0.0748,0.1041,0.0466,0.0042,1.0001,-0.1025,0.0096,0.0866,0.2109,0.0000,1.0002,-0.0034,-0.1393,0.0118,-0.0000,0.0000,1.0000,0.1546,3168.4712,99.8487,2594.9990,0.2369,0.4903,17.0108,0.3806,0.7634,0.0908,0.4272
71.8635,STABLE,STABLE,0.0072,-0.0043,0.1587,0.2045,0.4520,0.5480,0.1250,0.0927,0.1525,1.5643,500.0000,0.0029,138.6944,50.4859,0.1250,0.1040,0.1140,0.1940,0.2400,0.1460,0.0760,0.0640,0.0620,247.4938,168.3484,0.0933,0.3585,0.1432,2.5556,0.0001,-0.0000,0.0479,0.0550,0.4975,1.2932,0.1460,0.1363,0.1528,0.1083,0.1446,0.1337,0.1230,0.1049,0.0827,0.0018,1.0001,-0.0607,0.0265,0.1251,0.3300,-0.0002,1.0001,-0.0062,-0.0705,0.0511,-0.0000,0.0000,1.0000,0.1573,2884.3175,93.0367,2121.9172,0.3036,0.4422,13.1259,0.4222,0.7633,0.2283,2.3660
71.9052,STABLE,STABLE,0.0020,-0.0001,0.0833,0.0688,0.4790,0.5210,0.0439,0.0138,0.0912,1.2794,500.0000,0.0029,138.9603,50.1720,0.0439,0.1122,0.1202,0.1824,0.1303,0.1423,0.1022,0.1202,0.0902,244.8946,165.4254,0.0280,0.2426,0.1287,2.8417,-0.0001,0.0000,0.0328,0.0321,0.5012,1.0291,0.0828,0.0807,0.0750,0.0396,0.0844,0.0560,0.0628,0.0869,0.0363,-0.0002,1.0000,-0.0196,0.0044,0.0498,0.1608,-0.0001,1.0002,-0.0018,-0.0441,0.0063,-0.0000,0.0000,1.0000,0.1576,2638.8924,92.3309,2118.0828,0.3289,0.4346,-1.0051,0.2111,0.7601,0.2881,1.4829
71.9469,STABLE,STABLE,0.0141,-0.0002,0.1239,0.1687,0.4970,0.5030,0.0942,0.0664,0.1177,1.4640,500.0000,0.0029,139.0691,50.1421,0.0942,0.0721,0.0882,0.1623,0.2425,0.2044,0.1002,0.0641,0.0661,244.5290,164.4253,0.0657,0.2768,0.1155,2.3105,0.0001,0.0000,0.0352,0.0393,0.5023,0.8699,0.1042,0.1141,0.0970,0.0922,0.1239,0.0782,0.0671,0.1067,0.0644,0.0030,1.0001,-0.0880,0.0095,0.0952,0.2458,-0.0002,1.0004,0.0001,-0.1478,-0.0013,0.0000,0.0000,1.0000,0.1576,2455.2988,90.4647,2039.4854,0.3735,0.4015,9.9506,0.3333,0.7716,0.3520,1.9870
71.9886,STABLE,STABLE,0.0128,-0.0003,0.1857,0.2508,0.4870,0.5130,0.1403,0.0942,0.1779,1.8373,500.0000,0.0029,139.0728,49.8505,0.1403,0.0461,0.1042,0.1964,0.2766,0.1563,0.1102,0.0701,0.0401,243.9944,162.5811,0.0939,0.4124,0.1593,3.3385,0.0002,-0.0000,0.0482,0.0574,0.4951,1.0954,0.1561,0.1876,0.1596,0.1152,0.1699,0.1483,0.1217,0.0866,0.0676,0.0046,1.0001,-0.1037,0.0391,0.1373,0.3268,-0.0003,0.9996,-0.0150,-0.0764,0.1169,-0.0000,-0.0000,1.0000,0.1562,2287.9245,87.1750,1948.4965,0.4458,0.3186,21.0555,0.3500,0.7608,0.4539,0.9160
72.0303,STABLE,STABLE,0.0078,0.0000,0.1012,0.0844,0.4930,0.4429,0.0399,0.0030,0.1140,1.6902,500.0000,0.0029,139.6405,49.8221,0.0399,0.2144,0.1042,0.1423,0.1483,0.0581,0.0962,0.1263,0.1102,243.3207,157.7859,0.0154,0.2639,0.1140,2.9169,0.0000,-0.0000,0.0324,0.0347,0.4875,0.8160,0.0978,0.1106,0.0731,0.0413,0.0581,0.0325,0.0638,0.0493,0.0254,-0.0000,1.0001,-0.0143,-0.0020,0.0472,0.1571,-0.0001,0.9999,-0.0075,0.0117,0.0466,-0.0000,0.0000,1.0000,0.1554,2105.1824,86.2037,1934.8054,0.4700,0.2949,-11.9016,0.3417,0.7597,0.4284,0.1740
72.0720,STABLE,STABLE,0.0076,-0.0000,0.1278,0.1096,0.4960,0.5040,0.0756,0.0467,0.1258,1.3916,500.0000,0.0029,139.0773,50.0063,0.0756,0.1325,0.1466,0.1526,0.1205,0.1145,0.1165,0.1285,0.0884,244.7769,162.4815,0.0481,0.2658,0.1123,2.6547,0.0001,-0.0000,0.0359,0.0398,0.4951,0.8614,0.1070,0.0990,0.0885,0.0778,0.0890,0.0671,0.0614,0.0727,0.0529,-0.0019,1.0001,-0.0159,-0.0099,0.0789,0.1952,-0.0002,0.9998,-0.0040,0.0022,0.0326,-0.0000,-0.0000,1.0000,0.1522,1991.7275,84.4519,1839.1337,0.5121,0.2617,-1.0051,0.2111,0.7601,0.4684,-0.2003
72.1137,STABLE,STABLE,0.0864,-0.0001,1.3587,0.1682,0.4953,0.5047,0.2081,0.0546,2.1173,43.4744,500.0000,0.0029,137.1609,52.8123,0.2081,0.1321,0.1580,0.1557,0.1392,0.0849,0.0991,0.1156,0.1156,245.5020,161.4274,0.0545,1.0191,1.2696,12.8307,-0.0002,-0.0000,0.1193,0.0650,0.4951,3.1693,0.1285,0.1080,0.0993,0.0637,0.1024,0.0701,1.0331,1.2098,0.0749,-0.0035,1.0002,-0.0303,-0.0268,0.2177,0.2936,0.0006,0.9990,-0.0086,0.1381,0.1071,-0.0000,-0.0000,0.9976,0.1478,1819.3787,76.9044,1616.9865,0.5954,0.1798,-2.0096,0.2167,0.7605,0.4117,-0.7327
72.1554,STABLE,STABLE,0.0012,0.0000,0.0246,0.0411,0.4960,0.4380,0.0171,0.0020,0.0319,0.2448,500.0000,0.0029,139.4651,51.4230,0.0171,0.1780,0.0960,0.1260,0.1520,0.1280,0.0980,0.1120,0.1100,244.3339,164.2870,0.0016,0.1767,0.0880,2.0378,-0.0000,0.0000,0.0257,0.0177,0.5022,0.7142,0.0482,0.0155,0.0549,0.0273,0.0134,0.0337,0.0337,0.0560,0.0360,-0.0009,1.0000,-0.0030,-0.0038,0.0189,0.0785,0.0000,1.0000,-0.0007,0.0091,0.0006,-0.0000,-0.0000,1.0000,0.1473,1692.9281,77.0783,1649.7450,0.5902,0.1524,-2.0096,0.2167,0.7605,0.4073,0.2400
72.1971,STABLE,STABLE,0.0104,-0.0022,0.1559,0.2044,0.4707,0.5293,0.1146,0.0724,0.1480,1.2773,500.0000,0.0029,139.5759,50.9552,0.1146,0.1232,0.1535,0.1697,0.1495,0.0909,0.1212,0.1071,0.0848,242.7402,167.9179,0.0599,0.3292,0.1345,3.4011,0.0001,-0.0000,0.0450,0.0460,0.4969,1.5265,0.1314,0.1239,0.1140,0.0844,0.1087,0.0887,0.0806,0.0809,0.0535,-0.0031,1.0002,-0.0314,-0.0079,0.1198,0.3466,-0.0001,0.9995,0.0002,0.0401,0.0689,-0.0000,-0.0000,1.0000,0.1432,1614.5026,75.4461,1673.9159,0.6356,0.0930,-2.0096,0.2167,0.7605,0.4317,-0.1632
72.2388,STABLE,STABLE,0.0033,0.0000,0.0383,0.0369,0.4540,0.3640,0.0198,0.0015,0.0562,0.4803,500.0000,0.0029,140.0049,50.9305,0.0198,0.2860,0.0900,0.1340,0.1220,0.1080,0.0820,0.0860,0.0920,232.3244,158.9679,0.0022,0.2564,0.1318,3.6075,-0.0001,-0.0000,0.0397,0.0318,0.4973,1.4805,0.0801,0.0755,0.0617,0.0323,0.0674,0.0275,0.0579,0.0296,0.0358,-0.0004,1.0000,-0.0084,-0.0033,0.0241,0.1173,-0.0001,1.0000,-0.0003,-0.0126,0.0080,-0.0000,0.0000,1.0000,0.1427,1512.6733,74.6601,1675.6689,0.6545,0.0811,2.0184,0.2333,0.7571,0.3937,-0.1495
72.2805,STABLE,STABLE,0.0033,0.0000,0.0539,0.0645,0.4700,0.4680,0.0288,0.0021,0.0661,0.7815,500.0000,0.0029,140.8015,51.5731,0.0288,0.1460,0.1060,0.1620,0.1320,0.1240,0.0980,0.1360,0.0960,228.8609,150.2967,0.0085,0.2578,0.1052,4.8733,0.0001,0.0000,0.0360,0.0328,0.5002,1.8721,0.0824,0.0954,0.0712,0.0411,0.0731,0.0306,0.0445,0.0324,0.0297,-0.0010,1.0000,-0.0117,-0.0098,0.0329,0.1443,-0.0001,1.0000,0.0032,-0.0134,-0.0110,0.0000,-0.0000,1.0000,0.1420,1440.5522,74.6052,1668.9030,0.6697,0.0781,-1.0051,0.2111,0.7601,0.4192,0.7178
72.3222,STABLE,STABLE,0.0237,0.0065,0.1497,0.2155,0.5462,0.4538,0.1250,0.0879,0.1406,1.7981,500.0000,0.0029,140.6679,50.7298,0.1250,0.1667,0.1325,0.1466,0.1044,0.1044,0.0703,0.1506,0.1245,233.2971,154.8441,0.0739,0.2962,0.1155,3.2466,-0.0002,-0.0000,0.0396,0.0444,0.4971,0.9812,0.1042,0.1009,0.1256,0.0784,0.1331,0.0969,0.0680,0.1403,0.0694,-0.0038,1.0002,-0.0130,-0.0302,0.1263,0.3122,-0.0000,0.9996,0.0064,0.0300,0.0393,0.0000,-0.0000,1.0000,0.1341,1384.5153,71.4341,1585.7313,0.7261,0.0640,-2.0096,0.2167,0.7605,0.4535,-0.0652
72.3640,STABLE,STABLE,-0.0049,-0.0003,0.1563,0.1981,0.4767,0.5233,0.1382,0.0925,0.1542,1.3127,500.0000,0.0029,140.2809,50.4303,0.1382,0.1095,0.1359,0.1359,0.0953,0.0852,0.1116,0.1805,0.1460,236.8584,157.3300,0.0801,0.3752,0.1569,3.0707,-0.0001,0.0000,0.0479,0.0491,0.5220,1.7735,0.1173,0.1533,0.1364,0.1207,0.1931,0.0927,0.0784,0.1778,0.0674,-0.0078,1.0001,0.0268,-0.0438,0.1433,0.4030,-0.0008,0.9993,-0.0051,0.1374,0.0489,-0.0000,-0.0000,1.0000,0.1227,1347.9908,67.2335,1424.2161,0.8121,0.0591,2.0096,0.2333,0.7605,0.4138,-1.5451
72.4057,STABLE,STABLE,0.0365,0.0054,0.4340,0.2258,0.5596,0.4404,0.1649,0.0964,0.4793,10.2048,500.0000,0.0029,140.3756,50.1648,0.1649,0.1091,0.1192,0.1636,0.1131,0.1051,0.1313,0.1212,0.1374,238.3182,161.1702,0.0813,0.3774,0.1670,5.7863,0.0001,0.0000,0.0531,0.0520,0.5003,2.1249,0.1082,0.1346,0.1433,0.1162,0.1758,0.1084,0.0928,0.1766,0.0833,-0.0013,1.0002,-0.0294,-0.0088,0.1685,0.3860,0.0009,1.0001,0.0039,-0.0181,0.0175,0.0000,-0.0000,0.9980,0.1181,1338.2613,66.4826,1409.6958,0.8398,0.0540,-47.0025,0.4778,0.6745,0.3247,0.5289
72.4474,STABLE,STABLE,0.0330,0.0012,0.5048,0.3551,0.5232,0.4768,0.2092,0.0997,0.5441,10.8033,500.0000,0.0029,140.9570,50.1447,0.2092,0.1287,0.1624,0.1667,0.0675,0.0949,0.0970,0.1350,0.1477,238.2092,162.0434,0.0943,0.5257,0.2092,5.4020,-0.0002,0.0000,0.0634,0.0728,0.5075,1.2250,0.1227,0.1932,0.1936,0.1293,0.2181,0.1297,0.0933,0.2338,0.0930,0.0027,1.0000,0.0222,0.0289,0.2117,0.6275,0.0013,1.0000,0.0047,0.0038,0.0536,0.0000,-0.0000,0.9979,0.0903,1371.7282,60.9245,1372.0010,0.8444,0.0480,-45.0000,0.5528,0.6081,0.4579,1.0954
72.4891,STABLE,STABLE,0.0146,0.0001,0.2314,0.2814,0.5143,0.4857,0.1474,0.0332,0.2896,2.4015,457.0000,0.0026,141.6277,47.9022,0.1474,0.0993,0.1258,0.1854,0.1148,0.1060,0.1038,0.1369,0.1280,238.2354,167.5828,0.0375,0.5478,0.2202,5.5976,-0.0000,-0.0000,0.0626,0.0688,0.4993,2.1220,0.0843,0.1711,0.1247,0.1599,0.2577,0.1048,0.0895,0.0974,0.0564,-0.0038,1.0001,-0.0105,-0.0137,0.1598,0.6406,-0.0000,1.0008,0.0146,-0.0636,-0.0275,0.0000,0.0000,1.0000,0.0782,1392.3934,57.4023,1329.4261,0.8496,0.0461,-0.9765,0.8361,0.5868,0.4160,-1.0056
72.5308,STABLE,STABLE,0.0300,0.0003,0.2792,0.4440,0.5149,0.4851,0.2047,0.0632,0.3733,3.4062,408.0000,0.0024,142.6423,46.2787,0.2047,0.0941,0.1485,0.1708,0.1114,0.0817,0.1188,0.1411,0.1337,239.3972,171.5973,0.0520,0.5384,0.2121,3.4628,-0.0001,-0.0000,0.0618,0.0735,0.4994,1.4050,0.0869,0.1708,0.1312,0.1220,0.2101,0.1309,0.1002,0.2025,0.0692,0.0042,1.0002,-0.0423,0.0015,0.2156,0.8472,0.0001,1.0003,0.0086,-0.0459,-0.0036,0.0000,-0.0000,1.0000,0.0702,1446.3198,55.2039,1349.0579,0.8600,0.0434,0.0000,0.0000,0.7967,0.3740,-1.3963
72.5725,STABLE,STABLE,0.0110,-0.0030,0.4070,0.1904,0.4395,0.5605,0.1672,0.0619,0.5265,7.6836,315.0000,0.0018,152.6546,40.9749,0.1672,0.0701,0.1561,0.1688,0.1274,0.0987,0.1465,0.1274,0.1051,236.1115,173.4432,0.0515,0.7684,0.2939,5.2918,-0.0000,0.0000,0.0750,0.0935,0.5013,2.4571,0.0775,0.1191,0.1090,0.1710,0.3310,0.1681,0.0929,0.3574,0.1013,-0.0015,1.0000,-0.0132,0.0259,0.1772,0.5171,0.0001,1.0000,0.0028,-0.0411,0.0085,-0.0000,0.0000,0.9968,0.0661,1538.0697,53.0089,1423.4948,0.8780,0.0361,0.0000,0.2056,0.3767,0.2996,-2.1758
72.6142,STABLE,STABLE,-0.0081,0.0071,0.2529,0.2431,0.5338,0.4662,0.1954,0.1171,0.2687,3.0085,269.0000,0.0016,156.0840,40.9314,0.1954,0.1203,0.1391,0.1541,0.1128,0.0977,0.1165,0.1391,0.1203,230.0724,175.2762,0.0191,0.4780,0.2637,6.6676,-0.0000,-0.0000,0.0903,0.0719,0.4979,2.3168,0.1100,0.0773,0.1310,0.1410,0.0532,0.1980,0.1603,0.0943,0.0835,0.0094,0.9999,-0.0026,0.0805,0.1983,0.5831,0.0001,1.0002,0.0001,-0.0553,0.0649,0.0000,-0.0000,1.0000,0.0552,1781.7307,55.8442,2164.9751,0.8886,0.0267,0.0000,0.1889,0.3733,0.1925,-2.0291
72.6559,STABLE,STABLE,-0.0025,-0.0000,0.0285,0.0090,0.4962,0.5038,0.0131,0.0015,0.0555,0.5801,264.0000,0.0015,156.3374,41.9321,0.0131,0.0985,0.1250,0.1591,0.1061,0.1136,0.1364,0.1742,0.0871,227.0139,171.9636,0.0008,0.1180,0.1128,4.6476,0.0000,-0.0000,0.0475,0.0132,0.4933,1.8691,0.0206,0.0372,0.0602,0.0134,0.0061,0.0253,0.0326,0.0125,0.0187,0.0005,1.0000,0.0042,0.0063,0.0149,0.0476,0.0000,1.0002,0.0029,-0.0191,-0.0172,0.0000,0.0000,1.0000,0.0556,1880.3303,55.1798,2170.8386,0.8890,0.0265,0.0000,0.2056,0.3700,0.1303,-2.4468
72.6976,STABLE,STABLE,0.0000,0.0000,0.0000,0.0000,0.0038,0.0000,0.0000,0.0000,0.0000,0.0000,264.0000,0.0015,156.3374,41.9321,0.0000,0.9962,0.0000,0.0000,0.0000,0.0038,0.0000,0.0000,0.0000,227.0139,171.9636,0.0000,0.0000,0.0000,0.0027,-0.0000,0.0000,0.0000,0.0000,0.4847,0.0013,0.0000,0.0000,0.0000,0.0000,0.0000,0.0000,0.0000,0.0000,0.0000,0.0000,1.0000,-0.0000,-0.0000,0.0000,0.0000,-0.0000,1.0000,0.0000,-0.0000,-0.0000,0.0000,0.0000,1.0000,0.0556,1880.3303,55.1798,2170.8386,0.8890,0.0265,0.0000,0.2056,0.3700,-0.0116,-2.1402
72.7393,STABLE,STABLE,0.0000,0.0000,0.0000,0.0000,0.0000,0.0000,0.0000,0.0000,0.0000,0.0000,264.0000,0.0015,156.3374,41.9321,0.0000,1.0000,0.0000,0.0000,0.0000,0.0000,0.0000,0.0000,0.0000,227.0139,171.9636,0.0000,0.0000,0.0000,0.0027,-0.0000,0.0000,0.0000,0.0000,0.4847,0.0013,0.0000,0.0000,0.0000,0.0000,0.0000,0.0000,0.0000,0.0000,0.0000,-0.0000,1.0000,0.0000,0.0000,0.0000,0.0000,0.0000,1.0000,-0.0000,-0.0000,-0.0000,-0.0000,0.0000,1.0000,0.0556,1880.3303,55.1798,2170.8386,0.8890,0.0264,0.0000,0.2056,0.3700,-0.0482,-0.4973
72.7810,STABLE,STABLE,0.0000,0.0000,0.0000,0.0000,0.0000,0.0000,0.0000,0.0000,0.0000,0.0000,264.0000,0.0015,156.3374,41.9321,0.0000,1.0000,0.0000,0.0000,0.0000,0.0000,0.0000,0.0000,0.0000,227.0139,171.9636,0.0000,0.0000,0.0000,0.0027,-0.0000,0.0000,0.0000,0.0000,0.4847,0.0013,0.0000,0.0000,0.0000,0.0000,0.0000,0.0000,0.0000,0.0000,0.0000,-0.0000,1.0000,0.0000,0.0000,0.0000,0.0000,0.0000,1.0000,-0.0000,-0.0000,-0.0000,-0.0000,0.0000,1.0000,0.0556,1880.3303,55.1798,2170.8386,0.8891,0.0264,0.0000,0.2056,0.3700,-0.0531,-0.3383
72.8227,STABLE,STABLE,0.0000,0.0000,0.0000,0.0000,0.0000,0.0000,0.0000,0.0000,0.0000,0.0000,264.0000,0.0015,156.3374,41.9321,0.0000,1.0000,0.0000,0.0000,0.0000,0.0000,0.0000,0.0000,0.0000,227.0139,171.9636,0.0000,0.0000,0.0000,0.0027,-0.0000,0.0000,0.0000,0.0000,0.4847,0.0013,0.0000,0.0000,0.0000,0.0000,0.0000,0.0000,0.0000,0.0000,0.0000,-0.0000,1.0000,0.0000,0.0000,0.0000,0.0000,0.0000,1.0000,-0.0000,-0.0000,-0.0000,-0.0000,0.0000,1.0000,0.0556,1880.3303,55.1798,2170.8386,0.8891,0.0264,0.0000,0.2056,0.3700,-0.0765,0.2932
72.8645,STABLE,STABLE,-0.0026,-0.0000,0.0246,0.0193,0.4867,0.5057,0.0187,0.0062,0.0320,0.2071,263.0000,0.0015,156.4337,40.8414,0.0187,0.0951,0.1027,0.0875,0.1483,0.1521,0.1255,0.1521,0.1369,231.8611,170.4776,0.0000,0.0595,0.0583,2.5888,0.0000,0.0000,0.0239,0.0063,0.4912,0.8303,0.0207,0.0049,0.0262,0.0130,0.0018,0.0202,0.0124,0.0015,0.0107,-0.0003,1.0000,0.0038,-0.0015,0.0197,0.0621,-0.0000,1.0000,0.0010,-0.0006,-0.0064,0.0000,0.0000,1.0000,0.0548,1893.8035,55.2934,2289.3398,0.8894,0.0262,-2.0096,0.2000,0.3802,-0.0286,0.9805
72.9062,STABLE,STABLE,0.0000,0.0000,0.0000,0.0000,0.0000,0.0000,0.0000,0.0000,0.0000,0.0000,263.0000,0.0015,156.4337,40.8414,0.0000,1.0000,0.0000,0.0000,0.0000,0.0000,0.0000,0.0000,0.0000,231.8611,170.4776,0.0000,0.0000,0.0000,0.0027,-0.0000,0.0000,0.0000,0.0000,0.4620,0.0013,0.0000,0.0000,0.0000,0.0000,0.0000,0.0000,0.0000,0.0000,0.0000,-0.0000,1.0000,-0.0000,-0.0000,0.0000,0.0000,-0.0000,1.0000,0.0000,-0.0000,0.0000,0.0000,-0.0000,1.0000,0.0548,1893.8035,55.2934,2289.3398,0.8895,0.0261,-2.0096,0.2000,0.3802,0.0053,0.3014
72.9479,STABLE,STABLE,-0.0000,0.0000,0.0002,0.0000,0.0418,0.0532,0.0001,0.0000,0.0003,0.0029,263.0000,0.0015,156.4337,40.8415,0.0001,0.9163,0.0266,0.0114,0.0038,0.0038,0.0114,0.0152,0.0114,231.8611,170.4776,0.0000,0.0000,0.0029,0.3352,0.0000,0.0000,0.0014,0.0000,0.4736,0.1332,0.0000,0.0001,0.0007,0.0000,0.0000,0.0002,0.0000,0.0000,0.0000,-0.0000,1.0000,0.0000,-0.0000,0.0001,0.0004,-0.0000,1.0000,0.0000,0.0000,-0.0001,0.0000,0.0000,1.0000,0.0548,1893.7295,55.2954,2289.3281,0.8895,0.0261,-2.0096,0.2000,0.3802,-0.0035,-0.1331
72.9896,STABLE,STABLE,-0.0000,0.0000,0.0002,0.0000,0.0152,0.0380,0.0000,0.0000,0.0002,0.0025,263.0000,0.0015,156.4337,40.8415,0.0000,0.9620,0.0076,0.0114,0.0076,0.0000,0.0000,0.0076,0.0038,231.8611,170.4776,0.0000,0.0000,0.0003,0.0307,0.0000,0.0000,0.0002,0.0000,0.4782,0.0167,0.0000,0.0001,0.0000,0.0000,0.0000,0.0000,0.0000,0.0000,0.0000,-0.0000,1.0000,0.0000,0.0000,0.0001,0.0000,-0.0000,1.0000,0.0000,0.0001,0.0000,0.0000,-0.0000,1.0000,0.0548,1893.7234,55.2952,2289.3274,0.8895,0.0261,-2.0096,0.2000,0.3802,-0.0058,-0.0099
73.0313,STABLE,STABLE,0.0000,0.0000,0.0000,0.0000,0.0000,0.0000,0.0000,0.0000,0.0000,0.0000,263.0000,0.0015,156.4337,40.8415,0.0000,1.0000,0.0000,0.0000,0.0000,0.0000,0.0000,0.0000,0.0000,231.8611,170.4776,0.0000,0.0000,0.0000,0.0027,-0.0000,0.0000,0.0000,0.0000,0.4533,0.0013,0.0000,0.0000,0.0000,0.0000,0.0000,0.0000,0.0000,0.0000,0.0000,-0.0000,1.0000,-0.0000,-0.0000,0.0000,0.0000,-0.0000,1.0000,0.0000,0.0000,-0.0000,0.0000,-0.0000,1.0000,0.0548,1893.7234,55.2952,2289.3274,0.8895,0.0261,-2.0096,0.2000,0.3802,-0.0043,0.0781
73.0730,STABLE,STABLE,-0.0002,0.0000,0.0087,0.0019,0.4905,0.4715,0.0035,0.0008,0.0127,0.1150,263.0000,0.0015,156.2102,41.8685,0.0035,0.1483,0.0798,0.1293,0.1521,0.1559,0.0989,0.1179,0.1179,230.1464,164.4759,0.0000,0.0068,0.0184,0.8613,0.0000,0.0000,0.0099,0.0007,0.4740,0.3749,0.0027,0.0015,0.0092,0.0037,0.0002,0.0028,0.0011,0.0005,0.0009,-0.0004,1.0000,0.0017,-0.0019,0.0040,0.0094,-0.0000,1.0000,0.0005,0.0017,-0.0002,0.0000,-0.0000,1.0000,0.0548,1894.1785,55.3262,2289.7017,0.8895,0.0261,0.0000,0.2056,0.3700,0.0007,0.0916
73.1147,STABLE,STABLE,0.0008,0.0000,0.0110,0.0015,0.3004,0.3042,0.0029,0.0001,0.0151,0.1504,263.0000,0.0015,157.3383,40.0036,0.0029,0.4829,0.0532,0.0913,0.0608,0.0722,0.0608,0.0875,0.0913,250.8370,166.8965,0.0000,0.0018,0.0100,0.3731,0.0000,0.0000,0.0038,0.0000,0.4972,0.1954,0.0007,0.0011,0.0025,0.0002,0.0002,0.0024,0.0009,0.0013,0.0025,-0.0002,1.0000,0.0001,-0.0011,0.0037,0.0058,-0.0000,1.0000,-0.0002,0.0018,-0.0031,-0.0000,0.0000,1.0000,0.0548,1893.9758,55.3147,2287.8440,0.8895,0.0261,0.0000,0.1889,0.3733,0.0034,0.0691
73.1564,STABLE,STABLE,0.0000,0.0000,0.0000,0.0000,0.0000,0.0000,0.0000,0.0000,0.0000,0.0000,263.0000,0.0015,157.3383,40.0036,0.0000,1.0000,0.0000,0.0000,0.0000,0.0000,0.0000,0.0000,0.0000,250.8370,166.8965,0.0000,0.0000,0.0000,0.0049,0.0000,0.0000,0.0000,0.0000,0.4526,0.0024,0.0000,0.0000,0.0000,0.0000,0.0000,0.0000,0.0000,0.0000,0.0000,0.0000,1.0000,-0.0000,-0.0000,0.0000,0.0000,-0.0000,1.0000,-0.0000,0.0000,0.0000,-0.0000,-0.0000,1.0000,0.0548,1893.9758,55.3147,2287.8440,0.8895,0.0261,0.0000,0.1889,0.3733,0.0065,-0.0225
73.1981,STABLE,STABLE,0.0000,0.0000,0.0000,0.0000,0.0000,0.0000,0.0000,0.0000,0.0000,0.0000,263.0000,0.0015,157.3383,40.0036,0.0000,1.0000,0.0000,0.0000,0.0000,0.0000,0.0000,0.0000,0.0000,250.8370,166.8965,0.0000,0.0000,0.0000,0.0049,0.0000,0.0000,0.0000,0.0000,0.4526,0.0024,0.0000,0.0000,0.0000,0.0000,0.0000,0.0000,0.0000,0.0000,0.0000,0.0000,1.0000,-0.0000,-0.0000,0.0000,0.0000,-0.0000,1.0000,-0.0000,0.0000,0.0000,-0.0000,-0.0000,1.0000,0.0548,1893.9758,55.3147,2287.8440,0.8895,0.0261,0.0000,0.1889,0.3733,0.0015,-0.0675
73.2398,STABLE,STABLE,0.0000,0.0000,0.0000,0.0000,0.0000,0.0000,0.0000,0.0000,0.0000,0.0000,263.0000,0.0015,157.3383,40.0036,0.0000,1.0000,0.0000,0.0000,0.0000,0.0000,0.0000,0.0000,0.0000,250.8370,166.8965,0.0000,0.0000,0.0000,0.0049,0.0000,0.0000,0.0000,0.0000,0.4526,0.0024,0.0000,0.0000,0.0000,0.0000,0.0000,0.0000,0.0000,0.0000,0.0000,0.0000,1.0000,-0.0000,-0.0000,0.0000,0.0000,-0.0000,1.0000,-0.0000,0.0000,0.0000,-0.0000,-0.0000,1.0000,0.0548,1893.9758,55.3147,2287.8440,0.8895,0.0261,0.0000,0.1889,0.3733,0.0009,-0.0154
73.2815,STABLE,STABLE,0.0000,0.0000,0.0000,0.0000,0.0000,0.0000,0.0000,0.0000,0.0000,0.0000,263.0000,0.0015,157.3383,40.0036,0.0000,1.0000,0.0000,0.0000,0.0000,0.0000,0.0000,0.0000,0.0000,250.8370,166.8965,0.0000,0.0000,0.0000,0.0049,0.0000,0.0000,0.0000,0.0000,0.4526,0.0024,0.0000,0.0000,0.0000,0.0000,0.0000,0.0000,0.0000,0.0000,0.0000,0.0000,1.0000,-0.0000,-0.0000,0.0000,0.0000,-0.0000,1.0000,-0.0000,0.0000,0.0000,-0.0000,-0.0000,1.0000,0.0548,1893.9758,55.3147,2287.8440,0.8895,0.0261,0.0000,0.1889,0.3733,0.0002,-0.0214
73.3233,STABLE,STABLE,0.0005,0.0000,0.0074,0.0012,0.3536,0.2548,0.0014,0.0002,0.0085,0.1280,263.0000,0.0015,159.2360,45.8546,0.0014,0.4791,0.0494,0.0798,0.1141,0.0913,0.0494,0.0837,0.0532,272.0394,168.2374,0.0000,0.0017,0.0192,0.8765,0.0000,0.0000,0.0090,0.0000,0.4902,0.3641,0.0004,0.0010,0.0092,0.0001,0.0001,0.0016,0.0002,0.0001,0.0009,0.0001,1.0000,-0.0009,-0.0004,0.0018,0.0027,0.0000,1.0000,-0.0004,0.0004,-0.0010,-0.0000,0.0000,1.0000,0.0548,1893.9613,55.3130,2287.4714,0.8895,0.0261,0.0000,0.1889,0.3733,-0.0009,-0.0179
73.3650,STABLE,STABLE,-0.0009,-0.0003,0.0493,0.0330,0.4487,0.5513,0.0251,0.0113,0.0571,0.5564,263.0000,0.0015,157.6527,39.8139,0.0251,0.1445,0.1255,0.1255,0.1293,0.1179,0.0798,0.1141,0.1635,252.8689,171.6511,0.0000,0.0712,0.0524,1.9209,0.0000,0.0000,0.0222,0.0083,0.4783,0.8646,0.0198,0.0183,0.0439,0.0068,0.0012,0.0134,0.0142,0.0015,0.0095,-0.0006,1.0000,0.0072,-0.0015,0.0265,0.0671,-0.0000,1.0001,-0.0002,0.0144,-0.0106,0.0000,0.0000,1.0000,0.0547,1909.4521,55.7908,2405.9353,0.8893,0.0259,0.0000,0.2056,0.3767,-0.0013,-0.0198
73.4067,STABLE,STABLE,0.0000,0.0000,0.0000,0.0000,0.0000,0.0000,0.0000,0.0000,0.0000,0.0000,263.0000,0.0015,157.6527,39.8139,0.0000,1.0000,0.0000,0.0000,0.0000,0.0000,0.0000,0.0000,0.0000,252.8689,171.6511,0.0000,0.0000,0.0000,0.0049,0.0000,0.0000,0.0000,0.0000,0.4592,0.0024,0.0000,0.0000,0.0000,0.0000,0.0000,0.0000,0.0000,0.0000,0.0000,-0.0000,1.0000,-0.0000,0.0000,0.0000,0.0000,0.0000,1.0000,0.0000,-0.0000,-0.0000,0.0000,0.0000,1.0000,0.0547,1909.4521,55.7908,2405.9353,0.8893,0.0259,0.0000,0.2056,0.3767,-0.0026,0.0036
73.4484,STABLE,STABLE,0.0000,0.0000,0.0000,0.0000,0.0342,0.0152,0.0000,0.0000,0.0001,0.0012,263.0000,0.0015,157.6527,39.8139,0.0000,0.9544,0.0152,0.0228,0.0000,0.0038,0.0000,0.0038,0.0000,252.8689,171.6511,0.0000,0.0000,0.0003,0.0305,0.0000,0.0000,0.0002,0.0000,0.4531,0.0138,0.0000,0.0000,0.0000,0.0000,0.0000,0.0001,0.0000,0.0000,0.0000,-0.0000,1.0000,0.0000,-0.0000,0.0000,0.0000,0.0000,1.0000,-0.0000,0.0000,-0.0000,-0.0000,0.0000,1.0000,0.0547,1909.4523,55.7909,2405.9312,0.8893,0.0259,0.0000,0.2056,0.3767,-0.0010,0.0221
73.4901,STABLE,STABLE,0.0000,0.0000,0.0000,0.0000,0.0000,0.0000,0.0000,0.0000,0.0000,0.0000,263.0000,0.0015,157.6527,39.8139,0.0000,1.0000,0.0000,0.0000,0.0000,0.0000,0.0000,0.0000,0.0000,252.8689,171.6511,0.0000,0.0000,0.0000,0.0049,0.0000,0.0000,0.0000,0.0000,0.4610,0.0024,0.0000,0.0000,0.0000,0.0000,0.0000,0.0000,0.0000,0.0000,0.0000,-0.0000,1.0000,-0.0000,0.0000,0.0000,0.0000,0.0000,1.0000,-0.0000,0.0000,-0.0000,0.0000,0.0000,1.0000,0.0547,1909.4523,55.7909,2405.9312,0.8893,0.0259,0.0000,0.2056,0.3767,-0.0007,0.0067
73.5318,STABLE,STABLE,0.0000,0.0000,0.0000,0.0000,0.0000,0.0000,0.0000,0.0000,0.0000,0.0000,263.0000,0.0015,157.6527,39.8139,0.0000,1.0000,0.0000,0.0000,0.0000,0.0000,0.0000,0.0000,0.0000,252.8689,171.6511,0.0000,0.0000,0.0000,0.0049,0.0000,0.0000,0.0000,0.0000,0.4610,0.0024,0.0000,0.0000,0.0000,0.0000,0.0000,0.0000,0.0000,0.0000,0.0000,-0.0000,1.0000,-0.0000,0.0000,0.0000,0.0000,0.0000,1.0000,-0.0000,0.0000,-0.0000,0.0000,0.0000,1.0000,0.0547,1909.4523,55.7909,2405.9312,0.8893,0.0259,0.0000,0.2056,0.3767,-0.0004,-0.0206
73.5735,STABLE,STABLE,0.0000,0.0000,0.0013,0.0010,0.1863,0.2357,0.0006,0.0000,0.0014,0.0150,263.0000,0.0015,158.8602,45.4652,0.0006,0.6198,0.0570,0.0646,0.0989,0.0570,0.0304,0.0494,0.0228,268.8096,158.9999,0.0000,0.0011,0.0096,0.5757,-0.0000,0.0000,0.0053,0.0000,0.4647,0.2513,0.0018,0.0008,0.0049,0.0000,0.0000,0.0003,0.0000,0.0000,0.0000,0.0000,1.0000,-0.0002,0.0001,0.0006,0.0027,-0.0000,1.0000,-0.0001,-0.0001,0.0003,-0.0000,0.0000,1.0000,0.0547,1909.5927,55.7981,2405.7637,0.8893,0.0259,0.0000,0.2056,0.3767,-0.0024,0.0043
73.6152,STABLE,STABLE,0.0002,-0.0000,0.0134,0.0165,0.4715,0.5057,0.0080,0.0017,0.0167,0.1400,263.0000,0.0015,157.4940,40.6486,0.0080,0.1483,0.0951,0.1027,0.1369,0.1255,0.1255,0.1255,0.1407,253.5646,164.3465,0.0000,0.0318,0.0425,2.2005,-0.0000,0.0000,0.0185,0.0027,0.4668,0.8300,0.0055,0.0051,0.0052,0.0071,0.0010,0.0063,0.0142,0.0039,0.0153,0.0001,1.0000,-0.0003,0.0004,0.0082,0.0321,-0.0000,1.0000,0.0004,-0.0043,0.0032,0.0000,-0.0000,1.0000,0.0547,1912.3788,55.8624,2421.4255,0.8893,0.0258,-2.0638,0.2000,0.3702,-0.0001,0.0734
73.6569,STABLE,STABLE,0.0000,0.0000,0.0000,0.0000,0.0038,0.0000,0.0000,0.0000,0.0000,0.0000,263.0000,0.0015,157.4940,40.6486,0.0000,0.9962,0.0000,0.0000,0.0000,0.0038,0.0000,0.0000,0.0000,253.5646,164.3465,0.0000,0.0000,0.0000,0.0049,0.0000,0.0000,0.0000,0.0000,0.4525,0.0024,0.0000,0.0000,0.0000,0.0000,0.0000,0.0000,0.0000,0.0000,0.0000,0.0000,1.0000,-0.0000,-0.0000,0.0000,0.0000,-0.0000,1.0000,0.0000,-0.0000,-0.0000,0.0000,0.0000,1.0000,0.0547,1912.3788,55.8624,2421.4255,0.8893,0.0258,-2.0638,0.2000,0.3702,0.0037,0.0425
73.6986,STABLE,STABLE,0.0000,0.0000,0.0000,0.0000,0.0000,0.0000,0.0000,0.0000,0.0000,0.0000,263.0000,0.0015,157.4940,40.6486,0.0000,1.0000,0.0000,0.0000,0.0000,0.0000,0.0000,0.0000,0.0000,253.5646,164.3465,0.0000,0.0000,0.0000,0.0049,0.0000,0.0000,0.0000,0.0000,0.4525,0.0024,0.0000,0.0000,0.0000,0.0000,0.0000,0.0000,0.0000,0.0000,0.0000,0.0000,1.0000,-0.0000,-0.0000,0.0000,0.0000,-0.0000,1.0000,-0.0000,0.0000,0.0000,-0.0000,-0.0000,1.0000,0.0547,1912.3788,55.8624,2421.4255,0.8893,0.0258,-2.0638,0.2000,0.3702,0.0035,0.0084
73.7403,STABLE,STABLE,0.0000,0.0000,0.0000,0.0000,0.0000,0.0000,0.0000,0.0000,0.0000,0.0000,263.0000,0.0015,157.4940,40.6486,0.0000,1.0000,0.0000,0.0000,0.0000,0.0000,0.0000,0.0000,0.0000,253.5646,164.3465,0.0000,0.0000,0.0000,0.0049,0.0000,0.0000,0.0000,0.0000,0.4525,0.0024,0.0000,0.0000,0.0000,0.0000,0.0000,0.0000,0.0000,0.0000,0.0000,0.0000,1.0000,-0.0000,-0.0000,0.0000,0.0000,-0.0000,1.0000,-0.0000,0.0000,0.0000,-0.0000,-0.0000,1.0000,0.0547,1912.3788,55.8624,2421.4255,0.8893,0.0258,-2.0638,0.2000,0.3702,0.0044,0.0179
73.7820,STABLE,STABLE,0.0000,0.0000,0.0000,0.0000,0.0000,0.0000,0.0000,0.0000,0.0000,0.0000,263.0000,0.0015,157.4940,40.6486,0.0000,1.0000,0.0000,0.0000,0.0000,0.0000,0.0000,0.0000,0.0000,253.5646,164.3465,0.0000,0.0000,0.0000,0.0049,0.0000,0.0000,0.0000,0.0000,0.4525,0.0024,0.0000,0.0000,0.0000,0.0000,0.0000,0.0000,0.0000,0.0000,0.0000,0.0000,1.0000,-0.0000,-0.0000,0.0000,0.0000,-0.0000,1.0000,-0.0000,0.0000,0.0000,-0.0000,-0.0000,1.0000,0.0547,1912.3788,55.8624,2421.4255,0.8893,0.0258,-2.0638,0.2000,0.3702,0.0050,0.0085
73.8237,STABLE,STABLE,0.0000,0.0000,0.0024,0.0016,0.5285,0.4221,0.0015,0.0006,0.0053,0.0795,263.0000,0.0015,156.6480,40.1605,0.0015,0.1749,0.0913,0.0875,0.1331,0.1331,0.1027,0.1331,0.1445,240.2972,164.3906,0.0000,0.0046,0.0075,0.3624,-0.0000,0.0000,0.0035,0.0004,0.5030,0.1298,0.0005,0.0006,0.0018,0.0017,0.0005,0.0020,0.0033,0.0004,0.0011,-0.0001,1.0000,0.0004,-0.0007,0.0016,0.0037,-0.0000,1.0000,-0.0000,0.0011,-0.0003,-0.0000,-0.0000,1.0000,0.0547,1912.3077,55.8964,2421.9902,0.8893,0.0258,-2.0638,0.2000,0.3702,0.0051,0.0005
73.8655,STABLE,STABLE,0.0014,-0.0001,0.0259,0.0249,0.4753,0.5171,0.0147,0.0042,0.0288,0.2794,263.0000,0.0015,156.7255,39.7128,0.0147,0.1255,0.0989,0.1369,0.0913,0.1369,0.1445,0.1179,0.1483,239.8016,168.8864,0.0001,0.0466,0.0782,2.5716,-0.0000,0.0000,0.0307,0.0050,0.4731,1.1826,0.0080,0.0099,0.0364,0.0097,0.0023,0.0211,0.0188,0.0021,0.0106,0.0010,1.0000,-0.0025,0.0001,0.0161,0.0484,-0.0000,1.0000,-0.0004,-0.0076,0.0019,0.0000,0.0000,1.0000,0.0546,1921.7412,56.0247,2501.1821,0.8892,0.0252,0.0000,0.2056,0.3767,0.0050,-0.0059
73.9072,STABLE,STABLE,-0.0000,0.0000,0.0000,0.0000,0.0000,0.0038,0.0000,0.0000,0.0000,0.0000,263.0000,0.0015,156.7255,39.7128,0.0000,1.0000,0.0000,0.0000,0.0000,0.0000,0.0000,0.0000,0.0000,239.8016,168.8864,0.0000,0.0000,0.0000,0.0029,0.0000,0.0000,0.0000,0.0000,0.4541,0.0015,0.0000,0.0000,0.0000,0.0000,0.0000,0.0000,0.0000,0.0000,0.0000,-0.0000,1.0000,0.0000,0.0000,0.0000,0.0000,0.0000,1.0000,-0.0000,0.0000,0.0000,-0.0000,-0.0000,1.0000,0.0546,1921.7412,56.0247,2501.1821,0.8892,0.0252,0.0000,0.2056,0.3767,0.0046,-0.0052
73.9489,STABLE,STABLE,0.0000,0.0000,0.0000,0.0000,0.0000,0.0000,0.0000,0.0000,0.0000,0.0000,263.0000,0.0015,156.7255,39.7128,0.0000,1.0000,0.0000,0.0000,0.0000,0.0000,0.0000,0.0000,0.0000,239.8016,168.8864,0.0000,0.0000,0.0000,0.0029,0.0000,0.0000,0.0000,0.0000,0.4541,0.0015,0.0000,0.0000,0.0000,0.0000,0.0000,0.0000,0.0000,0.0000,0.0000,-0.0000,1.0000,-0.0000,0.0000,0.0000,0.0000,-0.0000,1.0000,0.0000,-0.0000,-0.0000,0.0000,0.0000,1.0000,0.0546,1921.7412,56.0247,2501.1821,0.8892,0.0252,0.0000,0.2056,0.3767,0.0046,-0.0093
73.9906,STABLE,STABLE,0.0000,0.0000,0.0000,0.0000,0.0000,0.0000,0.0000,0.0000,0.0000,0.0000,263.0000,0.0015,156.7255,39.7128,0.0000,1.0000,0.0000,0.0000,0.0000,0.0000,0.0000,0.0000,0.0000,239.8016,168.8864,0.0000,0.0000,0.0000,0.0029,0.0000,0.0000,0.0000,0.0000,0.4541,0.0015,0.0000,0.0000,0.0000,0.0000,0.0000,0.0000,0.0000,0.0000,0.0000,-0.0000,1.0000,-0.0000,0.0000,0.0000,0.0000,-0.0000,1.0000,0.0000,-0.0000,-0.0000,0.0000,0.0000,1.0000,0.0546,1921.7412,56.0247,2501.1821,0.8892,0.0252,0.0000,0.2056,0.3767,0.0038,-0.0222
74.0323,STABLE,STABLE,0.0000,0.0000,0.0000,0.0000,0.0000,0.0000,0.0000,0.0000,0.0000,0.0000,263.0000,0.0015,156.7255,39.7128,0.0000,1.0000,0.0000,0.0000,0.0000,0.0000,0.0000,0.0000,0.0000,239.8016,168.8864,0.0000,0.0000,0.0000,0.0029,0.0000,0.0000,0.0000,0.0000,0.4541,0.0015,0.0000,0.0000,0.0000,0.0000,0.0000,0.0000,0.0000,0.0000,0.0000,-0.0000,1.0000,-0.0000,0.0000,0.0000,0.0000,-0.0000,1.0000,0.0000,-0.0000,-0.0000,0.0000,0.0000,1.0000,0.0546,1921.7412,56.0247,2501.1821,0.8892,0.0252,0.0000,0.2056,0.3767,0.0027,-0.0362
74.0740,STABLE,STABLE,0.0000,0.0000,0.0004,0.0005,0.1977,0.1863,0.0003,0.0000,0.0006,0.0034,263.0000,0.0015,157.3199,43.0855,0.0003,0.6768,0.0380,0.0494,0.0380,0.0380,0.0532,0.0684,0.0380,240.4432,145.9764,0.0000,0.0006,0.0058,0.4896,0.0000,0.0000,0.0036,0.0000,0.4791,0.2070,0.0009,0.0004,0.0019,0.0001,0.0000,0.0002,0.0000,0.0000,0.0000,0.0000,1.0000,-0.0001,0.0001,0.0003,0.0016,-0.0000,1.0000,-0.0000,0.0001,0.0001,-0.0000,-0.0000,1.0000,0.0546,1921.5905,56.0180,2501.3867,0.8892,0.0252,0.0000,0.2056,0.3767,0.0008,-0.0368
74.1157,STABLE,STABLE,0.0000,0.0000,0.0025,0.0018,0.3080,0.4106,0.0015,0.0003,0.0053,0.0535,263.0000,0.0015,157.6665,41.3328,0.0015,0.3954,0.0494,0.1027,0.0646,0.0951,0.0875,0.1217,0.0837,255.8991,162.0208,0.0000,0.0041,0.0133,1.0084,-0.0000,0.0000,0.0071,0.0003,0.4884,0.5243,0.0007,0.0000,0.0021,0.0005,0.0002,0.0050,0.0023,0.0011,0.0014,0.0000,1.0000,0.0003,-0.0006,0.0018,0.0054,0.0000,1.0000,-0.0001,0.0008,0.0013,-0.0000,-0.0000,1.0000,0.0546,1921.5924,55.9643,2500.2373,0.8892,0.0252,-1.0051,0.2056,0.3801,-0.0003,-0.0320
74.1574,STABLE,STABLE,0.0000,0.0000,0.0000,0.0000,0.0000,0.0000,0.0000,0.0000,0.0000,0.0000,263.0000,0.0015,157.6665,41.3328,0.0000,1.0000,0.0000,0.0000,0.0000,0.0000,0.0000,0.0000,0.0000,255.8991,162.0208,0.0000,0.0000,0.0000,0.0049,0.0000,-0.0000,0.0000,0.0000,0.4372,0.0024,0.0000,0.0000,0.0000,0.0000,0.0000,0.0000,0.0000,0.0000,0.0000,-0.0000,1.0000,0.0000,0.0000,0.0000,0.0000,0.0000,1.0000,-0.0000,0.0000,0.0000,-0.0000,-0.0000,1.0000,0.0546,1921.5924,55.9643,2500.2373,0.8892,0.0252,-1.0051,0.2056,0.3801,-0.0018,0.0144
74.1991,STABLE,STABLE,0.0000,0.0000,0.0000,0.0000,0.0000,0.0000,0.0000,0.0000,0.0000,0.0000,263.0000,0.0015,157.6665,41.3328,0.0000,1.0000,0.0000,0.0000,0.0000,0.0000,0.0000,0.0000,0.0000,255.8991,162.0208,0.0000,0.0000,0.0000,0.0049,0.0000,-0.0000,0.0000,0.0000,0.4372,0.0024,0.0000,0.0000,0.0000,0.0000,0.0000,0.0000,0.0000,0.0000,0.0000,-0.0000,1.0000,0.0000,0.0000,0.0000,0.0000,0.0000,1.0000,-0.0000,0.0000,0.0000,-0.0000,-0.0000,1.0000,0.0546,1921.5924,55.9643,2500.2373,0.8892,0.0252,-1.0051,0.2056,0.3801,0.0009,0.0355
74.2408,STABLE,STABLE,0.0000,0.0000,0.0000,0.0000,0.0000,0.0000,0.0000,0.0000,0.0000,0.0000,263.0000,0.0015,157.6665,41.3328,0.0000,1.0000,0.0000,0.0000,0.0000,0.0000,0.0000,0.0000,0.0000,255.8991,162.0208,0.0000,0.0000,0.0000,0.0049,0.0000,-0.0000,0.0000,0.0000,0.4372,0.0024,0.0000,0.0000,0.0000,0.0000,0.0000,0.0000,0.0000,0.0000,0.0000,-0.0000,1.0000,0.0000,0.0000,0.0000,0.0000,0.0000,1.0000,-0.0000,0.0000,0.0000,-0.0000,-0.0000,1.0000,0.0546,1921.5924,55.9643,2500.2373,0.8892,0.0252,-1.0051,0.2056,0.3801,0.0011,0.0044
74.2825,STABLE,STABLE,0.0000,0.0000,0.0000,0.0000,0.0000,0.0000,0.0000,0.0000,0.0000,0.0000,263.0000,0.0015,157.6665,41.3328,0.0000,1.0000,0.0000,0.0000,0.0000,0.0000,0.0000,0.0000,0.0000,255.8991,162.0208,0.0000,0.0000,0.0000,0.0049,0.0000,-0.0000,0.0000,0.0000,0.4372,0.0024,0.0000,0.0000,0.0000,0.0000,0.0000,0.0000,0.0000,0.0000,0.0000,-0.0000,1.0000,0.0000,0.0000,0.0000,0.0000,0.0000,1.0000,-0.0000,0.0000,0.0000,-0.0000,-0.0000,1.0000,0.0546,1921.5924,55.9643,2500.2373,0.8892,0.0252,-1.0051,0.2056,0.3801,0.0012,-0.0192
74.3242,STABLE,STABLE,0.0000,0.0000,0.0008,0.0010,0.4449,0.2662,0.0005,0.0002,0.0009,0.0054,263.0000,0.0015,157.3928,38.9313,0.0005,0.3878,0.0304,0.0913,0.1141,0.0913,0.0798,0.1103,0.0951,239.7520,179.7402,0.0000,0.0019,0.0054,0.5212,0.0000,0.0000,0.0030,0.0001,0.4697,0.2601,0.0002,0.0000,0.0014,0.0004,0.0002,0.0008,0.0013,0.0005,0.0004,-0.0000,1.0000,-0.0001,-0.0000,0.0006,0.0022,-0.0000,1.0000,0.0000,-0.0000,-0.0002,0.0000,0.0000,1.0000,0.0546,1921.7568,55.9735,2501.2476,0.8892,0.0252,0.0000,0.2056,0.3767,-0.0005,-0.0021
74.3660,STABLE,STABLE,0.0003,-0.0000,0.0154,0.0160,0.4847,0.5076,0.0084,0.0016,0.0283,0.3720,262.0000,0.0015,157.0150,39.6152,0.0084,0.1947,0.0763,0.1298,0.1374,0.1489,0.0992,0.0916,0.1221,234.6171,180.1411,0.0000,0.0246,0.0666,3.8916,0.0000,0.0000,0.0261,0.0023,0.5047,1.8393,0.0091,0.0035,0.0221,0.0033,0.0012,0.0080,0.0053,0.0010,0.0102,-0.0004,1.0000,0.0018,-0.0010,0.0090,0.0296,0.0000,1.0000,0.0014,-0.0008,-0.0057,0.0000,-0.0000,1.0000,0.0547,1925.9031,55.9966,2524.1321,0.8895,0.0250,0.0000,0.2056,0.3767,0.0011,0.0332
74.4077,STABLE,STABLE,0.0000,0.0000,0.0000,0.0000,0.0038,0.0000,0.0000,0.0000,0.0000,0.0000,262.0000,0.0015,157.0150,39.6152,0.0000,0.9962,0.0000,0.0000,0.0000,0.0038,0.0000,0.0000,0.0000,234.6171,180.1411,0.0000,0.0000,0.0000,0.0028,-0.0000,-0.0000,0.0000,0.0000,0.4256,0.0014,0.0000,0.0000,0.0000,0.0000,0.0000,0.0000,0.0000,0.0000,0.0000,0.0000,1.0000,-0.0000,-0.0000,0.0000,0.0000,-0.0000,1.0000,0.0000,-0.0000,-0.0000,0.0000,0.0000,1.0000,0.0547,1925.9031,55.9966,2524.1321,0.8895,0.0250,0.0000,0.2056,0.3767,0.0023,0.0268
74.4494,STABLE,STABLE,0.0000,0.0000,0.0000,0.0000,0.0000,0.0000,0.0000,0.0000,0.0000,0.0000,262.0000,0.0015,157.0150,39.6152,0.0000,1.0000,0.0000,0.0000,0.0000,0.0000,0.0000,0.0000,0.0000,234.6171,180.1411,0.0000,0.0000,0.0000,0.0028,-0.0000,-0.0000,0.0000,0.0000,0.4256,0.0014,0.0000,0.0000,0.0000,0.0000,0.0000,0.0000,0.0000,0.0000,0.0000,0.0000,1.0000,0.0000,-0.0000,0.0000,0.0000,0.0000,1.0000,-0.0000,-0.0000,0.0000,-0.0000,0.0000,1.0000,0.0547,1925.9031,55.9966,2524.1321,0.8895,0.0250,0.0000,0.2056,0.3767,0.0033,0.0197
74.4911,STABLE,STABLE,0.0000,0.0000,0.0000,0.0000,0.0000,0.0000,0.0000,0.0000,0.0000,0.0000,262.0000,0.0015,157.0150,39.6152,0.0000,1.0000,0.0000,0.0000,0.0000,0.0000,0.0000,0.0000,0.0000,234.6171,180.1411,0.0000,0.0000,0.0000,0.0028,-0.0000,-0.0000,0.0000,0.0000,0.4256,0.0014,0.0000,0.0000,0.0000,0.0000,0.0000,0.0000,0.0000,0.0000,0.0000,0.0000,1.0000,0.0000,-0.0000,0.0000,0.0000,0.0000,1.0000,-0.0000,-0.0000,0.0000,-0.0000,0.0000,1.0000,0.0547,1925.9031,55.9966,2524.1321,0.8895,0.0250,0.0000,0.2056,0.3767,0.0039,0.0121
74.5328,STABLE,STABLE,0.0000,0.0000,0.0000,0.0000,0.0000,0.0000,0.0000,0.0000,0.0000,0.0000,262.0000,0.0015,157.0150,39.6152,0.0000,1.0000,0.0000,0.0000,0.0000,0.0000,0.0000,0.0000,0.0000,234.6171,180.1411,0.0000,0.0000,0.0000,0.0028,-0.0000,-0.0000,0.0000,0.0000,0.4256,0.0014,0.0000,0.0000,0.0000,0.0000,0.0000,0.0000,0.0000,0.0000,0.0000,0.0000,1.0000,0.0000,-0.0000,0.0000,0.0000,0.0000,1.0000,-0.0000,-0.0000,0.0000,-0.0000,0.0000,1.0000,0.0547,1925.9031,55.9966,2524.1321,0.8895,0.0250,0.0000,0.2056,0.3767,0.0043,0.0199
74.5745,STABLE,STABLE,0.0000,0.0000,0.0010,0.0019,0.5115,0.4427,0.0009,0.0006,0.0014,0.0155,262.0000,0.0015,156.6739,39.4997,0.0009,0.2290,0.1031,0.1183,0.1374,0.1221,0.0840,0.1107,0.0954,238.3811,172.8747,0.0000,0.0043,0.0122,0.9234,-0.0000,0.0000,0.0053,0.0004,0.5017,0.2961,0.0007,0.0009,0.0048,0.0005,0.0003,0.0015,0.0015,0.0006,0.0009,-0.0000,1.0000,-0.0000,-0.0001,0.0010,0.0031,-0.0000,1.0000,-0.0000,0.0005,0.0001,-0.0000,-0.0000,1.0000,0.0547,1926.1503,56.0197,2530.1121,0.8894,0.0250,0.0000,0.2056,0.3767,0.0056,-0.0030
74.6162,STABLE,STABLE,0.0011,-0.0002,0.0472,0.0195,0.4580,0.5420,0.0173,0.0063,0.0622,0.9200,262.0000,0.0015,156.2982,40.4939,0.0173,0.0992,0.1260,0.1947,0.1260,0.1221,0.0763,0.1260,0.1298,233.9412,169.2922,0.0000,0.0524,0.0923,3.3855,-0.0000,-0.0000,0.0303,0.0060,0.4870,1.4740,0.0128,0.0146,0.0495,0.0068,0.0008,0.0147,0.0100,0.0019,0.0099,0.0005,1.0000,-0.0011,0.0006,0.0177,0.0428,0.0000,0.9999,-0.0032,0.0080,0.0042,-0.0000,0.0000,1.0000,0.0545,1931.8625,56.0981,2579.4131,0.8894,0.0248,-0.5617,0.2639,0.3400,0.0041,-0.0369
74.6579,STABLE,STABLE,0.0000,0.0000,0.0000,0.0000,0.0000,0.0000,0.0000,0.0000,0.0000,0.0000,262.0000,0.0015,156.2982,40.4939,0.0000,1.0000,0.0000,0.0000,0.0000,0.0000,0.0000,0.0000,0.0000,233.9412,169.2922,0.0000,0.0000,0.0000,0.0030,-0.0000,0.0000,0.0000,0.0000,0.4800,0.0015,0.0000,0.0000,0.0000,0.0000,0.0000,0.0000,0.0000,0.0000,0.0000,-0.0000,1.0000,0.0000,0.0000,0.0000,0.0000,0.0000,1.0000,0.0000,-0.0000,0.0000,-0.0000,-0.0000,1.0000,0.0545,1931.8625,56.0981,2579.4131,0.8894,0.0248,-0.5617,0.2639,0.3400,0.0025,-0.0259
74.6996,STABLE,STABLE,0.0000,0.0000,0.0000,0.0000,0.0000,0.0000,0.0000,0.0000,0.0000,0.0000,262.0000,0.0015,156.2982,40.4939,0.0000,1.0000,0.0000,0.0000,0.0000,0.0000,0.0000,0.0000,0.0000,233.9412,169.2922,0.0000,0.0000,0.0000,0.0030,-0.0000,0.0000,0.0000,0.0000,0.4800,0.0015,0.0000,0.0000,0.0000,0.0000,0.0000,0.0000,0.0000,0.0000,0.0000,-0.0000,1.0000,0.0000,0.0000,0.0000,0.0000,0.0000,1.0000,0.0000,-0.0000,0.0000,-0.0000,-0.0000,1.0000,0.0545,1931.8625,56.0981,2579.4131,0.8894,0.0248,-0.5617,0.2639,0.3400,0.0019,-0.0222
74.7413,STABLE,STABLE,0.0000,0.0000,0.0000,0.0000,0.0000,0.0000,0.0000,0.0000,0.0000,0.0000,262.0000,0.0015,156.2982,40.4939,0.0000,1.0000,0.0000,0.0000,0.0000,0.0000,0.0000,0.0000,0.0000,233.9412,169.2922,0.0000,0.0000,0.0000,0.0030,-0.0000,0.0000,0.0000,0.0000,0.4800,0.0015,0.0000,0.0000,0.0000,0.0000,0.0000,0.0000,0.0000,0.0000,0.0000,-0.0000,1.0000,0.0000,0.0000,0.0000,0.0000,0.0000,1.0000,0.0000,-0.0000,0.0000,-0.0000,-0.0000,1.0000,0.0545,1931.8625,56.0981,2579.4131,0.8894,0.0248,-0.5617,0.2639,0.3400,0.0006,-0.0305
74.7830,STABLE,STABLE,0.0000,0.0000,0.0000,0.0000,0.0000,0.0000,0.0000,0.0000,0.0000,0.0000,262.0000,0.0015,156.2982,40.4939,0.0000,1.0000,0.0000,0.0000,0.0000,0.0000,0.0000,0.0000,0.0000,233.9412,169.2922,0.0000,0.0000,0.0000,0.0030,-0.0000,0.0000,0.0000,0.0000,0.4800,0.0015,0.0000,0.0000,0.0000,0.0000,0.0000,0.0000,0.0000,0.0000,0.0000,-0.0000,1.0000,0.0000,0.0000,0.0000,0.0000,0.0000,1.0000,0.0000,-0.0000,0.0000,-0.0000,-0.0000,1.0000,0.0545,1931.8625,56.0981,2579.4131,0.8894,0.0248,-0.5617,0.2639,0.3400,-0.0007,-0.0326
74.8247,STABLE,STABLE,-0.0000,0.0000,0.0004,0.0004,0.2137,0.2328,0.0003,0.0000,0.0007,0.0048,262.0000,0.0015,158.2039,43.7390,0.0003,0.6069,0.0840,0.0954,0.0534,0.0573,0.0344,0.0382,0.0305,252.1383,143.6663,0.0000,0.0008,0.0095,0.7441,-0.0000,-0.0000,0.0053,0.0000,0.4992,0.3260,0.0011,0.0004,0.0036,0.0000,0.0000,0.0001,0.0000,0.0002,0.0000,-0.0000,1.0000,0.0002,0.0001,0.0004,0.0018,-0.0000,1.0000,0.0001,-0.0000,0.0002,0.0000,-0.0000,1.0000,0.0545,1931.8057,56.1029,2579.0081,0.8894,0.0248,-0.5617,0.2639,0.3400,-0.0021,-0.0217
74.8665,STABLE,STABLE,-0.0008,-0.0001,0.0140,0.0119,0.4695,0.5267,0.0087,0.0027,0.0175,0.1319,262.0000,0.0015,157.5256,42.2823,0.0087,0.1031,0.1221,0.0992,0.1183,0.1908,0.0954,0.1374,0.1336,250.7375,150.8615,0.0001,0.0315,0.0249,0.7043,0.0000,-0.0000,0.0116,0.0034,0.4969,0.3266,0.0069,0.0053,0.0120,0.0074,0.0013,0.0085,0.0104,0.0018,0.0043,0.0002,1.0000,-0.0011,0.0031,0.0095,0.0316,0.0000,1.0000,-0.0008,0.0003,-0.0021,-0.0000,0.0000,1.0000,0.0545,1937.3660,56.1542,2608.3286,0.8893,0.0247,0.0000,0.2056,0.3767,-0.0025,-0.0060
74.9082,STABLE,STABLE,0.0000,0.0000,0.0000,0.0000,0.0000,0.0000,0.0000,0.0000,0.0000,0.0000,262.0000,0.0015,157.5256,42.2823,0.0000,1.0000,0.0000,0.0000,0.0000,0.0000,0.0000,0.0000,0.0000,250.7375,150.8615,0.0000,0.0000,0.0000,0.0028,-0.0000,0.0000,0.0000,0.0000,0.5071,0.0014,0.0000,0.0000,0.0000,0.0000,0.0000,0.0000,0.0000,0.0000,0.0000,-0.0000,1.0000,-0.0000,-0.0000,0.0000,0.0000,-0.0000,1.0000,-0.0000,-0.0000,-0.0000,0.0000,-0.0000,1.0000,0.0545,1937.3660,56.1542,2608.3286,0.8893,0.0247,0.0000,0.2056,0.3767,-0.0026,0.0006
74.9499,STABLE,STABLE,0.0000,0.0000,0.0000,0.0000,0.0000,0.0000,0.0000,0.0000,0.0000,0.0000,262.0000,0.0015,157.5256,42.2823,0.0000,1.0000,0.0000,0.0000,0.0000,0.0000,0.0000,0.0000,0.0000,250.7375,150.8615,0.0000,0.0000,0.0000,0.0028,-0.0000,0.0000,0.0000,0.0000,0.5071,0.0014,0.0000,0.0000,0.0000,0.0000,0.0000,0.0000,0.0000,0.0000,0.0000,-0.0000,1.0000,-0.0000,-0.0000,0.0000,0.0000,-0.0000,1.0000,-0.0000,-0.0000,-0.0000,0.0000,-0.0000,1.0000,0.0545,1937.3660,56.1542,2608.3286,0.8893,0.0247,0.0000,0.2056,0.3767,-0.0024,0.0072
74.9916,STABLE,STABLE,0.0000,0.0000,0.0000,0.0000,0.0000,0.0000,0.0000,0.0000,0.0000,0.0000,262.0000,0.0015,157.5256,42.2823,0.0000,1.0000,0.0000,0.0000,0.0000,0.0000,0.0000,0.0000,0.0000,250.7375,150.8615,0.0000,0.0000,0.0000,0.0028,-0.0000,0.0000,0.0000,0.0000,0.5071,0.0014,0.0000,0.0000,0.0000,0.0000,0.0000,0.0000,0.0000,0.0000,0.0000,-0.0000,1.0000,-0.0000,-0.0000,0.0000,0.0000,-0.0000,1.0000,-0.0000,-0.0000,-0.0000,0.0000,-0.0000,1.0000,0.0545,1937.3660,56.1542,2608.3286,0.8893,0.0247,0.0000,0.2056,0.3767,-0.0020,0.0138
75.0333,STABLE,STABLE,0.0000,0.0000,0.0000,0.0000,0.0000,0.0000,0.0000,0.0000,0.0000,0.0000,262.0000,0.0015,157.5256,42.2823,0.0000,1.0000,0.0000,0.0000,0.0000,0.0000,0.0000,0.0000,0.0000,250.7375,150.8615,0.0000,0.0000,0.0000,0.0028,-0.0000,0.0000,0.0000,0.0000,0.5071,0.0014,0.0000,0.0000,0.0000,0.0000,0.0000,0.0000,0.0000,0.0000,0.0000,-0.0000,1.0000,-0.0000,-0.0000,0.0000,0.0000,-0.0000,1.0000,-0.0000,-0.0000,-0.0000,0.0000,-0.0000,1.0000,0.0545,1937.3660,56.1542,2608.3286,0.8893,0.0247,0.0000,0.2056,0.3767,-0.0013,0.0203
75.0750,STABLE,STABLE,0.0000,0.0000,0.0000,0.0000,0.0000,0.0000,0.0000,0.0000,0.0000,0.0000,262.0000,0.0015,157.5256,42.2823,0.0000,1.0000,0.0000,0.0000,0.0000,0.0000,0.0000,0.0000,0.0000,250.7375,150.8615,0.0000,0.0000,0.0000,0.0028,-0.0000,0.0000,0.0000,0.0000,0.5071,0.0014,0.0000,0.0000,0.0000,0.0000,0.0000,0.0000,0.0000,0.0000,0.0000,-0.0000,1.0000,-0.0000,-0.0000,0.0000,0.0000,-0.0000,1.0000,-0.0000,-0.0000,-0.0000,0.0000,-0.0000,1.0000,0.0545,1937.3660,56.1542,2608.3286,0.8893,0.0247,0.0000,0.2056,0.3767,-0.0003,0.0269
75.1167,STABLE,STABLE,0.0000,0.0000,0.0013,0.0013,0.4275,0.3550,0.0010,0.0004,0.0023,0.0291,262.0000,0.0015,158.5021,44.7394,0.0010,0.3092,0.0725,0.0496,0.0802,0.1145,0.1450,0.1336,0.0954,246.1955,137.1305,0.0000,0.0030,0.0115,0.6648,0.0000,0.0000,0.0074,0.0002,0.5000,0.3418,0.0010,0.0021,0.0060,0.0009,0.0002,0.0005,0.0000,0.0003,0.0000,0.0000,1.0000,-0.0000,-0.0002,0.0010,0.0031,0.0000,1.0000,-0.0001,0.0004,-0.0005,-0.0000,0.0000,1.0000,0.0545,1937.4158,56.1676,2611.4766,0.8893,0.0247,0.0000,0.2056,0.3767,0.0010,0.0302
